Execute       source -notrace -encoding utf-8 C:/Xilinx/2025.1/Vitis/tps/tcl/tcl8.6/clock.tcl 
Execute         source -encoding utf-8 C:/Xilinx/2025.1/Vitis/tps/tcl/tcl8/8.5/msgcat-1.6.1.tm 
Execute           source C:/Xilinx/2025.1/Vitis/tps/tcl/tcllib2.0/0compatibility/pkgIndex.tcl 
Execute           source C:/Xilinx/2025.1/Vitis/tps/tcl/tcllib2.0/amazon-s3/pkgIndex.tcl 
Execute           source C:/Xilinx/2025.1/Vitis/tps/tcl/tcllib2.0/asn/pkgIndex.tcl 
Execute           source C:/Xilinx/2025.1/Vitis/tps/tcl/tcllib2.0/base32/pkgIndex.tcl 
Execute           source C:/Xilinx/2025.1/Vitis/tps/tcl/tcllib2.0/base64/pkgIndex.tcl 
Execute           source C:/Xilinx/2025.1/Vitis/tps/tcl/tcllib2.0/bee/pkgIndex.tcl 
Execute           source C:/Xilinx/2025.1/Vitis/tps/tcl/tcllib2.0/bench/pkgIndex.tcl 
Execute           source C:/Xilinx/2025.1/Vitis/tps/tcl/tcllib2.0/bibtex/pkgIndex.tcl 
Execute           source C:/Xilinx/2025.1/Vitis/tps/tcl/tcllib2.0/cache/pkgIndex.tcl 
Execute           source C:/Xilinx/2025.1/Vitis/tps/tcl/tcllib2.0/clay/pkgIndex.tcl 
Execute           source C:/Xilinx/2025.1/Vitis/tps/tcl/tcllib2.0/clock/pkgIndex.tcl 
Execute           source C:/Xilinx/2025.1/Vitis/tps/tcl/tcllib2.0/cmdline/pkgIndex.tcl 
Execute           source C:/Xilinx/2025.1/Vitis/tps/tcl/tcllib2.0/comm/pkgIndex.tcl 
Execute           source C:/Xilinx/2025.1/Vitis/tps/tcl/tcllib2.0/control/pkgIndex.tcl 
Execute           source C:/Xilinx/2025.1/Vitis/tps/tcl/tcllib2.0/coroutine/pkgIndex.tcl 
Execute           source C:/Xilinx/2025.1/Vitis/tps/tcl/tcllib2.0/counter/pkgIndex.tcl 
Execute           source C:/Xilinx/2025.1/Vitis/tps/tcl/tcllib2.0/crc/pkgIndex.tcl 
Execute           source C:/Xilinx/2025.1/Vitis/tps/tcl/tcllib2.0/cron/pkgIndex.tcl 
Execute           source C:/Xilinx/2025.1/Vitis/tps/tcl/tcllib2.0/csv/pkgIndex.tcl 
Execute           source C:/Xilinx/2025.1/Vitis/tps/tcl/tcllib2.0/debug/pkgIndex.tcl 
Execute           source C:/Xilinx/2025.1/Vitis/tps/tcl/tcllib2.0/defer/pkgIndex.tcl 
Execute           source C:/Xilinx/2025.1/Vitis/tps/tcl/tcllib2.0/dicttool/pkgIndex.tcl 
Execute           source C:/Xilinx/2025.1/Vitis/tps/tcl/tcllib2.0/dns/pkgIndex.tcl 
Execute           source C:/Xilinx/2025.1/Vitis/tps/tcl/tcllib2.0/docstrip/pkgIndex.tcl 
Execute           source C:/Xilinx/2025.1/Vitis/tps/tcl/tcllib2.0/doctools/pkgIndex.tcl 
Execute           source C:/Xilinx/2025.1/Vitis/tps/tcl/tcllib2.0/doctools2base/pkgIndex.tcl 
Execute           source C:/Xilinx/2025.1/Vitis/tps/tcl/tcllib2.0/doctools2idx/pkgIndex.tcl 
Execute           source C:/Xilinx/2025.1/Vitis/tps/tcl/tcllib2.0/doctools2toc/pkgIndex.tcl 
Execute           source C:/Xilinx/2025.1/Vitis/tps/tcl/tcllib2.0/dtplite/pkgIndex.tcl 
Execute           source C:/Xilinx/2025.1/Vitis/tps/tcl/tcllib2.0/fileutil/pkgIndex.tcl 
Execute           source C:/Xilinx/2025.1/Vitis/tps/tcl/tcllib2.0/ftp/pkgIndex.tcl 
Execute           source C:/Xilinx/2025.1/Vitis/tps/tcl/tcllib2.0/ftpd/pkgIndex.tcl 
Execute           source C:/Xilinx/2025.1/Vitis/tps/tcl/tcllib2.0/fumagic/pkgIndex.tcl 
Execute           source C:/Xilinx/2025.1/Vitis/tps/tcl/tcllib2.0/generator/pkgIndex.tcl 
Execute           source C:/Xilinx/2025.1/Vitis/tps/tcl/tcllib2.0/gpx/pkgIndex.tcl 
Execute           source C:/Xilinx/2025.1/Vitis/tps/tcl/tcllib2.0/grammar_aycock/pkgIndex.tcl 
Execute           source C:/Xilinx/2025.1/Vitis/tps/tcl/tcllib2.0/grammar_fa/pkgIndex.tcl 
Execute           source C:/Xilinx/2025.1/Vitis/tps/tcl/tcllib2.0/grammar_me/pkgIndex.tcl 
Execute           source C:/Xilinx/2025.1/Vitis/tps/tcl/tcllib2.0/grammar_peg/pkgIndex.tcl 
Execute           source C:/Xilinx/2025.1/Vitis/tps/tcl/tcllib2.0/hook/pkgIndex.tcl 
Execute           source C:/Xilinx/2025.1/Vitis/tps/tcl/tcllib2.0/html/pkgIndex.tcl 
Execute           source C:/Xilinx/2025.1/Vitis/tps/tcl/tcllib2.0/htmlparse/pkgIndex.tcl 
Execute           source C:/Xilinx/2025.1/Vitis/tps/tcl/tcllib2.0/http/pkgIndex.tcl 
Execute           source C:/Xilinx/2025.1/Vitis/tps/tcl/tcllib2.0/httpd/pkgIndex.tcl 
Execute           source C:/Xilinx/2025.1/Vitis/tps/tcl/tcllib2.0/httpwget/pkgIndex.tcl 
Execute           source C:/Xilinx/2025.1/Vitis/tps/tcl/tcllib2.0/ident/pkgIndex.tcl 
Execute           source C:/Xilinx/2025.1/Vitis/tps/tcl/tcllib2.0/imap4/pkgIndex.tcl 
Execute           source C:/Xilinx/2025.1/Vitis/tps/tcl/tcllib2.0/inifile/pkgIndex.tcl 
Execute           source C:/Xilinx/2025.1/Vitis/tps/tcl/tcllib2.0/interp/pkgIndex.tcl 
Execute           source C:/Xilinx/2025.1/Vitis/tps/tcl/tcllib2.0/irc/pkgIndex.tcl 
Execute           source C:/Xilinx/2025.1/Vitis/tps/tcl/tcllib2.0/javascript/pkgIndex.tcl 
Execute           source C:/Xilinx/2025.1/Vitis/tps/tcl/tcllib2.0/jpeg/pkgIndex.tcl 
Execute           source C:/Xilinx/2025.1/Vitis/tps/tcl/tcllib2.0/json/pkgIndex.tcl 
Execute           source C:/Xilinx/2025.1/Vitis/tps/tcl/tcllib2.0/lambda/pkgIndex.tcl 
Execute           source C:/Xilinx/2025.1/Vitis/tps/tcl/tcllib2.0/lazyset/pkgIndex.tcl 
Execute           source C:/Xilinx/2025.1/Vitis/tps/tcl/tcllib2.0/ldap/pkgIndex.tcl 
Execute           source C:/Xilinx/2025.1/Vitis/tps/tcl/tcllib2.0/log/pkgIndex.tcl 
Execute           source C:/Xilinx/2025.1/Vitis/tps/tcl/tcllib2.0/map/pkgIndex.tcl 
Execute           source C:/Xilinx/2025.1/Vitis/tps/tcl/tcllib2.0/mapproj/pkgIndex.tcl 
Execute           source C:/Xilinx/2025.1/Vitis/tps/tcl/tcllib2.0/markdown/pkgIndex.tcl 
Execute           source C:/Xilinx/2025.1/Vitis/tps/tcl/tcllib2.0/math/pkgIndex.tcl 
Execute           source C:/Xilinx/2025.1/Vitis/tps/tcl/tcllib2.0/md4/pkgIndex.tcl 
Execute           source C:/Xilinx/2025.1/Vitis/tps/tcl/tcllib2.0/md5/pkgIndex.tcl 
Execute           source C:/Xilinx/2025.1/Vitis/tps/tcl/tcllib2.0/md5crypt/pkgIndex.tcl 
Execute           source C:/Xilinx/2025.1/Vitis/tps/tcl/tcllib2.0/mime/pkgIndex.tcl 
Execute           source C:/Xilinx/2025.1/Vitis/tps/tcl/tcllib2.0/mkdoc/pkgIndex.tcl 
Execute           source C:/Xilinx/2025.1/Vitis/tps/tcl/tcllib2.0/multiplexer/pkgIndex.tcl 
Execute           source C:/Xilinx/2025.1/Vitis/tps/tcl/tcllib2.0/namespacex/pkgIndex.tcl 
Execute           source C:/Xilinx/2025.1/Vitis/tps/tcl/tcllib2.0/ncgi/pkgIndex.tcl 
Execute           source C:/Xilinx/2025.1/Vitis/tps/tcl/tcllib2.0/nettool/pkgIndex.tcl 
Execute           source C:/Xilinx/2025.1/Vitis/tps/tcl/tcllib2.0/nmea/pkgIndex.tcl 
Execute           source C:/Xilinx/2025.1/Vitis/tps/tcl/tcllib2.0/nns/pkgIndex.tcl 
Execute           source C:/Xilinx/2025.1/Vitis/tps/tcl/tcllib2.0/nntp/pkgIndex.tcl 
Execute           source C:/Xilinx/2025.1/Vitis/tps/tcl/tcllib2.0/ntp/pkgIndex.tcl 
Execute           source C:/Xilinx/2025.1/Vitis/tps/tcl/tcllib2.0/oauth/pkgIndex.tcl 
Execute           source C:/Xilinx/2025.1/Vitis/tps/tcl/tcllib2.0/oodialect/pkgIndex.tcl 
Execute           source C:/Xilinx/2025.1/Vitis/tps/tcl/tcllib2.0/oometa/pkgIndex.tcl 
Execute           source C:/Xilinx/2025.1/Vitis/tps/tcl/tcllib2.0/ooutil/pkgIndex.tcl 
Execute           source C:/Xilinx/2025.1/Vitis/tps/tcl/tcllib2.0/otp/pkgIndex.tcl 
Execute           source C:/Xilinx/2025.1/Vitis/tps/tcl/tcllib2.0/page/pkgIndex.tcl 
Execute           source C:/Xilinx/2025.1/Vitis/tps/tcl/tcllib2.0/pluginmgr/pkgIndex.tcl 
Execute           source C:/Xilinx/2025.1/Vitis/tps/tcl/tcllib2.0/png/pkgIndex.tcl 
Execute           source C:/Xilinx/2025.1/Vitis/tps/tcl/tcllib2.0/pop3/pkgIndex.tcl 
Execute           source C:/Xilinx/2025.1/Vitis/tps/tcl/tcllib2.0/pop3d/pkgIndex.tcl 
Execute           source C:/Xilinx/2025.1/Vitis/tps/tcl/tcllib2.0/practcl/pkgIndex.tcl 
Execute           source C:/Xilinx/2025.1/Vitis/tps/tcl/tcllib2.0/processman/pkgIndex.tcl 
Execute           source C:/Xilinx/2025.1/Vitis/tps/tcl/tcllib2.0/profiler/pkgIndex.tcl 
Execute           source C:/Xilinx/2025.1/Vitis/tps/tcl/tcllib2.0/pt/pkgIndex.tcl 
Execute           source C:/Xilinx/2025.1/Vitis/tps/tcl/tcllib2.0/rcs/pkgIndex.tcl 
Execute           source C:/Xilinx/2025.1/Vitis/tps/tcl/tcllib2.0/report/pkgIndex.tcl 
Execute           source C:/Xilinx/2025.1/Vitis/tps/tcl/tcllib2.0/rest/pkgIndex.tcl 
Execute           source C:/Xilinx/2025.1/Vitis/tps/tcl/tcllib2.0/ripemd/pkgIndex.tcl 
Execute           source C:/Xilinx/2025.1/Vitis/tps/tcl/tcllib2.0/sasl/pkgIndex.tcl 
Execute           source C:/Xilinx/2025.1/Vitis/tps/tcl/tcllib2.0/sha1/pkgIndex.tcl 
Execute           source C:/Xilinx/2025.1/Vitis/tps/tcl/tcllib2.0/simulation/pkgIndex.tcl 
Execute           source C:/Xilinx/2025.1/Vitis/tps/tcl/tcllib2.0/smtpd/pkgIndex.tcl 
Execute           source C:/Xilinx/2025.1/Vitis/tps/tcl/tcllib2.0/snit/pkgIndex.tcl 
Execute           source C:/Xilinx/2025.1/Vitis/tps/tcl/tcllib2.0/soundex/pkgIndex.tcl 
Execute           source C:/Xilinx/2025.1/Vitis/tps/tcl/tcllib2.0/stooop/pkgIndex.tcl 
Execute           source C:/Xilinx/2025.1/Vitis/tps/tcl/tcllib2.0/string/pkgIndex.tcl 
Execute           source C:/Xilinx/2025.1/Vitis/tps/tcl/tcllib2.0/stringprep/pkgIndex.tcl 
Execute           source C:/Xilinx/2025.1/Vitis/tps/tcl/tcllib2.0/struct/pkgIndex.tcl 
Execute           source C:/Xilinx/2025.1/Vitis/tps/tcl/tcllib2.0/tar/pkgIndex.tcl 
Execute           source C:/Xilinx/2025.1/Vitis/tps/tcl/tcllib2.0/tepam/pkgIndex.tcl 
Execute           source C:/Xilinx/2025.1/Vitis/tps/tcl/tcllib2.0/term/pkgIndex.tcl 
Execute           source C:/Xilinx/2025.1/Vitis/tps/tcl/tcllib2.0/textutil/pkgIndex.tcl 
Execute           source C:/Xilinx/2025.1/Vitis/tps/tcl/tcllib2.0/tie/pkgIndex.tcl 
Execute           source C:/Xilinx/2025.1/Vitis/tps/tcl/tcllib2.0/tiff/pkgIndex.tcl 
Execute           source C:/Xilinx/2025.1/Vitis/tps/tcl/tcllib2.0/tool/pkgIndex.tcl 
Execute           source C:/Xilinx/2025.1/Vitis/tps/tcl/tcllib2.0/transfer/pkgIndex.tcl 
Execute           source C:/Xilinx/2025.1/Vitis/tps/tcl/tcllib2.0/treeql/pkgIndex.tcl 
Execute           source C:/Xilinx/2025.1/Vitis/tps/tcl/tcllib2.0/try/pkgIndex.tcl 
Execute           source C:/Xilinx/2025.1/Vitis/tps/tcl/tcllib2.0/udpcluster/pkgIndex.tcl 
Execute           source C:/Xilinx/2025.1/Vitis/tps/tcl/tcllib2.0/uev/pkgIndex.tcl 
Execute           source C:/Xilinx/2025.1/Vitis/tps/tcl/tcllib2.0/units/pkgIndex.tcl 
Execute           source C:/Xilinx/2025.1/Vitis/tps/tcl/tcllib2.0/uri/pkgIndex.tcl 
Execute           source C:/Xilinx/2025.1/Vitis/tps/tcl/tcllib2.0/uuid/pkgIndex.tcl 
Execute           source C:/Xilinx/2025.1/Vitis/tps/tcl/tcllib2.0/valtype/pkgIndex.tcl 
Execute           source C:/Xilinx/2025.1/Vitis/tps/tcl/tcllib2.0/virtchannel_base/pkgIndex.tcl 
Execute           source C:/Xilinx/2025.1/Vitis/tps/tcl/tcllib2.0/virtchannel_core/pkgIndex.tcl 
Execute           source C:/Xilinx/2025.1/Vitis/tps/tcl/tcllib2.0/virtchannel_transform/pkgIndex.tcl 
Execute           source C:/Xilinx/2025.1/Vitis/tps/tcl/tcllib2.0/websocket/pkgIndex.tcl 
Execute           source C:/Xilinx/2025.1/Vitis/tps/tcl/tcllib2.0/wip/pkgIndex.tcl 
Execute           source C:/Xilinx/2025.1/Vitis/tps/tcl/tcllib2.0/yaml/pkgIndex.tcl 
Execute           source C:/Xilinx/2025.1/Vitis/tps/tcl/tcllib2.0/zip/pkgIndex.tcl 
Execute           source C:/Xilinx/2025.1/Vitis/tps/tcl/tcllib2.0/pkgIndex.tcl 
Execute             source C:/Xilinx/2025.1/Vitis/tps/tcl/tcllib2.0/0compatibility/pkgIndex.tcl 
Execute             source C:/Xilinx/2025.1/Vitis/tps/tcl/tcllib2.0/amazon-s3/pkgIndex.tcl 
Execute             source C:/Xilinx/2025.1/Vitis/tps/tcl/tcllib2.0/asn/pkgIndex.tcl 
Execute             source C:/Xilinx/2025.1/Vitis/tps/tcl/tcllib2.0/base32/pkgIndex.tcl 
Execute             source C:/Xilinx/2025.1/Vitis/tps/tcl/tcllib2.0/base64/pkgIndex.tcl 
Execute             source C:/Xilinx/2025.1/Vitis/tps/tcl/tcllib2.0/bee/pkgIndex.tcl 
Execute             source C:/Xilinx/2025.1/Vitis/tps/tcl/tcllib2.0/bench/pkgIndex.tcl 
Execute             source C:/Xilinx/2025.1/Vitis/tps/tcl/tcllib2.0/bibtex/pkgIndex.tcl 
Execute             source C:/Xilinx/2025.1/Vitis/tps/tcl/tcllib2.0/cache/pkgIndex.tcl 
Execute             source C:/Xilinx/2025.1/Vitis/tps/tcl/tcllib2.0/clay/pkgIndex.tcl 
Execute             source C:/Xilinx/2025.1/Vitis/tps/tcl/tcllib2.0/clock/pkgIndex.tcl 
Execute             source C:/Xilinx/2025.1/Vitis/tps/tcl/tcllib2.0/cmdline/pkgIndex.tcl 
Execute             source C:/Xilinx/2025.1/Vitis/tps/tcl/tcllib2.0/comm/pkgIndex.tcl 
Execute             source C:/Xilinx/2025.1/Vitis/tps/tcl/tcllib2.0/control/pkgIndex.tcl 
Execute             source C:/Xilinx/2025.1/Vitis/tps/tcl/tcllib2.0/coroutine/pkgIndex.tcl 
Execute             source C:/Xilinx/2025.1/Vitis/tps/tcl/tcllib2.0/counter/pkgIndex.tcl 
Execute             source C:/Xilinx/2025.1/Vitis/tps/tcl/tcllib2.0/crc/pkgIndex.tcl 
Execute             source C:/Xilinx/2025.1/Vitis/tps/tcl/tcllib2.0/cron/pkgIndex.tcl 
Execute             source C:/Xilinx/2025.1/Vitis/tps/tcl/tcllib2.0/csv/pkgIndex.tcl 
Execute             source C:/Xilinx/2025.1/Vitis/tps/tcl/tcllib2.0/debug/pkgIndex.tcl 
Execute             source C:/Xilinx/2025.1/Vitis/tps/tcl/tcllib2.0/defer/pkgIndex.tcl 
Execute             source C:/Xilinx/2025.1/Vitis/tps/tcl/tcllib2.0/dicttool/pkgIndex.tcl 
Execute             source C:/Xilinx/2025.1/Vitis/tps/tcl/tcllib2.0/dns/pkgIndex.tcl 
Execute             source C:/Xilinx/2025.1/Vitis/tps/tcl/tcllib2.0/docstrip/pkgIndex.tcl 
Execute             source C:/Xilinx/2025.1/Vitis/tps/tcl/tcllib2.0/doctools/pkgIndex.tcl 
Execute             source C:/Xilinx/2025.1/Vitis/tps/tcl/tcllib2.0/doctools2base/pkgIndex.tcl 
Execute             source C:/Xilinx/2025.1/Vitis/tps/tcl/tcllib2.0/doctools2idx/pkgIndex.tcl 
Execute             source C:/Xilinx/2025.1/Vitis/tps/tcl/tcllib2.0/doctools2toc/pkgIndex.tcl 
Execute             source C:/Xilinx/2025.1/Vitis/tps/tcl/tcllib2.0/dtplite/pkgIndex.tcl 
Execute             source C:/Xilinx/2025.1/Vitis/tps/tcl/tcllib2.0/fileutil/pkgIndex.tcl 
Execute             source C:/Xilinx/2025.1/Vitis/tps/tcl/tcllib2.0/ftp/pkgIndex.tcl 
Execute             source C:/Xilinx/2025.1/Vitis/tps/tcl/tcllib2.0/ftpd/pkgIndex.tcl 
Execute             source C:/Xilinx/2025.1/Vitis/tps/tcl/tcllib2.0/fumagic/pkgIndex.tcl 
Execute             source C:/Xilinx/2025.1/Vitis/tps/tcl/tcllib2.0/generator/pkgIndex.tcl 
Execute             source C:/Xilinx/2025.1/Vitis/tps/tcl/tcllib2.0/gpx/pkgIndex.tcl 
Execute             source C:/Xilinx/2025.1/Vitis/tps/tcl/tcllib2.0/grammar_aycock/pkgIndex.tcl 
Execute             source C:/Xilinx/2025.1/Vitis/tps/tcl/tcllib2.0/grammar_fa/pkgIndex.tcl 
Execute             source C:/Xilinx/2025.1/Vitis/tps/tcl/tcllib2.0/grammar_me/pkgIndex.tcl 
Execute             source C:/Xilinx/2025.1/Vitis/tps/tcl/tcllib2.0/grammar_peg/pkgIndex.tcl 
Execute             source C:/Xilinx/2025.1/Vitis/tps/tcl/tcllib2.0/hook/pkgIndex.tcl 
Execute             source C:/Xilinx/2025.1/Vitis/tps/tcl/tcllib2.0/html/pkgIndex.tcl 
Execute             source C:/Xilinx/2025.1/Vitis/tps/tcl/tcllib2.0/htmlparse/pkgIndex.tcl 
Execute             source C:/Xilinx/2025.1/Vitis/tps/tcl/tcllib2.0/http/pkgIndex.tcl 
Execute             source C:/Xilinx/2025.1/Vitis/tps/tcl/tcllib2.0/httpd/pkgIndex.tcl 
Execute             source C:/Xilinx/2025.1/Vitis/tps/tcl/tcllib2.0/httpwget/pkgIndex.tcl 
Execute             source C:/Xilinx/2025.1/Vitis/tps/tcl/tcllib2.0/ident/pkgIndex.tcl 
Execute             source C:/Xilinx/2025.1/Vitis/tps/tcl/tcllib2.0/imap4/pkgIndex.tcl 
Execute             source C:/Xilinx/2025.1/Vitis/tps/tcl/tcllib2.0/inifile/pkgIndex.tcl 
Execute             source C:/Xilinx/2025.1/Vitis/tps/tcl/tcllib2.0/interp/pkgIndex.tcl 
Execute             source C:/Xilinx/2025.1/Vitis/tps/tcl/tcllib2.0/irc/pkgIndex.tcl 
Execute             source C:/Xilinx/2025.1/Vitis/tps/tcl/tcllib2.0/javascript/pkgIndex.tcl 
Execute             source C:/Xilinx/2025.1/Vitis/tps/tcl/tcllib2.0/jpeg/pkgIndex.tcl 
Execute             source C:/Xilinx/2025.1/Vitis/tps/tcl/tcllib2.0/json/pkgIndex.tcl 
Execute             source C:/Xilinx/2025.1/Vitis/tps/tcl/tcllib2.0/lambda/pkgIndex.tcl 
Execute             source C:/Xilinx/2025.1/Vitis/tps/tcl/tcllib2.0/lazyset/pkgIndex.tcl 
Execute             source C:/Xilinx/2025.1/Vitis/tps/tcl/tcllib2.0/ldap/pkgIndex.tcl 
Execute             source C:/Xilinx/2025.1/Vitis/tps/tcl/tcllib2.0/log/pkgIndex.tcl 
Execute             source C:/Xilinx/2025.1/Vitis/tps/tcl/tcllib2.0/map/pkgIndex.tcl 
Execute             source C:/Xilinx/2025.1/Vitis/tps/tcl/tcllib2.0/mapproj/pkgIndex.tcl 
Execute             source C:/Xilinx/2025.1/Vitis/tps/tcl/tcllib2.0/markdown/pkgIndex.tcl 
Execute             source C:/Xilinx/2025.1/Vitis/tps/tcl/tcllib2.0/math/pkgIndex.tcl 
Execute             source C:/Xilinx/2025.1/Vitis/tps/tcl/tcllib2.0/md4/pkgIndex.tcl 
Execute             source C:/Xilinx/2025.1/Vitis/tps/tcl/tcllib2.0/md5/pkgIndex.tcl 
Execute             source C:/Xilinx/2025.1/Vitis/tps/tcl/tcllib2.0/md5crypt/pkgIndex.tcl 
Execute             source C:/Xilinx/2025.1/Vitis/tps/tcl/tcllib2.0/mime/pkgIndex.tcl 
Execute             source C:/Xilinx/2025.1/Vitis/tps/tcl/tcllib2.0/mkdoc/pkgIndex.tcl 
Execute             source C:/Xilinx/2025.1/Vitis/tps/tcl/tcllib2.0/multiplexer/pkgIndex.tcl 
Execute             source C:/Xilinx/2025.1/Vitis/tps/tcl/tcllib2.0/namespacex/pkgIndex.tcl 
Execute             source C:/Xilinx/2025.1/Vitis/tps/tcl/tcllib2.0/ncgi/pkgIndex.tcl 
Execute             source C:/Xilinx/2025.1/Vitis/tps/tcl/tcllib2.0/nettool/pkgIndex.tcl 
Execute             source C:/Xilinx/2025.1/Vitis/tps/tcl/tcllib2.0/nmea/pkgIndex.tcl 
Execute             source C:/Xilinx/2025.1/Vitis/tps/tcl/tcllib2.0/nns/pkgIndex.tcl 
Execute             source C:/Xilinx/2025.1/Vitis/tps/tcl/tcllib2.0/nntp/pkgIndex.tcl 
Execute             source C:/Xilinx/2025.1/Vitis/tps/tcl/tcllib2.0/ntp/pkgIndex.tcl 
Execute             source C:/Xilinx/2025.1/Vitis/tps/tcl/tcllib2.0/oauth/pkgIndex.tcl 
Execute             source C:/Xilinx/2025.1/Vitis/tps/tcl/tcllib2.0/oodialect/pkgIndex.tcl 
Execute             source C:/Xilinx/2025.1/Vitis/tps/tcl/tcllib2.0/oometa/pkgIndex.tcl 
Execute             source C:/Xilinx/2025.1/Vitis/tps/tcl/tcllib2.0/ooutil/pkgIndex.tcl 
Execute             source C:/Xilinx/2025.1/Vitis/tps/tcl/tcllib2.0/otp/pkgIndex.tcl 
Execute             source C:/Xilinx/2025.1/Vitis/tps/tcl/tcllib2.0/page/pkgIndex.tcl 
Execute             source C:/Xilinx/2025.1/Vitis/tps/tcl/tcllib2.0/pluginmgr/pkgIndex.tcl 
Execute             source C:/Xilinx/2025.1/Vitis/tps/tcl/tcllib2.0/png/pkgIndex.tcl 
Execute             source C:/Xilinx/2025.1/Vitis/tps/tcl/tcllib2.0/pop3/pkgIndex.tcl 
Execute             source C:/Xilinx/2025.1/Vitis/tps/tcl/tcllib2.0/pop3d/pkgIndex.tcl 
Execute             source C:/Xilinx/2025.1/Vitis/tps/tcl/tcllib2.0/practcl/pkgIndex.tcl 
Execute             source C:/Xilinx/2025.1/Vitis/tps/tcl/tcllib2.0/processman/pkgIndex.tcl 
Execute             source C:/Xilinx/2025.1/Vitis/tps/tcl/tcllib2.0/profiler/pkgIndex.tcl 
Execute             source C:/Xilinx/2025.1/Vitis/tps/tcl/tcllib2.0/pt/pkgIndex.tcl 
Execute             source C:/Xilinx/2025.1/Vitis/tps/tcl/tcllib2.0/rcs/pkgIndex.tcl 
Execute             source C:/Xilinx/2025.1/Vitis/tps/tcl/tcllib2.0/report/pkgIndex.tcl 
Execute             source C:/Xilinx/2025.1/Vitis/tps/tcl/tcllib2.0/rest/pkgIndex.tcl 
Execute             source C:/Xilinx/2025.1/Vitis/tps/tcl/tcllib2.0/ripemd/pkgIndex.tcl 
Execute             source C:/Xilinx/2025.1/Vitis/tps/tcl/tcllib2.0/sasl/pkgIndex.tcl 
Execute             source C:/Xilinx/2025.1/Vitis/tps/tcl/tcllib2.0/sha1/pkgIndex.tcl 
Execute             source C:/Xilinx/2025.1/Vitis/tps/tcl/tcllib2.0/simulation/pkgIndex.tcl 
Execute             source C:/Xilinx/2025.1/Vitis/tps/tcl/tcllib2.0/smtpd/pkgIndex.tcl 
Execute             source C:/Xilinx/2025.1/Vitis/tps/tcl/tcllib2.0/snit/pkgIndex.tcl 
Execute             source C:/Xilinx/2025.1/Vitis/tps/tcl/tcllib2.0/soundex/pkgIndex.tcl 
Execute             source C:/Xilinx/2025.1/Vitis/tps/tcl/tcllib2.0/stooop/pkgIndex.tcl 
Execute             source C:/Xilinx/2025.1/Vitis/tps/tcl/tcllib2.0/string/pkgIndex.tcl 
Execute             source C:/Xilinx/2025.1/Vitis/tps/tcl/tcllib2.0/stringprep/pkgIndex.tcl 
Execute             source C:/Xilinx/2025.1/Vitis/tps/tcl/tcllib2.0/struct/pkgIndex.tcl 
Execute             source C:/Xilinx/2025.1/Vitis/tps/tcl/tcllib2.0/tar/pkgIndex.tcl 
Execute             source C:/Xilinx/2025.1/Vitis/tps/tcl/tcllib2.0/tepam/pkgIndex.tcl 
Execute             source C:/Xilinx/2025.1/Vitis/tps/tcl/tcllib2.0/term/pkgIndex.tcl 
Execute             source C:/Xilinx/2025.1/Vitis/tps/tcl/tcllib2.0/textutil/pkgIndex.tcl 
Execute             source C:/Xilinx/2025.1/Vitis/tps/tcl/tcllib2.0/tie/pkgIndex.tcl 
Execute             source C:/Xilinx/2025.1/Vitis/tps/tcl/tcllib2.0/tiff/pkgIndex.tcl 
Execute             source C:/Xilinx/2025.1/Vitis/tps/tcl/tcllib2.0/tool/pkgIndex.tcl 
Execute             source C:/Xilinx/2025.1/Vitis/tps/tcl/tcllib2.0/transfer/pkgIndex.tcl 
Execute             source C:/Xilinx/2025.1/Vitis/tps/tcl/tcllib2.0/treeql/pkgIndex.tcl 
Execute             source C:/Xilinx/2025.1/Vitis/tps/tcl/tcllib2.0/try/pkgIndex.tcl 
Execute             source C:/Xilinx/2025.1/Vitis/tps/tcl/tcllib2.0/udpcluster/pkgIndex.tcl 
Execute             source C:/Xilinx/2025.1/Vitis/tps/tcl/tcllib2.0/uev/pkgIndex.tcl 
Execute             source C:/Xilinx/2025.1/Vitis/tps/tcl/tcllib2.0/units/pkgIndex.tcl 
Execute             source C:/Xilinx/2025.1/Vitis/tps/tcl/tcllib2.0/uri/pkgIndex.tcl 
Execute             source C:/Xilinx/2025.1/Vitis/tps/tcl/tcllib2.0/uuid/pkgIndex.tcl 
Execute             source C:/Xilinx/2025.1/Vitis/tps/tcl/tcllib2.0/valtype/pkgIndex.tcl 
Execute             source C:/Xilinx/2025.1/Vitis/tps/tcl/tcllib2.0/virtchannel_base/pkgIndex.tcl 
Execute             source C:/Xilinx/2025.1/Vitis/tps/tcl/tcllib2.0/virtchannel_core/pkgIndex.tcl 
Execute             source C:/Xilinx/2025.1/Vitis/tps/tcl/tcllib2.0/virtchannel_transform/pkgIndex.tcl 
Execute             source C:/Xilinx/2025.1/Vitis/tps/tcl/tcllib2.0/websocket/pkgIndex.tcl 
Execute             source C:/Xilinx/2025.1/Vitis/tps/tcl/tcllib2.0/wip/pkgIndex.tcl 
Execute             source C:/Xilinx/2025.1/Vitis/tps/tcl/tcllib2.0/yaml/pkgIndex.tcl 
Execute             source C:/Xilinx/2025.1/Vitis/tps/tcl/tcllib2.0/zip/pkgIndex.tcl 
Command           ap_source done; 0.257 sec.
Execute           source C:/Xilinx/2025.1/Vitis/tps/tcl/tdom/pkgIndex.tcl 
Execute           source C:/Xilinx/2025.1/Vitis/tps/tcl/tcl8.6/opt0.4/pkgIndex.tcl 
Execute           source C:/Xilinx/2025.1/Vitis/tps/tcl/tcl8.6/pkgs/win/thread2.8.7/pkgIndex.tcl 
Command         ap_source done; 0.591 sec.
Execute         source C:/Xilinx/2025.1/Vitis/tps/tcl/tcllib2.0/0compatibility/pkgIndex.tcl 
Execute         source C:/Xilinx/2025.1/Vitis/tps/tcl/tcllib2.0/amazon-s3/pkgIndex.tcl 
Execute         source C:/Xilinx/2025.1/Vitis/tps/tcl/tcllib2.0/asn/pkgIndex.tcl 
Execute         source C:/Xilinx/2025.1/Vitis/tps/tcl/tcllib2.0/base32/pkgIndex.tcl 
Execute         source C:/Xilinx/2025.1/Vitis/tps/tcl/tcllib2.0/base64/pkgIndex.tcl 
Execute         source C:/Xilinx/2025.1/Vitis/tps/tcl/tcllib2.0/bee/pkgIndex.tcl 
Execute         source C:/Xilinx/2025.1/Vitis/tps/tcl/tcllib2.0/bench/pkgIndex.tcl 
Execute         source C:/Xilinx/2025.1/Vitis/tps/tcl/tcllib2.0/bibtex/pkgIndex.tcl 
Execute         source C:/Xilinx/2025.1/Vitis/tps/tcl/tcllib2.0/cache/pkgIndex.tcl 
Execute         source C:/Xilinx/2025.1/Vitis/tps/tcl/tcllib2.0/clay/pkgIndex.tcl 
Execute         source C:/Xilinx/2025.1/Vitis/tps/tcl/tcllib2.0/clock/pkgIndex.tcl 
Execute         source C:/Xilinx/2025.1/Vitis/tps/tcl/tcllib2.0/cmdline/pkgIndex.tcl 
Execute         source C:/Xilinx/2025.1/Vitis/tps/tcl/tcllib2.0/comm/pkgIndex.tcl 
Execute         source C:/Xilinx/2025.1/Vitis/tps/tcl/tcllib2.0/control/pkgIndex.tcl 
Execute         source C:/Xilinx/2025.1/Vitis/tps/tcl/tcllib2.0/coroutine/pkgIndex.tcl 
Execute         source C:/Xilinx/2025.1/Vitis/tps/tcl/tcllib2.0/counter/pkgIndex.tcl 
Execute         source C:/Xilinx/2025.1/Vitis/tps/tcl/tcllib2.0/crc/pkgIndex.tcl 
Execute         source C:/Xilinx/2025.1/Vitis/tps/tcl/tcllib2.0/cron/pkgIndex.tcl 
Execute         source C:/Xilinx/2025.1/Vitis/tps/tcl/tcllib2.0/csv/pkgIndex.tcl 
Execute         source C:/Xilinx/2025.1/Vitis/tps/tcl/tcllib2.0/debug/pkgIndex.tcl 
Execute         source C:/Xilinx/2025.1/Vitis/tps/tcl/tcllib2.0/defer/pkgIndex.tcl 
Execute         source C:/Xilinx/2025.1/Vitis/tps/tcl/tcllib2.0/dicttool/pkgIndex.tcl 
Execute         source C:/Xilinx/2025.1/Vitis/tps/tcl/tcllib2.0/dns/pkgIndex.tcl 
Execute         source C:/Xilinx/2025.1/Vitis/tps/tcl/tcllib2.0/docstrip/pkgIndex.tcl 
Execute         source C:/Xilinx/2025.1/Vitis/tps/tcl/tcllib2.0/doctools/pkgIndex.tcl 
Execute         source C:/Xilinx/2025.1/Vitis/tps/tcl/tcllib2.0/doctools2base/pkgIndex.tcl 
Execute         source C:/Xilinx/2025.1/Vitis/tps/tcl/tcllib2.0/doctools2idx/pkgIndex.tcl 
Execute         source C:/Xilinx/2025.1/Vitis/tps/tcl/tcllib2.0/doctools2toc/pkgIndex.tcl 
Execute         source C:/Xilinx/2025.1/Vitis/tps/tcl/tcllib2.0/dtplite/pkgIndex.tcl 
Execute         source C:/Xilinx/2025.1/Vitis/tps/tcl/tcllib2.0/fileutil/pkgIndex.tcl 
Execute         source C:/Xilinx/2025.1/Vitis/tps/tcl/tcllib2.0/ftp/pkgIndex.tcl 
Execute         source C:/Xilinx/2025.1/Vitis/tps/tcl/tcllib2.0/ftpd/pkgIndex.tcl 
Execute         source C:/Xilinx/2025.1/Vitis/tps/tcl/tcllib2.0/fumagic/pkgIndex.tcl 
Execute         source C:/Xilinx/2025.1/Vitis/tps/tcl/tcllib2.0/generator/pkgIndex.tcl 
Execute         source C:/Xilinx/2025.1/Vitis/tps/tcl/tcllib2.0/gpx/pkgIndex.tcl 
Execute         source C:/Xilinx/2025.1/Vitis/tps/tcl/tcllib2.0/grammar_aycock/pkgIndex.tcl 
Execute         source C:/Xilinx/2025.1/Vitis/tps/tcl/tcllib2.0/grammar_fa/pkgIndex.tcl 
Execute         source C:/Xilinx/2025.1/Vitis/tps/tcl/tcllib2.0/grammar_me/pkgIndex.tcl 
Execute         source C:/Xilinx/2025.1/Vitis/tps/tcl/tcllib2.0/grammar_peg/pkgIndex.tcl 
Execute         source C:/Xilinx/2025.1/Vitis/tps/tcl/tcllib2.0/hook/pkgIndex.tcl 
Execute         source C:/Xilinx/2025.1/Vitis/tps/tcl/tcllib2.0/html/pkgIndex.tcl 
Execute         source C:/Xilinx/2025.1/Vitis/tps/tcl/tcllib2.0/htmlparse/pkgIndex.tcl 
Execute         source C:/Xilinx/2025.1/Vitis/tps/tcl/tcllib2.0/http/pkgIndex.tcl 
Execute         source C:/Xilinx/2025.1/Vitis/tps/tcl/tcllib2.0/httpd/pkgIndex.tcl 
Execute         source C:/Xilinx/2025.1/Vitis/tps/tcl/tcllib2.0/httpwget/pkgIndex.tcl 
Execute         source C:/Xilinx/2025.1/Vitis/tps/tcl/tcllib2.0/ident/pkgIndex.tcl 
Execute         source C:/Xilinx/2025.1/Vitis/tps/tcl/tcllib2.0/imap4/pkgIndex.tcl 
Execute         source C:/Xilinx/2025.1/Vitis/tps/tcl/tcllib2.0/inifile/pkgIndex.tcl 
Execute         source C:/Xilinx/2025.1/Vitis/tps/tcl/tcllib2.0/interp/pkgIndex.tcl 
Execute         source C:/Xilinx/2025.1/Vitis/tps/tcl/tcllib2.0/irc/pkgIndex.tcl 
Execute         source C:/Xilinx/2025.1/Vitis/tps/tcl/tcllib2.0/javascript/pkgIndex.tcl 
Execute         source C:/Xilinx/2025.1/Vitis/tps/tcl/tcllib2.0/jpeg/pkgIndex.tcl 
Execute         source C:/Xilinx/2025.1/Vitis/tps/tcl/tcllib2.0/json/pkgIndex.tcl 
Execute         source C:/Xilinx/2025.1/Vitis/tps/tcl/tcllib2.0/lambda/pkgIndex.tcl 
Execute         source C:/Xilinx/2025.1/Vitis/tps/tcl/tcllib2.0/lazyset/pkgIndex.tcl 
Execute         source C:/Xilinx/2025.1/Vitis/tps/tcl/tcllib2.0/ldap/pkgIndex.tcl 
Execute         source C:/Xilinx/2025.1/Vitis/tps/tcl/tcllib2.0/log/pkgIndex.tcl 
Execute         source C:/Xilinx/2025.1/Vitis/tps/tcl/tcllib2.0/map/pkgIndex.tcl 
Execute         source C:/Xilinx/2025.1/Vitis/tps/tcl/tcllib2.0/mapproj/pkgIndex.tcl 
Execute         source C:/Xilinx/2025.1/Vitis/tps/tcl/tcllib2.0/markdown/pkgIndex.tcl 
Execute         source C:/Xilinx/2025.1/Vitis/tps/tcl/tcllib2.0/math/pkgIndex.tcl 
Execute         source C:/Xilinx/2025.1/Vitis/tps/tcl/tcllib2.0/md4/pkgIndex.tcl 
Execute         source C:/Xilinx/2025.1/Vitis/tps/tcl/tcllib2.0/md5/pkgIndex.tcl 
Execute         source C:/Xilinx/2025.1/Vitis/tps/tcl/tcllib2.0/md5crypt/pkgIndex.tcl 
Execute         source C:/Xilinx/2025.1/Vitis/tps/tcl/tcllib2.0/mime/pkgIndex.tcl 
Execute         source C:/Xilinx/2025.1/Vitis/tps/tcl/tcllib2.0/mkdoc/pkgIndex.tcl 
Execute         source C:/Xilinx/2025.1/Vitis/tps/tcl/tcllib2.0/multiplexer/pkgIndex.tcl 
Execute         source C:/Xilinx/2025.1/Vitis/tps/tcl/tcllib2.0/namespacex/pkgIndex.tcl 
Execute         source C:/Xilinx/2025.1/Vitis/tps/tcl/tcllib2.0/ncgi/pkgIndex.tcl 
Execute         source C:/Xilinx/2025.1/Vitis/tps/tcl/tcllib2.0/nettool/pkgIndex.tcl 
Execute         source C:/Xilinx/2025.1/Vitis/tps/tcl/tcllib2.0/nmea/pkgIndex.tcl 
Execute         source C:/Xilinx/2025.1/Vitis/tps/tcl/tcllib2.0/nns/pkgIndex.tcl 
Execute         source C:/Xilinx/2025.1/Vitis/tps/tcl/tcllib2.0/nntp/pkgIndex.tcl 
Execute         source C:/Xilinx/2025.1/Vitis/tps/tcl/tcllib2.0/ntp/pkgIndex.tcl 
Execute         source C:/Xilinx/2025.1/Vitis/tps/tcl/tcllib2.0/oauth/pkgIndex.tcl 
Execute         source C:/Xilinx/2025.1/Vitis/tps/tcl/tcllib2.0/oodialect/pkgIndex.tcl 
Execute         source C:/Xilinx/2025.1/Vitis/tps/tcl/tcllib2.0/oometa/pkgIndex.tcl 
Execute         source C:/Xilinx/2025.1/Vitis/tps/tcl/tcllib2.0/ooutil/pkgIndex.tcl 
Execute         source C:/Xilinx/2025.1/Vitis/tps/tcl/tcllib2.0/otp/pkgIndex.tcl 
Execute         source C:/Xilinx/2025.1/Vitis/tps/tcl/tcllib2.0/page/pkgIndex.tcl 
Execute         source C:/Xilinx/2025.1/Vitis/tps/tcl/tcllib2.0/pluginmgr/pkgIndex.tcl 
Execute         source C:/Xilinx/2025.1/Vitis/tps/tcl/tcllib2.0/png/pkgIndex.tcl 
Execute         source C:/Xilinx/2025.1/Vitis/tps/tcl/tcllib2.0/pop3/pkgIndex.tcl 
Execute         source C:/Xilinx/2025.1/Vitis/tps/tcl/tcllib2.0/pop3d/pkgIndex.tcl 
Execute         source C:/Xilinx/2025.1/Vitis/tps/tcl/tcllib2.0/practcl/pkgIndex.tcl 
Execute         source C:/Xilinx/2025.1/Vitis/tps/tcl/tcllib2.0/processman/pkgIndex.tcl 
Execute         source C:/Xilinx/2025.1/Vitis/tps/tcl/tcllib2.0/profiler/pkgIndex.tcl 
Execute         source C:/Xilinx/2025.1/Vitis/tps/tcl/tcllib2.0/pt/pkgIndex.tcl 
Execute         source C:/Xilinx/2025.1/Vitis/tps/tcl/tcllib2.0/rcs/pkgIndex.tcl 
Execute         source C:/Xilinx/2025.1/Vitis/tps/tcl/tcllib2.0/report/pkgIndex.tcl 
Execute         source C:/Xilinx/2025.1/Vitis/tps/tcl/tcllib2.0/rest/pkgIndex.tcl 
Execute         source C:/Xilinx/2025.1/Vitis/tps/tcl/tcllib2.0/ripemd/pkgIndex.tcl 
Execute         source C:/Xilinx/2025.1/Vitis/tps/tcl/tcllib2.0/sasl/pkgIndex.tcl 
Execute         source C:/Xilinx/2025.1/Vitis/tps/tcl/tcllib2.0/sha1/pkgIndex.tcl 
Execute         source C:/Xilinx/2025.1/Vitis/tps/tcl/tcllib2.0/simulation/pkgIndex.tcl 
Execute         source C:/Xilinx/2025.1/Vitis/tps/tcl/tcllib2.0/smtpd/pkgIndex.tcl 
Execute         source C:/Xilinx/2025.1/Vitis/tps/tcl/tcllib2.0/snit/pkgIndex.tcl 
Execute         source C:/Xilinx/2025.1/Vitis/tps/tcl/tcllib2.0/soundex/pkgIndex.tcl 
Execute         source C:/Xilinx/2025.1/Vitis/tps/tcl/tcllib2.0/stooop/pkgIndex.tcl 
Execute         source C:/Xilinx/2025.1/Vitis/tps/tcl/tcllib2.0/string/pkgIndex.tcl 
Execute         source C:/Xilinx/2025.1/Vitis/tps/tcl/tcllib2.0/stringprep/pkgIndex.tcl 
Execute         source C:/Xilinx/2025.1/Vitis/tps/tcl/tcllib2.0/struct/pkgIndex.tcl 
Execute         source C:/Xilinx/2025.1/Vitis/tps/tcl/tcllib2.0/tar/pkgIndex.tcl 
Execute         source C:/Xilinx/2025.1/Vitis/tps/tcl/tcllib2.0/tepam/pkgIndex.tcl 
Execute         source C:/Xilinx/2025.1/Vitis/tps/tcl/tcllib2.0/term/pkgIndex.tcl 
Execute         source C:/Xilinx/2025.1/Vitis/tps/tcl/tcllib2.0/textutil/pkgIndex.tcl 
Execute         source C:/Xilinx/2025.1/Vitis/tps/tcl/tcllib2.0/tie/pkgIndex.tcl 
Execute         source C:/Xilinx/2025.1/Vitis/tps/tcl/tcllib2.0/tiff/pkgIndex.tcl 
Execute         source C:/Xilinx/2025.1/Vitis/tps/tcl/tcllib2.0/tool/pkgIndex.tcl 
Execute         source C:/Xilinx/2025.1/Vitis/tps/tcl/tcllib2.0/transfer/pkgIndex.tcl 
Execute         source C:/Xilinx/2025.1/Vitis/tps/tcl/tcllib2.0/treeql/pkgIndex.tcl 
Execute         source C:/Xilinx/2025.1/Vitis/tps/tcl/tcllib2.0/try/pkgIndex.tcl 
Execute         source C:/Xilinx/2025.1/Vitis/tps/tcl/tcllib2.0/udpcluster/pkgIndex.tcl 
Execute         source C:/Xilinx/2025.1/Vitis/tps/tcl/tcllib2.0/uev/pkgIndex.tcl 
Execute         source C:/Xilinx/2025.1/Vitis/tps/tcl/tcllib2.0/units/pkgIndex.tcl 
Execute         source C:/Xilinx/2025.1/Vitis/tps/tcl/tcllib2.0/uri/pkgIndex.tcl 
Execute         source C:/Xilinx/2025.1/Vitis/tps/tcl/tcllib2.0/uuid/pkgIndex.tcl 
Execute         source C:/Xilinx/2025.1/Vitis/tps/tcl/tcllib2.0/valtype/pkgIndex.tcl 
Execute         source C:/Xilinx/2025.1/Vitis/tps/tcl/tcllib2.0/virtchannel_base/pkgIndex.tcl 
Execute         source C:/Xilinx/2025.1/Vitis/tps/tcl/tcllib2.0/virtchannel_core/pkgIndex.tcl 
Execute         source C:/Xilinx/2025.1/Vitis/tps/tcl/tcllib2.0/virtchannel_transform/pkgIndex.tcl 
Execute         source C:/Xilinx/2025.1/Vitis/tps/tcl/tcllib2.0/websocket/pkgIndex.tcl 
Execute         source C:/Xilinx/2025.1/Vitis/tps/tcl/tcllib2.0/wip/pkgIndex.tcl 
Execute         source C:/Xilinx/2025.1/Vitis/tps/tcl/tcllib2.0/yaml/pkgIndex.tcl 
Execute         source C:/Xilinx/2025.1/Vitis/tps/tcl/tcllib2.0/zip/pkgIndex.tcl 
Execute         source C:/Xilinx/2025.1/Vitis/tps/tcl/tcllib2.0/pkgIndex.tcl 
Execute           source C:/Xilinx/2025.1/Vitis/tps/tcl/tcllib2.0/0compatibility/pkgIndex.tcl 
Execute           source C:/Xilinx/2025.1/Vitis/tps/tcl/tcllib2.0/amazon-s3/pkgIndex.tcl 
Execute           source C:/Xilinx/2025.1/Vitis/tps/tcl/tcllib2.0/asn/pkgIndex.tcl 
Execute           source C:/Xilinx/2025.1/Vitis/tps/tcl/tcllib2.0/base32/pkgIndex.tcl 
Execute           source C:/Xilinx/2025.1/Vitis/tps/tcl/tcllib2.0/base64/pkgIndex.tcl 
Execute           source C:/Xilinx/2025.1/Vitis/tps/tcl/tcllib2.0/bee/pkgIndex.tcl 
Execute           source C:/Xilinx/2025.1/Vitis/tps/tcl/tcllib2.0/bench/pkgIndex.tcl 
Execute           source C:/Xilinx/2025.1/Vitis/tps/tcl/tcllib2.0/bibtex/pkgIndex.tcl 
Execute           source C:/Xilinx/2025.1/Vitis/tps/tcl/tcllib2.0/cache/pkgIndex.tcl 
Execute           source C:/Xilinx/2025.1/Vitis/tps/tcl/tcllib2.0/clay/pkgIndex.tcl 
Execute           source C:/Xilinx/2025.1/Vitis/tps/tcl/tcllib2.0/clock/pkgIndex.tcl 
Execute           source C:/Xilinx/2025.1/Vitis/tps/tcl/tcllib2.0/cmdline/pkgIndex.tcl 
Execute           source C:/Xilinx/2025.1/Vitis/tps/tcl/tcllib2.0/comm/pkgIndex.tcl 
Execute           source C:/Xilinx/2025.1/Vitis/tps/tcl/tcllib2.0/control/pkgIndex.tcl 
Execute           source C:/Xilinx/2025.1/Vitis/tps/tcl/tcllib2.0/coroutine/pkgIndex.tcl 
Execute           source C:/Xilinx/2025.1/Vitis/tps/tcl/tcllib2.0/counter/pkgIndex.tcl 
Execute           source C:/Xilinx/2025.1/Vitis/tps/tcl/tcllib2.0/crc/pkgIndex.tcl 
Execute           source C:/Xilinx/2025.1/Vitis/tps/tcl/tcllib2.0/cron/pkgIndex.tcl 
Execute           source C:/Xilinx/2025.1/Vitis/tps/tcl/tcllib2.0/csv/pkgIndex.tcl 
Execute           source C:/Xilinx/2025.1/Vitis/tps/tcl/tcllib2.0/debug/pkgIndex.tcl 
Execute           source C:/Xilinx/2025.1/Vitis/tps/tcl/tcllib2.0/defer/pkgIndex.tcl 
Execute           source C:/Xilinx/2025.1/Vitis/tps/tcl/tcllib2.0/dicttool/pkgIndex.tcl 
Execute           source C:/Xilinx/2025.1/Vitis/tps/tcl/tcllib2.0/dns/pkgIndex.tcl 
Execute           source C:/Xilinx/2025.1/Vitis/tps/tcl/tcllib2.0/docstrip/pkgIndex.tcl 
Execute           source C:/Xilinx/2025.1/Vitis/tps/tcl/tcllib2.0/doctools/pkgIndex.tcl 
Execute           source C:/Xilinx/2025.1/Vitis/tps/tcl/tcllib2.0/doctools2base/pkgIndex.tcl 
Execute           source C:/Xilinx/2025.1/Vitis/tps/tcl/tcllib2.0/doctools2idx/pkgIndex.tcl 
Execute           source C:/Xilinx/2025.1/Vitis/tps/tcl/tcllib2.0/doctools2toc/pkgIndex.tcl 
Execute           source C:/Xilinx/2025.1/Vitis/tps/tcl/tcllib2.0/dtplite/pkgIndex.tcl 
Execute           source C:/Xilinx/2025.1/Vitis/tps/tcl/tcllib2.0/fileutil/pkgIndex.tcl 
Execute           source C:/Xilinx/2025.1/Vitis/tps/tcl/tcllib2.0/ftp/pkgIndex.tcl 
Execute           source C:/Xilinx/2025.1/Vitis/tps/tcl/tcllib2.0/ftpd/pkgIndex.tcl 
Execute           source C:/Xilinx/2025.1/Vitis/tps/tcl/tcllib2.0/fumagic/pkgIndex.tcl 
Execute           source C:/Xilinx/2025.1/Vitis/tps/tcl/tcllib2.0/generator/pkgIndex.tcl 
Execute           source C:/Xilinx/2025.1/Vitis/tps/tcl/tcllib2.0/gpx/pkgIndex.tcl 
Execute           source C:/Xilinx/2025.1/Vitis/tps/tcl/tcllib2.0/grammar_aycock/pkgIndex.tcl 
Execute           source C:/Xilinx/2025.1/Vitis/tps/tcl/tcllib2.0/grammar_fa/pkgIndex.tcl 
Execute           source C:/Xilinx/2025.1/Vitis/tps/tcl/tcllib2.0/grammar_me/pkgIndex.tcl 
Execute           source C:/Xilinx/2025.1/Vitis/tps/tcl/tcllib2.0/grammar_peg/pkgIndex.tcl 
Execute           source C:/Xilinx/2025.1/Vitis/tps/tcl/tcllib2.0/hook/pkgIndex.tcl 
Execute           source C:/Xilinx/2025.1/Vitis/tps/tcl/tcllib2.0/html/pkgIndex.tcl 
Execute           source C:/Xilinx/2025.1/Vitis/tps/tcl/tcllib2.0/htmlparse/pkgIndex.tcl 
Execute           source C:/Xilinx/2025.1/Vitis/tps/tcl/tcllib2.0/http/pkgIndex.tcl 
Execute           source C:/Xilinx/2025.1/Vitis/tps/tcl/tcllib2.0/httpd/pkgIndex.tcl 
Execute           source C:/Xilinx/2025.1/Vitis/tps/tcl/tcllib2.0/httpwget/pkgIndex.tcl 
Execute           source C:/Xilinx/2025.1/Vitis/tps/tcl/tcllib2.0/ident/pkgIndex.tcl 
Execute           source C:/Xilinx/2025.1/Vitis/tps/tcl/tcllib2.0/imap4/pkgIndex.tcl 
Execute           source C:/Xilinx/2025.1/Vitis/tps/tcl/tcllib2.0/inifile/pkgIndex.tcl 
Execute           source C:/Xilinx/2025.1/Vitis/tps/tcl/tcllib2.0/interp/pkgIndex.tcl 
Execute           source C:/Xilinx/2025.1/Vitis/tps/tcl/tcllib2.0/irc/pkgIndex.tcl 
Execute           source C:/Xilinx/2025.1/Vitis/tps/tcl/tcllib2.0/javascript/pkgIndex.tcl 
Execute           source C:/Xilinx/2025.1/Vitis/tps/tcl/tcllib2.0/jpeg/pkgIndex.tcl 
Execute           source C:/Xilinx/2025.1/Vitis/tps/tcl/tcllib2.0/json/pkgIndex.tcl 
Execute           source C:/Xilinx/2025.1/Vitis/tps/tcl/tcllib2.0/lambda/pkgIndex.tcl 
Execute           source C:/Xilinx/2025.1/Vitis/tps/tcl/tcllib2.0/lazyset/pkgIndex.tcl 
Execute           source C:/Xilinx/2025.1/Vitis/tps/tcl/tcllib2.0/ldap/pkgIndex.tcl 
Execute           source C:/Xilinx/2025.1/Vitis/tps/tcl/tcllib2.0/log/pkgIndex.tcl 
Execute           source C:/Xilinx/2025.1/Vitis/tps/tcl/tcllib2.0/map/pkgIndex.tcl 
Execute           source C:/Xilinx/2025.1/Vitis/tps/tcl/tcllib2.0/mapproj/pkgIndex.tcl 
Execute           source C:/Xilinx/2025.1/Vitis/tps/tcl/tcllib2.0/markdown/pkgIndex.tcl 
Execute           source C:/Xilinx/2025.1/Vitis/tps/tcl/tcllib2.0/math/pkgIndex.tcl 
Execute           source C:/Xilinx/2025.1/Vitis/tps/tcl/tcllib2.0/md4/pkgIndex.tcl 
Execute           source C:/Xilinx/2025.1/Vitis/tps/tcl/tcllib2.0/md5/pkgIndex.tcl 
Execute           source C:/Xilinx/2025.1/Vitis/tps/tcl/tcllib2.0/md5crypt/pkgIndex.tcl 
Execute           source C:/Xilinx/2025.1/Vitis/tps/tcl/tcllib2.0/mime/pkgIndex.tcl 
Execute           source C:/Xilinx/2025.1/Vitis/tps/tcl/tcllib2.0/mkdoc/pkgIndex.tcl 
Execute           source C:/Xilinx/2025.1/Vitis/tps/tcl/tcllib2.0/multiplexer/pkgIndex.tcl 
Execute           source C:/Xilinx/2025.1/Vitis/tps/tcl/tcllib2.0/namespacex/pkgIndex.tcl 
Execute           source C:/Xilinx/2025.1/Vitis/tps/tcl/tcllib2.0/ncgi/pkgIndex.tcl 
Execute           source C:/Xilinx/2025.1/Vitis/tps/tcl/tcllib2.0/nettool/pkgIndex.tcl 
Execute           source C:/Xilinx/2025.1/Vitis/tps/tcl/tcllib2.0/nmea/pkgIndex.tcl 
Execute           source C:/Xilinx/2025.1/Vitis/tps/tcl/tcllib2.0/nns/pkgIndex.tcl 
Execute           source C:/Xilinx/2025.1/Vitis/tps/tcl/tcllib2.0/nntp/pkgIndex.tcl 
Execute           source C:/Xilinx/2025.1/Vitis/tps/tcl/tcllib2.0/ntp/pkgIndex.tcl 
Execute           source C:/Xilinx/2025.1/Vitis/tps/tcl/tcllib2.0/oauth/pkgIndex.tcl 
Execute           source C:/Xilinx/2025.1/Vitis/tps/tcl/tcllib2.0/oodialect/pkgIndex.tcl 
Execute           source C:/Xilinx/2025.1/Vitis/tps/tcl/tcllib2.0/oometa/pkgIndex.tcl 
Execute           source C:/Xilinx/2025.1/Vitis/tps/tcl/tcllib2.0/ooutil/pkgIndex.tcl 
Execute           source C:/Xilinx/2025.1/Vitis/tps/tcl/tcllib2.0/otp/pkgIndex.tcl 
Execute           source C:/Xilinx/2025.1/Vitis/tps/tcl/tcllib2.0/page/pkgIndex.tcl 
Execute           source C:/Xilinx/2025.1/Vitis/tps/tcl/tcllib2.0/pluginmgr/pkgIndex.tcl 
Execute           source C:/Xilinx/2025.1/Vitis/tps/tcl/tcllib2.0/png/pkgIndex.tcl 
Execute           source C:/Xilinx/2025.1/Vitis/tps/tcl/tcllib2.0/pop3/pkgIndex.tcl 
Execute           source C:/Xilinx/2025.1/Vitis/tps/tcl/tcllib2.0/pop3d/pkgIndex.tcl 
Execute           source C:/Xilinx/2025.1/Vitis/tps/tcl/tcllib2.0/practcl/pkgIndex.tcl 
Execute           source C:/Xilinx/2025.1/Vitis/tps/tcl/tcllib2.0/processman/pkgIndex.tcl 
Execute           source C:/Xilinx/2025.1/Vitis/tps/tcl/tcllib2.0/profiler/pkgIndex.tcl 
Execute           source C:/Xilinx/2025.1/Vitis/tps/tcl/tcllib2.0/pt/pkgIndex.tcl 
Execute           source C:/Xilinx/2025.1/Vitis/tps/tcl/tcllib2.0/rcs/pkgIndex.tcl 
Execute           source C:/Xilinx/2025.1/Vitis/tps/tcl/tcllib2.0/report/pkgIndex.tcl 
Execute           source C:/Xilinx/2025.1/Vitis/tps/tcl/tcllib2.0/rest/pkgIndex.tcl 
Execute           source C:/Xilinx/2025.1/Vitis/tps/tcl/tcllib2.0/ripemd/pkgIndex.tcl 
Execute           source C:/Xilinx/2025.1/Vitis/tps/tcl/tcllib2.0/sasl/pkgIndex.tcl 
Execute           source C:/Xilinx/2025.1/Vitis/tps/tcl/tcllib2.0/sha1/pkgIndex.tcl 
Execute           source C:/Xilinx/2025.1/Vitis/tps/tcl/tcllib2.0/simulation/pkgIndex.tcl 
Execute           source C:/Xilinx/2025.1/Vitis/tps/tcl/tcllib2.0/smtpd/pkgIndex.tcl 
Execute           source C:/Xilinx/2025.1/Vitis/tps/tcl/tcllib2.0/snit/pkgIndex.tcl 
Execute           source C:/Xilinx/2025.1/Vitis/tps/tcl/tcllib2.0/soundex/pkgIndex.tcl 
Execute           source C:/Xilinx/2025.1/Vitis/tps/tcl/tcllib2.0/stooop/pkgIndex.tcl 
Execute           source C:/Xilinx/2025.1/Vitis/tps/tcl/tcllib2.0/string/pkgIndex.tcl 
Execute           source C:/Xilinx/2025.1/Vitis/tps/tcl/tcllib2.0/stringprep/pkgIndex.tcl 
Execute           source C:/Xilinx/2025.1/Vitis/tps/tcl/tcllib2.0/struct/pkgIndex.tcl 
Execute           source C:/Xilinx/2025.1/Vitis/tps/tcl/tcllib2.0/tar/pkgIndex.tcl 
Execute           source C:/Xilinx/2025.1/Vitis/tps/tcl/tcllib2.0/tepam/pkgIndex.tcl 
Execute           source C:/Xilinx/2025.1/Vitis/tps/tcl/tcllib2.0/term/pkgIndex.tcl 
Execute           source C:/Xilinx/2025.1/Vitis/tps/tcl/tcllib2.0/textutil/pkgIndex.tcl 
Execute           source C:/Xilinx/2025.1/Vitis/tps/tcl/tcllib2.0/tie/pkgIndex.tcl 
Execute           source C:/Xilinx/2025.1/Vitis/tps/tcl/tcllib2.0/tiff/pkgIndex.tcl 
Execute           source C:/Xilinx/2025.1/Vitis/tps/tcl/tcllib2.0/tool/pkgIndex.tcl 
Execute           source C:/Xilinx/2025.1/Vitis/tps/tcl/tcllib2.0/transfer/pkgIndex.tcl 
Execute           source C:/Xilinx/2025.1/Vitis/tps/tcl/tcllib2.0/treeql/pkgIndex.tcl 
Execute           source C:/Xilinx/2025.1/Vitis/tps/tcl/tcllib2.0/try/pkgIndex.tcl 
Execute           source C:/Xilinx/2025.1/Vitis/tps/tcl/tcllib2.0/udpcluster/pkgIndex.tcl 
Execute           source C:/Xilinx/2025.1/Vitis/tps/tcl/tcllib2.0/uev/pkgIndex.tcl 
Execute           source C:/Xilinx/2025.1/Vitis/tps/tcl/tcllib2.0/units/pkgIndex.tcl 
Execute           source C:/Xilinx/2025.1/Vitis/tps/tcl/tcllib2.0/uri/pkgIndex.tcl 
Execute           source C:/Xilinx/2025.1/Vitis/tps/tcl/tcllib2.0/uuid/pkgIndex.tcl 
Execute           source C:/Xilinx/2025.1/Vitis/tps/tcl/tcllib2.0/valtype/pkgIndex.tcl 
Execute           source C:/Xilinx/2025.1/Vitis/tps/tcl/tcllib2.0/virtchannel_base/pkgIndex.tcl 
Execute           source C:/Xilinx/2025.1/Vitis/tps/tcl/tcllib2.0/virtchannel_core/pkgIndex.tcl 
Execute           source C:/Xilinx/2025.1/Vitis/tps/tcl/tcllib2.0/virtchannel_transform/pkgIndex.tcl 
Execute           source C:/Xilinx/2025.1/Vitis/tps/tcl/tcllib2.0/websocket/pkgIndex.tcl 
Execute           source C:/Xilinx/2025.1/Vitis/tps/tcl/tcllib2.0/wip/pkgIndex.tcl 
Execute           source C:/Xilinx/2025.1/Vitis/tps/tcl/tcllib2.0/yaml/pkgIndex.tcl 
Execute           source C:/Xilinx/2025.1/Vitis/tps/tcl/tcllib2.0/zip/pkgIndex.tcl 
Command         ap_source done; 0.297 sec.
Execute         source C:/Xilinx/2025.1/Vitis/tps/tcl/tdom/pkgIndex.tcl 
Execute         source C:/Xilinx/2025.1/Vitis/tps/tcl/tcl8.6/opt0.4/pkgIndex.tcl 
Execute         source C:/Xilinx/2025.1/Vitis/tps/tcl/tcl8.6/pkgs/win/thread2.8.7/pkgIndex.tcl 
Command       ap_source done; 1.228 sec.
INFO-FLOW: Workspace C:/Users/cocol/Ruby_Proj/workspace/LSTM/LSTM/hls opened at Wed Jul 22 22:21:27 -0400 2026
Execute       send_msg_by_id INFO @200-1505@%s%s default  vivado 
INFO: [HLS 200-1505] Using default flow_target 'vivado'
Execute       send_msg_by_id INFO @200-2174@%s%s component C:/Users/cocol/Ruby_Proj/workspace/LSTM/hls_config.cfg 
INFO: [HLS 200-2174] Applying component config ini file C:/Users/cocol/Ruby_Proj/workspace/LSTM/hls_config.cfg
Execute       apply_ini C:/Users/cocol/Ruby_Proj/workspace/LSTM/hls_config.cfg 
Execute         send_msg_by_id INFO @200-1465@%s 'syn.file=LSTM.cpp' from C:/Users/cocol/Ruby_Proj/workspace/LSTM/hls_config.cfg(8) 
INFO: [HLS 200-1465] Applying config ini 'syn.file=LSTM.cpp' from C:/Users/cocol/Ruby_Proj/workspace/LSTM/hls_config.cfg(8)
Execute         add_files C:/Users/cocol/Ruby_Proj/workspace/LSTM/LSTM.cpp 
INFO: [HLS 200-10] Adding design file 'C:/Users/cocol/Ruby_Proj/workspace/LSTM/LSTM.cpp' to the project
Execute         send_msg_by_id INFO @200-1465@%s 'syn.cflags=-IC:/Users/cocol/Ruby_Proj/workspace/header' from C:/Users/cocol/Ruby_Proj/workspace/LSTM/hls_config.cfg(12) 
INFO: [HLS 200-1465] Applying config ini 'syn.cflags=-IC:/Users/cocol/Ruby_Proj/workspace/header' from C:/Users/cocol/Ruby_Proj/workspace/LSTM/hls_config.cfg(12)
Execute         add_files * -appendflags -cflags -IC:/Users/cocol/Ruby_Proj/workspace/header 
Execute         send_msg_by_id INFO @200-1465@%s 'syn.csimflags=-IC:/Users/cocol/Ruby_Proj/workspace/header' from C:/Users/cocol/Ruby_Proj/workspace/LSTM/hls_config.cfg(13) 
INFO: [HLS 200-1465] Applying config ini 'syn.csimflags=-IC:/Users/cocol/Ruby_Proj/workspace/header' from C:/Users/cocol/Ruby_Proj/workspace/LSTM/hls_config.cfg(13)
Execute         add_files * -appendflags -csimflags -IC:/Users/cocol/Ruby_Proj/workspace/header 
Execute         send_msg_by_id INFO @200-1465@%s 'tb.file=LSTM_TB.cpp' from C:/Users/cocol/Ruby_Proj/workspace/LSTM/hls_config.cfg(9) 
INFO: [HLS 200-1465] Applying config ini 'tb.file=LSTM_TB.cpp' from C:/Users/cocol/Ruby_Proj/workspace/LSTM/hls_config.cfg(9)
Execute         add_files -tb C:/Users/cocol/Ruby_Proj/workspace/LSTM/LSTM_TB.cpp 
INFO: [HLS 200-10] Adding test bench file 'C:/Users/cocol/Ruby_Proj/workspace/LSTM/LSTM_TB.cpp' to the project
Execute         send_msg_by_id INFO @200-1465@%s 'tb.file=./lstm_' from C:/Users/cocol/Ruby_Proj/workspace/LSTM/hls_config.cfg(10) 
INFO: [HLS 200-1465] Applying config ini 'tb.file=./lstm_' from C:/Users/cocol/Ruby_Proj/workspace/LSTM/hls_config.cfg(10)
Execute         add_files -tb C:/Users/cocol/Ruby_Proj/workspace/LSTM/lstm_ 
INFO: [HLS 200-10] Adding test bench file 'C:/Users/cocol/Ruby_Proj/workspace/LSTM/lstm_' to the project
Execute         send_msg_by_id INFO @200-1465@%s 'tb.cflags=-IC:/Users/cocol/Ruby_Proj/workspace/header' from C:/Users/cocol/Ruby_Proj/workspace/LSTM/hls_config.cfg(14) 
INFO: [HLS 200-1465] Applying config ini 'tb.cflags=-IC:/Users/cocol/Ruby_Proj/workspace/header' from C:/Users/cocol/Ruby_Proj/workspace/LSTM/hls_config.cfg(14)
Execute         add_files -tb * -appendflags -cflags -IC:/Users/cocol/Ruby_Proj/workspace/header 
Execute         send_msg_by_id INFO @200-1465@%s 'syn.top=LSTM' from C:/Users/cocol/Ruby_Proj/workspace/LSTM/hls_config.cfg(11) 
INFO: [HLS 200-1465] Applying config ini 'syn.top=LSTM' from C:/Users/cocol/Ruby_Proj/workspace/LSTM/hls_config.cfg(11)
Execute         set_top LSTM 
Execute         send_msg_by_id INFO @200-1465@%s 'flow_target=vivado' from C:/Users/cocol/Ruby_Proj/workspace/LSTM/hls_config.cfg(4) 
INFO: [HLS 200-1465] Applying config ini 'flow_target=vivado' from C:/Users/cocol/Ruby_Proj/workspace/LSTM/hls_config.cfg(4)
Execute         send_msg_by_id INFO @200-1505@%s%s  vivado 
INFO: [HLS 200-1505] Using flow_target 'vivado'
Execute         send_msg_by_id INFO @200-1465@%s 'part=xc7z020clg400-1' from C:/Users/cocol/Ruby_Proj/workspace/LSTM/hls_config.cfg(1) 
INFO: [HLS 200-1465] Applying config ini 'part=xc7z020clg400-1' from C:/Users/cocol/Ruby_Proj/workspace/LSTM/hls_config.cfg(1)
Execute         set_part xc7z020clg400-1 
Execute           create_platform xc7z020clg400-1 -board  
DBG:HLSDevice: Trying to load device library: C:/Xilinx/2025.1/Vitis\lib\win64.o\xv_hlsvwrap.dll
DBG:HLSDevice: first parts/arch.xml in RDI_DATADIR: C:\Xilinx\2025.1\Vivado/data/parts/arch.xml
DBG:HLSDevice: init success
INFO: [HLS 200-1611] Setting target device to 'xc7z020-clg400-1'
Command           create_platform done; 3.275 sec.
Execute           source C:/Xilinx/2025.1/Vitis/common/technology/xilinx/common/xilinx.gen 
Execute             source C:/Xilinx/2025.1/Vitis/common/technology/xilinx/interface/plb46.gen 
Execute             source C:/Xilinx/2025.1/Vitis/common/technology/xilinx/interface/axi4.gen 
Execute             source C:/Xilinx/2025.1/Vitis/common/technology/xilinx/interface/nativeAXI4.gen 
Execute               source C:/Xilinx/2025.1/Vitis/common/technology/xilinx/interface/saxilite.gen 
Execute             source C:/Xilinx/2025.1/Vitis/common/technology/xilinx/scripts/xilinxcoregen.gen 
Execute             source C:/Xilinx/2025.1/Vitis/common/technology/xilinx/interface/XilEDKCoreGen.gen 
Execute             source C:/Xilinx/2025.1/Vitis/common/technology/xilinx/ip/dds_compiler.gen 
Execute             source C:/Xilinx/2025.1/Vitis/common/technology/xilinx/ip/util.gen 
Execute             source C:/Xilinx/2025.1/Vitis/common/technology/xilinx/ip/xfft.gen 
Command             ap_source done; 0.118 sec.
Execute             source C:/Xilinx/2025.1/Vitis/common/technology/xilinx/ip/xfir.gen 
Execute             source C:/Xilinx/2025.1/Vitis/common/technology/xilinx/DSP48/dsp48.gen 
Command           ap_source done; 0.18 sec.
Execute           ap_part_info -name xc7z020-clg400-1 -data info 
Execute           config_compile -quiet -complex-mul-dsp=0 
Command         set_part done; 3.531 sec.
Execute         send_msg_by_id INFO @200-1465@%s 'clock=12ns' from C:/Users/cocol/Ruby_Proj/workspace/LSTM/hls_config.cfg(7) 
INFO: [HLS 200-1465] Applying config ini 'clock=12ns' from C:/Users/cocol/Ruby_Proj/workspace/LSTM/hls_config.cfg(7)
Execute         create_clock -period 12ns 
Execute           ap_set_clock -name default -period 12 -unit ns -default=false 
INFO: [SYN 201-201] Setting up clock 'default' with a period of 12ns.
Execute         send_msg_by_id INFO @200-1465@%s 'package.output.format=ip_catalog' from C:/Users/cocol/Ruby_Proj/workspace/LSTM/hls_config.cfg(5) 
INFO: [HLS 200-1465] Applying config ini 'package.output.format=ip_catalog' from C:/Users/cocol/Ruby_Proj/workspace/LSTM/hls_config.cfg(5)
Execute         config_export -format=ip_catalog 
Command       apply_ini done; 3.646 sec.
Execute       write_component -config C:/Users/cocol/Ruby_Proj/workspace/LSTM/hls_config.cfg 
Execute         send_msg_by_id INFO @200-2176@%s C:/Users/cocol/Ruby_Proj/workspace/LSTM/LSTM/vitis-comp.json 
INFO: [HLS 200-2176] Writing Vitis IDE component file C:/Users/cocol/Ruby_Proj/workspace/LSTM/LSTM/vitis-comp.json
Command     open_solution done; 5.015 sec.
Command   open_component done; 5.022 sec.
Execute   apply_ini C:/Users/cocol/Ruby_Proj/workspace/LSTM/LSTM/hls/config.cmdline -iscmdline 
Execute   ::AP::init_summary_file csynth 
Execute     AP::app_get_file_relativeroot [AP::app_get_root] {}
Execute   csynth_design 
Execute     ap_part_info -name xc7z020-clg400-1 -data info 
INFO-FLOW: run_clang exec: C:/Xilinx/2025.1/Vitis/win64/tools/clang-3.9-csynth/bin/xilinx-performance-pragma-detector LSTM.cpp -- -fhls -IC:/Users/cocol/Ruby_Proj/workspace/header -D__VITIS_HLS__ -DAESL_SYN -D__SYNTHESIS__ -D__HLS_SYN__ -I C:/Xilinx/2025.1/Vitis/common/technology/autopilot -I C:/Xilinx/2025.1/Vitis/common/technology/autopilot/ap_sysc -include etc/autopilot_ssdm_op.h -D__DSP48E1__ -I /usr/include/x86_64-linux-gnu > C:/Users/cocol/Ruby_Proj/workspace/LSTM/LSTM/hls/.autopilot/db/LSTM.cpp.xilinx-performance-pragma-detector.out.log 2> C:/Users/cocol/Ruby_Proj/workspace/LSTM/LSTM/hls/.autopilot/db/LSTM.cpp.xilinx-performance-pragma-detector.err.log
INFO-FLOW: Running SLX 'csynth' proc: ::SLX::run_csynth
Execute     elaborate -effort=medium -skip_syncheck=0 -keep_printf=0 -skip_cdt=0 -skip_transform=0 -ng=0 -g=0 -from_csynth_design=1 
INFO: [HLS 200-111] Finished File checks and directory preparation: CPU user time: 3 seconds. CPU system time: 3 seconds. Elapsed time: 9.043 seconds; current allocated memory: 170.699 MB.
Execute       set_directive_top LSTM -name=LSTM 
INFO: [HLS 200-10] Analyzing design file 'LSTM.cpp' ... 
INFO-FLOW: Compiling one TU...
INFO-FLOW: Handling LSTM.cpp as C++
Execute       ap_part_info -name xc7z020-clg400-1 -data info 
INFO-FLOW: Running: GCC PP 39
INFO-FLOW: Source preprocessing
INFO-FLOW: run_clang exec: C:/Xilinx/2025.1/Vitis/win64/tools/clang-3.9-csynth/bin/clang LSTM.cpp -foptimization-record-file=C:/Users/cocol/Ruby_Proj/workspace/LSTM/LSTM/hls/.autopilot/db/LSTM.cpp.clang.diag.yml -mllvm -pass-remarks-missed=reflow|pasta|unroll|inline -mllvm -pass-remarks=reflow|pasta|unroll|inline -fno-limit-debug-info --sysroot C:/Xilinx/2025.1/Vitis/tps/mingw/8.3.0/win64.o/nt -fhls -fno-exceptions -insert-hls-directive=C:/Users/cocol/Ruby_Proj/workspace/LSTM/LSTM/hls/.autopilot/db/all.directive.json -E -IC:/Users/cocol/Ruby_Proj/workspace/header -fno-math-errno -c -emit-llvm -mllvm -disable-llvm-optzns -Werror=implicit-function-declaration -Werror=implicit-hls-streams -Werror=return-type -Wpragmas -Wunused-parameter -Wdump-hls-pragmas -Wno-error=dump-hls-pragmas -hls-clock-period=12 -fno-threadsafe-statics -fno-use-cxa-atexit -target fpga64-xilinx-mingw32 -fno-threadsafe-statics -fno-use-cxa-atexit -D__VITIS_HLS__ -DAESL_SYN -D__SYNTHESIS__ -D__HLS_SYN__ -I C:/Xilinx/2025.1/Vitis/common/technology/autopilot -I C:/Xilinx/2025.1/Vitis/common/technology/autopilot/ap_sysc -include etc/autopilot_ssdm_op.h -D__DSP48E1__ -I /usr/include/x86_64-linux-gnu -o C:/Users/cocol/Ruby_Proj/workspace/LSTM/LSTM/hls/.autopilot/db/LSTM.pp.0.cpp {-hls-platform-db-name=C:/Xilinx/2025.1/Vitis\common/technology\xilinx/common/platform.db} -hls-platform-name=zynq_slow -device-resource-info=BRAM_280.000000_DSP_220.000000_FF_106400.000000_LUT_53200.000000_SLICE_13300.000000_URAM_0.000000 -device-name-info=xc7z020clg400-1 > C:/Users/cocol/Ruby_Proj/workspace/LSTM/LSTM/hls/.autopilot/db/LSTM.cpp.clang.out.log 2> C:/Users/cocol/Ruby_Proj/workspace/LSTM/LSTM/hls/.autopilot/db/LSTM.cpp.clang.err.log
WARNING: [HLS 207-1016] unknown warning group '-Wmisleading-indentation', ignored (C:/Xilinx/2025.1/Vitis/common/technology/autopilot/etc/hls_sqrt_apfixed.h:16:34)
INFO-FLOW: Done: GCC PP 39 time: 1.4 seconds per iteration
INFO-FLOW: Source syntax check for synthesis
INFO-FLOW: run_clang exec: C:/Xilinx/2025.1/Vitis/win64/tools/clang-3.9-csynth/bin/clang -foptimization-record-file=C:/Users/cocol/Ruby_Proj/workspace/LSTM/LSTM/hls/.autopilot/db/clang.diag.yml -mllvm -pass-remarks-missed=reflow|pasta|unroll|inline -mllvm -pass-remarks=reflow|pasta|unroll|inline -fsyntax-only -fhls -target fpga64-xilinx-linux-gnu C:/Users/cocol/Ruby_Proj/workspace/LSTM/LSTM/hls/.autopilot/db/LSTM.pp.0.cpp {-hls-platform-db-name=C:/Xilinx/2025.1/Vitis\common/technology\xilinx/common/platform.db} -hls-platform-name=zynq_slow -device-resource-info=BRAM_280.000000_DSP_220.000000_FF_106400.000000_LUT_53200.000000_SLICE_13300.000000_URAM_0.000000 -device-name-info=xc7z020clg400-1 > C:/Users/cocol/Ruby_Proj/workspace/LSTM/LSTM/hls/.autopilot/db/clang.out.log 2> C:/Users/cocol/Ruby_Proj/workspace/LSTM/LSTM/hls/.autopilot/db/clang.err.log
Execute       clang_tidy xilinx-systemc-detector -desc systemc-detector C:/Users/cocol/Ruby_Proj/workspace/LSTM/LSTM/hls/.autopilot/db/LSTM.pp.0.cpp  -target fpga  -directive=C:/Users/cocol/Ruby_Proj/workspace/LSTM/LSTM/hls/.autopilot/db/.systemc_flag 
INFO-FLOW: exec C:/Xilinx/2025.1/Vitis/win64/tools/clang-3.9-csynth/bin/clang-tidy -header-filter=.* --checks=-*,xilinx-systemc-detector -import-directive=C:/Users/cocol/Ruby_Proj/workspace/LSTM/LSTM/hls/.autopilot/db/.systemc_flag -fix-errors C:/Users/cocol/Ruby_Proj/workspace/LSTM/LSTM/hls/.autopilot/db/LSTM.pp.0.cpp -- - -target fpga -fhls -ferror-limit=0
Command       clang_tidy done; 3.207 sec.
INFO-FLOW: Running: clang-tidy CDT preprocess 39
Execute       clang_tidy xilinx-directive2pragma -desc directive2pragma C:/Users/cocol/Ruby_Proj/workspace/LSTM/LSTM/hls/.autopilot/db/LSTM.pp.0.cpp  -target fpga  -directive=C:/Users/cocol/Ruby_Proj/workspace/LSTM/LSTM/hls/.autopilot/db/all.directive.json 
INFO-FLOW: exec C:/Xilinx/2025.1/Vitis/win64/tools/clang-3.9-csynth/bin/clang-tidy -header-filter=.* --checks=-*,xilinx-directive2pragma -import-directive=C:/Users/cocol/Ruby_Proj/workspace/LSTM/LSTM/hls/.autopilot/db/all.directive.json -fix-errors C:/Users/cocol/Ruby_Proj/workspace/LSTM/LSTM/hls/.autopilot/db/LSTM.pp.0.cpp -- - -target fpga -fhls -ferror-limit=0
Command       clang_tidy done; 3.552 sec.
INFO-FLOW: Done: clang-tidy CDT preprocess 39 time: 3.6 seconds per iteration
INFO-FLOW: Calling xilinx-label-all-loops ... 
INFO-FLOW: Calling xilinx-aggregate-on-hls-vector ... 
Execute       clang_tidy -errorcheck -desc loop-label xilinx-label-all-loops,xilinx-aggregate-on-hls-vector,,xilinx-warn-mayneed-no-ctor-attribute C:/Users/cocol/Ruby_Proj/workspace/LSTM/LSTM/hls/.autopilot/db/LSTM.pp.0.cpp  -target fpga  
INFO-FLOW: run_clang exec: C:/Xilinx/2025.1/Vitis/win64/tools/clang-3.9-csynth/bin/clang-tidy -export-fixes=C:/Users/cocol/Ruby_Proj/workspace/LSTM/LSTM/hls/.autopilot/db/LSTM.pp.0.cpp.clang-tidy.loop-label.diag.yml -header-filter=.* --checks=-*,xilinx-label-all-loops,xilinx-aggregate-on-hls-vector,,xilinx-warn-mayneed-no-ctor-attribute -fix-errors C:/Users/cocol/Ruby_Proj/workspace/LSTM/LSTM/hls/.autopilot/db/LSTM.pp.0.cpp -- - -target fpga -fhls -ferror-limit=0 > C:/Users/cocol/Ruby_Proj/workspace/LSTM/LSTM/hls/.autopilot/db/LSTM.pp.0.cpp.clang-tidy.loop-label.out.log 2> C:/Users/cocol/Ruby_Proj/workspace/LSTM/LSTM/hls/.autopilot/db/LSTM.pp.0.cpp.clang-tidy.loop-label.err.log
Execute         source C:/Xilinx/2025.1/Vitis/tps/tcl/tcllib2.0/yaml/yaml.tcl 
Command       clang_tidy done; 6.356 sec.
INFO-FLOW: run_clang exec: C:/Xilinx/2025.1/Vitis/win64/tools/clang-3.9-csynth/bin/xilinx-dataflow-lawyer -export-fixes=C:/Users/cocol/Ruby_Proj/workspace/LSTM/LSTM/hls/.autopilot/db/LSTM.pp.0.cpp.xilinx-dataflow-lawyer.diag.yml C:/Users/cocol/Ruby_Proj/workspace/LSTM/LSTM/hls/.autopilot/db/LSTM.pp.0.cpp -- - -target fpga -fhls -ferror-limit=0 -fstrict-dataflow > C:/Users/cocol/Ruby_Proj/workspace/LSTM/LSTM/hls/.autopilot/db/LSTM.pp.0.cpp.xilinx-dataflow-lawyer.out.log 2> C:/Users/cocol/Ruby_Proj/workspace/LSTM/LSTM/hls/.autopilot/db/LSTM.pp.0.cpp.xilinx-dataflow-lawyer.err.log
Execute       ap_part_info -name xc7z020-clg400-1 -data info 
INFO-FLOW: compiling source code to llvm bc
INFO-FLOW: run_clang exec: C:/Xilinx/2025.1/Vitis/win64/tools/clang-3.9-csynth/bin/clang -foptimization-record-file=C:/Users/cocol/Ruby_Proj/workspace/LSTM/LSTM/hls/.autopilot/db/LSTM.pp.0.cpp.clang.diag.yml -mllvm -pass-remarks-missed=reflow|pasta|unroll|inline -mllvm -pass-remarks=reflow|pasta|unroll|inline -fno-limit-debug-info -fhls -flto -fno-exceptions -Wno-error=c++11-narrowing -hls-emit-hint-scope C:/Users/cocol/Ruby_Proj/workspace/LSTM/LSTM/hls/.autopilot/db/LSTM.pp.0.cpp -IC:/Users/cocol/Ruby_Proj/workspace/header -fno-math-errno -c -emit-llvm -mllvm -disable-llvm-optzns -Werror=implicit-function-declaration -Werror=implicit-hls-streams -Werror=return-type -Wpragmas -Wunused-parameter -Wdump-hls-pragmas -Wno-error=dump-hls-pragmas -hls-clock-period=12 -fno-threadsafe-statics -fno-use-cxa-atexit -target fpga64-xilinx-linux-gnu -D__VITIS_HLS__ -DAESL_SYN -D__SYNTHESIS__ -D__HLS_SYN__ -I C:/Xilinx/2025.1/Vitis/common/technology/autopilot -I C:/Xilinx/2025.1/Vitis/common/technology/autopilot/ap_sysc -include etc/autopilot_ssdm_op.h -D__DSP48E1__ -g -o C:/Users/cocol/Ruby_Proj/workspace/LSTM/LSTM/hls/.autopilot/db/LSTM.bc {-hls-platform-db-name=C:/Xilinx/2025.1/Vitis\common/technology\xilinx/common/platform.db} -hls-platform-name=zynq_slow -device-resource-info=BRAM_280.000000_DSP_220.000000_FF_106400.000000_LUT_53200.000000_SLICE_13300.000000_URAM_0.000000 -device-name-info=xc7z020clg400-1 > C:/Users/cocol/Ruby_Proj/workspace/LSTM/LSTM/hls/.autopilot/db/LSTM.pp.0.cpp.clang.out.log 2> C:/Users/cocol/Ruby_Proj/workspace/LSTM/LSTM/hls/.autopilot/db/LSTM.pp.0.cpp.clang.err.log
INFO: [HLS 200-111] Finished Source Code Analysis and Preprocessing: CPU user time: 0 seconds. CPU system time: 1 seconds. Elapsed time: 26.452 seconds; current allocated memory: 177.375 MB.
INFO-FLOW: Linking Debug ...
INFO-FLOW: Linking dut bc code.
Execute       run_link_or_opt -out C:/Users/cocol/Ruby_Proj/workspace/LSTM/LSTM/hls/.autopilot/db/a.g.ld.0.bc -args  "C:/Users/cocol/Ruby_Proj/workspace/LSTM/LSTM/hls/.autopilot/db/LSTM.g.bc"  
INFO-FLOW: run_clang exec: C:/Xilinx/2025.1/Vitis/win64/tools/clang-3.9-csynth/bin/llvm-link C:/Users/cocol/Ruby_Proj/workspace/LSTM/LSTM/hls/.autopilot/db/LSTM.g.bc -o C:/Users/cocol/Ruby_Proj/workspace/LSTM/LSTM/hls/.autopilot/db/a.g.ld.0.bc > C:/Users/cocol/Ruby_Proj/workspace/LSTM/LSTM/hls/.autopilot/db/a.g.ld.0.bc.llvm-link.out.log 2> C:/Users/cocol/Ruby_Proj/workspace/LSTM/LSTM/hls/.autopilot/db/a.g.ld.0.bc.llvm-link.err.log
Execute       run_link_or_opt -opt -out C:/Users/cocol/Ruby_Proj/workspace/LSTM/LSTM/hls/.autopilot/db/a.g.ld.1.lower.bc -args C:/Users/cocol/Ruby_Proj/workspace/LSTM/LSTM/hls/.autopilot/db/a.g.ld.0.bc -reflow-lower-math-intrinsics 
INFO-FLOW: run_clang exec: C:/Xilinx/2025.1/Vitis/win64/tools/clang-3.9-csynth/bin/opt -pass-remarks-missed=reflow|pasta|unroll|inline -pass-remarks=reflow|pasta|unroll|inline -pass-remarks-output=C:/Users/cocol/Ruby_Proj/workspace/LSTM/LSTM/hls/.autopilot/db/a.g.ld.1.lower.bc.opt.diag.yml C:/Users/cocol/Ruby_Proj/workspace/LSTM/LSTM/hls/.autopilot/db/a.g.ld.0.bc -reflow-lower-math-intrinsics -o C:/Users/cocol/Ruby_Proj/workspace/LSTM/LSTM/hls/.autopilot/db/a.g.ld.1.lower.bc > C:/Users/cocol/Ruby_Proj/workspace/LSTM/LSTM/hls/.autopilot/db/a.g.ld.1.lower.bc.opt.out.log 2> C:/Users/cocol/Ruby_Proj/workspace/LSTM/LSTM/hls/.autopilot/db/a.g.ld.1.lower.bc.opt.err.log
INFO-FLOW: Running: gen_design_size_report post-opt
INFO-FLOW: Done: gen_design_size_report post-opt time: 0 seconds per iteration
INFO-FLOW: Linking math bc lib
Execute       run_link_or_opt -out C:/Users/cocol/Ruby_Proj/workspace/LSTM/LSTM/hls/.autopilot/db/a.g.ld.2.m1.bc -args C:/Users/cocol/Ruby_Proj/workspace/LSTM/LSTM/hls/.autopilot/db/a.g.ld.1.lower.bc -only-needed C:/Xilinx/2025.1/Vitis/win64/lib/libhlsm_39.bc C:/Xilinx/2025.1/Vitis/win64/lib/libhlsmc++_39.bc 
INFO-FLOW: run_clang exec: C:/Xilinx/2025.1/Vitis/win64/tools/clang-3.9-csynth/bin/llvm-link C:/Users/cocol/Ruby_Proj/workspace/LSTM/LSTM/hls/.autopilot/db/a.g.ld.1.lower.bc -only-needed C:/Xilinx/2025.1/Vitis/win64/lib/libhlsm_39.bc C:/Xilinx/2025.1/Vitis/win64/lib/libhlsmc++_39.bc -o C:/Users/cocol/Ruby_Proj/workspace/LSTM/LSTM/hls/.autopilot/db/a.g.ld.2.m1.bc > C:/Users/cocol/Ruby_Proj/workspace/LSTM/LSTM/hls/.autopilot/db/a.g.ld.2.m1.bc.llvm-link.out.log 2> C:/Users/cocol/Ruby_Proj/workspace/LSTM/LSTM/hls/.autopilot/db/a.g.ld.2.m1.bc.llvm-link.err.log
Command       run_link_or_opt done; 2.098 sec.
Execute       run_link_or_opt -opt -out C:/Users/cocol/Ruby_Proj/workspace/LSTM/LSTM/hls/.autopilot/db/a.g.ld.3.fpc.bc -args C:/Users/cocol/Ruby_Proj/workspace/LSTM/LSTM/hls/.autopilot/db/a.g.ld.2.m1.bc -reflow-globaldce -hls-top-function-name=LSTM -reflow-float-conversion 
INFO-FLOW: run_clang exec: C:/Xilinx/2025.1/Vitis/win64/tools/clang-3.9-csynth/bin/opt -pass-remarks-missed=reflow|pasta|unroll|inline -pass-remarks=reflow|pasta|unroll|inline -pass-remarks-output=C:/Users/cocol/Ruby_Proj/workspace/LSTM/LSTM/hls/.autopilot/db/a.g.ld.3.fpc.bc.opt.diag.yml C:/Users/cocol/Ruby_Proj/workspace/LSTM/LSTM/hls/.autopilot/db/a.g.ld.2.m1.bc -reflow-globaldce -hls-top-function-name=LSTM -reflow-float-conversion -o C:/Users/cocol/Ruby_Proj/workspace/LSTM/LSTM/hls/.autopilot/db/a.g.ld.3.fpc.bc > C:/Users/cocol/Ruby_Proj/workspace/LSTM/LSTM/hls/.autopilot/db/a.g.ld.3.fpc.bc.opt.out.log 2> C:/Users/cocol/Ruby_Proj/workspace/LSTM/LSTM/hls/.autopilot/db/a.g.ld.3.fpc.bc.opt.err.log
INFO-FLOW: Running: gen_design_size_report post-opt
INFO-FLOW: Done: gen_design_size_report post-opt time: 0 seconds per iteration
Command       run_link_or_opt done; 0.95 sec.
Execute       run_link_or_opt -out C:/Users/cocol/Ruby_Proj/workspace/LSTM/LSTM/hls/.autopilot/db/a.g.ld.4.m2.bc -args C:/Users/cocol/Ruby_Proj/workspace/LSTM/LSTM/hls/.autopilot/db/a.g.ld.3.fpc.bc -only-needed C:/Xilinx/2025.1/Vitis/win64/lib/libfloatconversion_39.bc 
INFO-FLOW: run_clang exec: C:/Xilinx/2025.1/Vitis/win64/tools/clang-3.9-csynth/bin/llvm-link C:/Users/cocol/Ruby_Proj/workspace/LSTM/LSTM/hls/.autopilot/db/a.g.ld.3.fpc.bc -only-needed C:/Xilinx/2025.1/Vitis/win64/lib/libfloatconversion_39.bc -o C:/Users/cocol/Ruby_Proj/workspace/LSTM/LSTM/hls/.autopilot/db/a.g.ld.4.m2.bc > C:/Users/cocol/Ruby_Proj/workspace/LSTM/LSTM/hls/.autopilot/db/a.g.ld.4.m2.bc.llvm-link.out.log 2> C:/Users/cocol/Ruby_Proj/workspace/LSTM/LSTM/hls/.autopilot/db/a.g.ld.4.m2.bc.llvm-link.err.log
Command       run_link_or_opt done; 0.126 sec.
Execute       run_link_or_opt -opt -out C:/Users/cocol/Ruby_Proj/workspace/LSTM/LSTM/hls/.autopilot/db/a.g.ld.5.gdce.bc -args C:/Users/cocol/Ruby_Proj/workspace/LSTM/LSTM/hls/.autopilot/db/a.g.ld.4.m2.bc -reflow-globaldce -hls-top-function-name=LSTM 
INFO-FLOW: run_clang exec: C:/Xilinx/2025.1/Vitis/win64/tools/clang-3.9-csynth/bin/opt -pass-remarks-missed=reflow|pasta|unroll|inline -pass-remarks=reflow|pasta|unroll|inline -pass-remarks-output=C:/Users/cocol/Ruby_Proj/workspace/LSTM/LSTM/hls/.autopilot/db/a.g.ld.5.gdce.bc.opt.diag.yml C:/Users/cocol/Ruby_Proj/workspace/LSTM/LSTM/hls/.autopilot/db/a.g.ld.4.m2.bc -reflow-globaldce -hls-top-function-name=LSTM -o C:/Users/cocol/Ruby_Proj/workspace/LSTM/LSTM/hls/.autopilot/db/a.g.ld.5.gdce.bc > C:/Users/cocol/Ruby_Proj/workspace/LSTM/LSTM/hls/.autopilot/db/a.g.ld.5.gdce.bc.opt.out.log 2> C:/Users/cocol/Ruby_Proj/workspace/LSTM/LSTM/hls/.autopilot/db/a.g.ld.5.gdce.bc.opt.err.log
INFO-FLOW: Running: gen_design_size_report post-opt
INFO-FLOW: Done: gen_design_size_report post-opt time: 0 seconds per iteration
Command       run_link_or_opt done; 0.135 sec.
Execute       send_msg_by_id INFO @200-777@%s Vivado 
INFO: [HLS 200-777] Using interface defaults for 'Vivado' flow target.
Execute       is_m_axi_addr64 
INFO-FLOW: Doing LTO.
INFO-FLOW: run_clang (background poll_ms 5000) exec: C:/Xilinx/2025.1/Vitis/win64/tools/clang-3.9-csynth/bin/clang -foptimization-record-file=C:/Users/cocol/Ruby_Proj/workspace/LSTM/LSTM/hls/.autopilot/db/a.g.ld.0.bc.clang.reflow.diag.yml -mllvm -pass-remarks-missed=reflow|pasta|unroll|inline -mllvm -pass-remarks=reflow|pasta|unroll|inline -fhls -mllvm -hls-top-function-name=LSTM -mllvm -hls-db-dir -mllvm C:/Users/cocol/Ruby_Proj/workspace/LSTM/LSTM/hls/.autopilot/db -emit-llvm -c -target fpga64-xilinx-none -mllvm -xcl-xmlinfo=C:/Users/cocol/Ruby_Proj/workspace/LSTM/LSTM/hls/.autopilot/db/kernel.internal.xml -mllvm -top-io-mapping-info=C:/Users/cocol/Ruby_Proj/workspace/LSTM/LSTM/hls/.autopilot/db/top-io-fe.xml -mllvm -hls-bitcode-version=3.1 -mllvm -reflow-enable-slave-interface-default-setting=true -mllvm -gen-kernel-xml=false -mllvm -default-maxi-offset=slave -mllvm -reflow-unroll-size-threshold=10000 -mllvm -reflow-unroll-cost-threshold=1000000 -mllvm -maxi-latency=0 -mllvm -hls-maxi-data-size-in-bits=8 -mllvm -hls-maxi-max-data-size-in-bits=1024 -mllvm -hls-max-widen-size-in-bits=0 -mllvm -xcl-kernel-max-mem-ports=0 -mllvm -maxi-read-trans=16 -mllvm -maxi-write-trans=16 -mllvm -maxi-read-burst-len=16 -mllvm -maxi-write-burst-len=16 -mllvm -reflow-enable-saxi-64bits=0 -mllvm -reflow-basic-block-instr-threshold=200000 -mllvm -reflow-auto-pipeline-threshold=64 -mllvm -reflow-enable-maxi-auto-id-channel=0 -mllvm -reflow-bdd-simplify-threshold=1048576 -mllvm -reflow-fanout-threshold=16 -mllvm -reflow-force-aggressive-unroll=0 -mllvm -reflow-aggressive-unroll-adjust-factor=1.000000 -mllvm -reflow-complete-threshold=4 -mllvm -reflow-array-promotion-threshold=64 -mllvm -reflow-enable-critical-path-for-performance=1 -mllvm -assume-maxi-align=1 -mllvm -reflow-enable-dataflow-strict-mode-checking=1 -ftime-report -mllvm -time-passes -mllvm -reflow-auto-array-partition-mode=default -mllvm -reflow-enable-auto-small-array-partition=true -mllvm -reflow-enable-auto-array-promotion=true -mllvm -reflow-enable-auto-array-partition-for-flatten=true -mllvm -reflow-enable-auto-parallel-performance-driven=true -mllvm -reflow-enable-partition-for-automation=true -mllvm -reflow-aggregate-bitwidth-threshold=4096 -mllvm -reflow-reserved-saxilite-registers=0 -mllvm -enable-reflow-auto-loop-pipeline -mllvm -reflow-max-unroll-threshold=409600 -mllvm -auto-unroll-tripcount-threshold=0 -mllvm -reflow-assume-no-address-wrap=true -mllvm -reflow-enable-occurrence-inference=true -mllvm -reflow-emit-hint-scope=true -mllvm -reflow-enable-codegen-with-if=true -mllvm -reflow-enable-dataflow-canon=true -mllvm -reflow-enable-dataflow-canon2=true -mllvm -reflow-dump-extra-complexity-metric=true -mllvm -hls -mllvm -disable-inlined-alloca-merging=true -mllvm -default-clock-period=12 -mllvm -use_read_first_ram_in_loop=1 -mllvm -default-clock-uncertainty=3.24 -x ir C:/Users/cocol/Ruby_Proj/workspace/LSTM/LSTM/hls/.autopilot/db/a.g.ld.5.gdce.bc -o C:/Users/cocol/Ruby_Proj/workspace/LSTM/LSTM/hls/.autopilot/db/a.g.lto.bc {-hls-platform-db-name=C:/Xilinx/2025.1/Vitis\common/technology\xilinx/common/platform.db} -hls-platform-name=zynq_slow -device-resource-info=BRAM_280.000000_DSP_220.000000_FF_106400.000000_LUT_53200.000000_SLICE_13300.000000_URAM_0.000000 -device-name-info=xc7z020clg400-1 2> C:/Users/cocol/Ruby_Proj/workspace/LSTM/LSTM/hls/.autopilot/db/a.g.ld.0.bc.clang.reflow.err.log bg_poll_cmd: ::AP::poll_clang_39_closed_source
Execute       send_msg_by_id INFO @200-1995@%s%s%s 28,786 Compile/Link (C:/Users/cocol/Ruby_Proj/workspace/LSTM/LSTM/hls/syn/report/csynth_design_size.rpt:2) 
INFO: [HLS 200-1995] There were 28,786 instructions in the design after the 'Compile/Link' phase of compilation. See the Design Size Report for more details (C:/Users/cocol/Ruby_Proj/workspace/LSTM/LSTM/hls/syn/report/csynth_design_size.rpt:2)
Execute       send_msg_by_id INFO @200-1995@%s%s%s 2,364 Unroll/Inline (step 1) (C:/Users/cocol/Ruby_Proj/workspace/LSTM/LSTM/hls/syn/report/csynth_design_size.rpt:2) 
INFO: [HLS 200-1995] There were 2,364 instructions in the design after the 'Unroll/Inline (step 1)' phase of compilation. See the Design Size Report for more details (C:/Users/cocol/Ruby_Proj/workspace/LSTM/LSTM/hls/syn/report/csynth_design_size.rpt:2)
Execute       send_msg_by_id INFO @200-1995@%s%s%s 1,261 Unroll/Inline (step 2) (C:/Users/cocol/Ruby_Proj/workspace/LSTM/LSTM/hls/syn/report/csynth_design_size.rpt:2) 
INFO: [HLS 200-1995] There were 1,261 instructions in the design after the 'Unroll/Inline (step 2)' phase of compilation. See the Design Size Report for more details (C:/Users/cocol/Ruby_Proj/workspace/LSTM/LSTM/hls/syn/report/csynth_design_size.rpt:2)
Execute       send_msg_by_id INFO @200-1995@%s%s%s 1,125 Unroll/Inline (step 3) (C:/Users/cocol/Ruby_Proj/workspace/LSTM/LSTM/hls/syn/report/csynth_design_size.rpt:2) 
INFO: [HLS 200-1995] There were 1,125 instructions in the design after the 'Unroll/Inline (step 3)' phase of compilation. See the Design Size Report for more details (C:/Users/cocol/Ruby_Proj/workspace/LSTM/LSTM/hls/syn/report/csynth_design_size.rpt:2)
Execute       send_msg_by_id INFO @200-1995@%s%s%s 639 Unroll/Inline (step 4) (C:/Users/cocol/Ruby_Proj/workspace/LSTM/LSTM/hls/syn/report/csynth_design_size.rpt:2) 
INFO: [HLS 200-1995] There were 639 instructions in the design after the 'Unroll/Inline (step 4)' phase of compilation. See the Design Size Report for more details (C:/Users/cocol/Ruby_Proj/workspace/LSTM/LSTM/hls/syn/report/csynth_design_size.rpt:2)
Execute       send_msg_by_id INFO @200-1995@%s%s%s 639 Array/Struct (step 1) (C:/Users/cocol/Ruby_Proj/workspace/LSTM/LSTM/hls/syn/report/csynth_design_size.rpt:2) 
INFO: [HLS 200-1995] There were 639 instructions in the design after the 'Array/Struct (step 1)' phase of compilation. See the Design Size Report for more details (C:/Users/cocol/Ruby_Proj/workspace/LSTM/LSTM/hls/syn/report/csynth_design_size.rpt:2)
Execute       send_msg_by_id INFO @200-1995@%s%s%s 639 Array/Struct (step 2) (C:/Users/cocol/Ruby_Proj/workspace/LSTM/LSTM/hls/syn/report/csynth_design_size.rpt:2) 
INFO: [HLS 200-1995] There were 639 instructions in the design after the 'Array/Struct (step 2)' phase of compilation. See the Design Size Report for more details (C:/Users/cocol/Ruby_Proj/workspace/LSTM/LSTM/hls/syn/report/csynth_design_size.rpt:2)
Execute       send_msg_by_id INFO @200-1995@%s%s%s 639 Array/Struct (step 3) (C:/Users/cocol/Ruby_Proj/workspace/LSTM/LSTM/hls/syn/report/csynth_design_size.rpt:2) 
INFO: [HLS 200-1995] There were 639 instructions in the design after the 'Array/Struct (step 3)' phase of compilation. See the Design Size Report for more details (C:/Users/cocol/Ruby_Proj/workspace/LSTM/LSTM/hls/syn/report/csynth_design_size.rpt:2)
Execute       send_msg_by_id INFO @200-1995@%s%s%s 639 Array/Struct (step 4) (C:/Users/cocol/Ruby_Proj/workspace/LSTM/LSTM/hls/syn/report/csynth_design_size.rpt:2) 
INFO: [HLS 200-1995] There were 639 instructions in the design after the 'Array/Struct (step 4)' phase of compilation. See the Design Size Report for more details (C:/Users/cocol/Ruby_Proj/workspace/LSTM/LSTM/hls/syn/report/csynth_design_size.rpt:2)
Execute       send_msg_by_id INFO @200-1995@%s%s%s 647 Array/Struct (step 5) (C:/Users/cocol/Ruby_Proj/workspace/LSTM/LSTM/hls/syn/report/csynth_design_size.rpt:2) 
INFO: [HLS 200-1995] There were 647 instructions in the design after the 'Array/Struct (step 5)' phase of compilation. See the Design Size Report for more details (C:/Users/cocol/Ruby_Proj/workspace/LSTM/LSTM/hls/syn/report/csynth_design_size.rpt:2)
Execute       send_msg_by_id INFO @200-1995@%s%s%s 647 Performance (step 1) (C:/Users/cocol/Ruby_Proj/workspace/LSTM/LSTM/hls/syn/report/csynth_design_size.rpt:2) 
INFO: [HLS 200-1995] There were 647 instructions in the design after the 'Performance (step 1)' phase of compilation. See the Design Size Report for more details (C:/Users/cocol/Ruby_Proj/workspace/LSTM/LSTM/hls/syn/report/csynth_design_size.rpt:2)
Execute       send_msg_by_id INFO @200-1995@%s%s%s 1,695 Performance (step 2) (C:/Users/cocol/Ruby_Proj/workspace/LSTM/LSTM/hls/syn/report/csynth_design_size.rpt:2) 
INFO: [HLS 200-1995] There were 1,695 instructions in the design after the 'Performance (step 2)' phase of compilation. See the Design Size Report for more details (C:/Users/cocol/Ruby_Proj/workspace/LSTM/LSTM/hls/syn/report/csynth_design_size.rpt:2)
Execute       send_msg_by_id INFO @200-1995@%s%s%s 1,695 Performance (step 3) (C:/Users/cocol/Ruby_Proj/workspace/LSTM/LSTM/hls/syn/report/csynth_design_size.rpt:2) 
INFO: [HLS 200-1995] There were 1,695 instructions in the design after the 'Performance (step 3)' phase of compilation. See the Design Size Report for more details (C:/Users/cocol/Ruby_Proj/workspace/LSTM/LSTM/hls/syn/report/csynth_design_size.rpt:2)
Execute       send_msg_by_id INFO @200-1995@%s%s%s 1,695 Performance (step 4) (C:/Users/cocol/Ruby_Proj/workspace/LSTM/LSTM/hls/syn/report/csynth_design_size.rpt:2) 
INFO: [HLS 200-1995] There were 1,695 instructions in the design after the 'Performance (step 4)' phase of compilation. See the Design Size Report for more details (C:/Users/cocol/Ruby_Proj/workspace/LSTM/LSTM/hls/syn/report/csynth_design_size.rpt:2)
Execute       send_msg_by_id INFO @200-1995@%s%s%s 2,051 HW Transforms (step 1) (C:/Users/cocol/Ruby_Proj/workspace/LSTM/LSTM/hls/syn/report/csynth_design_size.rpt:2) 
INFO: [HLS 200-1995] There were 2,051 instructions in the design after the 'HW Transforms (step 1)' phase of compilation. See the Design Size Report for more details (C:/Users/cocol/Ruby_Proj/workspace/LSTM/LSTM/hls/syn/report/csynth_design_size.rpt:2)
Execute       send_msg_by_id INFO @200-1995@%s%s%s 2,069 HW Transforms (step 2) (C:/Users/cocol/Ruby_Proj/workspace/LSTM/LSTM/hls/syn/report/csynth_design_size.rpt:2) 
INFO: [HLS 200-1995] There were 2,069 instructions in the design after the 'HW Transforms (step 2)' phase of compilation. See the Design Size Report for more details (C:/Users/cocol/Ruby_Proj/workspace/LSTM/LSTM/hls/syn/report/csynth_design_size.rpt:2)
INFO: [HLS 214-131] Inlining function 'exp_reduce_::exp(float)' into 'hls::expf(float)' (C:\scratch\2025.1\hls_product\640\2025.1\src\shared\hls\clib\hlsmath\src\c++\expfloat.cpp:22:9)
INFO: [HLS 214-131] Inlining function 'hls::expf(float)' into 'sigmoid(float)' (LSTM.cpp:5:37)
INFO: [HLS 214-178] Inlining function 'fp_struct<float>::data() const (.35.45.54.65)' into 'fp_struct<float>::to_float() const (.32.42.51.62)' (C:\scratch\2025.1\hls_product\640\2025.1\src\shared\hls\clib/src/hls\utils/x_hls_utils.h:322:0)
INFO: [HLS 214-178] Inlining function 'fp_struct<float>::to_float() const (.32.42.51.62)' into 'fp_struct<float>::to_ieee() const' (C:\scratch\2025.1\hls_product\640\2025.1\src\shared\hls\clib/src/hls\utils/x_hls_utils.h:346:0)
INFO: [HLS 214-178] Inlining function 'fp_struct<float>::fp_struct(float)' into 'float generic_copysign<float>(float, float)' (C:\scratch\2025.1\hls_product\640\2025.1\src\shared\hls\clib/hlsmath/include/FloatingPoint/hls_copysign.h:10:0)
INFO: [HLS 214-178] Inlining function 'fp_struct<float>::to_ieee() const' into 'float generic_copysign<float>(float, float)' (C:\scratch\2025.1\hls_product\640\2025.1\src\shared\hls\clib/hlsmath/include/FloatingPoint/hls_copysign.h:10:0)
INFO: [HLS 214-178] Inlining function 'float generic_copysign<float>(float, float)' into 'float generic_fabs<float>(float)' (C:\scratch\2025.1\hls_product\640\2025.1\src\shared\hls\clib/hlsmath/include/FloatingPoint/hls_fabs.h:12:0)
INFO: [HLS 214-178] Inlining function 'fp_struct<float>::to_ieee() const' into 'float generic_nan<float>(char const*)' (C:\scratch\2025.1\hls_product\640\2025.1\src\shared\hls\clib/hlsmath/include/FloatingPoint/hls_nan.h:10:0)
INFO: [HLS 214-178] Inlining function 'fp_struct<double>::fp_struct(double)' into 'int generic_isnan<double>(double)' (C:\scratch\2025.1\hls_product\640\2025.1\src\shared\hls\clib/hlsmath/include/FloatingPoint/hls_isnan.h:16:0)
INFO: [HLS 214-178] Inlining function 'fp_struct<double>::fp_struct(double)' into 'int generic_isinf<double>(double)' (C:\scratch\2025.1\hls_product\640\2025.1\src\shared\hls\clib/hlsmath/include/FloatingPoint/hls_isinf.h:16:0)
INFO: [HLS 214-178] Inlining function 'fp_struct<double>::data() const (.96.106.116.134)' into 'fp_struct<double>::to_double() const (.93.103.113.131)' (C:\scratch\2025.1\hls_product\640\2025.1\src\shared\hls\clib/src/hls\utils/x_hls_utils.h:494:0)
INFO: [HLS 214-178] Inlining function 'fp_struct<double>::to_double() const (.93.103.113.131)' into 'fp_struct<double>::to_ieee() const' (C:\scratch\2025.1\hls_product\640\2025.1\src\shared\hls\clib/src/hls\utils/x_hls_utils.h:509:0)
INFO: [HLS 214-178] Inlining function 'fp_struct<double>::fp_struct(double)' into 'double exp_reduce_::exp_generic<double>(double)' (C:\scratch\2025.1\hls_product\640\2025.1\src\shared\hls\clib/hlsmath/include/FloatingPoint\hls_exp_.h:157:0)
INFO: [HLS 214-178] Inlining function 'int generic_isnan<double>(double)' into 'double exp_reduce_::exp_generic<double>(double)' (C:\scratch\2025.1\hls_product\640\2025.1\src\shared\hls\clib/hlsmath/include/FloatingPoint\hls_exp_.h:157:0)
INFO: [HLS 214-178] Inlining function 'int generic_isinf<double>(double)' into 'double exp_reduce_::exp_generic<double>(double)' (C:\scratch\2025.1\hls_product\640\2025.1\src\shared\hls\clib/hlsmath/include/FloatingPoint\hls_exp_.h:157:0)
INFO: [HLS 214-178] Inlining function 'fp_struct<double>::to_ieee() const' into 'double exp_reduce_::exp_generic<double>(double)' (C:\scratch\2025.1\hls_product\640\2025.1\src\shared\hls\clib/hlsmath/include/FloatingPoint\hls_exp_.h:157:0)
INFO: [HLS 214-178] Inlining function 'fp_struct<double>::expv() const' into 'double exp_reduce_::exp_generic<double>(double)' (C:\scratch\2025.1\hls_product\640\2025.1\src\shared\hls\clib/hlsmath/include/FloatingPoint\hls_exp_.h:157:0)
INFO: [HLS 214-178] Inlining function 'exp_reduce_::exp_traits<double>::exp_Z1P_m_1(ap_ufixed<51, -8, (ap_q_mode)5, (ap_o_mode)3, 0>)' into 'double exp_reduce_::exp_generic<double>(double)' (C:\scratch\2025.1\hls_product\640\2025.1\src\shared\hls\clib/hlsmath/include/FloatingPoint\hls_exp_.h:157:0)
INFO: [HLS 214-178] Inlining function 'fp_struct<float>::fp_struct(float)' into 'exp_reduce_::expm1(float)' (C:\scratch\2025.1\hls_product\640\2025.1\src\shared\hls\clib\hlsmath\src\common\hls_exp_float.cpp:7:0)
INFO: [HLS 214-178] Inlining function 'fp_struct<float>::fp_struct(float)' into 'float explog_based::generic_tanh<float>(float)' (C:\scratch\2025.1\hls_product\640\2025.1\src\shared\hls\clib/hlsmath/include/FloatingPoint\hls_tanh.h:28:0)
INFO: [HLS 214-178] Inlining function 'float generic_fabs<float>(float)' into 'float explog_based::generic_tanh<float>(float)' (C:\scratch\2025.1\hls_product\640\2025.1\src\shared\hls\clib/hlsmath/include/FloatingPoint\hls_tanh.h:28:0)
INFO: [HLS 214-178] Inlining function 'float generic_nan<float>(char const*)' into 'float explog_based::generic_tanh<float>(float)' (C:\scratch\2025.1\hls_product\640\2025.1\src\shared\hls\clib/hlsmath/include/FloatingPoint\hls_tanh.h:28:0)
INFO: [HLS 214-178] Inlining function 'exp_reduce_::expm1(float)' into 'float explog_based::generic_tanh<float>(float)' (C:\scratch\2025.1\hls_product\640\2025.1\src\shared\hls\clib/hlsmath/include/FloatingPoint\hls_tanh.h:28:0)
INFO: [HLS 214-178] Inlining function 'sigmoid(float)' into 'LSTM_step(float const (*) [32], float const (*) [32], float const*, float const (*) [32], float const (*) [32], float const*, float const (*) [32], float const (*) [32], float const*, float const (*) [32], float const (*) [32], float const*, float const*, float*, float*)' (LSTM.cpp:16:0)
INFO: [HLS 214-178] Inlining function 'hls::tanh(float)' into 'LSTM_step(float const (*) [32], float const (*) [32], float const*, float const (*) [32], float const (*) [32], float const*, float const (*) [32], float const (*) [32], float const*, float const (*) [32], float const (*) [32], float const*, float const*, float*, float*)' (LSTM.cpp:16:0)
INFO: [HLS 214-376] automatically set the pipeline for Loop< GATES> at LSTM.cpp:20:12 
INFO: [HLS 214-376] automatically set the pipeline for Loop< UPDATE> at LSTM.cpp:48:13 
INFO: [HLS 214-376] automatically set the pipeline for Loop< INIT> at LSTM.cpp:65:11 
INFO: [HLS 214-291] Loop 'VITIS_LOOP_24_1' is marked as complete unroll implied by the pipeline pragma (LSTM.cpp:24:26)
INFO: [HLS 214-291] Loop 'VITIS_LOOP_25_2' is marked as complete unroll implied by the pipeline pragma (LSTM.cpp:25:26)
INFO: [HLS 214-291] Loop 'VITIS_LOOP_30_3' is marked as complete unroll implied by the pipeline pragma (LSTM.cpp:30:26)
INFO: [HLS 214-291] Loop 'VITIS_LOOP_31_4' is marked as complete unroll implied by the pipeline pragma (LSTM.cpp:31:26)
INFO: [HLS 214-291] Loop 'VITIS_LOOP_36_5' is marked as complete unroll implied by the pipeline pragma (LSTM.cpp:36:26)
INFO: [HLS 214-291] Loop 'VITIS_LOOP_37_6' is marked as complete unroll implied by the pipeline pragma (LSTM.cpp:37:26)
INFO: [HLS 214-291] Loop 'VITIS_LOOP_42_7' is marked as complete unroll implied by the pipeline pragma (LSTM.cpp:42:26)
INFO: [HLS 214-291] Loop 'VITIS_LOOP_43_8' is marked as complete unroll implied by the pipeline pragma (LSTM.cpp:43:26)
INFO: [HLS 214-186] Unrolling loop 'VITIS_LOOP_24_1' (LSTM.cpp:24:26) in function 'LSTM_step' completely with a factor of 32 (LSTM.cpp:16:0)
INFO: [HLS 214-186] Unrolling loop 'VITIS_LOOP_25_2' (LSTM.cpp:25:26) in function 'LSTM_step' completely with a factor of 32 (LSTM.cpp:16:0)
INFO: [HLS 214-186] Unrolling loop 'VITIS_LOOP_30_3' (LSTM.cpp:30:26) in function 'LSTM_step' completely with a factor of 32 (LSTM.cpp:16:0)
INFO: [HLS 214-186] Unrolling loop 'VITIS_LOOP_31_4' (LSTM.cpp:31:26) in function 'LSTM_step' completely with a factor of 32 (LSTM.cpp:16:0)
INFO: [HLS 214-186] Unrolling loop 'VITIS_LOOP_36_5' (LSTM.cpp:36:26) in function 'LSTM_step' completely with a factor of 32 (LSTM.cpp:16:0)
INFO: [HLS 214-186] Unrolling loop 'VITIS_LOOP_37_6' (LSTM.cpp:37:26) in function 'LSTM_step' completely with a factor of 32 (LSTM.cpp:16:0)
INFO: [HLS 214-186] Unrolling loop 'VITIS_LOOP_42_7' (LSTM.cpp:42:26) in function 'LSTM_step' completely with a factor of 32 (LSTM.cpp:16:0)
INFO: [HLS 214-186] Unrolling loop 'VITIS_LOOP_43_8' (LSTM.cpp:43:26) in function 'LSTM_step' completely with a factor of 32 (LSTM.cpp:16:0)
INFO-FLOW: DBG:PUTS: copy_raw_kernel_xml ap_link_39: kernel.xml not generated: C:/Users/cocol/Ruby_Proj/workspace/LSTM/LSTM/hls/.autopilot/db/kernel.internal.xml
INFO: [HLS 200-111] Finished Compiling Optimization and Transform: CPU user time: 1 seconds. CPU system time: 0 seconds. Elapsed time: 11.187 seconds; current allocated memory: 179.438 MB.
INFO: [HLS 200-111] Finished Checking Pragmas: CPU user time: 0 seconds. CPU system time: 0 seconds. Elapsed time: 0.017 seconds; current allocated memory: 179.438 MB.
Execute       opt_and_import_c a -opt_level=2 -skip_syncheck=0 -ng=0 -keep_printf=0 
Execute         cleanup_all_models 
INFO: [HLS 200-10] Starting code transformations ...
INFO-FLOW: Running Standard Transforms...
Execute         transform -hls -share-std-xform -demangle-name -inline-byval-memcpy -always-inline -promote-dbg-pointer -interface-preproc -mem2reg -scalarrepl -mem2reg -keep-read-access -instcombine -dce -promote-dbg-pointer -bitop-raise -loop-simplify -indvarspre -indvars -loop-simplify -constprop -instcombine -simplifycfg -indvars -simplifycfg -dce -globaldce -basicaa -simplifycfg -mem2reg -globalopt -global-constprop -deadargelim -instcombine -simplifycfg -scalarrepl -instcombine -reassociate -licm -simplifycfg -loop-simplify -indvars -instcombine -simplifycfg -mem2reg -loop-simplify -indvars -instcombine -gvn -gvn -instcombine -adce -break-crit-edges -simplifycfg -loop-delete -global-array-opt -dce -dse -adce -find-syn-modules -top LSTM -deadargelim -mem2reg -instcombine -dce -presyn-prepare -interface-preproc -syn-check -check-rec-only -find-region -simplifycfg -func-extr -function-inline -globaldce -mem2reg -instcombine -dce -gvn -globaldce -adce -adse -constprop -instcombine -bit-constprop -instcombine -dce -simplifycfg -bitop-raise -simplifycfg -dce -loop-delete -reassociate -globalopt -global-privatize -mem2reg -dce -global-constprop -pointer-simplify -constprop -dce -promote-dbg-pointer -norm-name C:/Users/cocol/Ruby_Proj/workspace/LSTM/LSTM/hls/.autopilot/db/a.g.0.bc -o C:/Users/cocol/Ruby_Proj/workspace/LSTM/LSTM/hls/.autopilot/db/a.g.1.bc -f -phase std-opt 
INFO: [HLS 200-111] Finished Standard Transforms: CPU user time: 0 seconds. CPU system time: 0 seconds. Elapsed time: 0.142 seconds; current allocated memory: 188.348 MB.
INFO: [HLS 200-10] Checking synthesizability ...
INFO-FLOW: Checking Synthesizability 1/2..
Execute         transform -hls -syn-check -check-rec-only -scalarrepl -norm-name -dce -mem2reg -instcombine -directive-preproc -mem2reg -dse -dce -dce -pag -array-normalize -instcombine -dce -array-seg-normalize -instcombine -dce -data-pack -instcombine -dce -inst-simplify -array-flatten -instcombine -dce -array-burst -dce -deadargelim -promote-global-argument -simplifycfg -mem2reg -globaldce -dce -deadargelim -dce -instcombine -function-inline -globaldce -dce -doublePtrSimplify -doublePtrElim -dce -doublePtrSimplify -promote-dbg-pointer -dce -scalarrepl -dse -adse -instcombine -ptrLegalization -simplifycfg -dce -instcombine -pointer-simplify -ptrArgReplace -dce -instcombine -resolve-double-ptr -scalarrepl -norm-name -dce -mem2reg -instcombine -ptrLegalization -simplifycfg -deadargelim -instcombine -dce -inst-simplify -directive-preproc -mem2reg -dse -dce -globaldce C:/Users/cocol/Ruby_Proj/workspace/LSTM/LSTM/hls/.autopilot/db/a.g.1.bc -o C:/Users/cocol/Ruby_Proj/workspace/LSTM/LSTM/hls/.autopilot/db/a.g.2.prechk.bc -f 
INFO-FLOW: Checking Synthesizability 2/2..
Execute         transform -syn-check C:/Users/cocol/Ruby_Proj/workspace/LSTM/LSTM/hls/.autopilot/db/a.g.2.prechk.bc -o C:/Users/cocol/Ruby_Proj/workspace/LSTM/LSTM/hls/.autopilot/db/a.g.2.bc -f -phase syn-check 
INFO: [HLS 200-111] Finished Checking Synthesizability: CPU user time: 0 seconds. CPU system time: 0 seconds. Elapsed time: 0.106 seconds; current allocated memory: 192.379 MB.
INFO-FLOW: Compiler optimizing ...
INFO-FLOW: Share syncheck's 1.bc for syn flow: copy C:/Users/cocol/Ruby_Proj/workspace/LSTM/LSTM/hls/.autopilot/db/a.g.1.bc to C:/Users/cocol/Ruby_Proj/workspace/LSTM/LSTM/hls/.autopilot/db/a.o.1.bc
INFO-FLOW: Presyn 1...
Execute         transform -hls -tmp C:/Users/cocol/Ruby_Proj/workspace/LSTM/LSTM/hls/.autopilot/db -interface-port-rename -directive-preproc -mem2reg -dse -dce -scalarrepl -norm-name -deadargelim -dce -hls-dead-arg-elim -deadargelim -mem2reg -instcombine -dce -simplifycfg -dce -resource-proc -clib-intrinsic-prepare -dce -func-buffer -dce -pag -array-normalize -func-legal -instcombine -gvn -constprop -dce -simplifycfg -mem2reg -globaldce -resolve-double-ptr -dce -deadargelim -dce -instcombine -ptrArgReplace -mem2reg -dce -array-seg-normalize -deadargelim -instcombine -dce -directive-preproc -mem2reg -dse -dce -pointer-simplify -dce -port-alignment -dce -interface-preproc -data-pack -instcombine -dce -basicaa -aggr-aa -aggrmodref-aa -aggr-aa -gvn -gvn -basicaa -aggr-aa -aggrmodref-aa -aggr-aa -dse -adse -adce -loop-simplify -indvars -instcombine -gvn -loop-simplify -mem2reg -dce -find-region -instcombine -inst-simplify -interface-preproc -cfgopt -instcombine -indvars -loop-simplify -loop-bound -constprop -instcombine -simplifycfg -indvars -simplifycfg -dce -globaldce -clean-region -attach-range -gvn -inst-simplify -constprop -simplifycfg -dce -pointer-simplify -dce -globalopt -constprop -dce -ptrArgReplace -mem2reg -simplifycfg -dce -instcombine -dce -array-transform-check -array-reshape -instcombine -simplifycfg -dce -ptrArgReplace -deadargelim -mem2reg -instcombine -simplifycfg -dce -indvars -loop-simplify -loop-bound -constprop -instcombine -simplifycfg -indvars -simplifycfg -dce -globaldce -basicaa -aggr-aa -aggrmodref-aa -aggr-aa -dse -duplicate-dataflow-processes -globaldce -instcombine -array-partition -prepare-dynamic-array-partition -instcombine -simplifycfg -dce -ptrArgReplace -global-constprop -deadargelim -mem2reg -func-legal -dce -global-constprop -deadargelim -mem2reg -simplifycfg -dce -merge-param -deadargelim -globalopt -constprop -dce -ptrArgReplace -mem2reg -simplifycfg -dce -mem-intrinsic-preproc -dce -global-internalize -global-privatize -mem2reg -globaldce -lcssa -loop-simplify -phi-select-elim -promote-global-argument -ptrArgReplace -mem2reg -dce -globalopt -mergereturn -simplify-global-access -mem2reg -dce -pointer-simplify -dce -basicaa -aggr-aa -aggrmodref-aa -aggr-aa -functionattrs -basicaa -aggr-aa -aggrmodref-aa -aggr-aa -gvn -gvn -basicaa -aggr-aa -aggrmodref-aa -aggr-aa -dse -adse -adce -dce -norm-name -basicaa -aggr-aa -aggrmodref-aa -aggr-aa -accesses-merge -function-inline -complex-op-raise -inst-simplify -globaldce -func-legal -dce -loop-bound -arraycheck -bitwidthmin2 -bitwidthmin2 -on-by-dataflow -loop-delete -instcombine -simplifycfg -globaldce -dce -gvn -deadargelim -dce -loop-simplify -clean-region -simplifycfg -propagate-stable-arguments -instcombine -simplifycfg -dce -globaldce -duplicate-dataflow-processes -stream-intrinsic-preproc -dce -check-ap-stream -loop-simplify -eliminate-keepreads -extract-dataflow-in-loop -loop-simplify -dce -gvn -deadargelim -dse -duplicate-dataflow-processes -check-dataflow-syntax -legalize-stream-variable -globaldce -extract-subproc -global-constprop -deadargelim -globaldce -legalize-global -dce -dead-channel-elimination -canonicalize-gep -globaldce -dce -gvn -hls-dead-arg-elim -deadargelim -canonicalize-dataflow -directive-preproc -dce -globaldce -scalar-preprocessing -scalar-propagation2 -scalar-stream -deadargelim -globaldce -mem2reg -check-dataflow-channels -function-stream -dce -globaldce -prop-fifo-spec -internal-stream-gen -canonicalize-gep -globaldce -dce -gvn -deadargelim -mergereturn -indvars -loop-simplify -instcombine -array-stream -array-seg-normalize -array-partition -clean-array-spec -func-legal -instcombine -simplifycfg -dce -bundle-memfifo-ops -deadargelim -directive-preproc -mem2reg -dse -dce -group-axi-access -licm -simplifycfg -dce -loop-delete -hls-display -norm-name C:/Users/cocol/Ruby_Proj/workspace/LSTM/LSTM/hls/.autopilot/db/a.o.1.bc -o C:/Users/cocol/Ruby_Proj/workspace/LSTM/LSTM/hls/.autopilot/db/a.o.1.tmp.bc -f 
Command         transform done; 0.362 sec.
INFO-FLOW: Presyn 2...
Execute         transform -hls -keep-callgraph -scalarrepl -mem2reg -port-alignment -attach-range -dce -pipe-mux-gen -indvars -loop-bound -inst-simplify -instcombine -dce -merge-array-access -mem2reg -dce -clean-region -mergereturn -if-conv -instcombine -dce -constprop -basicaa -aggr-aa -aggrmodref-aa -aggr-aa -gvn -gvn -basicaa -aggr-aa -aggrmodref-aa -aggr-aa -dse -adse -adce -scalarrepl -mem2reg -global-constprop -deadargelim -deadargelim -instcombine -dce -simplifycfg -ptrArgReplace -mem2reg -function-inline -globaldce -mem2reg -instcombine -dce -expr-balance -instcombine -dce -bitwidthmin2 -bitwidthmin2 -interface-preproc -directive-preproc -inst-rectify -instcombine -dce -basicaa -aggr-aa -aggrmodref-aa -aggr-aa -functionattrs -constprop -instcombine -bit-constprop -simplify-global-access -globalopt -globaldce -inst-simplify -instcombine -elimdeaddata -dce -loop-delete -simplifycfg -loop-simplify -barrier -norm-name C:/Users/cocol/Ruby_Proj/workspace/LSTM/LSTM/hls/.autopilot/db/a.o.1.tmp.bc -o C:/Users/cocol/Ruby_Proj/workspace/LSTM/LSTM/hls/.autopilot/db/a.o.2.bc -f -phase presyn 
INFO: [XFORM 203-401] Performing if-conversion on hyperblock from (C:\scratch\2025.1\hls_product\640\2025.1\src\shared\hls\clib/hlsmath/include/FloatingPoint\hls_exp_.h:158:9) to (C:\scratch\2025.1\hls_product\640\2025.1\src\shared\hls\clib/hlsmath/include/FloatingPoint\hls_exp_.h:339:3) in function 'exp_reduce_::exp_generic<double>'... converting 10 basic blocks.
Command         transform done; 0.104 sec.
INFO: [HLS 200-111] Finished Loop, function and other optimizations: CPU user time: 0 seconds. CPU system time: 0 seconds. Elapsed time: 0.47 seconds; current allocated memory: 216.590 MB.
Execute         transform -hls -auto-function-inline -globaldce -ptrArgReplace -mem2reg -dce -reset-lda -loop-simplify -indvars -aggr-aa -licm -loop-dep -loop-bound -licm -loop-simplify -loop-sink-hoist -flattenloopnest -array-flatten -gvn -instcombine -dce -array-map -dce -func-legal -gvn -adce -instcombine -cfgopt -simplifycfg-lite -loop-simplify -array-burst -promote-global-argument -dce -array-seg-normalize -basicaa -aggrmodref-aa -globalsmodref-aa -aggr-aa -gvn -gvn -basicaa -aggrmodref-aa -globalsmodref-aa -aggr-aa -dse -adse -adce -licm -inst-simplify -dce -globaldce -instcombine -array-stream -eliminate-keepreads -instcombine -dce -deadargelim -doublePtrSimplify -doublePtrElim -dce -doublePtrSimplify -promote-dbg-pointer -dce -scalarrepl -mem2reg -norm-name -mem2reg -instcombine -dse -adse -adce -ptrLegalization -dce -array-flatten -dce -instcombine -check-doubleptr -loop-rot -constprop -inst-simplify -cfgopt -simplifycfg-lite -loop-simplify -indvars -pointer-simplify -dce -loop-bound -loop-simplify -loop-preproc -constprop -global-constprop -gvn -mem2reg -instcombine -dce -loop-bound -loop-merge -dce -deadargelim -dce -canonicalize-dataflow -dce -deadargelim -globaldce -mem2reg -bram-byte-enable -inst-simplify -inst-rectify -instcombine -adce -deadargelim -load-elim -read-loop-dep -loop-simplify -loop-rewind-sink-hoist -loop-outline -hls-dead-arg-elim -directive-preproc -bitwidthmin2 -bitwidthmin2 -read-loop-dep -interface-preproc -directive-preproc -interface-gen -bram-byte-enable-spec-prop -mul2addshift -deadargelim -inst-simplify -dce -mem2reg -instcombine -gvn -dce -adse -loop-bound -instcombine -cfgopt -simplifycfg-lite -loop-simplify -clean-region -io-protocol -find-region -mem2reg -bitop-raise -complex-op-raise -inst-simplify -inst-rectify -instcombine -gvn -adce -deadargelim -float-op-raise -loop-simplify -phi-opt -bitop-raise -cfgopt -simplifycfg-lite -strip-dead-prototypes -interface-lower -bitop-lower -intrinsic-lower -auto-function-inline -basicaa -aggrmodref-aa -globalsmodref-aa -aggr-aa -inst-simplify -simplifycfg-lite -loop-simplify -mergereturn -inst-simplify -inst-rectify -globaldce -dce -load-elim -bitop-lower -float-op-raise -fma-raise -loop-rewind -pointer-simplify -dce -cfgopt -dce -loop-bound -loop-dep -read-loop-dep -dce -dyn-mem-reuse -dce -recurrence-min -dce -share-scalar-alloca -deadargelim -dce -check-stream -norm-name -legalize -inst-clarity -bitwidth -dce -validate-dataflow -dump-loop-dep-to-ir -check-all-ssdm -drop-inferred-ii -dump-complexity-metric C:/Users/cocol/Ruby_Proj/workspace/LSTM/LSTM/hls/.autopilot/db/a.o.2.bc -o C:/Users/cocol/Ruby_Proj/workspace/LSTM/LSTM/hls/.autopilot/db/a.o.3.bc -f -phase build-ssdm 
Execute           auto_get_db
Command         transform done; 0.241 sec.
INFO-FLOW: Building ssdm...
Execute         transform -hls -cdfg-build C:/Users/cocol/Ruby_Proj/workspace/LSTM/LSTM/hls/.autopilot/db/a.o.3.bc -o C:/Users/cocol/Ruby_Proj/workspace/LSTM/LSTM/hls/.autopilot/db/a.o.3.bc -f -phase build-ssdm 
Command         transform done; 0.118 sec.
INFO: [HLS 200-111] Finished Architecture Synthesis: CPU user time: 1 seconds. CPU system time: 0 seconds. Elapsed time: 0.36 seconds; current allocated memory: 268.539 MB.
INFO-FLOW: Finish building internal data model.
Command       opt_and_import_c done; 2.798 sec.
Command     elaborate done; 40.464 sec.
Execute     ap_eval exec zip -j C:/Users/cocol/Ruby_Proj/workspace/LSTM/LSTM/hls/.autopilot/db/dut.hcp $dbDir/a.o.3.bc $dbDir/${topname}.rtl_wrap.cfg.tcl $dbDir/apatb_${topname}.cpp $dbDir/apatb_${topname}_util.cpp $dbDir/apatb_${topname}_ir.ll $dbDir/mapper_${topname}.cpp $dbDir/top-io-fe.xml $dbDir/kernel.internal.xml $workdir/../hls.app 
Command     ap_eval done; 0.143 sec.
Execute     autosyn -from_csynth_design=1 
INFO: [HLS 200-10] Starting hardware synthesis ...
INFO-FLOW: Synthesizing C/C++ design ...
INFO: [HLS 200-10] Synthesizing 'LSTM' ...
Execute       ap_set_top_model LSTM 
WARNING: [SYN 201-103] Legalizing function name 'exp_generic<double>' to 'exp_generic_double_s'.
WARNING: [SYN 201-103] Legalizing function name 'generic_tanh<float>' to 'generic_tanh_float_s'.
Execute       get_model_list LSTM -filter all-wo-channel -topdown 
Execute       preproc_iomode -model LSTM 
Execute       preproc_iomode -model LSTM_step 
Execute       preproc_iomode -model LSTM_step_Pipeline_UPDATE 
Execute       preproc_iomode -model LSTM_step_Pipeline_GATES 
Execute       preproc_iomode -model generic_tanh<float> 
Execute       preproc_iomode -model exp_generic<double> 
Execute       preproc_iomode -model LSTM_Pipeline_INIT 
Execute       get_model_list LSTM -filter all-wo-channel 
INFO-FLOW: Model list for configure: LSTM_Pipeline_INIT exp_generic<double> generic_tanh<float> LSTM_step_Pipeline_GATES LSTM_step_Pipeline_UPDATE LSTM_step LSTM
INFO-FLOW: Configuring Module : LSTM_Pipeline_INIT ...
Execute       set_default_model LSTM_Pipeline_INIT 
Execute       apply_spec_resource_limit LSTM_Pipeline_INIT 
INFO-FLOW: Configuring Module : exp_generic<double> ...
Execute       set_default_model exp_generic<double> 
Execute       apply_spec_resource_limit exp_generic<double> 
INFO-FLOW: Configuring Module : generic_tanh<float> ...
Execute       set_default_model generic_tanh<float> 
Execute       apply_spec_resource_limit generic_tanh<float> 
INFO-FLOW: Configuring Module : LSTM_step_Pipeline_GATES ...
Execute       set_default_model LSTM_step_Pipeline_GATES 
Execute       apply_spec_resource_limit LSTM_step_Pipeline_GATES 
INFO-FLOW: Configuring Module : LSTM_step_Pipeline_UPDATE ...
Execute       set_default_model LSTM_step_Pipeline_UPDATE 
Execute       apply_spec_resource_limit LSTM_step_Pipeline_UPDATE 
INFO-FLOW: Configuring Module : LSTM_step ...
Execute       set_default_model LSTM_step 
Execute       apply_spec_resource_limit LSTM_step 
INFO-FLOW: Configuring Module : LSTM ...
Execute       set_default_model LSTM 
Execute       apply_spec_resource_limit LSTM 
INFO-FLOW: Model list for preprocess: LSTM_Pipeline_INIT exp_generic<double> generic_tanh<float> LSTM_step_Pipeline_GATES LSTM_step_Pipeline_UPDATE LSTM_step LSTM
INFO-FLOW: Preprocessing Module: LSTM_Pipeline_INIT ...
Execute       set_default_model LSTM_Pipeline_INIT 
Execute       cdfg_preprocess -model LSTM_Pipeline_INIT 
Execute       rtl_gen_preprocess LSTM_Pipeline_INIT 
INFO-FLOW: Preprocessing Module: exp_generic<double> ...
Execute       set_default_model exp_generic<double> 
Execute       cdfg_preprocess -model exp_generic<double> 
Execute       rtl_gen_preprocess exp_generic<double> 
INFO-FLOW: Preprocessing Module: generic_tanh<float> ...
Execute       set_default_model generic_tanh<float> 
Execute       cdfg_preprocess -model generic_tanh<float> 
Execute       rtl_gen_preprocess generic_tanh<float> 
INFO-FLOW: Preprocessing Module: LSTM_step_Pipeline_GATES ...
Execute       set_default_model LSTM_step_Pipeline_GATES 
Execute       cdfg_preprocess -model LSTM_step_Pipeline_GATES 
Execute       rtl_gen_preprocess LSTM_step_Pipeline_GATES 
INFO-FLOW: Preprocessing Module: LSTM_step_Pipeline_UPDATE ...
Execute       set_default_model LSTM_step_Pipeline_UPDATE 
Execute       cdfg_preprocess -model LSTM_step_Pipeline_UPDATE 
Execute       rtl_gen_preprocess LSTM_step_Pipeline_UPDATE 
INFO-FLOW: Preprocessing Module: LSTM_step ...
Execute       set_default_model LSTM_step 
Execute       cdfg_preprocess -model LSTM_step 
Execute       rtl_gen_preprocess LSTM_step 
INFO-FLOW: Preprocessing Module: LSTM ...
Execute       set_default_model LSTM 
Execute       cdfg_preprocess -model LSTM 
Execute       rtl_gen_preprocess LSTM 
INFO-FLOW: Model list for synthesis: LSTM_Pipeline_INIT exp_generic<double> generic_tanh<float> LSTM_step_Pipeline_GATES LSTM_step_Pipeline_UPDATE LSTM_step LSTM
INFO: [HLS 200-10] ----------------------------------------------------------------
INFO: [HLS 200-42] -- Implementing module 'LSTM_Pipeline_INIT' 
INFO: [HLS 200-10] ----------------------------------------------------------------
Execute       set_default_model LSTM_Pipeline_INIT 
Execute       schedule -model LSTM_Pipeline_INIT 
INFO: [SCHED 204-11] Starting scheduling ...
INFO: [SCHED 204-61] Pipelining loop 'INIT'.
INFO: [HLS 200-1470] Pipelining result : Target II = NA, Final II = 1, Depth = 1, loop 'INIT'
INFO: [SCHED 204-11] Finished scheduling.
INFO: [HLS 200-111] Finished Scheduling: CPU user time: 0 seconds. CPU system time: 0 seconds. Elapsed time: 0.2 seconds; current allocated memory: 272.457 MB.
Execute       syn_report -verbosereport -o C:/Users/cocol/Ruby_Proj/workspace/LSTM/LSTM/hls/.autopilot/db/LSTM_Pipeline_INIT.verbose.sched.rpt 
Execute         list_part -family xc7z020-clg400-1 
Execute           ap_family_info -name xc7z020-clg400-1 -data names 
Execute           ap_part_info -quiet -name xc7z020-clg400-1 -data family 
Execute       db_write -o C:/Users/cocol/Ruby_Proj/workspace/LSTM/LSTM/hls/.autopilot/db/LSTM_Pipeline_INIT.sched.adb -f 
INFO-FLOW: Finish scheduling LSTM_Pipeline_INIT.
Execute       set_default_model LSTM_Pipeline_INIT 
Execute       bind -model LSTM_Pipeline_INIT 
INFO: [BIND 205-100] Starting micro-architecture generation ...
INFO: [BIND 205-101] Performing variable lifetime analysis.
INFO: [BIND 205-101] Exploring resource sharing.
INFO: [BIND 205-101] Binding ...
INFO: [BIND 205-100] Finished micro-architecture generation.
INFO: [HLS 200-111] Finished Binding: CPU user time: 0 seconds. CPU system time: 0 seconds. Elapsed time: 0.017 seconds; current allocated memory: 273.516 MB.
Execute       syn_report -verbosereport -o C:/Users/cocol/Ruby_Proj/workspace/LSTM/LSTM/hls/.autopilot/db/LSTM_Pipeline_INIT.verbose.bind.rpt 
Execute         list_part -family xc7z020-clg400-1 
Execute           ap_family_info -name xc7z020-clg400-1 -data names 
Execute           ap_part_info -quiet -name xc7z020-clg400-1 -data family 
Execute       db_write -o C:/Users/cocol/Ruby_Proj/workspace/LSTM/LSTM/hls/.autopilot/db/LSTM_Pipeline_INIT.bind.adb -f 
INFO-FLOW: Finish binding LSTM_Pipeline_INIT.
INFO: [HLS 200-10] ----------------------------------------------------------------
INFO: [HLS 200-42] -- Implementing module 'exp_generic_double_s' 
INFO: [HLS 200-10] ----------------------------------------------------------------
Execute       set_default_model exp_generic<double> 
Execute       schedule -model exp_generic<double> 
INFO: [SCHED 204-11] Starting scheduling ...
INFO: [HLS 200-486] Changing DSP latency (root=add_ln243) to 3 in order to utilize available DSP registers.
INFO: [SCHED 204-61] Pipelining function 'exp_generic<double>'.
INFO: [HLS 200-1470] Pipelining result : Target II = NA, Final II = 1, Depth = 22, function 'exp_generic<double>'
INFO: [SCHED 204-11] Finished scheduling.
INFO: [HLS 200-111] Finished Scheduling: CPU user time: 0 seconds. CPU system time: 0 seconds. Elapsed time: 0.097 seconds; current allocated memory: 275.684 MB.
Execute       syn_report -verbosereport -o C:/Users/cocol/Ruby_Proj/workspace/LSTM/LSTM/hls/.autopilot/db/exp_generic_double_s.verbose.sched.rpt 
Execute         list_part -family xc7z020-clg400-1 
Execute           ap_family_info -name xc7z020-clg400-1 -data names 
Execute           ap_part_info -quiet -name xc7z020-clg400-1 -data family 
Execute       db_write -o C:/Users/cocol/Ruby_Proj/workspace/LSTM/LSTM/hls/.autopilot/db/exp_generic_double_s.sched.adb -f 
INFO-FLOW: Finish scheduling exp_generic<double>.
Execute       set_default_model exp_generic<double> 
Execute       bind -model exp_generic<double> 
INFO: [BIND 205-100] Starting micro-architecture generation ...
INFO: [BIND 205-101] Performing variable lifetime analysis.
INFO: [BIND 205-101] Exploring resource sharing.
INFO: [BIND 205-101] Binding ...
INFO: [BIND 205-100] Finished micro-architecture generation.
INFO: [HLS 200-111] Finished Binding: CPU user time: 0 seconds. CPU system time: 0 seconds. Elapsed time: 0.047 seconds; current allocated memory: 275.816 MB.
Execute       syn_report -verbosereport -o C:/Users/cocol/Ruby_Proj/workspace/LSTM/LSTM/hls/.autopilot/db/exp_generic_double_s.verbose.bind.rpt 
Execute         list_part -family xc7z020-clg400-1 
Execute           ap_family_info -name xc7z020-clg400-1 -data names 
Execute           ap_part_info -quiet -name xc7z020-clg400-1 -data family 
Execute       db_write -o C:/Users/cocol/Ruby_Proj/workspace/LSTM/LSTM/hls/.autopilot/db/exp_generic_double_s.bind.adb -f 
INFO-FLOW: Finish binding exp_generic<double>.
INFO: [HLS 200-10] ----------------------------------------------------------------
INFO: [HLS 200-42] -- Implementing module 'generic_tanh_float_s' 
INFO: [HLS 200-10] ----------------------------------------------------------------
Execute       set_default_model generic_tanh<float> 
Execute       schedule -model generic_tanh<float> 
INFO: [SCHED 204-11] Starting scheduling ...
INFO: [SCHED 204-61] Pipelining function 'generic_tanh<float>'.
INFO: [HLS 200-1470] Pipelining result : Target II = NA, Final II = 1, Depth = 60, function 'generic_tanh<float>'
INFO: [SCHED 204-11] Finished scheduling.
INFO: [HLS 200-111] Finished Scheduling: CPU user time: 0 seconds. CPU system time: 0 seconds. Elapsed time: 0.08 seconds; current allocated memory: 276.961 MB.
Execute       syn_report -verbosereport -o C:/Users/cocol/Ruby_Proj/workspace/LSTM/LSTM/hls/.autopilot/db/generic_tanh_float_s.verbose.sched.rpt 
Execute         list_part -family xc7z020-clg400-1 
Execute           ap_family_info -name xc7z020-clg400-1 -data names 
Execute           ap_part_info -quiet -name xc7z020-clg400-1 -data family 
Execute       db_write -o C:/Users/cocol/Ruby_Proj/workspace/LSTM/LSTM/hls/.autopilot/db/generic_tanh_float_s.sched.adb -f 
INFO-FLOW: Finish scheduling generic_tanh<float>.
Execute       set_default_model generic_tanh<float> 
Execute       bind -model generic_tanh<float> 
INFO: [BIND 205-100] Starting micro-architecture generation ...
INFO: [BIND 205-101] Performing variable lifetime analysis.
INFO: [BIND 205-101] Exploring resource sharing.
INFO: [BIND 205-101] Binding ...
INFO: [BIND 205-100] Finished micro-architecture generation.
Command       bind done; 0.705 sec.
INFO: [HLS 200-111] Finished Binding: CPU user time: 0 seconds. CPU system time: 0 seconds. Elapsed time: 0.732 seconds; current allocated memory: 277.285 MB.
Execute       syn_report -verbosereport -o C:/Users/cocol/Ruby_Proj/workspace/LSTM/LSTM/hls/.autopilot/db/generic_tanh_float_s.verbose.bind.rpt 
Execute         list_part -family xc7z020-clg400-1 
Execute           ap_family_info -name xc7z020-clg400-1 -data names 
Execute           ap_part_info -quiet -name xc7z020-clg400-1 -data family 
Execute       db_write -o C:/Users/cocol/Ruby_Proj/workspace/LSTM/LSTM/hls/.autopilot/db/generic_tanh_float_s.bind.adb -f 
INFO-FLOW: Finish binding generic_tanh<float>.
INFO: [HLS 200-10] ----------------------------------------------------------------
INFO: [HLS 200-42] -- Implementing module 'LSTM_step_Pipeline_GATES' 
INFO: [HLS 200-10] ----------------------------------------------------------------
Execute       set_default_model LSTM_step_Pipeline_GATES 
Execute       schedule -model LSTM_step_Pipeline_GATES 
INFO: [SCHED 204-11] Starting scheduling ...
INFO: [SCHED 204-61] Pipelining loop 'GATES'.
WARNING: [HLS 200-885] The II Violation in module 'LSTM_step_Pipeline_GATES' (loop 'GATES'): Unable to schedule 'load' operation 32 bit ('W_g_load_1', LSTM.cpp:36) on array 'W_g' due to limited memory ports (II = 1). Please consider using a memory core with more ports or partitioning the array 'W_g'.
WARNING: [HLS 200-885] The II Violation in module 'LSTM_step_Pipeline_GATES' (loop 'GATES'): Unable to schedule 'load' operation 32 bit ('W_g_load_3', LSTM.cpp:36) on array 'W_g' due to limited memory ports (II = 2). Please consider using a memory core with more ports or partitioning the array 'W_g'.
WARNING: [HLS 200-885] The II Violation in module 'LSTM_step_Pipeline_GATES' (loop 'GATES'): Unable to schedule 'load' operation 32 bit ('W_g_load_5', LSTM.cpp:36) on array 'W_g' due to limited memory ports (II = 3). Please consider using a memory core with more ports or partitioning the array 'W_g'.
WARNING: [HLS 200-885] The II Violation in module 'LSTM_step_Pipeline_GATES' (loop 'GATES'): Unable to schedule 'load' operation 32 bit ('W_g_load_7', LSTM.cpp:36) on array 'W_g' due to limited memory ports (II = 4). Please consider using a memory core with more ports or partitioning the array 'W_g'.
WARNING: [HLS 200-885] The II Violation in module 'LSTM_step_Pipeline_GATES' (loop 'GATES'): Unable to schedule 'load' operation 32 bit ('W_g_load_21', LSTM.cpp:36) on array 'W_g' due to limited memory ports (II = 11). Please consider using a memory core with more ports or partitioning the array 'W_g'.
WARNING: [HLS 200-885] The II Violation in module 'LSTM_step_Pipeline_GATES' (loop 'GATES'): Unable to schedule 'load' operation 32 bit ('W_g_load_29', LSTM.cpp:36) on array 'W_g' due to limited memory ports (II = 15). Please consider using a memory core with more ports or partitioning the array 'W_g'.
INFO: [HLS 200-1470] Pipelining result : Target II = NA, Final II = 16, Depth = 387, loop 'GATES'
INFO: [SCHED 204-11] Finished scheduling.
Command       schedule done; 2.247 sec.
INFO: [HLS 200-111] Finished Scheduling: CPU user time: 2 seconds. CPU system time: 0 seconds. Elapsed time: 2.292 seconds; current allocated memory: 294.527 MB.
Execute       syn_report -verbosereport -o C:/Users/cocol/Ruby_Proj/workspace/LSTM/LSTM/hls/.autopilot/db/LSTM_step_Pipeline_GATES.verbose.sched.rpt 
Execute         list_part -family xc7z020-clg400-1 
Execute           ap_family_info -name xc7z020-clg400-1 -data names 
Execute           ap_part_info -quiet -name xc7z020-clg400-1 -data family 
Command       syn_report done; 0.101 sec.
Execute       db_write -o C:/Users/cocol/Ruby_Proj/workspace/LSTM/LSTM/hls/.autopilot/db/LSTM_step_Pipeline_GATES.sched.adb -f 
Command       db_write done; 0.249 sec.
INFO-FLOW: Finish scheduling LSTM_step_Pipeline_GATES.
Execute       set_default_model LSTM_step_Pipeline_GATES 
Execute       bind -model LSTM_step_Pipeline_GATES 
INFO: [BIND 205-100] Starting micro-architecture generation ...
INFO: [BIND 205-101] Performing variable lifetime analysis.
INFO: [BIND 205-101] Exploring resource sharing.
INFO: [BIND 205-101] Binding ...
INFO: [BIND 205-100] Finished micro-architecture generation.
Command       bind done; 0.492 sec.
INFO: [HLS 200-111] Finished Binding: CPU user time: 0 seconds. CPU system time: 0 seconds. Elapsed time: 0.846 seconds; current allocated memory: 297.660 MB.
Execute       syn_report -verbosereport -o C:/Users/cocol/Ruby_Proj/workspace/LSTM/LSTM/hls/.autopilot/db/LSTM_step_Pipeline_GATES.verbose.bind.rpt 
Execute         list_part -family xc7z020-clg400-1 
Execute           ap_family_info -name xc7z020-clg400-1 -data names 
Execute           ap_part_info -quiet -name xc7z020-clg400-1 -data family 
Command       syn_report done; 0.153 sec.
Execute       db_write -o C:/Users/cocol/Ruby_Proj/workspace/LSTM/LSTM/hls/.autopilot/db/LSTM_step_Pipeline_GATES.bind.adb -f 
Command       db_write done; 0.421 sec.
INFO-FLOW: Finish binding LSTM_step_Pipeline_GATES.
INFO: [HLS 200-10] ----------------------------------------------------------------
INFO: [HLS 200-42] -- Implementing module 'LSTM_step_Pipeline_UPDATE' 
INFO: [HLS 200-10] ----------------------------------------------------------------
Execute       set_default_model LSTM_step_Pipeline_UPDATE 
Execute       schedule -model LSTM_step_Pipeline_UPDATE 
INFO: [SCHED 204-11] Starting scheduling ...
INFO: [SCHED 204-61] Pipelining loop 'UPDATE'.
INFO: [HLS 200-1470] Pipelining result : Target II = NA, Final II = 1, Depth = 77, loop 'UPDATE'
INFO: [SCHED 204-11] Finished scheduling.
INFO: [HLS 200-111] Finished Scheduling: CPU user time: 1 seconds. CPU system time: 0 seconds. Elapsed time: 0.598 seconds; current allocated memory: 298.738 MB.
Execute       syn_report -verbosereport -o C:/Users/cocol/Ruby_Proj/workspace/LSTM/LSTM/hls/.autopilot/db/LSTM_step_Pipeline_UPDATE.verbose.sched.rpt 
Execute         list_part -family xc7z020-clg400-1 
Execute           ap_family_info -name xc7z020-clg400-1 -data names 
Execute           ap_part_info -quiet -name xc7z020-clg400-1 -data family 
Execute       db_write -o C:/Users/cocol/Ruby_Proj/workspace/LSTM/LSTM/hls/.autopilot/db/LSTM_step_Pipeline_UPDATE.sched.adb -f 
INFO-FLOW: Finish scheduling LSTM_step_Pipeline_UPDATE.
Execute       set_default_model LSTM_step_Pipeline_UPDATE 
Execute       bind -model LSTM_step_Pipeline_UPDATE 
INFO: [BIND 205-100] Starting micro-architecture generation ...
INFO: [BIND 205-101] Performing variable lifetime analysis.
INFO: [BIND 205-101] Exploring resource sharing.
INFO: [BIND 205-101] Binding ...
INFO: [BIND 205-100] Finished micro-architecture generation.
INFO: [HLS 200-111] Finished Binding: CPU user time: 0 seconds. CPU system time: 0 seconds. Elapsed time: 0.041 seconds; current allocated memory: 298.738 MB.
Execute       syn_report -verbosereport -o C:/Users/cocol/Ruby_Proj/workspace/LSTM/LSTM/hls/.autopilot/db/LSTM_step_Pipeline_UPDATE.verbose.bind.rpt 
Execute         list_part -family xc7z020-clg400-1 
Execute           ap_family_info -name xc7z020-clg400-1 -data names 
Execute           ap_part_info -quiet -name xc7z020-clg400-1 -data family 
Execute       db_write -o C:/Users/cocol/Ruby_Proj/workspace/LSTM/LSTM/hls/.autopilot/db/LSTM_step_Pipeline_UPDATE.bind.adb -f 
INFO-FLOW: Finish binding LSTM_step_Pipeline_UPDATE.
INFO: [HLS 200-10] ----------------------------------------------------------------
INFO: [HLS 200-42] -- Implementing module 'LSTM_step' 
INFO: [HLS 200-10] ----------------------------------------------------------------
Execute       set_default_model LSTM_step 
Execute       schedule -model LSTM_step 
INFO: [SCHED 204-11] Starting scheduling ...
INFO: [SCHED 204-11] Finished scheduling.
INFO: [HLS 200-111] Finished Scheduling: CPU user time: 0 seconds. CPU system time: 0 seconds. Elapsed time: 0.138 seconds; current allocated memory: 300.086 MB.
Execute       syn_report -verbosereport -o C:/Users/cocol/Ruby_Proj/workspace/LSTM/LSTM/hls/.autopilot/db/LSTM_step.verbose.sched.rpt 
Execute         list_part -family xc7z020-clg400-1 
Execute           ap_family_info -name xc7z020-clg400-1 -data names 
Execute           ap_part_info -quiet -name xc7z020-clg400-1 -data family 
Execute       db_write -o C:/Users/cocol/Ruby_Proj/workspace/LSTM/LSTM/hls/.autopilot/db/LSTM_step.sched.adb -f 
INFO-FLOW: Finish scheduling LSTM_step.
Execute       set_default_model LSTM_step 
Execute       bind -model LSTM_step 
INFO: [BIND 205-100] Starting micro-architecture generation ...
INFO: [BIND 205-101] Performing variable lifetime analysis.
INFO: [BIND 205-101] Exploring resource sharing.
INFO: [BIND 205-101] Binding ...
INFO: [BIND 205-100] Finished micro-architecture generation.
INFO: [HLS 200-111] Finished Binding: CPU user time: 0 seconds. CPU system time: 0 seconds. Elapsed time: 0.119 seconds; current allocated memory: 300.988 MB.
Execute       syn_report -verbosereport -o C:/Users/cocol/Ruby_Proj/workspace/LSTM/LSTM/hls/.autopilot/db/LSTM_step.verbose.bind.rpt 
Execute         list_part -family xc7z020-clg400-1 
Execute           ap_family_info -name xc7z020-clg400-1 -data names 
Execute           ap_part_info -quiet -name xc7z020-clg400-1 -data family 
Execute       db_write -o C:/Users/cocol/Ruby_Proj/workspace/LSTM/LSTM/hls/.autopilot/db/LSTM_step.bind.adb -f 
INFO-FLOW: Finish binding LSTM_step.
INFO: [HLS 200-10] ----------------------------------------------------------------
INFO: [HLS 200-42] -- Implementing module 'LSTM' 
INFO: [HLS 200-10] ----------------------------------------------------------------
Execute       set_default_model LSTM 
Execute       schedule -model LSTM 
INFO: [SCHED 204-11] Starting scheduling ...
INFO: [SCHED 204-11] Finished scheduling.
INFO: [HLS 200-111] Finished Scheduling: CPU user time: 0 seconds. CPU system time: 0 seconds. Elapsed time: 0.172 seconds; current allocated memory: 301.398 MB.
Execute       syn_report -verbosereport -o C:/Users/cocol/Ruby_Proj/workspace/LSTM/LSTM/hls/.autopilot/db/LSTM.verbose.sched.rpt 
Execute         list_part -family xc7z020-clg400-1 
Execute           ap_family_info -name xc7z020-clg400-1 -data names 
Execute           ap_part_info -quiet -name xc7z020-clg400-1 -data family 
Execute       db_write -o C:/Users/cocol/Ruby_Proj/workspace/LSTM/LSTM/hls/.autopilot/db/LSTM.sched.adb -f 
INFO-FLOW: Finish scheduling LSTM.
Execute       set_default_model LSTM 
Execute       bind -model LSTM 
INFO: [BIND 205-100] Starting micro-architecture generation ...
INFO: [BIND 205-101] Performing variable lifetime analysis.
INFO: [BIND 205-101] Exploring resource sharing.
INFO: [BIND 205-101] Binding ...
INFO: [BIND 205-100] Finished micro-architecture generation.
INFO: [HLS 200-111] Finished Binding: CPU user time: 0 seconds. CPU system time: 0 seconds. Elapsed time: 0.056 seconds; current allocated memory: 301.578 MB.
Execute       syn_report -verbosereport -o C:/Users/cocol/Ruby_Proj/workspace/LSTM/LSTM/hls/.autopilot/db/LSTM.verbose.bind.rpt 
Execute         list_part -family xc7z020-clg400-1 
Execute           ap_family_info -name xc7z020-clg400-1 -data names 
Execute           ap_part_info -quiet -name xc7z020-clg400-1 -data family 
Execute       db_write -o C:/Users/cocol/Ruby_Proj/workspace/LSTM/LSTM/hls/.autopilot/db/LSTM.bind.adb -f 
INFO-FLOW: Finish binding LSTM.
Execute       get_model_list LSTM -filter all-wo-channel 
INFO-FLOW: Preprocessing for RTLGen ...
Execute       rtl_gen_preprocess LSTM_Pipeline_INIT 
Execute       rtl_gen_preprocess exp_generic<double> 
Execute       rtl_gen_preprocess generic_tanh<float> 
Execute       rtl_gen_preprocess LSTM_step_Pipeline_GATES 
Execute       rtl_gen_preprocess LSTM_step_Pipeline_UPDATE 
Execute       rtl_gen_preprocess LSTM_step 
Execute       rtl_gen_preprocess LSTM 
INFO-FLOW: Model list for RTL generation: LSTM_Pipeline_INIT exp_generic<double> generic_tanh<float> LSTM_step_Pipeline_GATES LSTM_step_Pipeline_UPDATE LSTM_step LSTM
INFO: [HLS 200-10] ----------------------------------------------------------------
INFO: [HLS 200-10] -- Generating RTL for module 'LSTM_Pipeline_INIT' 
INFO: [HLS 200-10] ----------------------------------------------------------------
Execute       create_rtl_model LSTM_Pipeline_INIT -top_prefix LSTM_ -sub_prefix LSTM_ -mg_file C:/Users/cocol/Ruby_Proj/workspace/LSTM/LSTM/hls/.autopilot/db/LSTM_Pipeline_INIT.compgen.tcl 
INFO: [RTGEN 206-100] Finished creating RTL model for 'LSTM_Pipeline_INIT'.
INFO: [HLS 200-111] Finished Creating RTL model: CPU user time: 0 seconds. CPU system time: 0 seconds. Elapsed time: 0.14 seconds; current allocated memory: 302.852 MB.
Execute       source C:/Users/cocol/Ruby_Proj/workspace/LSTM/LSTM/hls/.autopilot/db/LSTM.rtl_wrap.cfg.tcl 
Execute       gen_rtl LSTM_Pipeline_INIT -style xilinx -f -lang vhdl -o C:/Users/cocol/Ruby_Proj/workspace/LSTM/LSTM/hls/syn/vhdl/LSTM_LSTM_Pipeline_INIT 
Execute       gen_rtl LSTM_Pipeline_INIT -style xilinx -f -lang vlog -o C:/Users/cocol/Ruby_Proj/workspace/LSTM/LSTM/hls/syn/verilog/LSTM_LSTM_Pipeline_INIT 
Execute       syn_report -csynth -model LSTM_Pipeline_INIT -o C:/Users/cocol/Ruby_Proj/workspace/LSTM/LSTM/hls/syn/report/LSTM_Pipeline_INIT_csynth.rpt 
Execute         list_part -family xc7z020-clg400-1 
Execute           ap_family_info -name xc7z020-clg400-1 -data names 
Execute           ap_part_info -quiet -name xc7z020-clg400-1 -data family 
Execute       syn_report -rtlxml -model LSTM_Pipeline_INIT -o C:/Users/cocol/Ruby_Proj/workspace/LSTM/LSTM/hls/syn/report/LSTM_Pipeline_INIT_csynth.xml 
Execute         list_part -family xc7z020-clg400-1 
Execute           ap_family_info -name xc7z020-clg400-1 -data names 
Execute           ap_part_info -quiet -name xc7z020-clg400-1 -data family 
Execute       syn_report -verbosereport -model LSTM_Pipeline_INIT -o C:/Users/cocol/Ruby_Proj/workspace/LSTM/LSTM/hls/.autopilot/db/LSTM_Pipeline_INIT.verbose.rpt 
Execute         list_part -family xc7z020-clg400-1 
Execute           ap_family_info -name xc7z020-clg400-1 -data names 
Execute           ap_part_info -quiet -name xc7z020-clg400-1 -data family 
Execute       db_write -model LSTM_Pipeline_INIT -f -o C:/Users/cocol/Ruby_Proj/workspace/LSTM/LSTM/hls/.autopilot/db/LSTM_Pipeline_INIT.adb 
Execute       db_write -model LSTM_Pipeline_INIT -bindview -o C:/Users/cocol/Ruby_Proj/workspace/LSTM/LSTM/hls/.autopilot/db/design.bindinfo.xml 
Execute       gen_tb_info LSTM_Pipeline_INIT -p C:/Users/cocol/Ruby_Proj/workspace/LSTM/LSTM/hls/.autopilot/db -o C:/Users/cocol/Ruby_Proj/workspace/LSTM/LSTM/hls/.autopilot/db/LSTM_Pipeline_INIT 
INFO: [HLS 200-10] ----------------------------------------------------------------
INFO: [HLS 200-10] -- Generating RTL for module 'exp_generic_double_s' 
INFO: [HLS 200-10] ----------------------------------------------------------------
Execute       create_rtl_model exp_generic<double> -top_prefix LSTM_ -sub_prefix LSTM_ -mg_file C:/Users/cocol/Ruby_Proj/workspace/LSTM/LSTM/hls/.autopilot/db/exp_generic_double_s.compgen.tcl 
INFO: [SYN 201-210] Renamed object name 'exp_generic_double_s_table_exp_Z1_ap_ufixed_58_1_ap_q_mode_5_ap_o_mode_3_0_array_ROM_AUTO_1R' to 'exp_generic_double_s_table_exp_Z1_ap_ufixed_58_1_ap_q_mode_5_ap_o_mode_3_0_arbkb' due to the length limit 80
INFO: [SYN 201-210] Renamed object name 'exp_generic_double_s_table_f_Z3_ap_ufixed_59_0_ap_q_mode_5_ap_o_mode_3_0_array_ROM_AUTO_1R' to 'exp_generic_double_s_table_f_Z3_ap_ufixed_59_0_ap_q_mode_5_ap_o_mode_3_0_arracud' due to the length limit 80
INFO: [SYN 201-210] Renamed object name 'exp_generic_double_s_table_f_Z2_ap_ufixed_59_0_ap_q_mode_5_ap_o_mode_3_0_array_ROM_AUTO_1R' to 'exp_generic_double_s_table_f_Z2_ap_ufixed_59_0_ap_q_mode_5_ap_o_mode_3_0_arradEe' due to the length limit 80
INFO: [RTGEN 206-100] Generating core module 'mac_muladd_16s_15ns_19s_31_4_0': 1 instance(s).
INFO: [RTGEN 206-100] Generating core module 'mul_13s_71s_71_5_0': 1 instance(s).
INFO: [RTGEN 206-100] Generating core module 'mul_43ns_36ns_79_2_0': 1 instance(s).
INFO: [RTGEN 206-100] Generating core module 'mul_49ns_44ns_93_2_0': 1 instance(s).
INFO: [RTGEN 206-100] Generating core module 'mul_50ns_50ns_99_2_0': 1 instance(s).
INFO: [RTGEN 206-100] Generating core module 'sparsemux_9_3_64_1_0': 1 instance(s).
INFO: [RTGEN 206-100] Finished creating RTL model for 'exp_generic_double_s'.
INFO: [RTMG 210-279] Implementing memory 'LSTM_exp_generic_double_s_table_exp_Z1_ap_ufixed_58_1_ap_q_mode_5_ap_o_mode_3_0_arbkb' using auto ROMs.
INFO: [HLS 200-2168] Implementing memory 'LSTM_exp_generic_double_s_table_f_Z3_ap_ufixed_59_0_ap_q_mode_5_ap_o_mode_3_0_arracud' using auto ROMs with 2 copies to ensure enough ports to satisfy II or latency constraints.
INFO: [RTMG 210-279] Implementing memory 'LSTM_exp_generic_double_s_table_f_Z2_ap_ufixed_59_0_ap_q_mode_5_ap_o_mode_3_0_arradEe' using auto ROMs.
Command       create_rtl_model done; 0.353 sec.
INFO: [HLS 200-111] Finished Creating RTL model: CPU user time: 1 seconds. CPU system time: 0 seconds. Elapsed time: 0.6 seconds; current allocated memory: 306.660 MB.
Execute       source C:/Users/cocol/Ruby_Proj/workspace/LSTM/LSTM/hls/.autopilot/db/LSTM.rtl_wrap.cfg.tcl 
Execute       gen_rtl exp_generic<double> -style xilinx -f -lang vhdl -o C:/Users/cocol/Ruby_Proj/workspace/LSTM/LSTM/hls/syn/vhdl/LSTM_exp_generic_double_s 
Execute       gen_rtl exp_generic<double> -style xilinx -f -lang vlog -o C:/Users/cocol/Ruby_Proj/workspace/LSTM/LSTM/hls/syn/verilog/LSTM_exp_generic_double_s 
Execute       syn_report -csynth -model exp_generic<double> -o C:/Users/cocol/Ruby_Proj/workspace/LSTM/LSTM/hls/syn/report/exp_generic_double_s_csynth.rpt 
Execute         list_part -family xc7z020-clg400-1 
Execute           ap_family_info -name xc7z020-clg400-1 -data names 
Execute           ap_part_info -quiet -name xc7z020-clg400-1 -data family 
Execute       syn_report -rtlxml -model exp_generic<double> -o C:/Users/cocol/Ruby_Proj/workspace/LSTM/LSTM/hls/syn/report/exp_generic_double_s_csynth.xml 
Execute         list_part -family xc7z020-clg400-1 
Execute           ap_family_info -name xc7z020-clg400-1 -data names 
Execute           ap_part_info -quiet -name xc7z020-clg400-1 -data family 
Execute       syn_report -verbosereport -model exp_generic<double> -o C:/Users/cocol/Ruby_Proj/workspace/LSTM/LSTM/hls/.autopilot/db/exp_generic_double_s.verbose.rpt 
Execute         list_part -family xc7z020-clg400-1 
Execute           ap_family_info -name xc7z020-clg400-1 -data names 
Execute           ap_part_info -quiet -name xc7z020-clg400-1 -data family 
Execute       db_write -model exp_generic<double> -f -o C:/Users/cocol/Ruby_Proj/workspace/LSTM/LSTM/hls/.autopilot/db/exp_generic_double_s.adb 
Execute       db_write -model exp_generic<double> -bindview -o C:/Users/cocol/Ruby_Proj/workspace/LSTM/LSTM/hls/.autopilot/db/design.bindinfo.xml 
Execute       gen_tb_info exp_generic<double> -p C:/Users/cocol/Ruby_Proj/workspace/LSTM/LSTM/hls/.autopilot/db -o C:/Users/cocol/Ruby_Proj/workspace/LSTM/LSTM/hls/.autopilot/db/exp_generic_double_s 
INFO: [HLS 200-10] ----------------------------------------------------------------
INFO: [HLS 200-10] -- Generating RTL for module 'generic_tanh_float_s' 
INFO: [HLS 200-10] ----------------------------------------------------------------
Execute       create_rtl_model generic_tanh<float> -top_prefix LSTM_ -sub_prefix LSTM_ -mg_file C:/Users/cocol/Ruby_Proj/workspace/LSTM/LSTM/hls/.autopilot/db/generic_tanh_float_s.compgen.tcl 
INFO: [RTGEN 206-100] Generating core module 'dadd_64ns_64ns_64_5_full_dsp_1': 1 instance(s).
INFO: [RTGEN 206-100] Generating core module 'fadd_32ns_32ns_32_5_full_dsp_1': 3 instance(s).
INFO: [RTGEN 206-100] Generating core module 'fcmp_32ns_32ns_1_2_no_dsp_1': 1 instance(s).
INFO: [RTGEN 206-100] Generating core module 'fdiv_32ns_32ns_32_12_no_dsp_1': 1 instance(s).
INFO: [RTGEN 206-100] Generating core module 'fmul_32ns_32ns_32_4_max_dsp_1': 1 instance(s).
INFO: [RTGEN 206-100] Generating core module 'fpext_32ns_64_2_no_dsp_1': 1 instance(s).
INFO: [RTGEN 206-100] Generating core module 'fptrunc_64ns_32_2_no_dsp_1': 1 instance(s).
INFO: [RTGEN 206-100] Generating core module 'fsub_32ns_32ns_32_5_full_dsp_1': 2 instance(s).
INFO: [RTGEN 206-100] Finished creating RTL model for 'generic_tanh_float_s'.
Command       create_rtl_model done; 0.393 sec.
INFO: [HLS 200-111] Finished Creating RTL model: CPU user time: 0 seconds. CPU system time: 1 seconds. Elapsed time: 1.558 seconds; current allocated memory: 311.383 MB.
Execute       source C:/Users/cocol/Ruby_Proj/workspace/LSTM/LSTM/hls/.autopilot/db/LSTM.rtl_wrap.cfg.tcl 
Execute       gen_rtl generic_tanh<float> -style xilinx -f -lang vhdl -o C:/Users/cocol/Ruby_Proj/workspace/LSTM/LSTM/hls/syn/vhdl/LSTM_generic_tanh_float_s 
Execute       gen_rtl generic_tanh<float> -style xilinx -f -lang vlog -o C:/Users/cocol/Ruby_Proj/workspace/LSTM/LSTM/hls/syn/verilog/LSTM_generic_tanh_float_s 
Execute       syn_report -csynth -model generic_tanh<float> -o C:/Users/cocol/Ruby_Proj/workspace/LSTM/LSTM/hls/syn/report/generic_tanh_float_s_csynth.rpt 
Execute         list_part -family xc7z020-clg400-1 
Execute           ap_family_info -name xc7z020-clg400-1 -data names 
Execute           ap_part_info -quiet -name xc7z020-clg400-1 -data family 
Execute       syn_report -rtlxml -model generic_tanh<float> -o C:/Users/cocol/Ruby_Proj/workspace/LSTM/LSTM/hls/syn/report/generic_tanh_float_s_csynth.xml 
Execute         list_part -family xc7z020-clg400-1 
Execute           ap_family_info -name xc7z020-clg400-1 -data names 
Execute           ap_part_info -quiet -name xc7z020-clg400-1 -data family 
Execute       syn_report -verbosereport -model generic_tanh<float> -o C:/Users/cocol/Ruby_Proj/workspace/LSTM/LSTM/hls/.autopilot/db/generic_tanh_float_s.verbose.rpt 
Execute         list_part -family xc7z020-clg400-1 
Execute           ap_family_info -name xc7z020-clg400-1 -data names 
Execute           ap_part_info -quiet -name xc7z020-clg400-1 -data family 
Execute       db_write -model generic_tanh<float> -f -o C:/Users/cocol/Ruby_Proj/workspace/LSTM/LSTM/hls/.autopilot/db/generic_tanh_float_s.adb 
Execute       db_write -model generic_tanh<float> -bindview -o C:/Users/cocol/Ruby_Proj/workspace/LSTM/LSTM/hls/.autopilot/db/design.bindinfo.xml 
Execute       gen_tb_info generic_tanh<float> -p C:/Users/cocol/Ruby_Proj/workspace/LSTM/LSTM/hls/.autopilot/db -o C:/Users/cocol/Ruby_Proj/workspace/LSTM/LSTM/hls/.autopilot/db/generic_tanh_float_s 
INFO: [HLS 200-10] ----------------------------------------------------------------
INFO: [HLS 200-10] -- Generating RTL for module 'LSTM_step_Pipeline_GATES' 
INFO: [HLS 200-10] ----------------------------------------------------------------
Execute       create_rtl_model LSTM_step_Pipeline_GATES -top_prefix LSTM_ -sub_prefix LSTM_ -mg_file C:/Users/cocol/Ruby_Proj/workspace/LSTM/LSTM/hls/.autopilot/db/LSTM_step_Pipeline_GATES.compgen.tcl 
INFO: [HLS 200-1030] Apply Unified Pipeline Control on module 'LSTM_step_Pipeline_GATES' pipeline 'GATES' pipeline type 'loop pipeline'
INFO: [RTGEN 206-104] Estimated max fanout for 'LSTM_step_Pipeline_GATES' is 7267 from HDL expression: ((1'b1 == ap_CS_fsm_pp0_stage0) & (1'b0 == ap_block_pp0_stage0_11001))
INFO: [RTGEN 206-100] Generating core module 'fadd_32ns_32ns_32_5_full_dsp_1': 17 instance(s).
INFO: [RTGEN 206-100] Generating core module 'fdiv_32ns_32ns_32_12_no_dsp_1': 1 instance(s).
INFO: [RTGEN 206-100] Generating core module 'fexp_32ns_32ns_32_9_full_dsp_1': 1 instance(s).
INFO: [RTGEN 206-100] Generating core module 'fmul_32ns_32ns_32_4_max_dsp_1': 16 instance(s).
INFO: [RTGEN 206-100] Finished creating RTL model for 'LSTM_step_Pipeline_GATES'.
Command       create_rtl_model done; 1.569 sec.
INFO: [HLS 200-111] Finished Creating RTL model: CPU user time: 1 seconds. CPU system time: 0 seconds. Elapsed time: 2.348 seconds; current allocated memory: 328.617 MB.
Execute       source C:/Users/cocol/Ruby_Proj/workspace/LSTM/LSTM/hls/.autopilot/db/LSTM.rtl_wrap.cfg.tcl 
Execute       gen_rtl LSTM_step_Pipeline_GATES -style xilinx -f -lang vhdl -o C:/Users/cocol/Ruby_Proj/workspace/LSTM/LSTM/hls/syn/vhdl/LSTM_LSTM_step_Pipeline_GATES 
Command       gen_rtl done; 0.165 sec.
Execute       gen_rtl LSTM_step_Pipeline_GATES -style xilinx -f -lang vlog -o C:/Users/cocol/Ruby_Proj/workspace/LSTM/LSTM/hls/syn/verilog/LSTM_LSTM_step_Pipeline_GATES 
Command       gen_rtl done; 0.336 sec.
Execute       syn_report -csynth -model LSTM_step_Pipeline_GATES -o C:/Users/cocol/Ruby_Proj/workspace/LSTM/LSTM/hls/syn/report/LSTM_step_Pipeline_GATES_csynth.rpt 
Execute         list_part -family xc7z020-clg400-1 
Execute           ap_family_info -name xc7z020-clg400-1 -data names 
Execute           ap_part_info -quiet -name xc7z020-clg400-1 -data family 
Command       syn_report done; 0.252 sec.
Execute       syn_report -rtlxml -model LSTM_step_Pipeline_GATES -o C:/Users/cocol/Ruby_Proj/workspace/LSTM/LSTM/hls/syn/report/LSTM_step_Pipeline_GATES_csynth.xml 
Execute         list_part -family xc7z020-clg400-1 
Execute           ap_family_info -name xc7z020-clg400-1 -data names 
Execute           ap_part_info -quiet -name xc7z020-clg400-1 -data family 
Command       syn_report done; 0.111 sec.
Execute       syn_report -verbosereport -model LSTM_step_Pipeline_GATES -o C:/Users/cocol/Ruby_Proj/workspace/LSTM/LSTM/hls/.autopilot/db/LSTM_step_Pipeline_GATES.verbose.rpt 
Execute         list_part -family xc7z020-clg400-1 
Execute           ap_family_info -name xc7z020-clg400-1 -data names 
Execute           ap_part_info -quiet -name xc7z020-clg400-1 -data family 
Command       syn_report done; 0.508 sec.
Execute       db_write -model LSTM_step_Pipeline_GATES -f -o C:/Users/cocol/Ruby_Proj/workspace/LSTM/LSTM/hls/.autopilot/db/LSTM_step_Pipeline_GATES.adb 
Command       db_write done; 0.561 sec.
Execute       db_write -model LSTM_step_Pipeline_GATES -bindview -o C:/Users/cocol/Ruby_Proj/workspace/LSTM/LSTM/hls/.autopilot/db/design.bindinfo.xml 
Execute       gen_tb_info LSTM_step_Pipeline_GATES -p C:/Users/cocol/Ruby_Proj/workspace/LSTM/LSTM/hls/.autopilot/db -o C:/Users/cocol/Ruby_Proj/workspace/LSTM/LSTM/hls/.autopilot/db/LSTM_step_Pipeline_GATES 
INFO: [HLS 200-10] ----------------------------------------------------------------
INFO: [HLS 200-10] -- Generating RTL for module 'LSTM_step_Pipeline_UPDATE' 
INFO: [HLS 200-10] ----------------------------------------------------------------
Execute       create_rtl_model LSTM_step_Pipeline_UPDATE -top_prefix LSTM_ -sub_prefix LSTM_ -mg_file C:/Users/cocol/Ruby_Proj/workspace/LSTM/LSTM/hls/.autopilot/db/LSTM_step_Pipeline_UPDATE.compgen.tcl 
INFO: [HLS 200-1030] Apply Unified Pipeline Control on module 'LSTM_step_Pipeline_UPDATE' pipeline 'UPDATE' pipeline type 'loop pipeline'
INFO: [RTGEN 206-104] Estimated max fanout for 'LSTM_step_Pipeline_UPDATE' is 5014 from HDL expression: (1'b0 == ap_block_pp0_stage0_11001)
INFO: [RTGEN 206-100] Generating core module 'fadd_32ns_32ns_32_5_full_dsp_1': 1 instance(s).
INFO: [RTGEN 206-100] Generating core module 'fmul_32ns_32ns_32_4_max_dsp_1': 3 instance(s).
INFO: [RTGEN 206-100] Finished creating RTL model for 'LSTM_step_Pipeline_UPDATE'.
INFO: [HLS 200-111] Finished Creating RTL model: CPU user time: 3 seconds. CPU system time: 4 seconds. Elapsed time: 6.032 seconds; current allocated memory: 364.285 MB.
Execute       source C:/Users/cocol/Ruby_Proj/workspace/LSTM/LSTM/hls/.autopilot/db/LSTM.rtl_wrap.cfg.tcl 
Execute       gen_rtl LSTM_step_Pipeline_UPDATE -style xilinx -f -lang vhdl -o C:/Users/cocol/Ruby_Proj/workspace/LSTM/LSTM/hls/syn/vhdl/LSTM_LSTM_step_Pipeline_UPDATE 
Execute       gen_rtl LSTM_step_Pipeline_UPDATE -style xilinx -f -lang vlog -o C:/Users/cocol/Ruby_Proj/workspace/LSTM/LSTM/hls/syn/verilog/LSTM_LSTM_step_Pipeline_UPDATE 
Execute       syn_report -csynth -model LSTM_step_Pipeline_UPDATE -o C:/Users/cocol/Ruby_Proj/workspace/LSTM/LSTM/hls/syn/report/LSTM_step_Pipeline_UPDATE_csynth.rpt 
Execute         list_part -family xc7z020-clg400-1 
Execute           ap_family_info -name xc7z020-clg400-1 -data names 
Execute           ap_part_info -quiet -name xc7z020-clg400-1 -data family 
Execute       syn_report -rtlxml -model LSTM_step_Pipeline_UPDATE -o C:/Users/cocol/Ruby_Proj/workspace/LSTM/LSTM/hls/syn/report/LSTM_step_Pipeline_UPDATE_csynth.xml 
Execute         list_part -family xc7z020-clg400-1 
Execute           ap_family_info -name xc7z020-clg400-1 -data names 
Execute           ap_part_info -quiet -name xc7z020-clg400-1 -data family 
Execute       syn_report -verbosereport -model LSTM_step_Pipeline_UPDATE -o C:/Users/cocol/Ruby_Proj/workspace/LSTM/LSTM/hls/.autopilot/db/LSTM_step_Pipeline_UPDATE.verbose.rpt 
Execute         list_part -family xc7z020-clg400-1 
Execute           ap_family_info -name xc7z020-clg400-1 -data names 
Execute           ap_part_info -quiet -name xc7z020-clg400-1 -data family 
Execute       db_write -model LSTM_step_Pipeline_UPDATE -f -o C:/Users/cocol/Ruby_Proj/workspace/LSTM/LSTM/hls/.autopilot/db/LSTM_step_Pipeline_UPDATE.adb 
Execute       db_write -model LSTM_step_Pipeline_UPDATE -bindview -o C:/Users/cocol/Ruby_Proj/workspace/LSTM/LSTM/hls/.autopilot/db/design.bindinfo.xml 
Execute       gen_tb_info LSTM_step_Pipeline_UPDATE -p C:/Users/cocol/Ruby_Proj/workspace/LSTM/LSTM/hls/.autopilot/db -o C:/Users/cocol/Ruby_Proj/workspace/LSTM/LSTM/hls/.autopilot/db/LSTM_step_Pipeline_UPDATE 
INFO: [HLS 200-10] ----------------------------------------------------------------
INFO: [HLS 200-10] -- Generating RTL for module 'LSTM_step' 
INFO: [HLS 200-10] ----------------------------------------------------------------
Execute       create_rtl_model LSTM_step -top_prefix LSTM_ -sub_prefix LSTM_ -mg_file C:/Users/cocol/Ruby_Proj/workspace/LSTM/LSTM/hls/.autopilot/db/LSTM_step.compgen.tcl 
INFO: [RTGEN 206-100] Generating core module 'fadd_32ns_32ns_32_5_full_dsp_1': 1 instance(s).
INFO: [RTGEN 206-100] Generating core module 'fmul_32ns_32ns_32_4_max_dsp_1': 3 instance(s).
INFO: [RTGEN 206-100] Finished creating RTL model for 'LSTM_step'.
INFO: [RTMG 210-278] Implementing memory 'LSTM_LSTM_step_f_RAM_AUTO_1R1W' using auto RAMs.
Command       create_rtl_model done; 0.168 sec.
INFO: [HLS 200-111] Finished Creating RTL model: CPU user time: 0 seconds. CPU system time: 0 seconds. Elapsed time: 0.549 seconds; current allocated memory: 364.285 MB.
Execute       source C:/Users/cocol/Ruby_Proj/workspace/LSTM/LSTM/hls/.autopilot/db/LSTM.rtl_wrap.cfg.tcl 
Execute       gen_rtl LSTM_step -style xilinx -f -lang vhdl -o C:/Users/cocol/Ruby_Proj/workspace/LSTM/LSTM/hls/syn/vhdl/LSTM_LSTM_step 
Execute       gen_rtl LSTM_step -style xilinx -f -lang vlog -o C:/Users/cocol/Ruby_Proj/workspace/LSTM/LSTM/hls/syn/verilog/LSTM_LSTM_step 
Execute       syn_report -csynth -model LSTM_step -o C:/Users/cocol/Ruby_Proj/workspace/LSTM/LSTM/hls/syn/report/LSTM_step_csynth.rpt 
Execute         list_part -family xc7z020-clg400-1 
Execute           ap_family_info -name xc7z020-clg400-1 -data names 
Execute           ap_part_info -quiet -name xc7z020-clg400-1 -data family 
Execute       syn_report -rtlxml -model LSTM_step -o C:/Users/cocol/Ruby_Proj/workspace/LSTM/LSTM/hls/syn/report/LSTM_step_csynth.xml 
Execute         list_part -family xc7z020-clg400-1 
Execute           ap_family_info -name xc7z020-clg400-1 -data names 
Execute           ap_part_info -quiet -name xc7z020-clg400-1 -data family 
Execute       syn_report -verbosereport -model LSTM_step -o C:/Users/cocol/Ruby_Proj/workspace/LSTM/LSTM/hls/.autopilot/db/LSTM_step.verbose.rpt 
Execute         list_part -family xc7z020-clg400-1 
Execute           ap_family_info -name xc7z020-clg400-1 -data names 
Execute           ap_part_info -quiet -name xc7z020-clg400-1 -data family 
Command       syn_report done; 0.123 sec.
Execute       db_write -model LSTM_step -f -o C:/Users/cocol/Ruby_Proj/workspace/LSTM/LSTM/hls/.autopilot/db/LSTM_step.adb 
Execute       db_write -model LSTM_step -bindview -o C:/Users/cocol/Ruby_Proj/workspace/LSTM/LSTM/hls/.autopilot/db/design.bindinfo.xml 
Execute       gen_tb_info LSTM_step -p C:/Users/cocol/Ruby_Proj/workspace/LSTM/LSTM/hls/.autopilot/db -o C:/Users/cocol/Ruby_Proj/workspace/LSTM/LSTM/hls/.autopilot/db/LSTM_step 
INFO: [HLS 200-10] ----------------------------------------------------------------
INFO: [HLS 200-10] -- Generating RTL for module 'LSTM' 
INFO: [HLS 200-10] ----------------------------------------------------------------
Execute       create_rtl_model LSTM -top_prefix  -sub_prefix LSTM_ -mg_file C:/Users/cocol/Ruby_Proj/workspace/LSTM/LSTM/hls/.autopilot/db/LSTM.compgen.tcl 
INFO: [RTGEN 206-500] Setting interface mode on port 'LSTM/W_f' to 'ap_memory'.
INFO: [RTGEN 206-500] Setting interface mode on port 'LSTM/U_f' to 'ap_memory'.
INFO: [RTGEN 206-500] Setting interface mode on port 'LSTM/b_f' to 'ap_memory'.
INFO: [RTGEN 206-500] Setting interface mode on port 'LSTM/W_i' to 'ap_memory'.
INFO: [RTGEN 206-500] Setting interface mode on port 'LSTM/U_i' to 'ap_memory'.
INFO: [RTGEN 206-500] Setting interface mode on port 'LSTM/b_i' to 'ap_memory'.
INFO: [RTGEN 206-500] Setting interface mode on port 'LSTM/W_g' to 'ap_memory'.
INFO: [RTGEN 206-500] Setting interface mode on port 'LSTM/U_g' to 'ap_memory'.
INFO: [RTGEN 206-500] Setting interface mode on port 'LSTM/b_g' to 'ap_memory'.
INFO: [RTGEN 206-500] Setting interface mode on port 'LSTM/W_o' to 'ap_memory'.
INFO: [RTGEN 206-500] Setting interface mode on port 'LSTM/U_o' to 'ap_memory'.
INFO: [RTGEN 206-500] Setting interface mode on port 'LSTM/b_o' to 'ap_memory'.
INFO: [RTGEN 206-500] Setting interface mode on port 'LSTM/x' to 'ap_memory'.
INFO: [RTGEN 206-500] Setting interface mode on port 'LSTM/h' to 'ap_memory'.
INFO: [RTGEN 206-500] Setting interface mode on port 'LSTM/c' to 'ap_memory'.
INFO: [RTGEN 206-500] Setting interface mode on function 'LSTM' to 'ap_ctrl_hs'.
INFO: [RTGEN 206-100] Finished creating RTL model for 'LSTM'.
INFO: [HLS 200-111] Finished Creating RTL model: CPU user time: 0 seconds. CPU system time: 0 seconds. Elapsed time: 0.54 seconds; current allocated memory: 364.285 MB.
Execute       source C:/Users/cocol/Ruby_Proj/workspace/LSTM/LSTM/hls/.autopilot/db/LSTM.rtl_wrap.cfg.tcl 
Execute       gen_rtl LSTM -istop -style xilinx -f -lang vhdl -o C:/Users/cocol/Ruby_Proj/workspace/LSTM/LSTM/hls/syn/vhdl/LSTM 
Execute       gen_rtl LSTM -istop -style xilinx -f -lang vlog -o C:/Users/cocol/Ruby_Proj/workspace/LSTM/LSTM/hls/syn/verilog/LSTM 
Execute       syn_report -csynth -model LSTM -o C:/Users/cocol/Ruby_Proj/workspace/LSTM/LSTM/hls/syn/report/LSTM_csynth.rpt 
Execute         list_part -family xc7z020-clg400-1 
Execute           ap_family_info -name xc7z020-clg400-1 -data names 
Execute           ap_part_info -quiet -name xc7z020-clg400-1 -data family 
Execute       syn_report -rtlxml -model LSTM -o C:/Users/cocol/Ruby_Proj/workspace/LSTM/LSTM/hls/syn/report/LSTM_csynth.xml 
Execute         list_part -family xc7z020-clg400-1 
Execute           ap_family_info -name xc7z020-clg400-1 -data names 
Execute           ap_part_info -quiet -name xc7z020-clg400-1 -data family 
Execute       syn_report -verbosereport -model LSTM -o C:/Users/cocol/Ruby_Proj/workspace/LSTM/LSTM/hls/.autopilot/db/LSTM.verbose.rpt 
Execute         list_part -family xc7z020-clg400-1 
Execute           ap_family_info -name xc7z020-clg400-1 -data names 
Execute           ap_part_info -quiet -name xc7z020-clg400-1 -data family 
Command       syn_report done; 0.253 sec.
Execute       db_write -model LSTM -f -o C:/Users/cocol/Ruby_Proj/workspace/LSTM/LSTM/hls/.autopilot/db/LSTM.adb 
Execute       db_write -model LSTM -bindview -o C:/Users/cocol/Ruby_Proj/workspace/LSTM/LSTM/hls/.autopilot/db/design.bindinfo.xml 
Execute       gen_tb_info LSTM -p C:/Users/cocol/Ruby_Proj/workspace/LSTM/LSTM/hls/.autopilot/db -o C:/Users/cocol/Ruby_Proj/workspace/LSTM/LSTM/hls/.autopilot/db/LSTM 
Execute       export_constraint_db -f -tool general -o C:/Users/cocol/Ruby_Proj/workspace/LSTM/LSTM/hls/.autopilot/db/LSTM.constraint.tcl 
Execute       syn_report -designview -model LSTM -o C:/Users/cocol/Ruby_Proj/workspace/LSTM/LSTM/hls/.autopilot/db/LSTM.design.xml 
Command       syn_report done; 0.286 sec.
Execute       syn_report -csynthDesign -model LSTM -o C:/Users/cocol/Ruby_Proj/workspace/LSTM/LSTM/hls/syn/report/csynth.rpt -MHOut C:/Users/cocol/Ruby_Proj/workspace/LSTM/LSTM/hls/.autopilot/db/kernel_module_hierarchy.tcl 
Execute         list_part -family xc7z020-clg400-1 
Execute           ap_family_info -name xc7z020-clg400-1 -data names 
Execute           ap_part_info -quiet -name xc7z020-clg400-1 -data family 
Execute       syn_report -wcfg -model LSTM -o C:/Users/cocol/Ruby_Proj/workspace/LSTM/LSTM/hls/.autopilot/db/LSTM_dataflow_ana.wcfg 
Execute       syn_report -protoinst -model LSTM -o C:/Users/cocol/Ruby_Proj/workspace/LSTM/LSTM/hls/.autopilot/db/LSTM.protoinst 
Execute       sc_get_clocks LSTM 
Execute       sc_get_portdomain LSTM 
INFO-FLOW: Model list for RTL component generation: LSTM_Pipeline_INIT exp_generic<double> generic_tanh<float> LSTM_step_Pipeline_GATES LSTM_step_Pipeline_UPDATE LSTM_step LSTM
INFO-FLOW: Handling components in module [LSTM_Pipeline_INIT] ... 
Execute       source C:/Users/cocol/Ruby_Proj/workspace/LSTM/LSTM/hls/.autopilot/db/LSTM_Pipeline_INIT.compgen.tcl 
INFO-FLOW: Found component LSTM_flow_control_loop_pipe_sequential_init.
INFO-FLOW: Append model LSTM_flow_control_loop_pipe_sequential_init
INFO-FLOW: Handling components in module [exp_generic_double_s] ... 
Execute       source C:/Users/cocol/Ruby_Proj/workspace/LSTM/LSTM/hls/.autopilot/db/exp_generic_double_s.compgen.tcl 
INFO-FLOW: Found component LSTM_mul_13s_71s_71_5_0.
INFO-FLOW: Append model LSTM_mul_13s_71s_71_5_0
INFO-FLOW: Found component LSTM_mul_43ns_36ns_79_2_0.
INFO-FLOW: Append model LSTM_mul_43ns_36ns_79_2_0
INFO-FLOW: Found component LSTM_mul_49ns_44ns_93_2_0.
INFO-FLOW: Append model LSTM_mul_49ns_44ns_93_2_0
INFO-FLOW: Found component LSTM_mul_50ns_50ns_99_2_0.
INFO-FLOW: Append model LSTM_mul_50ns_50ns_99_2_0
INFO-FLOW: Found component LSTM_sparsemux_9_3_64_1_0.
INFO-FLOW: Append model LSTM_sparsemux_9_3_64_1_0
INFO-FLOW: Found component LSTM_mac_muladd_16s_15ns_19s_31_4_0.
INFO-FLOW: Append model LSTM_mac_muladd_16s_15ns_19s_31_4_0
INFO-FLOW: Found component LSTM_exp_generic_double_s_table_exp_Z1_ap_ufixed_58_1_ap_q_mode_5_ap_o_mode_3_0_arbkb.
INFO-FLOW: Append model LSTM_exp_generic_double_s_table_exp_Z1_ap_ufixed_58_1_ap_q_mode_5_ap_o_mode_3_0_arbkb
INFO-FLOW: Found component LSTM_exp_generic_double_s_table_f_Z3_ap_ufixed_59_0_ap_q_mode_5_ap_o_mode_3_0_arracud.
INFO-FLOW: Append model LSTM_exp_generic_double_s_table_f_Z3_ap_ufixed_59_0_ap_q_mode_5_ap_o_mode_3_0_arracud
INFO-FLOW: Found component LSTM_exp_generic_double_s_table_f_Z2_ap_ufixed_59_0_ap_q_mode_5_ap_o_mode_3_0_arradEe.
INFO-FLOW: Append model LSTM_exp_generic_double_s_table_f_Z2_ap_ufixed_59_0_ap_q_mode_5_ap_o_mode_3_0_arradEe
INFO-FLOW: Handling components in module [generic_tanh_float_s] ... 
Execute       source C:/Users/cocol/Ruby_Proj/workspace/LSTM/LSTM/hls/.autopilot/db/generic_tanh_float_s.compgen.tcl 
INFO-FLOW: Found component LSTM_fadd_32ns_32ns_32_5_full_dsp_1.
INFO-FLOW: Append model LSTM_fadd_32ns_32ns_32_5_full_dsp_1
INFO-FLOW: Found component LSTM_fsub_32ns_32ns_32_5_full_dsp_1.
INFO-FLOW: Append model LSTM_fsub_32ns_32ns_32_5_full_dsp_1
INFO-FLOW: Found component LSTM_fmul_32ns_32ns_32_4_max_dsp_1.
INFO-FLOW: Append model LSTM_fmul_32ns_32ns_32_4_max_dsp_1
INFO-FLOW: Found component LSTM_fdiv_32ns_32ns_32_12_no_dsp_1.
INFO-FLOW: Append model LSTM_fdiv_32ns_32ns_32_12_no_dsp_1
INFO-FLOW: Found component LSTM_fptrunc_64ns_32_2_no_dsp_1.
INFO-FLOW: Append model LSTM_fptrunc_64ns_32_2_no_dsp_1
INFO-FLOW: Found component LSTM_fpext_32ns_64_2_no_dsp_1.
INFO-FLOW: Append model LSTM_fpext_32ns_64_2_no_dsp_1
INFO-FLOW: Found component LSTM_fcmp_32ns_32ns_1_2_no_dsp_1.
INFO-FLOW: Append model LSTM_fcmp_32ns_32ns_1_2_no_dsp_1
INFO-FLOW: Found component LSTM_dadd_64ns_64ns_64_5_full_dsp_1.
INFO-FLOW: Append model LSTM_dadd_64ns_64ns_64_5_full_dsp_1
INFO-FLOW: Handling components in module [LSTM_step_Pipeline_GATES] ... 
Execute       source C:/Users/cocol/Ruby_Proj/workspace/LSTM/LSTM/hls/.autopilot/db/LSTM_step_Pipeline_GATES.compgen.tcl 
INFO-FLOW: Found component LSTM_fexp_32ns_32ns_32_9_full_dsp_1.
INFO-FLOW: Append model LSTM_fexp_32ns_32ns_32_9_full_dsp_1
INFO-FLOW: Found component LSTM_flow_control_loop_pipe_sequential_init.
INFO-FLOW: Append model LSTM_flow_control_loop_pipe_sequential_init
INFO-FLOW: Handling components in module [LSTM_step_Pipeline_UPDATE] ... 
Execute       source C:/Users/cocol/Ruby_Proj/workspace/LSTM/LSTM/hls/.autopilot/db/LSTM_step_Pipeline_UPDATE.compgen.tcl 
INFO-FLOW: Found component LSTM_flow_control_loop_pipe_sequential_init.
INFO-FLOW: Append model LSTM_flow_control_loop_pipe_sequential_init
INFO-FLOW: Handling components in module [LSTM_step] ... 
Execute       source C:/Users/cocol/Ruby_Proj/workspace/LSTM/LSTM/hls/.autopilot/db/LSTM_step.compgen.tcl 
INFO-FLOW: Found component LSTM_LSTM_step_f_RAM_AUTO_1R1W.
INFO-FLOW: Append model LSTM_LSTM_step_f_RAM_AUTO_1R1W
INFO-FLOW: Handling components in module [LSTM] ... 
Execute       source C:/Users/cocol/Ruby_Proj/workspace/LSTM/LSTM/hls/.autopilot/db/LSTM.compgen.tcl 
INFO-FLOW: Append model LSTM_Pipeline_INIT
INFO-FLOW: Append model exp_generic_double_s
INFO-FLOW: Append model generic_tanh_float_s
INFO-FLOW: Append model LSTM_step_Pipeline_GATES
INFO-FLOW: Append model LSTM_step_Pipeline_UPDATE
INFO-FLOW: Append model LSTM_step
INFO-FLOW: Append model LSTM
INFO-FLOW: Generating RTL model list ...
INFO-FLOW: All models in this session: LSTM_flow_control_loop_pipe_sequential_init LSTM_mul_13s_71s_71_5_0 LSTM_mul_43ns_36ns_79_2_0 LSTM_mul_49ns_44ns_93_2_0 LSTM_mul_50ns_50ns_99_2_0 LSTM_sparsemux_9_3_64_1_0 LSTM_mac_muladd_16s_15ns_19s_31_4_0 LSTM_exp_generic_double_s_table_exp_Z1_ap_ufixed_58_1_ap_q_mode_5_ap_o_mode_3_0_arbkb LSTM_exp_generic_double_s_table_f_Z3_ap_ufixed_59_0_ap_q_mode_5_ap_o_mode_3_0_arracud LSTM_exp_generic_double_s_table_f_Z2_ap_ufixed_59_0_ap_q_mode_5_ap_o_mode_3_0_arradEe LSTM_fadd_32ns_32ns_32_5_full_dsp_1 LSTM_fsub_32ns_32ns_32_5_full_dsp_1 LSTM_fmul_32ns_32ns_32_4_max_dsp_1 LSTM_fdiv_32ns_32ns_32_12_no_dsp_1 LSTM_fptrunc_64ns_32_2_no_dsp_1 LSTM_fpext_32ns_64_2_no_dsp_1 LSTM_fcmp_32ns_32ns_1_2_no_dsp_1 LSTM_dadd_64ns_64ns_64_5_full_dsp_1 LSTM_fexp_32ns_32ns_32_9_full_dsp_1 LSTM_flow_control_loop_pipe_sequential_init LSTM_flow_control_loop_pipe_sequential_init LSTM_LSTM_step_f_RAM_AUTO_1R1W LSTM_Pipeline_INIT exp_generic_double_s generic_tanh_float_s LSTM_step_Pipeline_GATES LSTM_step_Pipeline_UPDATE LSTM_step LSTM
INFO-FLOW: Generating C:/Users/cocol/Ruby_Proj/workspace/LSTM/LSTM/hls/.autopilot/db/autopilot.rtl.models.txt file...
INFO-FLOW: To file: write model LSTM_flow_control_loop_pipe_sequential_init
INFO-FLOW: To file: write model LSTM_mul_13s_71s_71_5_0
INFO-FLOW: To file: write model LSTM_mul_43ns_36ns_79_2_0
INFO-FLOW: To file: write model LSTM_mul_49ns_44ns_93_2_0
INFO-FLOW: To file: write model LSTM_mul_50ns_50ns_99_2_0
INFO-FLOW: To file: write model LSTM_sparsemux_9_3_64_1_0
INFO-FLOW: To file: write model LSTM_mac_muladd_16s_15ns_19s_31_4_0
INFO-FLOW: To file: write model LSTM_exp_generic_double_s_table_exp_Z1_ap_ufixed_58_1_ap_q_mode_5_ap_o_mode_3_0_arbkb
INFO-FLOW: To file: write model LSTM_exp_generic_double_s_table_f_Z3_ap_ufixed_59_0_ap_q_mode_5_ap_o_mode_3_0_arracud
INFO-FLOW: To file: write model LSTM_exp_generic_double_s_table_f_Z2_ap_ufixed_59_0_ap_q_mode_5_ap_o_mode_3_0_arradEe
INFO-FLOW: To file: write model LSTM_fadd_32ns_32ns_32_5_full_dsp_1
INFO-FLOW: To file: write model LSTM_fsub_32ns_32ns_32_5_full_dsp_1
INFO-FLOW: To file: write model LSTM_fmul_32ns_32ns_32_4_max_dsp_1
INFO-FLOW: To file: write model LSTM_fdiv_32ns_32ns_32_12_no_dsp_1
INFO-FLOW: To file: write model LSTM_fptrunc_64ns_32_2_no_dsp_1
INFO-FLOW: To file: write model LSTM_fpext_32ns_64_2_no_dsp_1
INFO-FLOW: To file: write model LSTM_fcmp_32ns_32ns_1_2_no_dsp_1
INFO-FLOW: To file: write model LSTM_dadd_64ns_64ns_64_5_full_dsp_1
INFO-FLOW: To file: write model LSTM_fexp_32ns_32ns_32_9_full_dsp_1
INFO-FLOW: To file: write model LSTM_flow_control_loop_pipe_sequential_init
INFO-FLOW: To file: write model LSTM_flow_control_loop_pipe_sequential_init
INFO-FLOW: To file: write model LSTM_LSTM_step_f_RAM_AUTO_1R1W
INFO-FLOW: To file: write model LSTM_Pipeline_INIT
INFO-FLOW: To file: write model exp_generic_double_s
INFO-FLOW: To file: write model generic_tanh_float_s
INFO-FLOW: To file: write model LSTM_step_Pipeline_GATES
INFO-FLOW: To file: write model LSTM_step_Pipeline_UPDATE
INFO-FLOW: To file: write model LSTM_step
INFO-FLOW: To file: write model LSTM
INFO-FLOW: Generating C:/Users/cocol/Ruby_Proj/workspace/LSTM/LSTM/hls/.autopilot/db/autopilot.rtl.models.tcl file...
INFO-FLOW: Finished generating RTL model list.


INFO-FLOW: RTL Generation done.
INFO-FLOW: CAS Generation done.
INFO-FLOW: CBC Generation done.
INFO-FLOW: DBG:PROC: ::AESL_AUTOMG::auto_generate_csynth_design
INFO-FLOW: DBG:PUTS: read_platform_lib C:/Users/cocol/Ruby_Proj/workspace/LSTM/LSTM/hls/.autopilot/db/global.setting.tcl
Execute       source C:/Xilinx/2025.1/Vitis/common/technology/generic/autopilot/common.gen 
Execute         source C:/Xilinx/2025.1/Vitis/common/technology/generic/autopilot/APCoreGen.gen 
Execute       source C:/Xilinx/2025.1/Vitis/common/technology/generic/autopilot/op.gen 
Execute       source C:/Xilinx/2025.1/Vitis/common/technology/generic/autopilot/op_simcore.gen 
Execute       source C:/Xilinx/2025.1/Vitis/common/technology/generic/autopilot/interface.gen 
Execute       source C:/Users/cocol/Ruby_Proj/workspace/LSTM/LSTM/hls/.autopilot/db/global.setting.tcl 
Execute       source C:/Xilinx/2025.1/Vitis/common/technology/xilinx/common/xilinx.gen 
Execute         source C:/Xilinx/2025.1/Vitis/common/technology/xilinx/interface/plb46.gen 
Execute         source C:/Xilinx/2025.1/Vitis/common/technology/xilinx/interface/axi4.gen 
Execute         source C:/Xilinx/2025.1/Vitis/common/technology/xilinx/interface/nativeAXI4.gen 
Execute           source C:/Xilinx/2025.1/Vitis/common/technology/xilinx/interface/saxilite.gen 
Execute         source C:/Xilinx/2025.1/Vitis/common/technology/xilinx/scripts/xilinxcoregen.gen 
Execute         source C:/Xilinx/2025.1/Vitis/common/technology/xilinx/interface/XilEDKCoreGen.gen 
Execute         source C:/Xilinx/2025.1/Vitis/common/technology/xilinx/ip/dds_compiler.gen 
Execute         source C:/Xilinx/2025.1/Vitis/common/technology/xilinx/ip/util.gen 
Execute         source C:/Xilinx/2025.1/Vitis/common/technology/xilinx/ip/xfft.gen 
Execute         source C:/Xilinx/2025.1/Vitis/common/technology/xilinx/ip/xfir.gen 
Execute         source C:/Xilinx/2025.1/Vitis/common/technology/xilinx/DSP48/dsp48.gen 
Command       ap_source done; 0.157 sec.
INFO-FLOW: DBG:PUTS:   using AESL_AUTOCG::g_clock_period=12.000 (was NA)
INFO-FLOW: DBG:PROC: ::AESL_AUTOMG::generate_ip_cores gen_sim_model='1' gen_fp_models='0' gen_for_export='0' dstSCDir='' dstVhdlDir='C:/Users/cocol/Ruby_Proj/workspace/LSTM/LSTM/hls/.autopilot/db/vhdl' dstVlogDir='C:/Users/cocol/Ruby_Proj/workspace/LSTM/LSTM/hls/.autopilot/db/vlog' tclDir='C:/Users/cocol/Ruby_Proj/workspace/LSTM/LSTM/hls/.autopilot/db' modelList='LSTM_flow_control_loop_pipe_sequential_init
LSTM_mul_13s_71s_71_5_0
LSTM_mul_43ns_36ns_79_2_0
LSTM_mul_49ns_44ns_93_2_0
LSTM_mul_50ns_50ns_99_2_0
LSTM_sparsemux_9_3_64_1_0
LSTM_mac_muladd_16s_15ns_19s_31_4_0
LSTM_exp_generic_double_s_table_exp_Z1_ap_ufixed_58_1_ap_q_mode_5_ap_o_mode_3_0_arbkb
LSTM_exp_generic_double_s_table_f_Z3_ap_ufixed_59_0_ap_q_mode_5_ap_o_mode_3_0_arracud
LSTM_exp_generic_double_s_table_f_Z2_ap_ufixed_59_0_ap_q_mode_5_ap_o_mode_3_0_arradEe
LSTM_fadd_32ns_32ns_32_5_full_dsp_1
LSTM_fsub_32ns_32ns_32_5_full_dsp_1
LSTM_fmul_32ns_32ns_32_4_max_dsp_1
LSTM_fdiv_32ns_32ns_32_12_no_dsp_1
LSTM_fptrunc_64ns_32_2_no_dsp_1
LSTM_fpext_32ns_64_2_no_dsp_1
LSTM_fcmp_32ns_32ns_1_2_no_dsp_1
LSTM_dadd_64ns_64ns_64_5_full_dsp_1
LSTM_fexp_32ns_32ns_32_9_full_dsp_1
LSTM_flow_control_loop_pipe_sequential_init
LSTM_flow_control_loop_pipe_sequential_init
LSTM_LSTM_step_f_RAM_AUTO_1R1W
LSTM_Pipeline_INIT
exp_generic_double_s
generic_tanh_float_s
LSTM_step_Pipeline_GATES
LSTM_step_Pipeline_UPDATE
LSTM_step
LSTM
' expOnly='0'
Execute       source C:/Users/cocol/Ruby_Proj/workspace/LSTM/LSTM/hls/.autopilot/db/global.setting.tcl 
Execute       ap_part_info -name xc7z020-clg400-1 -data names -quiet 
Execute       ap_part_info -name xc7z020-clg400-1 -data info -quiet 
Execute       source C:/Users/cocol/Ruby_Proj/workspace/LSTM/LSTM/hls/.autopilot/db/global.setting.tcl 
Execute       source C:/Users/cocol/Ruby_Proj/workspace/LSTM/LSTM/hls/.autopilot/db/global.setting.tcl 
Execute       source C:/Users/cocol/Ruby_Proj/workspace/LSTM/LSTM/hls/.autopilot/db/LSTM_Pipeline_INIT.compgen.tcl 
Execute       source C:/Users/cocol/Ruby_Proj/workspace/LSTM/LSTM/hls/.autopilot/db/exp_generic_double_s.compgen.tcl 
Execute       source C:/Users/cocol/Ruby_Proj/workspace/LSTM/LSTM/hls/.autopilot/db/generic_tanh_float_s.compgen.tcl 
Execute       source C:/Users/cocol/Ruby_Proj/workspace/LSTM/LSTM/hls/.autopilot/db/LSTM_step_Pipeline_GATES.compgen.tcl 
Execute       source C:/Users/cocol/Ruby_Proj/workspace/LSTM/LSTM/hls/.autopilot/db/LSTM_step_Pipeline_UPDATE.compgen.tcl 
Execute       source C:/Users/cocol/Ruby_Proj/workspace/LSTM/LSTM/hls/.autopilot/db/LSTM_step.compgen.tcl 
Execute       source C:/Users/cocol/Ruby_Proj/workspace/LSTM/LSTM/hls/.autopilot/db/LSTM.compgen.tcl 
INFO: [HLS 200-111] Finished Generating all RTL models: CPU user time: 1 seconds. CPU system time: 0 seconds. Elapsed time: 3.126 seconds; current allocated memory: 366.668 MB.
INFO-FLOW: DBG:PROC: ::HLSREPORTS::create_csynth_xml bind_info_var='bind_info' RtlSubPrefix='LSTM_' outfile=''
INFO-FLOW: Running: create_csynth_xml read xml data
INFO-FLOW: Done: create_csynth_xml read xml data time: 0 seconds per iteration
INFO-FLOW: Running: create_csynth_xml bind info
INFO-FLOW: Done: create_csynth_xml bind info time: 0.1 seconds per iteration
INFO-FLOW: Running: create_csynth_xml config info
INFO-FLOW: Done: create_csynth_xml config info time: 1.2 seconds per iteration
INFO-FLOW: Running: create_csynth_xml write xml
INFO-FLOW: Done: create_csynth_xml write xml time: 0 seconds per iteration
INFO-FLOW: DBG:PUTS:      create_csynth_xml wrote csynth_xml=C:/Users/cocol/Ruby_Proj/workspace/LSTM/LSTM/hls/syn/report/csynth.xml
INFO-FLOW: DBG:PROC: ::AP::DESIGN_DATA::generate_json generate_bd_files='0' generate_xo_files='0' modelList='LSTM_flow_control_loop_pipe_sequential_init
LSTM_mul_13s_71s_71_5_0
LSTM_mul_43ns_36ns_79_2_0
LSTM_mul_49ns_44ns_93_2_0
LSTM_mul_50ns_50ns_99_2_0
LSTM_sparsemux_9_3_64_1_0
LSTM_mac_muladd_16s_15ns_19s_31_4_0
LSTM_exp_generic_double_s_table_exp_Z1_ap_ufixed_58_1_ap_q_mode_5_ap_o_mode_3_0_arbkb
LSTM_exp_generic_double_s_table_f_Z3_ap_ufixed_59_0_ap_q_mode_5_ap_o_mode_3_0_arracud
LSTM_exp_generic_double_s_table_f_Z2_ap_ufixed_59_0_ap_q_mode_5_ap_o_mode_3_0_arradEe
LSTM_fadd_32ns_32ns_32_5_full_dsp_1
LSTM_fsub_32ns_32ns_32_5_full_dsp_1
LSTM_fmul_32ns_32ns_32_4_max_dsp_1
LSTM_fdiv_32ns_32ns_32_12_no_dsp_1
LSTM_fptrunc_64ns_32_2_no_dsp_1
LSTM_fpext_32ns_64_2_no_dsp_1
LSTM_fcmp_32ns_32ns_1_2_no_dsp_1
LSTM_dadd_64ns_64ns_64_5_full_dsp_1
LSTM_fexp_32ns_32ns_32_9_full_dsp_1
LSTM_flow_control_loop_pipe_sequential_init
LSTM_flow_control_loop_pipe_sequential_init
LSTM_LSTM_step_f_RAM_AUTO_1R1W
LSTM_Pipeline_INIT
exp_generic_double_s
generic_tanh_float_s
LSTM_step_Pipeline_GATES
LSTM_step_Pipeline_UPDATE
LSTM_step
LSTM
' rtl_lang='both' bootstrap_tcl='false' outdir='' outfilename=''
Execute       source C:/Users/cocol/Ruby_Proj/workspace/LSTM/LSTM/hls/.autopilot/db/global.setting.tcl 
Execute       source C:/Users/cocol/Ruby_Proj/workspace/LSTM/LSTM/hls/.autopilot/db/global.setting.tcl 
Execute       source C:/Users/cocol/Ruby_Proj/workspace/LSTM/LSTM/hls/.autopilot/db/top-io-be.tcl 
Execute       source C:/Users/cocol/Ruby_Proj/workspace/LSTM/LSTM/hls/.autopilot/db/LSTM.tbgen.tcl 
Execute       source C:/Users/cocol/Ruby_Proj/workspace/LSTM/LSTM/hls/.autopilot/db/LSTM.rtl_wrap.cfg.tcl 
Execute       source C:/Users/cocol/Ruby_Proj/workspace/LSTM/LSTM/hls/.autopilot/db/LSTM.compgen.dataonly.tcl 
Execute       source C:/Users/cocol/Ruby_Proj/workspace/LSTM/LSTM/hls/.autopilot/db/LSTM_Pipeline_INIT.tbgen.tcl 
Execute       source C:/Users/cocol/Ruby_Proj/workspace/LSTM/LSTM/hls/.autopilot/db/exp_generic_double_s.tbgen.tcl 
Execute       source C:/Users/cocol/Ruby_Proj/workspace/LSTM/LSTM/hls/.autopilot/db/generic_tanh_float_s.tbgen.tcl 
Execute       source C:/Users/cocol/Ruby_Proj/workspace/LSTM/LSTM/hls/.autopilot/db/LSTM_step_Pipeline_GATES.tbgen.tcl 
Execute       source C:/Users/cocol/Ruby_Proj/workspace/LSTM/LSTM/hls/.autopilot/db/LSTM_step_Pipeline_UPDATE.tbgen.tcl 
Execute       source C:/Users/cocol/Ruby_Proj/workspace/LSTM/LSTM/hls/.autopilot/db/LSTM_step.tbgen.tcl 
Execute       source C:/Users/cocol/Ruby_Proj/workspace/LSTM/LSTM/hls/.autopilot/db/LSTM.tbgen.tcl 
Execute       source C:/Users/cocol/Ruby_Proj/workspace/LSTM/LSTM/hls/.autopilot/db/global.setting.tcl 
Execute       ap_part_info -name xc7z020-clg400-1 -data names -quiet 
Execute       ap_part_info -name xc7z020-clg400-1 -data info -quiet 
Execute       source C:/Users/cocol/Ruby_Proj/workspace/LSTM/LSTM/hls/.autopilot/db/LSTM.constraint.tcl 
Execute       sc_get_clocks LSTM 
Execute       source C:/Users/cocol/Ruby_Proj/workspace/LSTM/LSTM/hls/.autopilot/db/global.setting.tcl 
Execute       source C:/Users/cocol/Ruby_Proj/workspace/LSTM/LSTM/hls/impl/misc/LSTM_dadd_64ns_64ns_64_5_full_dsp_1_ip.tcl 
Execute       source C:/Users/cocol/Ruby_Proj/workspace/LSTM/LSTM/hls/impl/misc/LSTM_fadd_32ns_32ns_32_5_full_dsp_1_ip.tcl 
Execute       source C:/Users/cocol/Ruby_Proj/workspace/LSTM/LSTM/hls/impl/misc/LSTM_fcmp_32ns_32ns_1_2_no_dsp_1_ip.tcl 
Execute       source C:/Users/cocol/Ruby_Proj/workspace/LSTM/LSTM/hls/impl/misc/LSTM_fdiv_32ns_32ns_32_12_no_dsp_1_ip.tcl 
Execute       source C:/Users/cocol/Ruby_Proj/workspace/LSTM/LSTM/hls/impl/misc/LSTM_fexp_32ns_32ns_32_9_full_dsp_1_ip.tcl 
Execute       source C:/Users/cocol/Ruby_Proj/workspace/LSTM/LSTM/hls/impl/misc/LSTM_fmul_32ns_32ns_32_4_max_dsp_1_ip.tcl 
Execute       source C:/Users/cocol/Ruby_Proj/workspace/LSTM/LSTM/hls/impl/misc/LSTM_fpext_32ns_64_2_no_dsp_1_ip.tcl 
Execute       source C:/Users/cocol/Ruby_Proj/workspace/LSTM/LSTM/hls/impl/misc/LSTM_fptrunc_64ns_32_2_no_dsp_1_ip.tcl 
Execute       source C:/Users/cocol/Ruby_Proj/workspace/LSTM/LSTM/hls/impl/misc/LSTM_fsub_32ns_32ns_32_5_full_dsp_1_ip.tcl 
INFO-FLOW: DBG:PROC: ::HLSREPORTS::add_csynth_report_sections bind_info_dict='adapter_nodes {} cache_nodes {} report_dict {TOPINST LSTM MODULE2INSTS {LSTM LSTM LSTM_Pipeline_INIT grp_LSTM_Pipeline_INIT_fu_76 LSTM_step grp_LSTM_step_fu_84 LSTM_step_Pipeline_GATES grp_LSTM_step_Pipeline_GATES_fu_768 generic_tanh_float_s {grp_generic_tanh_float_s_fu_2890 grp_generic_tanh_float_s_fu_136} exp_generic_double_s {grp_exp_generic_double_s_fu_89 grp_exp_generic_double_s_fu_89} LSTM_step_Pipeline_UPDATE grp_LSTM_step_Pipeline_UPDATE_fu_870} INST2MODULE {LSTM LSTM grp_LSTM_Pipeline_INIT_fu_76 LSTM_Pipeline_INIT grp_LSTM_step_fu_84 LSTM_step grp_LSTM_step_Pipeline_GATES_fu_768 LSTM_step_Pipeline_GATES grp_generic_tanh_float_s_fu_2890 generic_tanh_float_s grp_exp_generic_double_s_fu_89 exp_generic_double_s grp_LSTM_step_Pipeline_UPDATE_fu_870 LSTM_step_Pipeline_UPDATE grp_generic_tanh_float_s_fu_136 generic_tanh_float_s} INSTDATA {LSTM {DEPTH 1 CHILDREN {grp_LSTM_Pipeline_INIT_fu_76 grp_LSTM_step_fu_84}} grp_LSTM_Pipeline_INIT_fu_76 {DEPTH 2 CHILDREN {}} grp_LSTM_step_fu_84 {DEPTH 2 CHILDREN {grp_LSTM_step_Pipeline_GATES_fu_768 grp_LSTM_step_Pipeline_UPDATE_fu_870}} grp_LSTM_step_Pipeline_GATES_fu_768 {DEPTH 3 CHILDREN grp_generic_tanh_float_s_fu_2890} grp_generic_tanh_float_s_fu_2890 {DEPTH 4 CHILDREN grp_exp_generic_double_s_fu_89} grp_exp_generic_double_s_fu_89 {DEPTH 5 CHILDREN {}} grp_LSTM_step_Pipeline_UPDATE_fu_870 {DEPTH 3 CHILDREN grp_generic_tanh_float_s_fu_136} grp_generic_tanh_float_s_fu_136 {DEPTH 4 CHILDREN grp_exp_generic_double_s_fu_89}} MODULEDATA {LSTM_Pipeline_INIT {BINDINFO {{BINDTYPE op ID {} IMPL auto LATENCY 0 OPTYPE seteq PRAGMA {} RTLNAME icmp_ln65_fu_74_p2 SOURCE LSTM.cpp:65 VARIABLE icmp_ln65 LOOP INIT BUNDLEDNAME {} DSP 0 BRAM 0 URAM 0 STORAGESUBTYPE {} DISPNAME {bind_op seteq} VISIBLE false} {BINDTYPE op ID {} IMPL fabric LATENCY 0 OPTYPE add PRAGMA {} RTLNAME add_ln65_fu_80_p2 SOURCE LSTM.cpp:65 VARIABLE add_ln65 LOOP INIT BUNDLEDNAME {} DSP 0 BRAM 0 URAM 0 STORAGESUBTYPE {} DISPNAME {bind_op add} VISIBLE true}} AREA {DSP 0 BRAM 0 URAM 0}} exp_generic_double_s {BINDINFO {{BINDTYPE op ID {} IMPL auto LATENCY 0 OPTYPE seteq PRAGMA {} RTLNAME icmp_ln18_fu_304_p2 SOURCE {C:\scratch\2025.1\hls_product\640\2025.1\src\shared\hls\clib/hlsmath/include/FloatingPoint/hls_isnan.h:18} VARIABLE icmp_ln18 LOOP {} BUNDLEDNAME {} DSP 0 BRAM 0 URAM 0 STORAGESUBTYPE {} DISPNAME {bind_op seteq} VISIBLE false} {BINDTYPE op ID {} IMPL auto LATENCY 0 OPTYPE setne PRAGMA {} RTLNAME icmp_ln18_1_fu_310_p2 SOURCE {C:\scratch\2025.1\hls_product\640\2025.1\src\shared\hls\clib/hlsmath/include/FloatingPoint/hls_isnan.h:18} VARIABLE icmp_ln18_1 LOOP {} BUNDLEDNAME {} DSP 0 BRAM 0 URAM 0 STORAGESUBTYPE {} DISPNAME {bind_op setne} VISIBLE false} {BINDTYPE op ID {} IMPL auto LATENCY 0 OPTYPE and PRAGMA {} RTLNAME x_is_NaN_fu_316_p2 SOURCE {C:\scratch\2025.1\hls_product\640\2025.1\src\shared\hls\clib/hlsmath/include/FloatingPoint/hls_isnan.h:18} VARIABLE x_is_NaN LOOP {} BUNDLEDNAME {} DSP 0 BRAM 0 URAM 0 STORAGESUBTYPE {} DISPNAME {bind_op and} VISIBLE false} {BINDTYPE op ID {} IMPL auto LATENCY 0 OPTYPE seteq PRAGMA {} RTLNAME icmp_ln18_2_fu_322_p2 SOURCE {C:\scratch\2025.1\hls_product\640\2025.1\src\shared\hls\clib/hlsmath/include/FloatingPoint/hls_isinf.h:18} VARIABLE icmp_ln18_2 LOOP {} BUNDLEDNAME {} DSP 0 BRAM 0 URAM 0 STORAGESUBTYPE {} DISPNAME {bind_op seteq} VISIBLE false} {BINDTYPE op ID {} IMPL auto LATENCY 0 OPTYPE and PRAGMA {} RTLNAME x_is_inf_fu_328_p2 SOURCE {C:\scratch\2025.1\hls_product\640\2025.1\src\shared\hls\clib/hlsmath/include/FloatingPoint/hls_isinf.h:18} VARIABLE x_is_inf LOOP {} BUNDLEDNAME {} DSP 0 BRAM 0 URAM 0 STORAGESUBTYPE {} DISPNAME {bind_op and} VISIBLE false} {BINDTYPE op ID {} IMPL auto LATENCY 0 OPTYPE xor PRAGMA {} RTLNAME xor_ln182_fu_925_p2 SOURCE {C:\scratch\2025.1\hls_product\640\2025.1\src\shared\hls\clib/hlsmath/include/FloatingPoint\hls_exp_.h:182} VARIABLE xor_ln182 LOOP {} BUNDLEDNAME {} DSP 0 BRAM 0 URAM 0 STORAGESUBTYPE {} DISPNAME {bind_op xor} VISIBLE false} {BINDTYPE op ID {} IMPL auto LATENCY 0 OPTYPE and PRAGMA {} RTLNAME x_is_pinf_fu_930_p2 SOURCE {C:\scratch\2025.1\hls_product\640\2025.1\src\shared\hls\clib/hlsmath/include/FloatingPoint\hls_exp_.h:182} VARIABLE x_is_pinf LOOP {} BUNDLEDNAME {} DSP 0 BRAM 0 URAM 0 STORAGESUBTYPE {} DISPNAME {bind_op and} VISIBLE false} {BINDTYPE op ID {} IMPL auto LATENCY 0 OPTYPE or PRAGMA {} RTLNAME or_ln185_fu_935_p2 SOURCE {C:\scratch\2025.1\hls_product\640\2025.1\src\shared\hls\clib/hlsmath/include/FloatingPoint\hls_exp_.h:185} VARIABLE or_ln185 LOOP {} BUNDLEDNAME {} DSP 0 BRAM 0 URAM 0 STORAGESUBTYPE {} DISPNAME {bind_op or} VISIBLE false} {BINDTYPE op ID {} IMPL auto_sel LATENCY 0 OPTYPE select PRAGMA {} RTLNAME select_ln185_fu_940_p3 SOURCE {C:\scratch\2025.1\hls_product\640\2025.1\src\shared\hls\clib/hlsmath/include/FloatingPoint\hls_exp_.h:185} VARIABLE select_ln185 LOOP {} BUNDLEDNAME {} DSP 0 BRAM 0 URAM 0 STORAGESUBTYPE {} DISPNAME {bind_op select} VISIBLE false} {BINDTYPE op ID {} IMPL auto LATENCY 0 OPTYPE or PRAGMA {} RTLNAME or_ln185_1_fu_947_p2 SOURCE {C:\scratch\2025.1\hls_product\640\2025.1\src\shared\hls\clib/hlsmath/include/FloatingPoint\hls_exp_.h:185} VARIABLE or_ln185_1 LOOP {} BUNDLEDNAME {} DSP 0 BRAM 0 URAM 0 STORAGESUBTYPE {} DISPNAME {bind_op or} VISIBLE false} {BINDTYPE op ID {} IMPL auto_sel LATENCY 0 OPTYPE select PRAGMA {} RTLNAME retval_1_fu_1071_p2 SOURCE {C:\scratch\2025.1\hls_product\640\2025.1\src\shared\hls\clib/hlsmath/include/FloatingPoint\hls_exp_.h:185} VARIABLE select_ln185_1 LOOP {} BUNDLEDNAME {} DSP 0 BRAM 0 URAM 0 STORAGESUBTYPE {} DISPNAME {bind_op select} VISIBLE false} {BINDTYPE op ID {} IMPL fabric LATENCY 0 OPTYPE add PRAGMA {} RTLNAME m_exp_fu_338_p2 SOURCE {C:\scratch\2025.1\hls_product\640\2025.1\src\shared\hls\clib/src/hls\utils/x_hls_utils.h:486} VARIABLE m_exp LOOP {} BUNDLEDNAME {} DSP 0 BRAM 0 URAM 0 STORAGESUBTYPE {} DISPNAME {bind_op add} VISIBLE true} {BINDTYPE op ID {} IMPL fabric LATENCY 0 OPTYPE sub PRAGMA {} RTLNAME e_frac_1_fu_356_p2 SOURCE {C:\scratch\2025.1\hls_product\640\2025.1\src\shared\hls\clib/hlsmath/include/FloatingPoint\hls_exp_.h:224} VARIABLE e_frac_1 LOOP {} BUNDLEDNAME {} DSP 0 BRAM 0 URAM 0 STORAGESUBTYPE {} DISPNAME {bind_op sub} VISIBLE true} {BINDTYPE op ID {} IMPL auto_sel LATENCY 0 OPTYPE select PRAGMA {} RTLNAME e_frac_2_fu_362_p3 SOURCE {C:\scratch\2025.1\hls_product\640\2025.1\src\shared\hls\clib/hlsmath/include/FloatingPoint\hls_exp_.h:224} VARIABLE e_frac_2 LOOP {} BUNDLEDNAME {} DSP 0 BRAM 0 URAM 0 STORAGESUBTYPE {} DISPNAME {bind_op select} VISIBLE false} {BINDTYPE op ID {} IMPL fabric LATENCY 0 OPTYPE sub PRAGMA {} RTLNAME sub_ln229_fu_378_p2 SOURCE {C:\scratch\2025.1\hls_product\640\2025.1\src\shared\hls\clib/hlsmath/include/FloatingPoint\hls_exp_.h:229} VARIABLE sub_ln229 LOOP {} BUNDLEDNAME {} DSP 0 BRAM 0 URAM 0 STORAGESUBTYPE {} DISPNAME {bind_op sub} VISIBLE true} {BINDTYPE op ID {} IMPL auto_sel LATENCY 0 OPTYPE select PRAGMA {} RTLNAME select_ln229_fu_388_p3 SOURCE {C:\scratch\2025.1\hls_product\640\2025.1\src\shared\hls\clib/hlsmath/include/FloatingPoint\hls_exp_.h:229} VARIABLE select_ln229 LOOP {} BUNDLEDNAME {} DSP 0 BRAM 0 URAM 0 STORAGESUBTYPE {} DISPNAME {bind_op select} VISIBLE false} {BINDTYPE op ID {} IMPL auto_pipe LATENCY 0 OPTYPE ashr PRAGMA {} RTLNAME ashr_ln229_fu_428_p2 SOURCE {C:\scratch\2025.1\hls_product\640\2025.1\src\shared\hls\clib/hlsmath/include/FloatingPoint\hls_exp_.h:229} VARIABLE ashr_ln229 LOOP {} BUNDLEDNAME {} DSP 0 BRAM 0 URAM 0 STORAGESUBTYPE {} DISPNAME {bind_op ashr} VISIBLE false} {BINDTYPE op ID {} IMPL auto_pipe LATENCY 0 OPTYPE shl PRAGMA {} RTLNAME shl_ln229_fu_434_p2 SOURCE {C:\scratch\2025.1\hls_product\640\2025.1\src\shared\hls\clib/hlsmath/include/FloatingPoint\hls_exp_.h:229} VARIABLE shl_ln229 LOOP {} BUNDLEDNAME {} DSP 0 BRAM 0 URAM 0 STORAGESUBTYPE {} DISPNAME {bind_op shl} VISIBLE false} {BINDTYPE op ID {} IMPL auto_sel LATENCY 0 OPTYPE select PRAGMA {} RTLNAME m_fix_fu_440_p3 SOURCE {C:\scratch\2025.1\hls_product\640\2025.1\src\shared\hls\clib/hlsmath/include/FloatingPoint\hls_exp_.h:229} VARIABLE m_fix LOOP {} BUNDLEDNAME {} DSP 0 BRAM 0 URAM 0 STORAGESUBTYPE {} DISPNAME {bind_op select} VISIBLE false} {BINDTYPE op ID {} IMPL auto_pipe LATENCY 0 OPTYPE shl PRAGMA {} RTLNAME shl_ln230_fu_486_p2 SOURCE {C:\scratch\2025.1\hls_product\640\2025.1\src\shared\hls\clib/hlsmath/include/FloatingPoint\hls_exp_.h:230} VARIABLE shl_ln230 LOOP {} BUNDLEDNAME {} DSP 0 BRAM 0 URAM 0 STORAGESUBTYPE {} DISPNAME {bind_op shl} VISIBLE false} {BINDTYPE op ID {} IMPL auto_pipe LATENCY 0 OPTYPE ashr PRAGMA {} RTLNAME ashr_ln230_fu_491_p2 SOURCE {C:\scratch\2025.1\hls_product\640\2025.1\src\shared\hls\clib/hlsmath/include/FloatingPoint\hls_exp_.h:230} VARIABLE ashr_ln230 LOOP {} BUNDLEDNAME {} DSP 0 BRAM 0 URAM 0 STORAGESUBTYPE {} DISPNAME {bind_op ashr} VISIBLE false} {BINDTYPE op ID {} IMPL dsp_slice LATENCY 3 OPTYPE mul PRAGMA {} RTLNAME mac_muladd_16s_15ns_19s_31_4_0_U8 SOURCE {C:\scratch\2025.1\hls_product\640\2025.1\src\shared\hls\clib/hlsmath/include/FloatingPoint\hls_exp_.h:243} VARIABLE mul_ln243 LOOP {} BUNDLEDNAME {} DSP 1 BRAM 0 URAM 0 STORAGESUBTYPE {} DISPNAME {bind_op mul} VISIBLE true} {BINDTYPE op ID {} IMPL dsp_slice LATENCY 3 OPTYPE add PRAGMA {} RTLNAME mac_muladd_16s_15ns_19s_31_4_0_U8 SOURCE {C:\scratch\2025.1\hls_product\640\2025.1\src\shared\hls\clib/hlsmath/include/FloatingPoint\hls_exp_.h:243} VARIABLE add_ln243 LOOP {} BUNDLEDNAME {} DSP 1 BRAM 0 URAM 0 STORAGESUBTYPE {} DISPNAME {bind_op add} VISIBLE true} {BINDTYPE op ID {} IMPL auto LATENCY 0 OPTYPE setne PRAGMA {} RTLNAME icmp_ln243_fu_546_p2 SOURCE {C:\scratch\2025.1\hls_product\640\2025.1\src\shared\hls\clib/hlsmath/include/FloatingPoint\hls_exp_.h:243} VARIABLE icmp_ln243 LOOP {} BUNDLEDNAME {} DSP 0 BRAM 0 URAM 0 STORAGESUBTYPE {} DISPNAME {bind_op setne} VISIBLE false} {BINDTYPE op ID {} IMPL fabric LATENCY 0 OPTYPE add PRAGMA {} RTLNAME add_ln243_1_fu_552_p2 SOURCE {C:\scratch\2025.1\hls_product\640\2025.1\src\shared\hls\clib/hlsmath/include/FloatingPoint\hls_exp_.h:243} VARIABLE add_ln243_1 LOOP {} BUNDLEDNAME {} DSP 0 BRAM 0 URAM 0 STORAGESUBTYPE {} DISPNAME {bind_op add} VISIBLE true} {BINDTYPE op ID {} IMPL auto_sel LATENCY 0 OPTYPE select PRAGMA {} RTLNAME select_ln243_fu_558_p3 SOURCE {C:\scratch\2025.1\hls_product\640\2025.1\src\shared\hls\clib/hlsmath/include/FloatingPoint\hls_exp_.h:243} VARIABLE select_ln243 LOOP {} BUNDLEDNAME {} DSP 0 BRAM 0 URAM 0 STORAGESUBTYPE {} DISPNAME {bind_op select} VISIBLE false} {BINDTYPE op ID {} IMPL auto_sel LATENCY 0 OPTYPE select PRAGMA {} RTLNAME r_exp_fu_566_p3 SOURCE {C:\scratch\2025.1\hls_product\640\2025.1\src\shared\hls\clib/hlsmath/include/FloatingPoint\hls_exp_.h:243} VARIABLE r_exp LOOP {} BUNDLEDNAME {} DSP 0 BRAM 0 URAM 0 STORAGESUBTYPE {} DISPNAME {bind_op select} VISIBLE false} {BINDTYPE op ID {} IMPL auto LATENCY 4 OPTYPE mul PRAGMA {} RTLNAME mul_13s_71s_71_5_0_U3 SOURCE {C:\scratch\2025.1\hls_product\640\2025.1\src\shared\hls\clib/hlsmath/include/FloatingPoint\hls_exp_.h:249} VARIABLE mul_ln249 LOOP {} BUNDLEDNAME {} DSP 4 BRAM 0 URAM 0 STORAGESUBTYPE {} DISPNAME {bind_op mul} VISIBLE true} {BINDTYPE op ID {} IMPL fabric LATENCY 0 OPTYPE sub PRAGMA {} RTLNAME sub_ln255_fu_595_p2 SOURCE {C:\scratch\2025.1\hls_product\640\2025.1\src\shared\hls\clib/hlsmath/include/FloatingPoint\hls_exp_.h:255} VARIABLE sub_ln255 LOOP {} BUNDLEDNAME {} DSP 0 BRAM 0 URAM 0 STORAGESUBTYPE {} DISPNAME {bind_op sub} VISIBLE true} {BINDTYPE op ID {} IMPL fabric LATENCY 0 OPTYPE add PRAGMA {} RTLNAME exp_Z4_m_1_fu_671_p2 SOURCE {C:\scratch\2025.1\hls_product\640\2025.1\src\shared\hls\clib/hlsmath/include/FloatingPoint\hls_exp_.h:115} VARIABLE exp_Z4_m_1 LOOP {} BUNDLEDNAME {} DSP 0 BRAM 0 URAM 0 STORAGESUBTYPE {} DISPNAME {bind_op add} VISIBLE true} {BINDTYPE op ID {} IMPL auto LATENCY 1 OPTYPE mul PRAGMA {} RTLNAME mul_43ns_36ns_79_2_0_U4 SOURCE {C:\scratch\2025.1\hls_product\640\2025.1\src\shared\hls\clib/hlsmath/include/FloatingPoint\hls_exp_.h:123} VARIABLE mul_ln123 LOOP {} BUNDLEDNAME {} DSP 6 BRAM 0 URAM 0 STORAGESUBTYPE {} DISPNAME {bind_op mul} VISIBLE true} {BINDTYPE op ID {} IMPL fabric LATENCY 0 OPTYPE add PRAGMA {} RTLNAME add_ln126_fu_714_p2 SOURCE {C:\scratch\2025.1\hls_product\640\2025.1\src\shared\hls\clib/hlsmath/include/FloatingPoint\hls_exp_.h:126} VARIABLE add_ln126 LOOP {} BUNDLEDNAME {} DSP 0 BRAM 0 URAM 0 STORAGESUBTYPE {} DISPNAME {bind_op add} VISIBLE true} {BINDTYPE op ID {} IMPL fabric LATENCY 0 OPTYPE add PRAGMA {} RTLNAME exp_Z2P_m_1_fu_723_p2 SOURCE {C:\scratch\2025.1\hls_product\640\2025.1\src\shared\hls\clib/hlsmath/include/FloatingPoint\hls_exp_.h:126} VARIABLE exp_Z2P_m_1 LOOP {} BUNDLEDNAME {} DSP 0 BRAM 0 URAM 0 STORAGESUBTYPE {} DISPNAME {bind_op add} VISIBLE true} {BINDTYPE op ID {} IMPL auto LATENCY 1 OPTYPE mul PRAGMA {} RTLNAME mul_49ns_44ns_93_2_0_U5 SOURCE {C:\scratch\2025.1\hls_product\640\2025.1\src\shared\hls\clib/hlsmath/include/FloatingPoint\hls_exp_.h:142} VARIABLE mul_ln142 LOOP {} BUNDLEDNAME {} DSP 9 BRAM 0 URAM 0 STORAGESUBTYPE {} DISPNAME {bind_op mul} VISIBLE true} {BINDTYPE op ID {} IMPL fabric LATENCY 0 OPTYPE add PRAGMA {} RTLNAME add_ln145_fu_787_p2 SOURCE {C:\scratch\2025.1\hls_product\640\2025.1\src\shared\hls\clib/hlsmath/include/FloatingPoint\hls_exp_.h:145} VARIABLE add_ln145 LOOP {} BUNDLEDNAME {} DSP 0 BRAM 0 URAM 0 STORAGESUBTYPE {} DISPNAME {bind_op add} VISIBLE true} {BINDTYPE op ID {} IMPL fabric LATENCY 0 OPTYPE add PRAGMA {} RTLNAME exp_Z1P_m_1_l_fu_796_p2 SOURCE {C:\scratch\2025.1\hls_product\640\2025.1\src\shared\hls\clib/hlsmath/include/FloatingPoint\hls_exp_.h:145} VARIABLE exp_Z1P_m_1_l LOOP {} BUNDLEDNAME {} DSP 0 BRAM 0 URAM 0 STORAGESUBTYPE {} DISPNAME {bind_op add} VISIBLE true} {BINDTYPE op ID {} IMPL fabric LATENCY 0 OPTYPE add PRAGMA {} RTLNAME add_ln297_fu_830_p2 SOURCE {C:\scratch\2025.1\hls_product\640\2025.1\src\shared\hls\clib/hlsmath/include/FloatingPoint\hls_exp_.h:297} VARIABLE add_ln297 LOOP {} BUNDLEDNAME {} DSP 0 BRAM 0 URAM 0 STORAGESUBTYPE {} DISPNAME {bind_op add} VISIBLE true} {BINDTYPE op ID {} IMPL auto LATENCY 1 OPTYPE mul PRAGMA {} RTLNAME mul_50ns_50ns_99_2_0_U6 SOURCE {C:\scratch\2025.1\hls_product\640\2025.1\src\shared\hls\clib/hlsmath/include/FloatingPoint\hls_exp_.h:297} VARIABLE mul_ln297 LOOP {} BUNDLEDNAME {} DSP 9 BRAM 0 URAM 0 STORAGESUBTYPE {} DISPNAME {bind_op mul} VISIBLE true} {BINDTYPE op ID {} IMPL fabric LATENCY 0 OPTYPE add PRAGMA {} RTLNAME add_ln297_1_fu_845_p2 SOURCE {C:\scratch\2025.1\hls_product\640\2025.1\src\shared\hls\clib/hlsmath/include/FloatingPoint\hls_exp_.h:297} VARIABLE add_ln297_1 LOOP {} BUNDLEDNAME {} DSP 0 BRAM 0 URAM 0 STORAGESUBTYPE {} DISPNAME {bind_op add} VISIBLE true} {BINDTYPE op ID {} IMPL fabric LATENCY 0 OPTYPE add PRAGMA {} RTLNAME r_exp_1_fu_859_p2 SOURCE {C:\scratch\2025.1\hls_product\640\2025.1\src\shared\hls\clib/hlsmath/include/FloatingPoint\hls_exp_.h:305} VARIABLE r_exp_1 LOOP {} BUNDLEDNAME {} DSP 0 BRAM 0 URAM 0 STORAGESUBTYPE {} DISPNAME {bind_op add} VISIBLE true} {BINDTYPE op ID {} IMPL auto_sel LATENCY 0 OPTYPE select PRAGMA {} RTLNAME r_exp_2_fu_864_p3 SOURCE {C:\scratch\2025.1\hls_product\640\2025.1\src\shared\hls\clib/hlsmath/include/FloatingPoint\hls_exp_.h:303} VARIABLE r_exp_2 LOOP {} BUNDLEDNAME {} DSP 0 BRAM 0 URAM 0 STORAGESUBTYPE {} DISPNAME {bind_op select} VISIBLE false} {BINDTYPE op ID {} IMPL auto LATENCY 0 OPTYPE setgt PRAGMA {} RTLNAME icmp_ln309_fu_396_p2 SOURCE {C:\scratch\2025.1\hls_product\640\2025.1\src\shared\hls\clib/hlsmath/include/FloatingPoint\hls_exp_.h:309} VARIABLE icmp_ln309 LOOP {} BUNDLEDNAME {} DSP 0 BRAM 0 URAM 0 STORAGESUBTYPE {} DISPNAME {bind_op setgt} VISIBLE false} {BINDTYPE op ID {} IMPL auto LATENCY 0 OPTYPE setgt PRAGMA {} RTLNAME icmp_ln309_1_fu_881_p2 SOURCE {C:\scratch\2025.1\hls_product\640\2025.1\src\shared\hls\clib/hlsmath/include/FloatingPoint\hls_exp_.h:309} VARIABLE icmp_ln309_1 LOOP {} BUNDLEDNAME {} DSP 0 BRAM 0 URAM 0 STORAGESUBTYPE {} DISPNAME {bind_op setgt} VISIBLE false} {BINDTYPE op ID {} IMPL auto_sel LATENCY 0 OPTYPE select PRAGMA {} RTLNAME select_ln230_fu_496_p3 SOURCE {C:\scratch\2025.1\hls_product\640\2025.1\src\shared\hls\clib/hlsmath/include/FloatingPoint\hls_exp_.h:230} VARIABLE select_ln230 LOOP {} BUNDLEDNAME {} DSP 0 BRAM 0 URAM 0 STORAGESUBTYPE {} DISPNAME {bind_op select} VISIBLE false} {BINDTYPE op ID {} IMPL auto LATENCY 0 OPTYPE setne PRAGMA {} RTLNAME icmp_ln309_2_fu_511_p2 SOURCE {C:\scratch\2025.1\hls_product\640\2025.1\src\shared\hls\clib/hlsmath/include/FloatingPoint\hls_exp_.h:309} VARIABLE icmp_ln309_2 LOOP {} BUNDLEDNAME {} DSP 0 BRAM 0 URAM 0 STORAGESUBTYPE {} DISPNAME {bind_op setne} VISIBLE false} {BINDTYPE op ID {} IMPL auto LATENCY 0 OPTYPE or PRAGMA {} RTLNAME or_ln309_fu_959_p2 SOURCE {C:\scratch\2025.1\hls_product\640\2025.1\src\shared\hls\clib/hlsmath/include/FloatingPoint\hls_exp_.h:309} VARIABLE or_ln309 LOOP {} BUNDLEDNAME {} DSP 0 BRAM 0 URAM 0 STORAGESUBTYPE {} DISPNAME {bind_op or} VISIBLE false} {BINDTYPE op ID {} IMPL auto_sel LATENCY 0 OPTYPE select PRAGMA {} RTLNAME retval_1_fu_1071_p4 SOURCE {C:\scratch\2025.1\hls_product\640\2025.1\src\shared\hls\clib/hlsmath/include/FloatingPoint\hls_exp_.h:310} VARIABLE select_ln310 LOOP {} BUNDLEDNAME {} DSP 0 BRAM 0 URAM 0 STORAGESUBTYPE {} DISPNAME {bind_op select} VISIBLE false} {BINDTYPE op ID {} IMPL auto LATENCY 0 OPTYPE setlt PRAGMA {} RTLNAME icmp_ln326_fu_887_p2 SOURCE {C:\scratch\2025.1\hls_product\640\2025.1\src\shared\hls\clib/hlsmath/include/FloatingPoint\hls_exp_.h:326} VARIABLE icmp_ln326 LOOP {} BUNDLEDNAME {} DSP 0 BRAM 0 URAM 0 STORAGESUBTYPE {} DISPNAME {bind_op setlt} VISIBLE false} {BINDTYPE op ID {} IMPL fabric LATENCY 0 OPTYPE add PRAGMA {} RTLNAME out_exp_fu_970_p2 SOURCE {C:\scratch\2025.1\hls_product\640\2025.1\src\shared\hls\clib/hlsmath/include/FloatingPoint\hls_exp_.h:336} VARIABLE out_exp LOOP {} BUNDLEDNAME {} DSP 0 BRAM 0 URAM 0 STORAGESUBTYPE {} DISPNAME {bind_op add} VISIBLE true} {BINDTYPE op ID {} IMPL auto_sel LATENCY 0 OPTYPE select PRAGMA {} RTLNAME select_ln303_fu_917_p3 SOURCE {C:\scratch\2025.1\hls_product\640\2025.1\src\shared\hls\clib/hlsmath/include/FloatingPoint\hls_exp_.h:303} VARIABLE select_ln303 LOOP {} BUNDLEDNAME {} DSP 0 BRAM 0 URAM 0 STORAGESUBTYPE {} DISPNAME {bind_op select} VISIBLE false} {BINDTYPE op ID {} IMPL auto LATENCY 0 OPTYPE and PRAGMA {} RTLNAME and_ln309_fu_990_p2 SOURCE {C:\scratch\2025.1\hls_product\640\2025.1\src\shared\hls\clib/hlsmath/include/FloatingPoint\hls_exp_.h:309} VARIABLE and_ln309 LOOP {} BUNDLEDNAME {} DSP 0 BRAM 0 URAM 0 STORAGESUBTYPE {} DISPNAME {bind_op and} VISIBLE false} {BINDTYPE op ID {} IMPL auto LATENCY 0 OPTYPE xor PRAGMA {} RTLNAME xor_ln309_fu_995_p2 SOURCE {C:\scratch\2025.1\hls_product\640\2025.1\src\shared\hls\clib/hlsmath/include/FloatingPoint\hls_exp_.h:309} VARIABLE xor_ln309 LOOP {} BUNDLEDNAME {} DSP 0 BRAM 0 URAM 0 STORAGESUBTYPE {} DISPNAME {bind_op xor} VISIBLE false} {BINDTYPE op ID {} IMPL auto LATENCY 0 OPTYPE and PRAGMA {} RTLNAME and_ln309_1_fu_1000_p2 SOURCE {C:\scratch\2025.1\hls_product\640\2025.1\src\shared\hls\clib/hlsmath/include/FloatingPoint\hls_exp_.h:309} VARIABLE and_ln309_1 LOOP {} BUNDLEDNAME {} DSP 0 BRAM 0 URAM 0 STORAGESUBTYPE {} DISPNAME {bind_op and} VISIBLE false} {BINDTYPE op ID {} IMPL auto LATENCY 0 OPTYPE or PRAGMA {} RTLNAME or_ln309_1_fu_1005_p2 SOURCE {C:\scratch\2025.1\hls_product\640\2025.1\src\shared\hls\clib/hlsmath/include/FloatingPoint\hls_exp_.h:309} VARIABLE or_ln309_1 LOOP {} BUNDLEDNAME {} DSP 0 BRAM 0 URAM 0 STORAGESUBTYPE {} DISPNAME {bind_op or} VISIBLE false} {BINDTYPE op ID {} IMPL auto LATENCY 0 OPTYPE xor PRAGMA {} RTLNAME xor_ln185_fu_1011_p2 SOURCE {C:\scratch\2025.1\hls_product\640\2025.1\src\shared\hls\clib/hlsmath/include/FloatingPoint\hls_exp_.h:185} VARIABLE xor_ln185 LOOP {} BUNDLEDNAME {} DSP 0 BRAM 0 URAM 0 STORAGESUBTYPE {} DISPNAME {bind_op xor} VISIBLE false} {BINDTYPE op ID {} IMPL auto LATENCY 0 OPTYPE and PRAGMA {} RTLNAME and_ln309_2_fu_1017_p2 SOURCE {C:\scratch\2025.1\hls_product\640\2025.1\src\shared\hls\clib/hlsmath/include/FloatingPoint\hls_exp_.h:309} VARIABLE and_ln309_2 LOOP {} BUNDLEDNAME {} DSP 0 BRAM 0 URAM 0 STORAGESUBTYPE {} DISPNAME {bind_op and} VISIBLE false} {BINDTYPE op ID {} IMPL auto LATENCY 0 OPTYPE xor PRAGMA {} RTLNAME xor_ln309_1_fu_1023_p2 SOURCE {C:\scratch\2025.1\hls_product\640\2025.1\src\shared\hls\clib/hlsmath/include/FloatingPoint\hls_exp_.h:309} VARIABLE xor_ln309_1 LOOP {} BUNDLEDNAME {} DSP 0 BRAM 0 URAM 0 STORAGESUBTYPE {} DISPNAME {bind_op xor} VISIBLE false} {BINDTYPE op ID {} IMPL auto LATENCY 0 OPTYPE and PRAGMA {} RTLNAME and_ln309_3_fu_1029_p2 SOURCE {C:\scratch\2025.1\hls_product\640\2025.1\src\shared\hls\clib/hlsmath/include/FloatingPoint\hls_exp_.h:309} VARIABLE and_ln309_3 LOOP {} BUNDLEDNAME {} DSP 0 BRAM 0 URAM 0 STORAGESUBTYPE {} DISPNAME {bind_op and} VISIBLE false} {BINDTYPE op ID {} IMPL auto LATENCY 0 OPTYPE or PRAGMA {} RTLNAME or_ln309_2_fu_1034_p2 SOURCE {C:\scratch\2025.1\hls_product\640\2025.1\src\shared\hls\clib/hlsmath/include/FloatingPoint\hls_exp_.h:309} VARIABLE or_ln309_2 LOOP {} BUNDLEDNAME {} DSP 0 BRAM 0 URAM 0 STORAGESUBTYPE {} DISPNAME {bind_op or} VISIBLE false} {BINDTYPE op ID {} IMPL auto LATENCY 0 OPTYPE xor PRAGMA {} RTLNAME xor_ln309_2_fu_1038_p2 SOURCE {C:\scratch\2025.1\hls_product\640\2025.1\src\shared\hls\clib/hlsmath/include/FloatingPoint\hls_exp_.h:309} VARIABLE xor_ln309_2 LOOP {} BUNDLEDNAME {} DSP 0 BRAM 0 URAM 0 STORAGESUBTYPE {} DISPNAME {bind_op xor} VISIBLE false} {BINDTYPE op ID {} IMPL auto LATENCY 0 OPTYPE or PRAGMA {} RTLNAME or_ln309_3_fu_1044_p2 SOURCE {C:\scratch\2025.1\hls_product\640\2025.1\src\shared\hls\clib/hlsmath/include/FloatingPoint\hls_exp_.h:309} VARIABLE or_ln309_3 LOOP {} BUNDLEDNAME {} DSP 0 BRAM 0 URAM 0 STORAGESUBTYPE {} DISPNAME {bind_op or} VISIBLE false} {BINDTYPE op ID {} IMPL auto LATENCY 0 OPTYPE and PRAGMA {} RTLNAME and_ln309_4_fu_1050_p2 SOURCE {C:\scratch\2025.1\hls_product\640\2025.1\src\shared\hls\clib/hlsmath/include/FloatingPoint\hls_exp_.h:309} VARIABLE and_ln309_4 LOOP {} BUNDLEDNAME {} DSP 0 BRAM 0 URAM 0 STORAGESUBTYPE {} DISPNAME {bind_op and} VISIBLE false} {BINDTYPE op ID {} IMPL auto LATENCY 0 OPTYPE and PRAGMA {} RTLNAME and_ln309_5_fu_1056_p2 SOURCE {C:\scratch\2025.1\hls_product\640\2025.1\src\shared\hls\clib/hlsmath/include/FloatingPoint\hls_exp_.h:309} VARIABLE and_ln309_5 LOOP {} BUNDLEDNAME {} DSP 0 BRAM 0 URAM 0 STORAGESUBTYPE {} DISPNAME {bind_op and} VISIBLE false} {BINDTYPE op ID {} IMPL onehotencoding_realdef LATENCY 0 OPTYPE sparsemux PRAGMA {} RTLNAME sparsemux_9_3_64_1_0_U7 SOURCE {C:\scratch\2025.1\hls_product\640\2025.1\src\shared\hls\clib/hlsmath/include/FloatingPoint\hls_exp_.h:185} VARIABLE retval_1 LOOP {} BUNDLEDNAME {} DSP 0 BRAM 0 URAM 0 STORAGESUBTYPE {} DISPNAME {bind_op sparsemux} VISIBLE false} {BINDTYPE storage ID {} IMPL auto LATENCY 1 OPTYPE rom_1p PRAGMA {} RTLNAME table_exp_Z1_ap_ufixed_58_1_ap_q_mode_5_ap_o_mode_3_0_array_U SOURCE {} VARIABLE table_exp_Z1_ap_ufixed_58_1_ap_q_mode_5_ap_o_mode_3_0_array LOOP {} BUNDLEDNAME {} DSP 0 BRAM 2 URAM 0 STORAGESUBTYPE {} STORAGESIZE {58 256 1} STORAGEUSAGE rom_1p DISPNAME {bind_storage rom_1p} VISIBLE true} {BINDTYPE storage ID {} IMPL auto LATENCY 1 OPTYPE rom_2p PRAGMA {} RTLNAME table_f_Z3_ap_ufixed_59_0_ap_q_mode_5_ap_o_mode_3_0_array_U SOURCE {} VARIABLE table_f_Z3_ap_ufixed_59_0_ap_q_mode_5_ap_o_mode_3_0_array LOOP {} BUNDLEDNAME {} DSP 0 BRAM 1 URAM 0 STORAGESUBTYPE {} STORAGESIZE {26 256 1} STORAGEUSAGE rom_2p DISPNAME {bind_storage rom_2p} VISIBLE true} {BINDTYPE storage ID {} IMPL auto LATENCY 1 OPTYPE rom_1p PRAGMA {} RTLNAME table_f_Z2_ap_ufixed_59_0_ap_q_mode_5_ap_o_mode_3_0_array_U SOURCE {} VARIABLE table_f_Z2_ap_ufixed_59_0_ap_q_mode_5_ap_o_mode_3_0_array LOOP {} BUNDLEDNAME {} DSP 0 BRAM 2 URAM 0 STORAGESUBTYPE {} STORAGESIZE {42 256 1} STORAGEUSAGE rom_1p DISPNAME {bind_storage rom_1p} VISIBLE true}} AREA {DSP 29 BRAM 5 URAM 0}} generic_tanh_float_s {BINDINFO {{BINDTYPE op ID {} IMPL auto LATENCY 0 OPTYPE seteq PRAGMA {} RTLNAME icmp_ln36_fu_195_p2 SOURCE {C:\scratch\2025.1\hls_product\640\2025.1\src\shared\hls\clib/hlsmath/include/FloatingPoint\hls_tanh.h:36} VARIABLE icmp_ln36 LOOP {} BUNDLEDNAME {} DSP 0 BRAM 0 URAM 0 STORAGESUBTYPE {} DISPNAME {bind_op seteq} VISIBLE false} {BINDTYPE op ID {} IMPL auto LATENCY 0 OPTYPE setlt PRAGMA {} RTLNAME icmp_ln45_fu_201_p2 SOURCE {C:\scratch\2025.1\hls_product\640\2025.1\src\shared\hls\clib/hlsmath/include/FloatingPoint\hls_tanh.h:45} VARIABLE icmp_ln45 LOOP {} BUNDLEDNAME {} DSP 0 BRAM 0 URAM 0 STORAGESUBTYPE {} DISPNAME {bind_op setlt} VISIBLE false} {BINDTYPE op ID {} IMPL auto LATENCY 0 OPTYPE seteq PRAGMA {} RTLNAME icmp_ln46_fu_207_p2 SOURCE {C:\scratch\2025.1\hls_product\640\2025.1\src\shared\hls\clib/hlsmath/include/FloatingPoint\hls_tanh.h:46} VARIABLE icmp_ln46 LOOP {} BUNDLEDNAME {} DSP 0 BRAM 0 URAM 0 STORAGESUBTYPE {} DISPNAME {bind_op seteq} VISIBLE false} {BINDTYPE op ID {} IMPL auto LATENCY 0 OPTYPE seteq PRAGMA {} RTLNAME icmp_ln46_1_fu_213_p2 SOURCE {C:\scratch\2025.1\hls_product\640\2025.1\src\shared\hls\clib/hlsmath/include/FloatingPoint\hls_tanh.h:46} VARIABLE icmp_ln46_1 LOOP {} BUNDLEDNAME {} DSP 0 BRAM 0 URAM 0 STORAGESUBTYPE {} DISPNAME {bind_op seteq} VISIBLE false} {BINDTYPE op ID {} IMPL auto LATENCY 0 OPTYPE and PRAGMA {} RTLNAME and_ln46_fu_219_p2 SOURCE {C:\scratch\2025.1\hls_product\640\2025.1\src\shared\hls\clib/hlsmath/include/FloatingPoint\hls_tanh.h:46} VARIABLE and_ln46 LOOP {} BUNDLEDNAME {} DSP 0 BRAM 0 URAM 0 STORAGESUBTYPE {} DISPNAME {bind_op and} VISIBLE false} {BINDTYPE op ID {} IMPL auto LATENCY 0 OPTYPE setne PRAGMA {} RTLNAME icmp_ln51_fu_235_p2 SOURCE {C:\scratch\2025.1\hls_product\640\2025.1\src\shared\hls\clib/hlsmath/include/FloatingPoint\hls_tanh.h:51} VARIABLE icmp_ln51 LOOP {} BUNDLEDNAME {} DSP 0 BRAM 0 URAM 0 STORAGESUBTYPE {} DISPNAME {bind_op setne} VISIBLE false} {BINDTYPE op ID {} IMPL auto LATENCY 0 OPTYPE or PRAGMA {} RTLNAME or_ln51_fu_247_p2 SOURCE {C:\scratch\2025.1\hls_product\640\2025.1\src\shared\hls\clib/hlsmath/include/FloatingPoint\hls_tanh.h:51} VARIABLE or_ln51 LOOP {} BUNDLEDNAME {} DSP 0 BRAM 0 URAM 0 STORAGESUBTYPE {} DISPNAME {bind_op or} VISIBLE false} {BINDTYPE op ID {} IMPL auto LATENCY 1 OPTYPE fcmp PRAGMA {} RTLNAME fcmp_32ns_32ns_1_2_no_dsp_1_U28 SOURCE {C:\scratch\2025.1\hls_product\640\2025.1\src\shared\hls\clib/hlsmath/include/FloatingPoint\hls_tanh.h:51} VARIABLE tmp_2 LOOP {} BUNDLEDNAME {} DSP 0 BRAM 0 URAM 0 STORAGESUBTYPE {} DISPNAME {bind_op fcmp} VISIBLE false} {BINDTYPE op ID {} IMPL auto LATENCY 0 OPTYPE and PRAGMA {} RTLNAME and_ln51_fu_251_p2 SOURCE {C:\scratch\2025.1\hls_product\640\2025.1\src\shared\hls\clib/hlsmath/include/FloatingPoint\hls_tanh.h:51} VARIABLE and_ln51 LOOP {} BUNDLEDNAME {} DSP 0 BRAM 0 URAM 0 STORAGESUBTYPE {} DISPNAME {bind_op and} VISIBLE false} {BINDTYPE op ID {} IMPL auto LATENCY 0 OPTYPE setlt PRAGMA {} RTLNAME icmp_ln54_fu_257_p2 SOURCE {C:\scratch\2025.1\hls_product\640\2025.1\src\shared\hls\clib/hlsmath/include/FloatingPoint\hls_tanh.h:54} VARIABLE icmp_ln54 LOOP {} BUNDLEDNAME {} DSP 0 BRAM 0 URAM 0 STORAGESUBTYPE {} DISPNAME {bind_op setlt} VISIBLE false} {BINDTYPE op ID {} IMPL fulldsp LATENCY 4 OPTYPE fsub PRAGMA {} RTLNAME fsub_32ns_32ns_32_5_full_dsp_1_U20 SOURCE {C:\scratch\2025.1\hls_product\640\2025.1\src\shared\hls\clib/hlsmath/include/FloatingPoint\hls_tanh.h:55} VARIABLE x LOOP {} BUNDLEDNAME {} DSP 2 BRAM 0 URAM 0 STORAGESUBTYPE {} DISPNAME {bind_op fsub} VISIBLE true} {BINDTYPE op ID {} IMPL fulldsp LATENCY 4 OPTYPE fadd PRAGMA {} RTLNAME fadd_32ns_32ns_32_5_full_dsp_1_U21 SOURCE {C:\scratch\2025.1\hls_product\640\2025.1\src\shared\hls\clib/hlsmath/include/FloatingPoint\hls_tanh.h:58} VARIABLE x_1 LOOP {} BUNDLEDNAME {} DSP 2 BRAM 0 URAM 0 STORAGESUBTYPE {} DISPNAME {bind_op fadd} VISIBLE true} {BINDTYPE op ID {} IMPL auto_sel LATENCY 0 OPTYPE select PRAGMA {} RTLNAME x_3_fu_274_p3 SOURCE {C:\scratch\2025.1\hls_product\640\2025.1\src\shared\hls\clib/hlsmath/include/FloatingPoint\hls_tanh.h:54} VARIABLE x_3 LOOP {} BUNDLEDNAME {} DSP 0 BRAM 0 URAM 0 STORAGESUBTYPE {} DISPNAME {bind_op select} VISIBLE false} {BINDTYPE op ID {} IMPL auto LATENCY 0 OPTYPE seteq PRAGMA {} RTLNAME icmp_ln9_fu_292_p2 SOURCE {C:\scratch\2025.1\hls_product\640\2025.1\src\shared\hls\clib\hlsmath\src\common\hls_exp_float.cpp:9} VARIABLE icmp_ln9 LOOP {} BUNDLEDNAME {} DSP 0 BRAM 0 URAM 0 STORAGESUBTYPE {} DISPNAME {bind_op seteq} VISIBLE false} {BINDTYPE op ID {} IMPL auto LATENCY 0 OPTYPE setlt PRAGMA {} RTLNAME icmp_ln10_fu_298_p2 SOURCE {C:\scratch\2025.1\hls_product\640\2025.1\src\shared\hls\clib\hlsmath\src\common\hls_exp_float.cpp:10} VARIABLE icmp_ln10 LOOP {} BUNDLEDNAME {} DSP 0 BRAM 0 URAM 0 STORAGESUBTYPE {} DISPNAME {bind_op setlt} VISIBLE false} {BINDTYPE op ID {} IMPL auto LATENCY 1 OPTYPE fpext PRAGMA {} RTLNAME fpext_32ns_64_2_no_dsp_1_U27 SOURCE {C:\scratch\2025.1\hls_product\640\2025.1\src\shared\hls\clib\hlsmath\src\common\hls_exp_float.cpp:11} VARIABLE xd LOOP {} BUNDLEDNAME {} DSP 0 BRAM 0 URAM 0 STORAGESUBTYPE {} DISPNAME {bind_op fpext} VISIBLE false} {BINDTYPE op ID {} IMPL fulldsp LATENCY 4 OPTYPE dadd PRAGMA {} RTLNAME dadd_64ns_64ns_64_5_full_dsp_1_U29 SOURCE {C:\scratch\2025.1\hls_product\640\2025.1\src\shared\hls\clib\hlsmath\src\common\hls_exp_float.cpp:12} VARIABLE sub_i LOOP {} BUNDLEDNAME {} DSP 3 BRAM 0 URAM 0 STORAGESUBTYPE {} DISPNAME {bind_op dadd} VISIBLE true} {BINDTYPE op ID {} IMPL auto LATENCY 1 OPTYPE fptrunc PRAGMA {} RTLNAME fptrunc_64ns_32_2_no_dsp_1_U26 SOURCE {C:\scratch\2025.1\hls_product\640\2025.1\src\shared\hls\clib\hlsmath\src\common\hls_exp_float.cpp:12} VARIABLE conv6_i LOOP {} BUNDLEDNAME {} DSP 0 BRAM 0 URAM 0 STORAGESUBTYPE {} DISPNAME {bind_op fptrunc} VISIBLE false} {BINDTYPE op ID {} IMPL fulldsp LATENCY 4 OPTYPE fadd PRAGMA {} RTLNAME fadd_32ns_32ns_32_5_full_dsp_1_U22 SOURCE {C:\scratch\2025.1\hls_product\640\2025.1\src\shared\hls\clib/hlsmath/include/FloatingPoint\hls_tanh.h:71} VARIABLE add2 LOOP {} BUNDLEDNAME {} DSP 2 BRAM 0 URAM 0 STORAGESUBTYPE {} DISPNAME {bind_op fadd} VISIBLE true} {BINDTYPE op ID {} IMPL fabric LATENCY 11 OPTYPE fdiv PRAGMA {} RTLNAME fdiv_32ns_32ns_32_12_no_dsp_1_U25 SOURCE {C:\scratch\2025.1\hls_product\640\2025.1\src\shared\hls\clib/hlsmath/include/FloatingPoint\hls_tanh.h:71} VARIABLE div LOOP {} BUNDLEDNAME {} DSP 0 BRAM 0 URAM 0 STORAGESUBTYPE {} DISPNAME {bind_op fdiv} VISIBLE true} {BINDTYPE op ID {} IMPL fulldsp LATENCY 4 OPTYPE fsub PRAGMA {} RTLNAME fsub_32ns_32ns_32_5_full_dsp_1_U23 SOURCE {C:\scratch\2025.1\hls_product\640\2025.1\src\shared\hls\clib/hlsmath/include/FloatingPoint\hls_tanh.h:71} VARIABLE resultf_2 LOOP {} BUNDLEDNAME {} DSP 2 BRAM 0 URAM 0 STORAGESUBTYPE {} DISPNAME {bind_op fsub} VISIBLE true} {BINDTYPE op ID {} IMPL auto LATENCY 0 OPTYPE xor PRAGMA {} RTLNAME xor_ln66_fu_316_p2 SOURCE {C:\scratch\2025.1\hls_product\640\2025.1\src\shared\hls\clib/hlsmath/include/FloatingPoint\hls_tanh.h:66} VARIABLE xor_ln66 LOOP {} BUNDLEDNAME {} DSP 0 BRAM 0 URAM 0 STORAGESUBTYPE {} DISPNAME {bind_op xor} VISIBLE false} {BINDTYPE op ID {} IMPL fabric LATENCY 11 OPTYPE fdiv PRAGMA {} RTLNAME fdiv_32ns_32ns_32_12_no_dsp_1_U25 SOURCE {C:\scratch\2025.1\hls_product\640\2025.1\src\shared\hls\clib/hlsmath/include/FloatingPoint\hls_tanh.h:66} VARIABLE resultf_1 LOOP {} BUNDLEDNAME {} DSP 0 BRAM 0 URAM 0 STORAGESUBTYPE {} DISPNAME {bind_op fdiv} VISIBLE true} {BINDTYPE op ID {} IMPL fulldsp LATENCY 4 OPTYPE fadd PRAGMA {} RTLNAME fadd_32ns_32ns_32_5_full_dsp_1_U19 SOURCE {C:\scratch\2025.1\hls_product\640\2025.1\src\shared\hls\clib/hlsmath/include/FloatingPoint\hls_tanh.h:49} VARIABLE add LOOP {} BUNDLEDNAME {} DSP 2 BRAM 0 URAM 0 STORAGESUBTYPE {} DISPNAME {bind_op fadd} VISIBLE true} {BINDTYPE op ID {} IMPL maxdsp LATENCY 3 OPTYPE fmul PRAGMA {} RTLNAME fmul_32ns_32ns_32_4_max_dsp_1_U24 SOURCE {C:\scratch\2025.1\hls_product\640\2025.1\src\shared\hls\clib/hlsmath/include/FloatingPoint\hls_tanh.h:49} VARIABLE resultf LOOP {} BUNDLEDNAME {} DSP 3 BRAM 0 URAM 0 STORAGESUBTYPE {} DISPNAME {bind_op fmul} VISIBLE true} {BINDTYPE op ID {} IMPL auto LATENCY 0 OPTYPE setne PRAGMA {} RTLNAME icmp_ln38_fu_241_p2 SOURCE {C:\scratch\2025.1\hls_product\640\2025.1\src\shared\hls\clib/hlsmath/include/FloatingPoint\hls_tanh.h:38} VARIABLE icmp_ln38 LOOP {} BUNDLEDNAME {} DSP 0 BRAM 0 URAM 0 STORAGESUBTYPE {} DISPNAME {bind_op setne} VISIBLE false} {BINDTYPE op ID {} IMPL auto_sel LATENCY 0 OPTYPE select PRAGMA {} RTLNAME select_ln38_fu_337_p3 SOURCE {C:\scratch\2025.1\hls_product\640\2025.1\src\shared\hls\clib/hlsmath/include/FloatingPoint\hls_tanh.h:38} VARIABLE select_ln38 LOOP {} BUNDLEDNAME {} DSP 0 BRAM 0 URAM 0 STORAGESUBTYPE {} DISPNAME {bind_op select} VISIBLE false} {BINDTYPE op ID {} IMPL auto LATENCY 0 OPTYPE xor PRAGMA {} RTLNAME xor_ln83_fu_357_p2 SOURCE {C:\scratch\2025.1\hls_product\640\2025.1\src\shared\hls\clib/hlsmath/include/FloatingPoint\hls_tanh.h:83} VARIABLE xor_ln83 LOOP {} BUNDLEDNAME {} DSP 0 BRAM 0 URAM 0 STORAGESUBTYPE {} DISPNAME {bind_op xor} VISIBLE false} {BINDTYPE op ID {} IMPL auto_sel LATENCY 0 OPTYPE select PRAGMA {} RTLNAME ap_return SOURCE {C:\scratch\2025.1\hls_product\640\2025.1\src\shared\hls\clib/hlsmath/include/FloatingPoint\hls_tanh.h:79} VARIABLE select_ln79 LOOP {} BUNDLEDNAME {} DSP 0 BRAM 0 URAM 0 STORAGESUBTYPE {} DISPNAME {bind_op select} VISIBLE false}} AREA {DSP 45 BRAM 5 URAM 0}} LSTM_step_Pipeline_GATES {BINDINFO {{BINDTYPE op ID {} IMPL auto LATENCY 0 OPTYPE seteq PRAGMA {} RTLNAME icmp_ln20_fu_3524_p2 SOURCE LSTM.cpp:20 VARIABLE icmp_ln20 LOOP GATES BUNDLEDNAME {} DSP 0 BRAM 0 URAM 0 STORAGESUBTYPE {} DISPNAME {bind_op seteq} VISIBLE false} {BINDTYPE op ID {} IMPL fabric LATENCY 0 OPTYPE add PRAGMA {} RTLNAME add_ln20_fu_3530_p2 SOURCE LSTM.cpp:20 VARIABLE add_ln20 LOOP GATES BUNDLEDNAME {} DSP 0 BRAM 0 URAM 0 STORAGESUBTYPE {} DISPNAME {bind_op add} VISIBLE true} {BINDTYPE op ID {} IMPL fulldsp LATENCY 4 OPTYPE fadd PRAGMA {} RTLNAME fadd_32ns_32ns_32_5_full_dsp_1_U43 SOURCE LSTM.cpp:24 VARIABLE acc_f_17 LOOP GATES BUNDLEDNAME {} DSP 2 BRAM 0 URAM 0 STORAGESUBTYPE {} DISPNAME {bind_op fadd} VISIBLE true} {BINDTYPE op ID {} IMPL fulldsp LATENCY 4 OPTYPE fadd PRAGMA {} RTLNAME fadd_32ns_32ns_32_5_full_dsp_1_U43 SOURCE LSTM.cpp:24 VARIABLE acc_f_18 LOOP GATES BUNDLEDNAME {} DSP 2 BRAM 0 URAM 0 STORAGESUBTYPE {} DISPNAME {bind_op fadd} VISIBLE true} {BINDTYPE op ID {} IMPL fulldsp LATENCY 4 OPTYPE fadd PRAGMA {} RTLNAME fadd_32ns_32ns_32_5_full_dsp_1_U43 SOURCE LSTM.cpp:24 VARIABLE acc_f_19 LOOP GATES BUNDLEDNAME {} DSP 2 BRAM 0 URAM 0 STORAGESUBTYPE {} DISPNAME {bind_op fadd} VISIBLE true} {BINDTYPE op ID {} IMPL fulldsp LATENCY 4 OPTYPE fadd PRAGMA {} RTLNAME fadd_32ns_32ns_32_5_full_dsp_1_U43 SOURCE LSTM.cpp:24 VARIABLE acc_f_20 LOOP GATES BUNDLEDNAME {} DSP 2 BRAM 0 URAM 0 STORAGESUBTYPE {} DISPNAME {bind_op fadd} VISIBLE true} {BINDTYPE op ID {} IMPL fulldsp LATENCY 4 OPTYPE fadd PRAGMA {} RTLNAME fadd_32ns_32ns_32_5_full_dsp_1_U43 SOURCE LSTM.cpp:24 VARIABLE acc_f_21 LOOP GATES BUNDLEDNAME {} DSP 2 BRAM 0 URAM 0 STORAGESUBTYPE {} DISPNAME {bind_op fadd} VISIBLE true} {BINDTYPE op ID {} IMPL fulldsp LATENCY 4 OPTYPE fadd PRAGMA {} RTLNAME fadd_32ns_32ns_32_5_full_dsp_1_U43 SOURCE LSTM.cpp:24 VARIABLE acc_f_22 LOOP GATES BUNDLEDNAME {} DSP 2 BRAM 0 URAM 0 STORAGESUBTYPE {} DISPNAME {bind_op fadd} VISIBLE true} {BINDTYPE op ID {} IMPL fulldsp LATENCY 4 OPTYPE fadd PRAGMA {} RTLNAME fadd_32ns_32ns_32_5_full_dsp_1_U43 SOURCE LSTM.cpp:24 VARIABLE acc_f_23 LOOP GATES BUNDLEDNAME {} DSP 2 BRAM 0 URAM 0 STORAGESUBTYPE {} DISPNAME {bind_op fadd} VISIBLE true} {BINDTYPE op ID {} IMPL fulldsp LATENCY 4 OPTYPE fadd PRAGMA {} RTLNAME fadd_32ns_32ns_32_5_full_dsp_1_U43 SOURCE LSTM.cpp:24 VARIABLE acc_f_24 LOOP GATES BUNDLEDNAME {} DSP 2 BRAM 0 URAM 0 STORAGESUBTYPE {} DISPNAME {bind_op fadd} VISIBLE true} {BINDTYPE op ID {} IMPL fulldsp LATENCY 4 OPTYPE fadd PRAGMA {} RTLNAME fadd_32ns_32ns_32_5_full_dsp_1_U43 SOURCE LSTM.cpp:24 VARIABLE acc_f_25 LOOP GATES BUNDLEDNAME {} DSP 2 BRAM 0 URAM 0 STORAGESUBTYPE {} DISPNAME {bind_op fadd} VISIBLE true} {BINDTYPE op ID {} IMPL fulldsp LATENCY 4 OPTYPE fadd PRAGMA {} RTLNAME fadd_32ns_32ns_32_5_full_dsp_1_U43 SOURCE LSTM.cpp:24 VARIABLE acc_f_26 LOOP GATES BUNDLEDNAME {} DSP 2 BRAM 0 URAM 0 STORAGESUBTYPE {} DISPNAME {bind_op fadd} VISIBLE true} {BINDTYPE op ID {} IMPL fulldsp LATENCY 4 OPTYPE fadd PRAGMA {} RTLNAME fadd_32ns_32ns_32_5_full_dsp_1_U43 SOURCE LSTM.cpp:24 VARIABLE acc_f_27 LOOP GATES BUNDLEDNAME {} DSP 2 BRAM 0 URAM 0 STORAGESUBTYPE {} DISPNAME {bind_op fadd} VISIBLE true} {BINDTYPE op ID {} IMPL fulldsp LATENCY 4 OPTYPE fadd PRAGMA {} RTLNAME fadd_32ns_32ns_32_5_full_dsp_1_U43 SOURCE LSTM.cpp:24 VARIABLE acc_f_28 LOOP GATES BUNDLEDNAME {} DSP 2 BRAM 0 URAM 0 STORAGESUBTYPE {} DISPNAME {bind_op fadd} VISIBLE true} {BINDTYPE op ID {} IMPL fulldsp LATENCY 4 OPTYPE fadd PRAGMA {} RTLNAME fadd_32ns_32ns_32_5_full_dsp_1_U43 SOURCE LSTM.cpp:24 VARIABLE acc_f_29 LOOP GATES BUNDLEDNAME {} DSP 2 BRAM 0 URAM 0 STORAGESUBTYPE {} DISPNAME {bind_op fadd} VISIBLE true} {BINDTYPE op ID {} IMPL fulldsp LATENCY 4 OPTYPE fadd PRAGMA {} RTLNAME fadd_32ns_32ns_32_5_full_dsp_1_U43 SOURCE LSTM.cpp:24 VARIABLE acc_f_30 LOOP GATES BUNDLEDNAME {} DSP 2 BRAM 0 URAM 0 STORAGESUBTYPE {} DISPNAME {bind_op fadd} VISIBLE true} {BINDTYPE op ID {} IMPL fulldsp LATENCY 4 OPTYPE fadd PRAGMA {} RTLNAME fadd_32ns_32ns_32_5_full_dsp_1_U43 SOURCE LSTM.cpp:24 VARIABLE acc_f_31 LOOP GATES BUNDLEDNAME {} DSP 2 BRAM 0 URAM 0 STORAGESUBTYPE {} DISPNAME {bind_op fadd} VISIBLE true} {BINDTYPE op ID {} IMPL fulldsp LATENCY 4 OPTYPE fadd PRAGMA {} RTLNAME fadd_32ns_32ns_32_5_full_dsp_1_U43 SOURCE LSTM.cpp:24 VARIABLE acc_f_32 LOOP GATES BUNDLEDNAME {} DSP 2 BRAM 0 URAM 0 STORAGESUBTYPE {} DISPNAME {bind_op fadd} VISIBLE true} {BINDTYPE op ID {} IMPL fulldsp LATENCY 4 OPTYPE fadd PRAGMA {} RTLNAME fadd_32ns_32ns_32_5_full_dsp_1_U47 SOURCE LSTM.cpp:25 VARIABLE acc_f_33 LOOP GATES BUNDLEDNAME {} DSP 2 BRAM 0 URAM 0 STORAGESUBTYPE {} DISPNAME {bind_op fadd} VISIBLE true} {BINDTYPE op ID {} IMPL maxdsp LATENCY 3 OPTYPE fmul PRAGMA {} RTLNAME fmul_32ns_32ns_32_4_max_dsp_1_U59 SOURCE LSTM.cpp:25 VARIABLE mul21_1 LOOP GATES BUNDLEDNAME {} DSP 3 BRAM 0 URAM 0 STORAGESUBTYPE {} DISPNAME {bind_op fmul} VISIBLE true} {BINDTYPE op ID {} IMPL fulldsp LATENCY 4 OPTYPE fadd PRAGMA {} RTLNAME fadd_32ns_32ns_32_5_full_dsp_1_U47 SOURCE LSTM.cpp:25 VARIABLE acc_f_34 LOOP GATES BUNDLEDNAME {} DSP 2 BRAM 0 URAM 0 STORAGESUBTYPE {} DISPNAME {bind_op fadd} VISIBLE true} {BINDTYPE op ID {} IMPL fulldsp LATENCY 4 OPTYPE fadd PRAGMA {} RTLNAME fadd_32ns_32ns_32_5_full_dsp_1_U47 SOURCE LSTM.cpp:25 VARIABLE acc_f_35 LOOP GATES BUNDLEDNAME {} DSP 2 BRAM 0 URAM 0 STORAGESUBTYPE {} DISPNAME {bind_op fadd} VISIBLE true} {BINDTYPE op ID {} IMPL maxdsp LATENCY 3 OPTYPE fmul PRAGMA {} RTLNAME fmul_32ns_32ns_32_4_max_dsp_1_U59 SOURCE LSTM.cpp:25 VARIABLE mul21_3 LOOP GATES BUNDLEDNAME {} DSP 3 BRAM 0 URAM 0 STORAGESUBTYPE {} DISPNAME {bind_op fmul} VISIBLE true} {BINDTYPE op ID {} IMPL fulldsp LATENCY 4 OPTYPE fadd PRAGMA {} RTLNAME fadd_32ns_32ns_32_5_full_dsp_1_U47 SOURCE LSTM.cpp:25 VARIABLE acc_f_36 LOOP GATES BUNDLEDNAME {} DSP 2 BRAM 0 URAM 0 STORAGESUBTYPE {} DISPNAME {bind_op fadd} VISIBLE true} {BINDTYPE op ID {} IMPL fulldsp LATENCY 4 OPTYPE fadd PRAGMA {} RTLNAME fadd_32ns_32ns_32_5_full_dsp_1_U47 SOURCE LSTM.cpp:25 VARIABLE acc_f_37 LOOP GATES BUNDLEDNAME {} DSP 2 BRAM 0 URAM 0 STORAGESUBTYPE {} DISPNAME {bind_op fadd} VISIBLE true} {BINDTYPE op ID {} IMPL maxdsp LATENCY 3 OPTYPE fmul PRAGMA {} RTLNAME fmul_32ns_32ns_32_4_max_dsp_1_U59 SOURCE LSTM.cpp:25 VARIABLE mul21_5 LOOP GATES BUNDLEDNAME {} DSP 3 BRAM 0 URAM 0 STORAGESUBTYPE {} DISPNAME {bind_op fmul} VISIBLE true} {BINDTYPE op ID {} IMPL fulldsp LATENCY 4 OPTYPE fadd PRAGMA {} RTLNAME fadd_32ns_32ns_32_5_full_dsp_1_U47 SOURCE LSTM.cpp:25 VARIABLE acc_f_38 LOOP GATES BUNDLEDNAME {} DSP 2 BRAM 0 URAM 0 STORAGESUBTYPE {} DISPNAME {bind_op fadd} VISIBLE true} {BINDTYPE op ID {} IMPL fulldsp LATENCY 4 OPTYPE fadd PRAGMA {} RTLNAME fadd_32ns_32ns_32_5_full_dsp_1_U47 SOURCE LSTM.cpp:25 VARIABLE acc_f_39 LOOP GATES BUNDLEDNAME {} DSP 2 BRAM 0 URAM 0 STORAGESUBTYPE {} DISPNAME {bind_op fadd} VISIBLE true} {BINDTYPE op ID {} IMPL maxdsp LATENCY 3 OPTYPE fmul PRAGMA {} RTLNAME fmul_32ns_32ns_32_4_max_dsp_1_U59 SOURCE LSTM.cpp:25 VARIABLE mul21_7 LOOP GATES BUNDLEDNAME {} DSP 3 BRAM 0 URAM 0 STORAGESUBTYPE {} DISPNAME {bind_op fmul} VISIBLE true} {BINDTYPE op ID {} IMPL fulldsp LATENCY 4 OPTYPE fadd PRAGMA {} RTLNAME fadd_32ns_32ns_32_5_full_dsp_1_U47 SOURCE LSTM.cpp:25 VARIABLE acc_f_40 LOOP GATES BUNDLEDNAME {} DSP 2 BRAM 0 URAM 0 STORAGESUBTYPE {} DISPNAME {bind_op fadd} VISIBLE true} {BINDTYPE op ID {} IMPL fulldsp LATENCY 4 OPTYPE fadd PRAGMA {} RTLNAME fadd_32ns_32ns_32_5_full_dsp_1_U47 SOURCE LSTM.cpp:25 VARIABLE acc_f_41 LOOP GATES BUNDLEDNAME {} DSP 2 BRAM 0 URAM 0 STORAGESUBTYPE {} DISPNAME {bind_op fadd} VISIBLE true} {BINDTYPE op ID {} IMPL maxdsp LATENCY 3 OPTYPE fmul PRAGMA {} RTLNAME fmul_32ns_32ns_32_4_max_dsp_1_U59 SOURCE LSTM.cpp:25 VARIABLE mul21_9 LOOP GATES BUNDLEDNAME {} DSP 3 BRAM 0 URAM 0 STORAGESUBTYPE {} DISPNAME {bind_op fmul} VISIBLE true} {BINDTYPE op ID {} IMPL fulldsp LATENCY 4 OPTYPE fadd PRAGMA {} RTLNAME fadd_32ns_32ns_32_5_full_dsp_1_U47 SOURCE LSTM.cpp:25 VARIABLE acc_f_42 LOOP GATES BUNDLEDNAME {} DSP 2 BRAM 0 URAM 0 STORAGESUBTYPE {} DISPNAME {bind_op fadd} VISIBLE true} {BINDTYPE op ID {} IMPL fulldsp LATENCY 4 OPTYPE fadd PRAGMA {} RTLNAME fadd_32ns_32ns_32_5_full_dsp_1_U47 SOURCE LSTM.cpp:25 VARIABLE acc_f_43 LOOP GATES BUNDLEDNAME {} DSP 2 BRAM 0 URAM 0 STORAGESUBTYPE {} DISPNAME {bind_op fadd} VISIBLE true} {BINDTYPE op ID {} IMPL maxdsp LATENCY 3 OPTYPE fmul PRAGMA {} RTLNAME fmul_32ns_32ns_32_4_max_dsp_1_U59 SOURCE LSTM.cpp:25 VARIABLE mul21_10 LOOP GATES BUNDLEDNAME {} DSP 3 BRAM 0 URAM 0 STORAGESUBTYPE {} DISPNAME {bind_op fmul} VISIBLE true} {BINDTYPE op ID {} IMPL fulldsp LATENCY 4 OPTYPE fadd PRAGMA {} RTLNAME fadd_32ns_32ns_32_5_full_dsp_1_U47 SOURCE LSTM.cpp:25 VARIABLE acc_f_44 LOOP GATES BUNDLEDNAME {} DSP 2 BRAM 0 URAM 0 STORAGESUBTYPE {} DISPNAME {bind_op fadd} VISIBLE true} {BINDTYPE op ID {} IMPL fulldsp LATENCY 4 OPTYPE fadd PRAGMA {} RTLNAME fadd_32ns_32ns_32_5_full_dsp_1_U47 SOURCE LSTM.cpp:25 VARIABLE acc_f_45 LOOP GATES BUNDLEDNAME {} DSP 2 BRAM 0 URAM 0 STORAGESUBTYPE {} DISPNAME {bind_op fadd} VISIBLE true} {BINDTYPE op ID {} IMPL maxdsp LATENCY 3 OPTYPE fmul PRAGMA {} RTLNAME fmul_32ns_32ns_32_4_max_dsp_1_U59 SOURCE LSTM.cpp:25 VARIABLE mul21_12 LOOP GATES BUNDLEDNAME {} DSP 3 BRAM 0 URAM 0 STORAGESUBTYPE {} DISPNAME {bind_op fmul} VISIBLE true} {BINDTYPE op ID {} IMPL fulldsp LATENCY 4 OPTYPE fadd PRAGMA {} RTLNAME fadd_32ns_32ns_32_5_full_dsp_1_U47 SOURCE LSTM.cpp:25 VARIABLE acc_f_46 LOOP GATES BUNDLEDNAME {} DSP 2 BRAM 0 URAM 0 STORAGESUBTYPE {} DISPNAME {bind_op fadd} VISIBLE true} {BINDTYPE op ID {} IMPL fulldsp LATENCY 4 OPTYPE fadd PRAGMA {} RTLNAME fadd_32ns_32ns_32_5_full_dsp_1_U47 SOURCE LSTM.cpp:25 VARIABLE acc_f_47 LOOP GATES BUNDLEDNAME {} DSP 2 BRAM 0 URAM 0 STORAGESUBTYPE {} DISPNAME {bind_op fadd} VISIBLE true} {BINDTYPE op ID {} IMPL maxdsp LATENCY 3 OPTYPE fmul PRAGMA {} RTLNAME fmul_32ns_32ns_32_4_max_dsp_1_U59 SOURCE LSTM.cpp:25 VARIABLE mul21_14 LOOP GATES BUNDLEDNAME {} DSP 3 BRAM 0 URAM 0 STORAGESUBTYPE {} DISPNAME {bind_op fmul} VISIBLE true} {BINDTYPE op ID {} IMPL fulldsp LATENCY 4 OPTYPE fadd PRAGMA {} RTLNAME fadd_32ns_32ns_32_5_full_dsp_1_U47 SOURCE LSTM.cpp:25 VARIABLE acc_f_48 LOOP GATES BUNDLEDNAME {} DSP 2 BRAM 0 URAM 0 STORAGESUBTYPE {} DISPNAME {bind_op fadd} VISIBLE true} {BINDTYPE op ID {} IMPL fulldsp LATENCY 4 OPTYPE fadd PRAGMA {} RTLNAME fadd_32ns_32ns_32_5_full_dsp_1_U51 SOURCE LSTM.cpp:25 VARIABLE acc_f_49 LOOP GATES BUNDLEDNAME {} DSP 2 BRAM 0 URAM 0 STORAGESUBTYPE {} DISPNAME {bind_op fadd} VISIBLE true} {BINDTYPE op ID {} IMPL maxdsp LATENCY 3 OPTYPE fmul PRAGMA {} RTLNAME fmul_32ns_32ns_32_4_max_dsp_1_U59 SOURCE LSTM.cpp:25 VARIABLE mul21_16 LOOP GATES BUNDLEDNAME {} DSP 3 BRAM 0 URAM 0 STORAGESUBTYPE {} DISPNAME {bind_op fmul} VISIBLE true} {BINDTYPE op ID {} IMPL fulldsp LATENCY 4 OPTYPE fadd PRAGMA {} RTLNAME fadd_32ns_32ns_32_5_full_dsp_1_U51 SOURCE LSTM.cpp:25 VARIABLE acc_f_50 LOOP GATES BUNDLEDNAME {} DSP 2 BRAM 0 URAM 0 STORAGESUBTYPE {} DISPNAME {bind_op fadd} VISIBLE true} {BINDTYPE op ID {} IMPL fulldsp LATENCY 4 OPTYPE fadd PRAGMA {} RTLNAME fadd_32ns_32ns_32_5_full_dsp_1_U51 SOURCE LSTM.cpp:25 VARIABLE acc_f_51 LOOP GATES BUNDLEDNAME {} DSP 2 BRAM 0 URAM 0 STORAGESUBTYPE {} DISPNAME {bind_op fadd} VISIBLE true} {BINDTYPE op ID {} IMPL maxdsp LATENCY 3 OPTYPE fmul PRAGMA {} RTLNAME fmul_32ns_32ns_32_4_max_dsp_1_U59 SOURCE LSTM.cpp:25 VARIABLE mul21_18 LOOP GATES BUNDLEDNAME {} DSP 3 BRAM 0 URAM 0 STORAGESUBTYPE {} DISPNAME {bind_op fmul} VISIBLE true} {BINDTYPE op ID {} IMPL fulldsp LATENCY 4 OPTYPE fadd PRAGMA {} RTLNAME fadd_32ns_32ns_32_5_full_dsp_1_U51 SOURCE LSTM.cpp:25 VARIABLE acc_f_52 LOOP GATES BUNDLEDNAME {} DSP 2 BRAM 0 URAM 0 STORAGESUBTYPE {} DISPNAME {bind_op fadd} VISIBLE true} {BINDTYPE op ID {} IMPL fulldsp LATENCY 4 OPTYPE fadd PRAGMA {} RTLNAME fadd_32ns_32ns_32_5_full_dsp_1_U51 SOURCE LSTM.cpp:25 VARIABLE acc_f_53 LOOP GATES BUNDLEDNAME {} DSP 2 BRAM 0 URAM 0 STORAGESUBTYPE {} DISPNAME {bind_op fadd} VISIBLE true} {BINDTYPE op ID {} IMPL maxdsp LATENCY 3 OPTYPE fmul PRAGMA {} RTLNAME fmul_32ns_32ns_32_4_max_dsp_1_U59 SOURCE LSTM.cpp:25 VARIABLE mul21_20 LOOP GATES BUNDLEDNAME {} DSP 3 BRAM 0 URAM 0 STORAGESUBTYPE {} DISPNAME {bind_op fmul} VISIBLE true} {BINDTYPE op ID {} IMPL fulldsp LATENCY 4 OPTYPE fadd PRAGMA {} RTLNAME fadd_32ns_32ns_32_5_full_dsp_1_U51 SOURCE LSTM.cpp:25 VARIABLE acc_f_54 LOOP GATES BUNDLEDNAME {} DSP 2 BRAM 0 URAM 0 STORAGESUBTYPE {} DISPNAME {bind_op fadd} VISIBLE true} {BINDTYPE op ID {} IMPL fulldsp LATENCY 4 OPTYPE fadd PRAGMA {} RTLNAME fadd_32ns_32ns_32_5_full_dsp_1_U51 SOURCE LSTM.cpp:25 VARIABLE acc_f_55 LOOP GATES BUNDLEDNAME {} DSP 2 BRAM 0 URAM 0 STORAGESUBTYPE {} DISPNAME {bind_op fadd} VISIBLE true} {BINDTYPE op ID {} IMPL maxdsp LATENCY 3 OPTYPE fmul PRAGMA {} RTLNAME fmul_32ns_32ns_32_4_max_dsp_1_U59 SOURCE LSTM.cpp:25 VARIABLE mul21_22 LOOP GATES BUNDLEDNAME {} DSP 3 BRAM 0 URAM 0 STORAGESUBTYPE {} DISPNAME {bind_op fmul} VISIBLE true} {BINDTYPE op ID {} IMPL fulldsp LATENCY 4 OPTYPE fadd PRAGMA {} RTLNAME fadd_32ns_32ns_32_5_full_dsp_1_U51 SOURCE LSTM.cpp:25 VARIABLE acc_f_56 LOOP GATES BUNDLEDNAME {} DSP 2 BRAM 0 URAM 0 STORAGESUBTYPE {} DISPNAME {bind_op fadd} VISIBLE true} {BINDTYPE op ID {} IMPL fulldsp LATENCY 4 OPTYPE fadd PRAGMA {} RTLNAME fadd_32ns_32ns_32_5_full_dsp_1_U51 SOURCE LSTM.cpp:25 VARIABLE acc_f_57 LOOP GATES BUNDLEDNAME {} DSP 2 BRAM 0 URAM 0 STORAGESUBTYPE {} DISPNAME {bind_op fadd} VISIBLE true} {BINDTYPE op ID {} IMPL maxdsp LATENCY 3 OPTYPE fmul PRAGMA {} RTLNAME fmul_32ns_32ns_32_4_max_dsp_1_U59 SOURCE LSTM.cpp:25 VARIABLE mul21_24 LOOP GATES BUNDLEDNAME {} DSP 3 BRAM 0 URAM 0 STORAGESUBTYPE {} DISPNAME {bind_op fmul} VISIBLE true} {BINDTYPE op ID {} IMPL fulldsp LATENCY 4 OPTYPE fadd PRAGMA {} RTLNAME fadd_32ns_32ns_32_5_full_dsp_1_U51 SOURCE LSTM.cpp:25 VARIABLE acc_f_58 LOOP GATES BUNDLEDNAME {} DSP 2 BRAM 0 URAM 0 STORAGESUBTYPE {} DISPNAME {bind_op fadd} VISIBLE true} {BINDTYPE op ID {} IMPL fulldsp LATENCY 4 OPTYPE fadd PRAGMA {} RTLNAME fadd_32ns_32ns_32_5_full_dsp_1_U51 SOURCE LSTM.cpp:25 VARIABLE acc_f_59 LOOP GATES BUNDLEDNAME {} DSP 2 BRAM 0 URAM 0 STORAGESUBTYPE {} DISPNAME {bind_op fadd} VISIBLE true} {BINDTYPE op ID {} IMPL maxdsp LATENCY 3 OPTYPE fmul PRAGMA {} RTLNAME fmul_32ns_32ns_32_4_max_dsp_1_U59 SOURCE LSTM.cpp:25 VARIABLE mul21_26 LOOP GATES BUNDLEDNAME {} DSP 3 BRAM 0 URAM 0 STORAGESUBTYPE {} DISPNAME {bind_op fmul} VISIBLE true} {BINDTYPE op ID {} IMPL fulldsp LATENCY 4 OPTYPE fadd PRAGMA {} RTLNAME fadd_32ns_32ns_32_5_full_dsp_1_U51 SOURCE LSTM.cpp:25 VARIABLE acc_f_60 LOOP GATES BUNDLEDNAME {} DSP 2 BRAM 0 URAM 0 STORAGESUBTYPE {} DISPNAME {bind_op fadd} VISIBLE true} {BINDTYPE op ID {} IMPL fulldsp LATENCY 4 OPTYPE fadd PRAGMA {} RTLNAME fadd_32ns_32ns_32_5_full_dsp_1_U51 SOURCE LSTM.cpp:25 VARIABLE acc_f_61 LOOP GATES BUNDLEDNAME {} DSP 2 BRAM 0 URAM 0 STORAGESUBTYPE {} DISPNAME {bind_op fadd} VISIBLE true} {BINDTYPE op ID {} IMPL maxdsp LATENCY 3 OPTYPE fmul PRAGMA {} RTLNAME fmul_32ns_32ns_32_4_max_dsp_1_U59 SOURCE LSTM.cpp:25 VARIABLE mul21_28 LOOP GATES BUNDLEDNAME {} DSP 3 BRAM 0 URAM 0 STORAGESUBTYPE {} DISPNAME {bind_op fmul} VISIBLE true} {BINDTYPE op ID {} IMPL fulldsp LATENCY 4 OPTYPE fadd PRAGMA {} RTLNAME fadd_32ns_32ns_32_5_full_dsp_1_U51 SOURCE LSTM.cpp:25 VARIABLE acc_f_62 LOOP GATES BUNDLEDNAME {} DSP 2 BRAM 0 URAM 0 STORAGESUBTYPE {} DISPNAME {bind_op fadd} VISIBLE true} {BINDTYPE op ID {} IMPL fulldsp LATENCY 4 OPTYPE fadd PRAGMA {} RTLNAME fadd_32ns_32ns_32_5_full_dsp_1_U51 SOURCE LSTM.cpp:25 VARIABLE acc_f_63 LOOP GATES BUNDLEDNAME {} DSP 2 BRAM 0 URAM 0 STORAGESUBTYPE {} DISPNAME {bind_op fadd} VISIBLE true} {BINDTYPE op ID {} IMPL maxdsp LATENCY 3 OPTYPE fmul PRAGMA {} RTLNAME fmul_32ns_32ns_32_4_max_dsp_1_U59 SOURCE LSTM.cpp:25 VARIABLE mul21_30 LOOP GATES BUNDLEDNAME {} DSP 3 BRAM 0 URAM 0 STORAGESUBTYPE {} DISPNAME {bind_op fmul} VISIBLE true} {BINDTYPE op ID {} IMPL fulldsp LATENCY 4 OPTYPE fadd PRAGMA {} RTLNAME fadd_32ns_32ns_32_5_full_dsp_1_U51 SOURCE LSTM.cpp:25 VARIABLE acc_f_64 LOOP GATES BUNDLEDNAME {} DSP 2 BRAM 0 URAM 0 STORAGESUBTYPE {} DISPNAME {bind_op fadd} VISIBLE true} {BINDTYPE op ID {} IMPL auto LATENCY 0 OPTYPE xor PRAGMA {} RTLNAME xor_ln5_3_fu_5471_p2 SOURCE LSTM.cpp:5 VARIABLE xor_ln5_3 LOOP GATES BUNDLEDNAME {} DSP 0 BRAM 0 URAM 0 STORAGESUBTYPE {} DISPNAME {bind_op xor} VISIBLE false} {BINDTYPE op ID {} IMPL fulldsp LATENCY 8 OPTYPE fexp PRAGMA {} RTLNAME fexp_32ns_32ns_32_9_full_dsp_1_U73 SOURCE {C:\scratch\2025.1\hls_product\640\2025.1\src\shared\hls\clib\hlsmath\src\common\hls_exp_float.cpp:17} VARIABLE tmp LOOP GATES BUNDLEDNAME {} DSP 7 BRAM 0 URAM 0 STORAGESUBTYPE {} DISPNAME {bind_op fexp} VISIBLE true} {BINDTYPE op ID {} IMPL fulldsp LATENCY 4 OPTYPE fadd PRAGMA {} RTLNAME fadd_32ns_32ns_32_5_full_dsp_1_U55 SOURCE LSTM.cpp:5 VARIABLE add_i LOOP GATES BUNDLEDNAME {} DSP 2 BRAM 0 URAM 0 STORAGESUBTYPE {} DISPNAME {bind_op fadd} VISIBLE true} {BINDTYPE op ID {} IMPL fabric LATENCY 11 OPTYPE fdiv PRAGMA {} RTLNAME fdiv_32ns_32ns_32_12_no_dsp_1_U72 SOURCE LSTM.cpp:5 VARIABLE div_i LOOP GATES BUNDLEDNAME {} DSP 0 BRAM 0 URAM 0 STORAGESUBTYPE {} DISPNAME {bind_op fdiv} VISIBLE true} {BINDTYPE op ID {} IMPL maxdsp LATENCY 3 OPTYPE fmul PRAGMA {} RTLNAME fmul_32ns_32ns_32_4_max_dsp_1_U60 SOURCE LSTM.cpp:30 VARIABLE mul2 LOOP GATES BUNDLEDNAME {} DSP 3 BRAM 0 URAM 0 STORAGESUBTYPE {} DISPNAME {bind_op fmul} VISIBLE true} {BINDTYPE op ID {} IMPL fulldsp LATENCY 4 OPTYPE fadd PRAGMA {} RTLNAME fadd_32ns_32ns_32_5_full_dsp_1_U40 SOURCE LSTM.cpp:30 VARIABLE acc_i_1 LOOP GATES BUNDLEDNAME {} DSP 2 BRAM 0 URAM 0 STORAGESUBTYPE {} DISPNAME {bind_op fadd} VISIBLE true} {BINDTYPE op ID {} IMPL maxdsp LATENCY 3 OPTYPE fmul PRAGMA {} RTLNAME fmul_32ns_32ns_32_4_max_dsp_1_U61 SOURCE LSTM.cpp:30 VARIABLE mul41_1 LOOP GATES BUNDLEDNAME {} DSP 3 BRAM 0 URAM 0 STORAGESUBTYPE {} DISPNAME {bind_op fmul} VISIBLE true} {BINDTYPE op ID {} IMPL fulldsp LATENCY 4 OPTYPE fadd PRAGMA {} RTLNAME fadd_32ns_32ns_32_5_full_dsp_1_U40 SOURCE LSTM.cpp:30 VARIABLE acc_i_2 LOOP GATES BUNDLEDNAME {} DSP 2 BRAM 0 URAM 0 STORAGESUBTYPE {} DISPNAME {bind_op fadd} VISIBLE true} {BINDTYPE op ID {} IMPL maxdsp LATENCY 3 OPTYPE fmul PRAGMA {} RTLNAME fmul_32ns_32ns_32_4_max_dsp_1_U60 SOURCE LSTM.cpp:30 VARIABLE mul41_2 LOOP GATES BUNDLEDNAME {} DSP 3 BRAM 0 URAM 0 STORAGESUBTYPE {} DISPNAME {bind_op fmul} VISIBLE true} {BINDTYPE op ID {} IMPL fulldsp LATENCY 4 OPTYPE fadd PRAGMA {} RTLNAME fadd_32ns_32ns_32_5_full_dsp_1_U40 SOURCE LSTM.cpp:30 VARIABLE acc_i_3 LOOP GATES BUNDLEDNAME {} DSP 2 BRAM 0 URAM 0 STORAGESUBTYPE {} DISPNAME {bind_op fadd} VISIBLE true} {BINDTYPE op ID {} IMPL maxdsp LATENCY 3 OPTYPE fmul PRAGMA {} RTLNAME fmul_32ns_32ns_32_4_max_dsp_1_U61 SOURCE LSTM.cpp:30 VARIABLE mul41_3 LOOP GATES BUNDLEDNAME {} DSP 3 BRAM 0 URAM 0 STORAGESUBTYPE {} DISPNAME {bind_op fmul} VISIBLE true} {BINDTYPE op ID {} IMPL fulldsp LATENCY 4 OPTYPE fadd PRAGMA {} RTLNAME fadd_32ns_32ns_32_5_full_dsp_1_U40 SOURCE LSTM.cpp:30 VARIABLE acc_i_4 LOOP GATES BUNDLEDNAME {} DSP 2 BRAM 0 URAM 0 STORAGESUBTYPE {} DISPNAME {bind_op fadd} VISIBLE true} {BINDTYPE op ID {} IMPL maxdsp LATENCY 3 OPTYPE fmul PRAGMA {} RTLNAME fmul_32ns_32ns_32_4_max_dsp_1_U60 SOURCE LSTM.cpp:30 VARIABLE mul41_4 LOOP GATES BUNDLEDNAME {} DSP 3 BRAM 0 URAM 0 STORAGESUBTYPE {} DISPNAME {bind_op fmul} VISIBLE true} {BINDTYPE op ID {} IMPL fulldsp LATENCY 4 OPTYPE fadd PRAGMA {} RTLNAME fadd_32ns_32ns_32_5_full_dsp_1_U40 SOURCE LSTM.cpp:30 VARIABLE acc_i_5 LOOP GATES BUNDLEDNAME {} DSP 2 BRAM 0 URAM 0 STORAGESUBTYPE {} DISPNAME {bind_op fadd} VISIBLE true} {BINDTYPE op ID {} IMPL maxdsp LATENCY 3 OPTYPE fmul PRAGMA {} RTLNAME fmul_32ns_32ns_32_4_max_dsp_1_U61 SOURCE LSTM.cpp:30 VARIABLE mul41_5 LOOP GATES BUNDLEDNAME {} DSP 3 BRAM 0 URAM 0 STORAGESUBTYPE {} DISPNAME {bind_op fmul} VISIBLE true} {BINDTYPE op ID {} IMPL fulldsp LATENCY 4 OPTYPE fadd PRAGMA {} RTLNAME fadd_32ns_32ns_32_5_full_dsp_1_U40 SOURCE LSTM.cpp:30 VARIABLE acc_i_6 LOOP GATES BUNDLEDNAME {} DSP 2 BRAM 0 URAM 0 STORAGESUBTYPE {} DISPNAME {bind_op fadd} VISIBLE true} {BINDTYPE op ID {} IMPL maxdsp LATENCY 3 OPTYPE fmul PRAGMA {} RTLNAME fmul_32ns_32ns_32_4_max_dsp_1_U60 SOURCE LSTM.cpp:30 VARIABLE mul41_6 LOOP GATES BUNDLEDNAME {} DSP 3 BRAM 0 URAM 0 STORAGESUBTYPE {} DISPNAME {bind_op fmul} VISIBLE true} {BINDTYPE op ID {} IMPL fulldsp LATENCY 4 OPTYPE fadd PRAGMA {} RTLNAME fadd_32ns_32ns_32_5_full_dsp_1_U40 SOURCE LSTM.cpp:30 VARIABLE acc_i_7 LOOP GATES BUNDLEDNAME {} DSP 2 BRAM 0 URAM 0 STORAGESUBTYPE {} DISPNAME {bind_op fadd} VISIBLE true} {BINDTYPE op ID {} IMPL maxdsp LATENCY 3 OPTYPE fmul PRAGMA {} RTLNAME fmul_32ns_32ns_32_4_max_dsp_1_U61 SOURCE LSTM.cpp:30 VARIABLE mul41_7 LOOP GATES BUNDLEDNAME {} DSP 3 BRAM 0 URAM 0 STORAGESUBTYPE {} DISPNAME {bind_op fmul} VISIBLE true} {BINDTYPE op ID {} IMPL fulldsp LATENCY 4 OPTYPE fadd PRAGMA {} RTLNAME fadd_32ns_32ns_32_5_full_dsp_1_U40 SOURCE LSTM.cpp:30 VARIABLE acc_i_8 LOOP GATES BUNDLEDNAME {} DSP 2 BRAM 0 URAM 0 STORAGESUBTYPE {} DISPNAME {bind_op fadd} VISIBLE true} {BINDTYPE op ID {} IMPL maxdsp LATENCY 3 OPTYPE fmul PRAGMA {} RTLNAME fmul_32ns_32ns_32_4_max_dsp_1_U60 SOURCE LSTM.cpp:30 VARIABLE mul41_8 LOOP GATES BUNDLEDNAME {} DSP 3 BRAM 0 URAM 0 STORAGESUBTYPE {} DISPNAME {bind_op fmul} VISIBLE true} {BINDTYPE op ID {} IMPL fulldsp LATENCY 4 OPTYPE fadd PRAGMA {} RTLNAME fadd_32ns_32ns_32_5_full_dsp_1_U40 SOURCE LSTM.cpp:30 VARIABLE acc_i_9 LOOP GATES BUNDLEDNAME {} DSP 2 BRAM 0 URAM 0 STORAGESUBTYPE {} DISPNAME {bind_op fadd} VISIBLE true} {BINDTYPE op ID {} IMPL maxdsp LATENCY 3 OPTYPE fmul PRAGMA {} RTLNAME fmul_32ns_32ns_32_4_max_dsp_1_U61 SOURCE LSTM.cpp:30 VARIABLE mul41_9 LOOP GATES BUNDLEDNAME {} DSP 3 BRAM 0 URAM 0 STORAGESUBTYPE {} DISPNAME {bind_op fmul} VISIBLE true} {BINDTYPE op ID {} IMPL fulldsp LATENCY 4 OPTYPE fadd PRAGMA {} RTLNAME fadd_32ns_32ns_32_5_full_dsp_1_U40 SOURCE LSTM.cpp:30 VARIABLE acc_i_10 LOOP GATES BUNDLEDNAME {} DSP 2 BRAM 0 URAM 0 STORAGESUBTYPE {} DISPNAME {bind_op fadd} VISIBLE true} {BINDTYPE op ID {} IMPL maxdsp LATENCY 3 OPTYPE fmul PRAGMA {} RTLNAME fmul_32ns_32ns_32_4_max_dsp_1_U60 SOURCE LSTM.cpp:30 VARIABLE mul41_s LOOP GATES BUNDLEDNAME {} DSP 3 BRAM 0 URAM 0 STORAGESUBTYPE {} DISPNAME {bind_op fmul} VISIBLE true} {BINDTYPE op ID {} IMPL fulldsp LATENCY 4 OPTYPE fadd PRAGMA {} RTLNAME fadd_32ns_32ns_32_5_full_dsp_1_U40 SOURCE LSTM.cpp:30 VARIABLE acc_i_11 LOOP GATES BUNDLEDNAME {} DSP 2 BRAM 0 URAM 0 STORAGESUBTYPE {} DISPNAME {bind_op fadd} VISIBLE true} {BINDTYPE op ID {} IMPL maxdsp LATENCY 3 OPTYPE fmul PRAGMA {} RTLNAME fmul_32ns_32ns_32_4_max_dsp_1_U61 SOURCE LSTM.cpp:30 VARIABLE mul41_10 LOOP GATES BUNDLEDNAME {} DSP 3 BRAM 0 URAM 0 STORAGESUBTYPE {} DISPNAME {bind_op fmul} VISIBLE true} {BINDTYPE op ID {} IMPL fulldsp LATENCY 4 OPTYPE fadd PRAGMA {} RTLNAME fadd_32ns_32ns_32_5_full_dsp_1_U40 SOURCE LSTM.cpp:30 VARIABLE acc_i_12 LOOP GATES BUNDLEDNAME {} DSP 2 BRAM 0 URAM 0 STORAGESUBTYPE {} DISPNAME {bind_op fadd} VISIBLE true} {BINDTYPE op ID {} IMPL maxdsp LATENCY 3 OPTYPE fmul PRAGMA {} RTLNAME fmul_32ns_32ns_32_4_max_dsp_1_U60 SOURCE LSTM.cpp:30 VARIABLE mul41_11 LOOP GATES BUNDLEDNAME {} DSP 3 BRAM 0 URAM 0 STORAGESUBTYPE {} DISPNAME {bind_op fmul} VISIBLE true} {BINDTYPE op ID {} IMPL fulldsp LATENCY 4 OPTYPE fadd PRAGMA {} RTLNAME fadd_32ns_32ns_32_5_full_dsp_1_U40 SOURCE LSTM.cpp:30 VARIABLE acc_i_13 LOOP GATES BUNDLEDNAME {} DSP 2 BRAM 0 URAM 0 STORAGESUBTYPE {} DISPNAME {bind_op fadd} VISIBLE true} {BINDTYPE op ID {} IMPL maxdsp LATENCY 3 OPTYPE fmul PRAGMA {} RTLNAME fmul_32ns_32ns_32_4_max_dsp_1_U61 SOURCE LSTM.cpp:30 VARIABLE mul41_12 LOOP GATES BUNDLEDNAME {} DSP 3 BRAM 0 URAM 0 STORAGESUBTYPE {} DISPNAME {bind_op fmul} VISIBLE true} {BINDTYPE op ID {} IMPL fulldsp LATENCY 4 OPTYPE fadd PRAGMA {} RTLNAME fadd_32ns_32ns_32_5_full_dsp_1_U40 SOURCE LSTM.cpp:30 VARIABLE acc_i_14 LOOP GATES BUNDLEDNAME {} DSP 2 BRAM 0 URAM 0 STORAGESUBTYPE {} DISPNAME {bind_op fadd} VISIBLE true} {BINDTYPE op ID {} IMPL maxdsp LATENCY 3 OPTYPE fmul PRAGMA {} RTLNAME fmul_32ns_32ns_32_4_max_dsp_1_U60 SOURCE LSTM.cpp:30 VARIABLE mul41_13 LOOP GATES BUNDLEDNAME {} DSP 3 BRAM 0 URAM 0 STORAGESUBTYPE {} DISPNAME {bind_op fmul} VISIBLE true} {BINDTYPE op ID {} IMPL fulldsp LATENCY 4 OPTYPE fadd PRAGMA {} RTLNAME fadd_32ns_32ns_32_5_full_dsp_1_U40 SOURCE LSTM.cpp:30 VARIABLE acc_i_15 LOOP GATES BUNDLEDNAME {} DSP 2 BRAM 0 URAM 0 STORAGESUBTYPE {} DISPNAME {bind_op fadd} VISIBLE true} {BINDTYPE op ID {} IMPL maxdsp LATENCY 3 OPTYPE fmul PRAGMA {} RTLNAME fmul_32ns_32ns_32_4_max_dsp_1_U61 SOURCE LSTM.cpp:30 VARIABLE mul41_14 LOOP GATES BUNDLEDNAME {} DSP 3 BRAM 0 URAM 0 STORAGESUBTYPE {} DISPNAME {bind_op fmul} VISIBLE true} {BINDTYPE op ID {} IMPL fulldsp LATENCY 4 OPTYPE fadd PRAGMA {} RTLNAME fadd_32ns_32ns_32_5_full_dsp_1_U40 SOURCE LSTM.cpp:30 VARIABLE acc_i_16 LOOP GATES BUNDLEDNAME {} DSP 2 BRAM 0 URAM 0 STORAGESUBTYPE {} DISPNAME {bind_op fadd} VISIBLE true} {BINDTYPE op ID {} IMPL maxdsp LATENCY 3 OPTYPE fmul PRAGMA {} RTLNAME fmul_32ns_32ns_32_4_max_dsp_1_U60 SOURCE LSTM.cpp:30 VARIABLE mul41_15 LOOP GATES BUNDLEDNAME {} DSP 3 BRAM 0 URAM 0 STORAGESUBTYPE {} DISPNAME {bind_op fmul} VISIBLE true} {BINDTYPE op ID {} IMPL fulldsp LATENCY 4 OPTYPE fadd PRAGMA {} RTLNAME fadd_32ns_32ns_32_5_full_dsp_1_U44 SOURCE LSTM.cpp:30 VARIABLE acc_i_17 LOOP GATES BUNDLEDNAME {} DSP 2 BRAM 0 URAM 0 STORAGESUBTYPE {} DISPNAME {bind_op fadd} VISIBLE true} {BINDTYPE op ID {} IMPL maxdsp LATENCY 3 OPTYPE fmul PRAGMA {} RTLNAME fmul_32ns_32ns_32_4_max_dsp_1_U61 SOURCE LSTM.cpp:30 VARIABLE mul41_16 LOOP GATES BUNDLEDNAME {} DSP 3 BRAM 0 URAM 0 STORAGESUBTYPE {} DISPNAME {bind_op fmul} VISIBLE true} {BINDTYPE op ID {} IMPL fulldsp LATENCY 4 OPTYPE fadd PRAGMA {} RTLNAME fadd_32ns_32ns_32_5_full_dsp_1_U44 SOURCE LSTM.cpp:30 VARIABLE acc_i_18 LOOP GATES BUNDLEDNAME {} DSP 2 BRAM 0 URAM 0 STORAGESUBTYPE {} DISPNAME {bind_op fadd} VISIBLE true} {BINDTYPE op ID {} IMPL maxdsp LATENCY 3 OPTYPE fmul PRAGMA {} RTLNAME fmul_32ns_32ns_32_4_max_dsp_1_U60 SOURCE LSTM.cpp:30 VARIABLE mul41_17 LOOP GATES BUNDLEDNAME {} DSP 3 BRAM 0 URAM 0 STORAGESUBTYPE {} DISPNAME {bind_op fmul} VISIBLE true} {BINDTYPE op ID {} IMPL fulldsp LATENCY 4 OPTYPE fadd PRAGMA {} RTLNAME fadd_32ns_32ns_32_5_full_dsp_1_U44 SOURCE LSTM.cpp:30 VARIABLE acc_i_19 LOOP GATES BUNDLEDNAME {} DSP 2 BRAM 0 URAM 0 STORAGESUBTYPE {} DISPNAME {bind_op fadd} VISIBLE true} {BINDTYPE op ID {} IMPL maxdsp LATENCY 3 OPTYPE fmul PRAGMA {} RTLNAME fmul_32ns_32ns_32_4_max_dsp_1_U61 SOURCE LSTM.cpp:30 VARIABLE mul41_18 LOOP GATES BUNDLEDNAME {} DSP 3 BRAM 0 URAM 0 STORAGESUBTYPE {} DISPNAME {bind_op fmul} VISIBLE true} {BINDTYPE op ID {} IMPL fulldsp LATENCY 4 OPTYPE fadd PRAGMA {} RTLNAME fadd_32ns_32ns_32_5_full_dsp_1_U44 SOURCE LSTM.cpp:30 VARIABLE acc_i_20 LOOP GATES BUNDLEDNAME {} DSP 2 BRAM 0 URAM 0 STORAGESUBTYPE {} DISPNAME {bind_op fadd} VISIBLE true} {BINDTYPE op ID {} IMPL maxdsp LATENCY 3 OPTYPE fmul PRAGMA {} RTLNAME fmul_32ns_32ns_32_4_max_dsp_1_U60 SOURCE LSTM.cpp:30 VARIABLE mul41_19 LOOP GATES BUNDLEDNAME {} DSP 3 BRAM 0 URAM 0 STORAGESUBTYPE {} DISPNAME {bind_op fmul} VISIBLE true} {BINDTYPE op ID {} IMPL fulldsp LATENCY 4 OPTYPE fadd PRAGMA {} RTLNAME fadd_32ns_32ns_32_5_full_dsp_1_U44 SOURCE LSTM.cpp:30 VARIABLE acc_i_21 LOOP GATES BUNDLEDNAME {} DSP 2 BRAM 0 URAM 0 STORAGESUBTYPE {} DISPNAME {bind_op fadd} VISIBLE true} {BINDTYPE op ID {} IMPL maxdsp LATENCY 3 OPTYPE fmul PRAGMA {} RTLNAME fmul_32ns_32ns_32_4_max_dsp_1_U61 SOURCE LSTM.cpp:30 VARIABLE mul41_20 LOOP GATES BUNDLEDNAME {} DSP 3 BRAM 0 URAM 0 STORAGESUBTYPE {} DISPNAME {bind_op fmul} VISIBLE true} {BINDTYPE op ID {} IMPL fulldsp LATENCY 4 OPTYPE fadd PRAGMA {} RTLNAME fadd_32ns_32ns_32_5_full_dsp_1_U44 SOURCE LSTM.cpp:30 VARIABLE acc_i_22 LOOP GATES BUNDLEDNAME {} DSP 2 BRAM 0 URAM 0 STORAGESUBTYPE {} DISPNAME {bind_op fadd} VISIBLE true} {BINDTYPE op ID {} IMPL maxdsp LATENCY 3 OPTYPE fmul PRAGMA {} RTLNAME fmul_32ns_32ns_32_4_max_dsp_1_U60 SOURCE LSTM.cpp:30 VARIABLE mul41_21 LOOP GATES BUNDLEDNAME {} DSP 3 BRAM 0 URAM 0 STORAGESUBTYPE {} DISPNAME {bind_op fmul} VISIBLE true} {BINDTYPE op ID {} IMPL fulldsp LATENCY 4 OPTYPE fadd PRAGMA {} RTLNAME fadd_32ns_32ns_32_5_full_dsp_1_U44 SOURCE LSTM.cpp:30 VARIABLE acc_i_23 LOOP GATES BUNDLEDNAME {} DSP 2 BRAM 0 URAM 0 STORAGESUBTYPE {} DISPNAME {bind_op fadd} VISIBLE true} {BINDTYPE op ID {} IMPL maxdsp LATENCY 3 OPTYPE fmul PRAGMA {} RTLNAME fmul_32ns_32ns_32_4_max_dsp_1_U61 SOURCE LSTM.cpp:30 VARIABLE mul41_22 LOOP GATES BUNDLEDNAME {} DSP 3 BRAM 0 URAM 0 STORAGESUBTYPE {} DISPNAME {bind_op fmul} VISIBLE true} {BINDTYPE op ID {} IMPL fulldsp LATENCY 4 OPTYPE fadd PRAGMA {} RTLNAME fadd_32ns_32ns_32_5_full_dsp_1_U44 SOURCE LSTM.cpp:30 VARIABLE acc_i_24 LOOP GATES BUNDLEDNAME {} DSP 2 BRAM 0 URAM 0 STORAGESUBTYPE {} DISPNAME {bind_op fadd} VISIBLE true} {BINDTYPE op ID {} IMPL maxdsp LATENCY 3 OPTYPE fmul PRAGMA {} RTLNAME fmul_32ns_32ns_32_4_max_dsp_1_U60 SOURCE LSTM.cpp:30 VARIABLE mul41_23 LOOP GATES BUNDLEDNAME {} DSP 3 BRAM 0 URAM 0 STORAGESUBTYPE {} DISPNAME {bind_op fmul} VISIBLE true} {BINDTYPE op ID {} IMPL fulldsp LATENCY 4 OPTYPE fadd PRAGMA {} RTLNAME fadd_32ns_32ns_32_5_full_dsp_1_U44 SOURCE LSTM.cpp:30 VARIABLE acc_i_25 LOOP GATES BUNDLEDNAME {} DSP 2 BRAM 0 URAM 0 STORAGESUBTYPE {} DISPNAME {bind_op fadd} VISIBLE true} {BINDTYPE op ID {} IMPL maxdsp LATENCY 3 OPTYPE fmul PRAGMA {} RTLNAME fmul_32ns_32ns_32_4_max_dsp_1_U61 SOURCE LSTM.cpp:30 VARIABLE mul41_24 LOOP GATES BUNDLEDNAME {} DSP 3 BRAM 0 URAM 0 STORAGESUBTYPE {} DISPNAME {bind_op fmul} VISIBLE true} {BINDTYPE op ID {} IMPL fulldsp LATENCY 4 OPTYPE fadd PRAGMA {} RTLNAME fadd_32ns_32ns_32_5_full_dsp_1_U44 SOURCE LSTM.cpp:30 VARIABLE acc_i_26 LOOP GATES BUNDLEDNAME {} DSP 2 BRAM 0 URAM 0 STORAGESUBTYPE {} DISPNAME {bind_op fadd} VISIBLE true} {BINDTYPE op ID {} IMPL maxdsp LATENCY 3 OPTYPE fmul PRAGMA {} RTLNAME fmul_32ns_32ns_32_4_max_dsp_1_U60 SOURCE LSTM.cpp:30 VARIABLE mul41_25 LOOP GATES BUNDLEDNAME {} DSP 3 BRAM 0 URAM 0 STORAGESUBTYPE {} DISPNAME {bind_op fmul} VISIBLE true} {BINDTYPE op ID {} IMPL fulldsp LATENCY 4 OPTYPE fadd PRAGMA {} RTLNAME fadd_32ns_32ns_32_5_full_dsp_1_U44 SOURCE LSTM.cpp:30 VARIABLE acc_i_27 LOOP GATES BUNDLEDNAME {} DSP 2 BRAM 0 URAM 0 STORAGESUBTYPE {} DISPNAME {bind_op fadd} VISIBLE true} {BINDTYPE op ID {} IMPL maxdsp LATENCY 3 OPTYPE fmul PRAGMA {} RTLNAME fmul_32ns_32ns_32_4_max_dsp_1_U61 SOURCE LSTM.cpp:30 VARIABLE mul41_26 LOOP GATES BUNDLEDNAME {} DSP 3 BRAM 0 URAM 0 STORAGESUBTYPE {} DISPNAME {bind_op fmul} VISIBLE true} {BINDTYPE op ID {} IMPL fulldsp LATENCY 4 OPTYPE fadd PRAGMA {} RTLNAME fadd_32ns_32ns_32_5_full_dsp_1_U44 SOURCE LSTM.cpp:30 VARIABLE acc_i_28 LOOP GATES BUNDLEDNAME {} DSP 2 BRAM 0 URAM 0 STORAGESUBTYPE {} DISPNAME {bind_op fadd} VISIBLE true} {BINDTYPE op ID {} IMPL maxdsp LATENCY 3 OPTYPE fmul PRAGMA {} RTLNAME fmul_32ns_32ns_32_4_max_dsp_1_U60 SOURCE LSTM.cpp:30 VARIABLE mul41_27 LOOP GATES BUNDLEDNAME {} DSP 3 BRAM 0 URAM 0 STORAGESUBTYPE {} DISPNAME {bind_op fmul} VISIBLE true} {BINDTYPE op ID {} IMPL fulldsp LATENCY 4 OPTYPE fadd PRAGMA {} RTLNAME fadd_32ns_32ns_32_5_full_dsp_1_U44 SOURCE LSTM.cpp:30 VARIABLE acc_i_29 LOOP GATES BUNDLEDNAME {} DSP 2 BRAM 0 URAM 0 STORAGESUBTYPE {} DISPNAME {bind_op fadd} VISIBLE true} {BINDTYPE op ID {} IMPL maxdsp LATENCY 3 OPTYPE fmul PRAGMA {} RTLNAME fmul_32ns_32ns_32_4_max_dsp_1_U61 SOURCE LSTM.cpp:30 VARIABLE mul41_28 LOOP GATES BUNDLEDNAME {} DSP 3 BRAM 0 URAM 0 STORAGESUBTYPE {} DISPNAME {bind_op fmul} VISIBLE true} {BINDTYPE op ID {} IMPL fulldsp LATENCY 4 OPTYPE fadd PRAGMA {} RTLNAME fadd_32ns_32ns_32_5_full_dsp_1_U44 SOURCE LSTM.cpp:30 VARIABLE acc_i_30 LOOP GATES BUNDLEDNAME {} DSP 2 BRAM 0 URAM 0 STORAGESUBTYPE {} DISPNAME {bind_op fadd} VISIBLE true} {BINDTYPE op ID {} IMPL maxdsp LATENCY 3 OPTYPE fmul PRAGMA {} RTLNAME fmul_32ns_32ns_32_4_max_dsp_1_U60 SOURCE LSTM.cpp:30 VARIABLE mul41_29 LOOP GATES BUNDLEDNAME {} DSP 3 BRAM 0 URAM 0 STORAGESUBTYPE {} DISPNAME {bind_op fmul} VISIBLE true} {BINDTYPE op ID {} IMPL fulldsp LATENCY 4 OPTYPE fadd PRAGMA {} RTLNAME fadd_32ns_32ns_32_5_full_dsp_1_U44 SOURCE LSTM.cpp:30 VARIABLE acc_i_31 LOOP GATES BUNDLEDNAME {} DSP 2 BRAM 0 URAM 0 STORAGESUBTYPE {} DISPNAME {bind_op fadd} VISIBLE true} {BINDTYPE op ID {} IMPL maxdsp LATENCY 3 OPTYPE fmul PRAGMA {} RTLNAME fmul_32ns_32ns_32_4_max_dsp_1_U61 SOURCE LSTM.cpp:30 VARIABLE mul41_30 LOOP GATES BUNDLEDNAME {} DSP 3 BRAM 0 URAM 0 STORAGESUBTYPE {} DISPNAME {bind_op fmul} VISIBLE true} {BINDTYPE op ID {} IMPL fulldsp LATENCY 4 OPTYPE fadd PRAGMA {} RTLNAME fadd_32ns_32ns_32_5_full_dsp_1_U44 SOURCE LSTM.cpp:30 VARIABLE acc_i_32 LOOP GATES BUNDLEDNAME {} DSP 2 BRAM 0 URAM 0 STORAGESUBTYPE {} DISPNAME {bind_op fadd} VISIBLE true} {BINDTYPE op ID {} IMPL maxdsp LATENCY 3 OPTYPE fmul PRAGMA {} RTLNAME fmul_32ns_32ns_32_4_max_dsp_1_U62 SOURCE LSTM.cpp:31 VARIABLE mul3 LOOP GATES BUNDLEDNAME {} DSP 3 BRAM 0 URAM 0 STORAGESUBTYPE {} DISPNAME {bind_op fmul} VISIBLE true} {BINDTYPE op ID {} IMPL fulldsp LATENCY 4 OPTYPE fadd PRAGMA {} RTLNAME fadd_32ns_32ns_32_5_full_dsp_1_U48 SOURCE LSTM.cpp:31 VARIABLE acc_i_33 LOOP GATES BUNDLEDNAME {} DSP 2 BRAM 0 URAM 0 STORAGESUBTYPE {} DISPNAME {bind_op fadd} VISIBLE true} {BINDTYPE op ID {} IMPL maxdsp LATENCY 3 OPTYPE fmul PRAGMA {} RTLNAME fmul_32ns_32ns_32_4_max_dsp_1_U63 SOURCE LSTM.cpp:31 VARIABLE mul57_1 LOOP GATES BUNDLEDNAME {} DSP 3 BRAM 0 URAM 0 STORAGESUBTYPE {} DISPNAME {bind_op fmul} VISIBLE true} {BINDTYPE op ID {} IMPL fulldsp LATENCY 4 OPTYPE fadd PRAGMA {} RTLNAME fadd_32ns_32ns_32_5_full_dsp_1_U48 SOURCE LSTM.cpp:31 VARIABLE acc_i_34 LOOP GATES BUNDLEDNAME {} DSP 2 BRAM 0 URAM 0 STORAGESUBTYPE {} DISPNAME {bind_op fadd} VISIBLE true} {BINDTYPE op ID {} IMPL maxdsp LATENCY 3 OPTYPE fmul PRAGMA {} RTLNAME fmul_32ns_32ns_32_4_max_dsp_1_U62 SOURCE LSTM.cpp:31 VARIABLE mul57_2 LOOP GATES BUNDLEDNAME {} DSP 3 BRAM 0 URAM 0 STORAGESUBTYPE {} DISPNAME {bind_op fmul} VISIBLE true} {BINDTYPE op ID {} IMPL fulldsp LATENCY 4 OPTYPE fadd PRAGMA {} RTLNAME fadd_32ns_32ns_32_5_full_dsp_1_U48 SOURCE LSTM.cpp:31 VARIABLE acc_i_35 LOOP GATES BUNDLEDNAME {} DSP 2 BRAM 0 URAM 0 STORAGESUBTYPE {} DISPNAME {bind_op fadd} VISIBLE true} {BINDTYPE op ID {} IMPL maxdsp LATENCY 3 OPTYPE fmul PRAGMA {} RTLNAME fmul_32ns_32ns_32_4_max_dsp_1_U63 SOURCE LSTM.cpp:31 VARIABLE mul57_3 LOOP GATES BUNDLEDNAME {} DSP 3 BRAM 0 URAM 0 STORAGESUBTYPE {} DISPNAME {bind_op fmul} VISIBLE true} {BINDTYPE op ID {} IMPL fulldsp LATENCY 4 OPTYPE fadd PRAGMA {} RTLNAME fadd_32ns_32ns_32_5_full_dsp_1_U48 SOURCE LSTM.cpp:31 VARIABLE acc_i_36 LOOP GATES BUNDLEDNAME {} DSP 2 BRAM 0 URAM 0 STORAGESUBTYPE {} DISPNAME {bind_op fadd} VISIBLE true} {BINDTYPE op ID {} IMPL maxdsp LATENCY 3 OPTYPE fmul PRAGMA {} RTLNAME fmul_32ns_32ns_32_4_max_dsp_1_U62 SOURCE LSTM.cpp:31 VARIABLE mul57_4 LOOP GATES BUNDLEDNAME {} DSP 3 BRAM 0 URAM 0 STORAGESUBTYPE {} DISPNAME {bind_op fmul} VISIBLE true} {BINDTYPE op ID {} IMPL fulldsp LATENCY 4 OPTYPE fadd PRAGMA {} RTLNAME fadd_32ns_32ns_32_5_full_dsp_1_U48 SOURCE LSTM.cpp:31 VARIABLE acc_i_37 LOOP GATES BUNDLEDNAME {} DSP 2 BRAM 0 URAM 0 STORAGESUBTYPE {} DISPNAME {bind_op fadd} VISIBLE true} {BINDTYPE op ID {} IMPL maxdsp LATENCY 3 OPTYPE fmul PRAGMA {} RTLNAME fmul_32ns_32ns_32_4_max_dsp_1_U63 SOURCE LSTM.cpp:31 VARIABLE mul57_5 LOOP GATES BUNDLEDNAME {} DSP 3 BRAM 0 URAM 0 STORAGESUBTYPE {} DISPNAME {bind_op fmul} VISIBLE true} {BINDTYPE op ID {} IMPL fulldsp LATENCY 4 OPTYPE fadd PRAGMA {} RTLNAME fadd_32ns_32ns_32_5_full_dsp_1_U48 SOURCE LSTM.cpp:31 VARIABLE acc_i_38 LOOP GATES BUNDLEDNAME {} DSP 2 BRAM 0 URAM 0 STORAGESUBTYPE {} DISPNAME {bind_op fadd} VISIBLE true} {BINDTYPE op ID {} IMPL maxdsp LATENCY 3 OPTYPE fmul PRAGMA {} RTLNAME fmul_32ns_32ns_32_4_max_dsp_1_U62 SOURCE LSTM.cpp:31 VARIABLE mul57_6 LOOP GATES BUNDLEDNAME {} DSP 3 BRAM 0 URAM 0 STORAGESUBTYPE {} DISPNAME {bind_op fmul} VISIBLE true} {BINDTYPE op ID {} IMPL fulldsp LATENCY 4 OPTYPE fadd PRAGMA {} RTLNAME fadd_32ns_32ns_32_5_full_dsp_1_U48 SOURCE LSTM.cpp:31 VARIABLE acc_i_39 LOOP GATES BUNDLEDNAME {} DSP 2 BRAM 0 URAM 0 STORAGESUBTYPE {} DISPNAME {bind_op fadd} VISIBLE true} {BINDTYPE op ID {} IMPL maxdsp LATENCY 3 OPTYPE fmul PRAGMA {} RTLNAME fmul_32ns_32ns_32_4_max_dsp_1_U63 SOURCE LSTM.cpp:31 VARIABLE mul57_7 LOOP GATES BUNDLEDNAME {} DSP 3 BRAM 0 URAM 0 STORAGESUBTYPE {} DISPNAME {bind_op fmul} VISIBLE true} {BINDTYPE op ID {} IMPL fulldsp LATENCY 4 OPTYPE fadd PRAGMA {} RTLNAME fadd_32ns_32ns_32_5_full_dsp_1_U48 SOURCE LSTM.cpp:31 VARIABLE acc_i_40 LOOP GATES BUNDLEDNAME {} DSP 2 BRAM 0 URAM 0 STORAGESUBTYPE {} DISPNAME {bind_op fadd} VISIBLE true} {BINDTYPE op ID {} IMPL maxdsp LATENCY 3 OPTYPE fmul PRAGMA {} RTLNAME fmul_32ns_32ns_32_4_max_dsp_1_U62 SOURCE LSTM.cpp:31 VARIABLE mul57_8 LOOP GATES BUNDLEDNAME {} DSP 3 BRAM 0 URAM 0 STORAGESUBTYPE {} DISPNAME {bind_op fmul} VISIBLE true} {BINDTYPE op ID {} IMPL fulldsp LATENCY 4 OPTYPE fadd PRAGMA {} RTLNAME fadd_32ns_32ns_32_5_full_dsp_1_U48 SOURCE LSTM.cpp:31 VARIABLE acc_i_41 LOOP GATES BUNDLEDNAME {} DSP 2 BRAM 0 URAM 0 STORAGESUBTYPE {} DISPNAME {bind_op fadd} VISIBLE true} {BINDTYPE op ID {} IMPL maxdsp LATENCY 3 OPTYPE fmul PRAGMA {} RTLNAME fmul_32ns_32ns_32_4_max_dsp_1_U63 SOURCE LSTM.cpp:31 VARIABLE mul57_9 LOOP GATES BUNDLEDNAME {} DSP 3 BRAM 0 URAM 0 STORAGESUBTYPE {} DISPNAME {bind_op fmul} VISIBLE true} {BINDTYPE op ID {} IMPL fulldsp LATENCY 4 OPTYPE fadd PRAGMA {} RTLNAME fadd_32ns_32ns_32_5_full_dsp_1_U48 SOURCE LSTM.cpp:31 VARIABLE acc_i_42 LOOP GATES BUNDLEDNAME {} DSP 2 BRAM 0 URAM 0 STORAGESUBTYPE {} DISPNAME {bind_op fadd} VISIBLE true} {BINDTYPE op ID {} IMPL maxdsp LATENCY 3 OPTYPE fmul PRAGMA {} RTLNAME fmul_32ns_32ns_32_4_max_dsp_1_U62 SOURCE LSTM.cpp:31 VARIABLE mul57_s LOOP GATES BUNDLEDNAME {} DSP 3 BRAM 0 URAM 0 STORAGESUBTYPE {} DISPNAME {bind_op fmul} VISIBLE true} {BINDTYPE op ID {} IMPL fulldsp LATENCY 4 OPTYPE fadd PRAGMA {} RTLNAME fadd_32ns_32ns_32_5_full_dsp_1_U48 SOURCE LSTM.cpp:31 VARIABLE acc_i_43 LOOP GATES BUNDLEDNAME {} DSP 2 BRAM 0 URAM 0 STORAGESUBTYPE {} DISPNAME {bind_op fadd} VISIBLE true} {BINDTYPE op ID {} IMPL maxdsp LATENCY 3 OPTYPE fmul PRAGMA {} RTLNAME fmul_32ns_32ns_32_4_max_dsp_1_U63 SOURCE LSTM.cpp:31 VARIABLE mul57_10 LOOP GATES BUNDLEDNAME {} DSP 3 BRAM 0 URAM 0 STORAGESUBTYPE {} DISPNAME {bind_op fmul} VISIBLE true} {BINDTYPE op ID {} IMPL fulldsp LATENCY 4 OPTYPE fadd PRAGMA {} RTLNAME fadd_32ns_32ns_32_5_full_dsp_1_U48 SOURCE LSTM.cpp:31 VARIABLE acc_i_44 LOOP GATES BUNDLEDNAME {} DSP 2 BRAM 0 URAM 0 STORAGESUBTYPE {} DISPNAME {bind_op fadd} VISIBLE true} {BINDTYPE op ID {} IMPL maxdsp LATENCY 3 OPTYPE fmul PRAGMA {} RTLNAME fmul_32ns_32ns_32_4_max_dsp_1_U62 SOURCE LSTM.cpp:31 VARIABLE mul57_11 LOOP GATES BUNDLEDNAME {} DSP 3 BRAM 0 URAM 0 STORAGESUBTYPE {} DISPNAME {bind_op fmul} VISIBLE true} {BINDTYPE op ID {} IMPL fulldsp LATENCY 4 OPTYPE fadd PRAGMA {} RTLNAME fadd_32ns_32ns_32_5_full_dsp_1_U48 SOURCE LSTM.cpp:31 VARIABLE acc_i_45 LOOP GATES BUNDLEDNAME {} DSP 2 BRAM 0 URAM 0 STORAGESUBTYPE {} DISPNAME {bind_op fadd} VISIBLE true} {BINDTYPE op ID {} IMPL maxdsp LATENCY 3 OPTYPE fmul PRAGMA {} RTLNAME fmul_32ns_32ns_32_4_max_dsp_1_U63 SOURCE LSTM.cpp:31 VARIABLE mul57_12 LOOP GATES BUNDLEDNAME {} DSP 3 BRAM 0 URAM 0 STORAGESUBTYPE {} DISPNAME {bind_op fmul} VISIBLE true} {BINDTYPE op ID {} IMPL fulldsp LATENCY 4 OPTYPE fadd PRAGMA {} RTLNAME fadd_32ns_32ns_32_5_full_dsp_1_U48 SOURCE LSTM.cpp:31 VARIABLE acc_i_46 LOOP GATES BUNDLEDNAME {} DSP 2 BRAM 0 URAM 0 STORAGESUBTYPE {} DISPNAME {bind_op fadd} VISIBLE true} {BINDTYPE op ID {} IMPL maxdsp LATENCY 3 OPTYPE fmul PRAGMA {} RTLNAME fmul_32ns_32ns_32_4_max_dsp_1_U62 SOURCE LSTM.cpp:31 VARIABLE mul57_13 LOOP GATES BUNDLEDNAME {} DSP 3 BRAM 0 URAM 0 STORAGESUBTYPE {} DISPNAME {bind_op fmul} VISIBLE true} {BINDTYPE op ID {} IMPL fulldsp LATENCY 4 OPTYPE fadd PRAGMA {} RTLNAME fadd_32ns_32ns_32_5_full_dsp_1_U48 SOURCE LSTM.cpp:31 VARIABLE acc_i_47 LOOP GATES BUNDLEDNAME {} DSP 2 BRAM 0 URAM 0 STORAGESUBTYPE {} DISPNAME {bind_op fadd} VISIBLE true} {BINDTYPE op ID {} IMPL maxdsp LATENCY 3 OPTYPE fmul PRAGMA {} RTLNAME fmul_32ns_32ns_32_4_max_dsp_1_U63 SOURCE LSTM.cpp:31 VARIABLE mul57_14 LOOP GATES BUNDLEDNAME {} DSP 3 BRAM 0 URAM 0 STORAGESUBTYPE {} DISPNAME {bind_op fmul} VISIBLE true} {BINDTYPE op ID {} IMPL fulldsp LATENCY 4 OPTYPE fadd PRAGMA {} RTLNAME fadd_32ns_32ns_32_5_full_dsp_1_U48 SOURCE LSTM.cpp:31 VARIABLE acc_i_48 LOOP GATES BUNDLEDNAME {} DSP 2 BRAM 0 URAM 0 STORAGESUBTYPE {} DISPNAME {bind_op fadd} VISIBLE true} {BINDTYPE op ID {} IMPL maxdsp LATENCY 3 OPTYPE fmul PRAGMA {} RTLNAME fmul_32ns_32ns_32_4_max_dsp_1_U62 SOURCE LSTM.cpp:31 VARIABLE mul57_15 LOOP GATES BUNDLEDNAME {} DSP 3 BRAM 0 URAM 0 STORAGESUBTYPE {} DISPNAME {bind_op fmul} VISIBLE true} {BINDTYPE op ID {} IMPL fulldsp LATENCY 4 OPTYPE fadd PRAGMA {} RTLNAME fadd_32ns_32ns_32_5_full_dsp_1_U52 SOURCE LSTM.cpp:31 VARIABLE acc_i_49 LOOP GATES BUNDLEDNAME {} DSP 2 BRAM 0 URAM 0 STORAGESUBTYPE {} DISPNAME {bind_op fadd} VISIBLE true} {BINDTYPE op ID {} IMPL maxdsp LATENCY 3 OPTYPE fmul PRAGMA {} RTLNAME fmul_32ns_32ns_32_4_max_dsp_1_U63 SOURCE LSTM.cpp:31 VARIABLE mul57_16 LOOP GATES BUNDLEDNAME {} DSP 3 BRAM 0 URAM 0 STORAGESUBTYPE {} DISPNAME {bind_op fmul} VISIBLE true} {BINDTYPE op ID {} IMPL fulldsp LATENCY 4 OPTYPE fadd PRAGMA {} RTLNAME fadd_32ns_32ns_32_5_full_dsp_1_U52 SOURCE LSTM.cpp:31 VARIABLE acc_i_50 LOOP GATES BUNDLEDNAME {} DSP 2 BRAM 0 URAM 0 STORAGESUBTYPE {} DISPNAME {bind_op fadd} VISIBLE true} {BINDTYPE op ID {} IMPL maxdsp LATENCY 3 OPTYPE fmul PRAGMA {} RTLNAME fmul_32ns_32ns_32_4_max_dsp_1_U62 SOURCE LSTM.cpp:31 VARIABLE mul57_17 LOOP GATES BUNDLEDNAME {} DSP 3 BRAM 0 URAM 0 STORAGESUBTYPE {} DISPNAME {bind_op fmul} VISIBLE true} {BINDTYPE op ID {} IMPL fulldsp LATENCY 4 OPTYPE fadd PRAGMA {} RTLNAME fadd_32ns_32ns_32_5_full_dsp_1_U52 SOURCE LSTM.cpp:31 VARIABLE acc_i_51 LOOP GATES BUNDLEDNAME {} DSP 2 BRAM 0 URAM 0 STORAGESUBTYPE {} DISPNAME {bind_op fadd} VISIBLE true} {BINDTYPE op ID {} IMPL maxdsp LATENCY 3 OPTYPE fmul PRAGMA {} RTLNAME fmul_32ns_32ns_32_4_max_dsp_1_U63 SOURCE LSTM.cpp:31 VARIABLE mul57_18 LOOP GATES BUNDLEDNAME {} DSP 3 BRAM 0 URAM 0 STORAGESUBTYPE {} DISPNAME {bind_op fmul} VISIBLE true} {BINDTYPE op ID {} IMPL fulldsp LATENCY 4 OPTYPE fadd PRAGMA {} RTLNAME fadd_32ns_32ns_32_5_full_dsp_1_U52 SOURCE LSTM.cpp:31 VARIABLE acc_i_52 LOOP GATES BUNDLEDNAME {} DSP 2 BRAM 0 URAM 0 STORAGESUBTYPE {} DISPNAME {bind_op fadd} VISIBLE true} {BINDTYPE op ID {} IMPL maxdsp LATENCY 3 OPTYPE fmul PRAGMA {} RTLNAME fmul_32ns_32ns_32_4_max_dsp_1_U62 SOURCE LSTM.cpp:31 VARIABLE mul57_19 LOOP GATES BUNDLEDNAME {} DSP 3 BRAM 0 URAM 0 STORAGESUBTYPE {} DISPNAME {bind_op fmul} VISIBLE true} {BINDTYPE op ID {} IMPL fulldsp LATENCY 4 OPTYPE fadd PRAGMA {} RTLNAME fadd_32ns_32ns_32_5_full_dsp_1_U52 SOURCE LSTM.cpp:31 VARIABLE acc_i_53 LOOP GATES BUNDLEDNAME {} DSP 2 BRAM 0 URAM 0 STORAGESUBTYPE {} DISPNAME {bind_op fadd} VISIBLE true} {BINDTYPE op ID {} IMPL maxdsp LATENCY 3 OPTYPE fmul PRAGMA {} RTLNAME fmul_32ns_32ns_32_4_max_dsp_1_U63 SOURCE LSTM.cpp:31 VARIABLE mul57_20 LOOP GATES BUNDLEDNAME {} DSP 3 BRAM 0 URAM 0 STORAGESUBTYPE {} DISPNAME {bind_op fmul} VISIBLE true} {BINDTYPE op ID {} IMPL fulldsp LATENCY 4 OPTYPE fadd PRAGMA {} RTLNAME fadd_32ns_32ns_32_5_full_dsp_1_U52 SOURCE LSTM.cpp:31 VARIABLE acc_i_54 LOOP GATES BUNDLEDNAME {} DSP 2 BRAM 0 URAM 0 STORAGESUBTYPE {} DISPNAME {bind_op fadd} VISIBLE true} {BINDTYPE op ID {} IMPL maxdsp LATENCY 3 OPTYPE fmul PRAGMA {} RTLNAME fmul_32ns_32ns_32_4_max_dsp_1_U62 SOURCE LSTM.cpp:31 VARIABLE mul57_21 LOOP GATES BUNDLEDNAME {} DSP 3 BRAM 0 URAM 0 STORAGESUBTYPE {} DISPNAME {bind_op fmul} VISIBLE true} {BINDTYPE op ID {} IMPL fulldsp LATENCY 4 OPTYPE fadd PRAGMA {} RTLNAME fadd_32ns_32ns_32_5_full_dsp_1_U52 SOURCE LSTM.cpp:31 VARIABLE acc_i_55 LOOP GATES BUNDLEDNAME {} DSP 2 BRAM 0 URAM 0 STORAGESUBTYPE {} DISPNAME {bind_op fadd} VISIBLE true} {BINDTYPE op ID {} IMPL maxdsp LATENCY 3 OPTYPE fmul PRAGMA {} RTLNAME fmul_32ns_32ns_32_4_max_dsp_1_U63 SOURCE LSTM.cpp:31 VARIABLE mul57_22 LOOP GATES BUNDLEDNAME {} DSP 3 BRAM 0 URAM 0 STORAGESUBTYPE {} DISPNAME {bind_op fmul} VISIBLE true} {BINDTYPE op ID {} IMPL fulldsp LATENCY 4 OPTYPE fadd PRAGMA {} RTLNAME fadd_32ns_32ns_32_5_full_dsp_1_U52 SOURCE LSTM.cpp:31 VARIABLE acc_i_56 LOOP GATES BUNDLEDNAME {} DSP 2 BRAM 0 URAM 0 STORAGESUBTYPE {} DISPNAME {bind_op fadd} VISIBLE true} {BINDTYPE op ID {} IMPL maxdsp LATENCY 3 OPTYPE fmul PRAGMA {} RTLNAME fmul_32ns_32ns_32_4_max_dsp_1_U62 SOURCE LSTM.cpp:31 VARIABLE mul57_23 LOOP GATES BUNDLEDNAME {} DSP 3 BRAM 0 URAM 0 STORAGESUBTYPE {} DISPNAME {bind_op fmul} VISIBLE true} {BINDTYPE op ID {} IMPL fulldsp LATENCY 4 OPTYPE fadd PRAGMA {} RTLNAME fadd_32ns_32ns_32_5_full_dsp_1_U52 SOURCE LSTM.cpp:31 VARIABLE acc_i_57 LOOP GATES BUNDLEDNAME {} DSP 2 BRAM 0 URAM 0 STORAGESUBTYPE {} DISPNAME {bind_op fadd} VISIBLE true} {BINDTYPE op ID {} IMPL maxdsp LATENCY 3 OPTYPE fmul PRAGMA {} RTLNAME fmul_32ns_32ns_32_4_max_dsp_1_U63 SOURCE LSTM.cpp:31 VARIABLE mul57_24 LOOP GATES BUNDLEDNAME {} DSP 3 BRAM 0 URAM 0 STORAGESUBTYPE {} DISPNAME {bind_op fmul} VISIBLE true} {BINDTYPE op ID {} IMPL fulldsp LATENCY 4 OPTYPE fadd PRAGMA {} RTLNAME fadd_32ns_32ns_32_5_full_dsp_1_U52 SOURCE LSTM.cpp:31 VARIABLE acc_i_58 LOOP GATES BUNDLEDNAME {} DSP 2 BRAM 0 URAM 0 STORAGESUBTYPE {} DISPNAME {bind_op fadd} VISIBLE true} {BINDTYPE op ID {} IMPL maxdsp LATENCY 3 OPTYPE fmul PRAGMA {} RTLNAME fmul_32ns_32ns_32_4_max_dsp_1_U62 SOURCE LSTM.cpp:31 VARIABLE mul57_25 LOOP GATES BUNDLEDNAME {} DSP 3 BRAM 0 URAM 0 STORAGESUBTYPE {} DISPNAME {bind_op fmul} VISIBLE true} {BINDTYPE op ID {} IMPL fulldsp LATENCY 4 OPTYPE fadd PRAGMA {} RTLNAME fadd_32ns_32ns_32_5_full_dsp_1_U52 SOURCE LSTM.cpp:31 VARIABLE acc_i_59 LOOP GATES BUNDLEDNAME {} DSP 2 BRAM 0 URAM 0 STORAGESUBTYPE {} DISPNAME {bind_op fadd} VISIBLE true} {BINDTYPE op ID {} IMPL maxdsp LATENCY 3 OPTYPE fmul PRAGMA {} RTLNAME fmul_32ns_32ns_32_4_max_dsp_1_U63 SOURCE LSTM.cpp:31 VARIABLE mul57_26 LOOP GATES BUNDLEDNAME {} DSP 3 BRAM 0 URAM 0 STORAGESUBTYPE {} DISPNAME {bind_op fmul} VISIBLE true} {BINDTYPE op ID {} IMPL fulldsp LATENCY 4 OPTYPE fadd PRAGMA {} RTLNAME fadd_32ns_32ns_32_5_full_dsp_1_U52 SOURCE LSTM.cpp:31 VARIABLE acc_i_60 LOOP GATES BUNDLEDNAME {} DSP 2 BRAM 0 URAM 0 STORAGESUBTYPE {} DISPNAME {bind_op fadd} VISIBLE true} {BINDTYPE op ID {} IMPL maxdsp LATENCY 3 OPTYPE fmul PRAGMA {} RTLNAME fmul_32ns_32ns_32_4_max_dsp_1_U62 SOURCE LSTM.cpp:31 VARIABLE mul57_27 LOOP GATES BUNDLEDNAME {} DSP 3 BRAM 0 URAM 0 STORAGESUBTYPE {} DISPNAME {bind_op fmul} VISIBLE true} {BINDTYPE op ID {} IMPL fulldsp LATENCY 4 OPTYPE fadd PRAGMA {} RTLNAME fadd_32ns_32ns_32_5_full_dsp_1_U52 SOURCE LSTM.cpp:31 VARIABLE acc_i_61 LOOP GATES BUNDLEDNAME {} DSP 2 BRAM 0 URAM 0 STORAGESUBTYPE {} DISPNAME {bind_op fadd} VISIBLE true} {BINDTYPE op ID {} IMPL maxdsp LATENCY 3 OPTYPE fmul PRAGMA {} RTLNAME fmul_32ns_32ns_32_4_max_dsp_1_U63 SOURCE LSTM.cpp:31 VARIABLE mul57_28 LOOP GATES BUNDLEDNAME {} DSP 3 BRAM 0 URAM 0 STORAGESUBTYPE {} DISPNAME {bind_op fmul} VISIBLE true} {BINDTYPE op ID {} IMPL fulldsp LATENCY 4 OPTYPE fadd PRAGMA {} RTLNAME fadd_32ns_32ns_32_5_full_dsp_1_U52 SOURCE LSTM.cpp:31 VARIABLE acc_i_62 LOOP GATES BUNDLEDNAME {} DSP 2 BRAM 0 URAM 0 STORAGESUBTYPE {} DISPNAME {bind_op fadd} VISIBLE true} {BINDTYPE op ID {} IMPL maxdsp LATENCY 3 OPTYPE fmul PRAGMA {} RTLNAME fmul_32ns_32ns_32_4_max_dsp_1_U62 SOURCE LSTM.cpp:31 VARIABLE mul57_29 LOOP GATES BUNDLEDNAME {} DSP 3 BRAM 0 URAM 0 STORAGESUBTYPE {} DISPNAME {bind_op fmul} VISIBLE true} {BINDTYPE op ID {} IMPL fulldsp LATENCY 4 OPTYPE fadd PRAGMA {} RTLNAME fadd_32ns_32ns_32_5_full_dsp_1_U52 SOURCE LSTM.cpp:31 VARIABLE acc_i_63 LOOP GATES BUNDLEDNAME {} DSP 2 BRAM 0 URAM 0 STORAGESUBTYPE {} DISPNAME {bind_op fadd} VISIBLE true} {BINDTYPE op ID {} IMPL maxdsp LATENCY 3 OPTYPE fmul PRAGMA {} RTLNAME fmul_32ns_32ns_32_4_max_dsp_1_U63 SOURCE LSTM.cpp:31 VARIABLE mul57_30 LOOP GATES BUNDLEDNAME {} DSP 3 BRAM 0 URAM 0 STORAGESUBTYPE {} DISPNAME {bind_op fmul} VISIBLE true} {BINDTYPE op ID {} IMPL fulldsp LATENCY 4 OPTYPE fadd PRAGMA {} RTLNAME fadd_32ns_32ns_32_5_full_dsp_1_U52 SOURCE LSTM.cpp:31 VARIABLE acc_i_64 LOOP GATES BUNDLEDNAME {} DSP 2 BRAM 0 URAM 0 STORAGESUBTYPE {} DISPNAME {bind_op fadd} VISIBLE true} {BINDTYPE op ID {} IMPL auto LATENCY 0 OPTYPE xor PRAGMA {} RTLNAME xor_ln5_4_fu_5505_p2 SOURCE LSTM.cpp:5 VARIABLE xor_ln5_4 LOOP GATES BUNDLEDNAME {} DSP 0 BRAM 0 URAM 0 STORAGESUBTYPE {} DISPNAME {bind_op xor} VISIBLE false} {BINDTYPE op ID {} IMPL fulldsp LATENCY 8 OPTYPE fexp PRAGMA {} RTLNAME fexp_32ns_32ns_32_9_full_dsp_1_U73 SOURCE {C:\scratch\2025.1\hls_product\640\2025.1\src\shared\hls\clib\hlsmath\src\common\hls_exp_float.cpp:17} VARIABLE tmp_s LOOP GATES BUNDLEDNAME {} DSP 7 BRAM 0 URAM 0 STORAGESUBTYPE {} DISPNAME {bind_op fexp} VISIBLE true} {BINDTYPE op ID {} IMPL fulldsp LATENCY 4 OPTYPE fadd PRAGMA {} RTLNAME fadd_32ns_32ns_32_5_full_dsp_1_U55 SOURCE LSTM.cpp:5 VARIABLE add_i1 LOOP GATES BUNDLEDNAME {} DSP 2 BRAM 0 URAM 0 STORAGESUBTYPE {} DISPNAME {bind_op fadd} VISIBLE true} {BINDTYPE op ID {} IMPL fabric LATENCY 11 OPTYPE fdiv PRAGMA {} RTLNAME fdiv_32ns_32ns_32_12_no_dsp_1_U72 SOURCE LSTM.cpp:5 VARIABLE div_i1 LOOP GATES BUNDLEDNAME {} DSP 0 BRAM 0 URAM 0 STORAGESUBTYPE {} DISPNAME {bind_op fdiv} VISIBLE true} {BINDTYPE op ID {} IMPL maxdsp LATENCY 3 OPTYPE fmul PRAGMA {} RTLNAME fmul_32ns_32ns_32_4_max_dsp_1_U64 SOURCE LSTM.cpp:36 VARIABLE mul4 LOOP GATES BUNDLEDNAME {} DSP 3 BRAM 0 URAM 0 STORAGESUBTYPE {} DISPNAME {bind_op fmul} VISIBLE true} {BINDTYPE op ID {} IMPL fulldsp LATENCY 4 OPTYPE fadd PRAGMA {} RTLNAME fadd_32ns_32ns_32_5_full_dsp_1_U41 SOURCE LSTM.cpp:36 VARIABLE acc_g_1 LOOP GATES BUNDLEDNAME {} DSP 2 BRAM 0 URAM 0 STORAGESUBTYPE {} DISPNAME {bind_op fadd} VISIBLE true} {BINDTYPE op ID {} IMPL maxdsp LATENCY 3 OPTYPE fmul PRAGMA {} RTLNAME fmul_32ns_32ns_32_4_max_dsp_1_U65 SOURCE LSTM.cpp:36 VARIABLE mul78_1 LOOP GATES BUNDLEDNAME {} DSP 3 BRAM 0 URAM 0 STORAGESUBTYPE {} DISPNAME {bind_op fmul} VISIBLE true} {BINDTYPE op ID {} IMPL fulldsp LATENCY 4 OPTYPE fadd PRAGMA {} RTLNAME fadd_32ns_32ns_32_5_full_dsp_1_U41 SOURCE LSTM.cpp:36 VARIABLE acc_g_2 LOOP GATES BUNDLEDNAME {} DSP 2 BRAM 0 URAM 0 STORAGESUBTYPE {} DISPNAME {bind_op fadd} VISIBLE true} {BINDTYPE op ID {} IMPL maxdsp LATENCY 3 OPTYPE fmul PRAGMA {} RTLNAME fmul_32ns_32ns_32_4_max_dsp_1_U64 SOURCE LSTM.cpp:36 VARIABLE mul78_2 LOOP GATES BUNDLEDNAME {} DSP 3 BRAM 0 URAM 0 STORAGESUBTYPE {} DISPNAME {bind_op fmul} VISIBLE true} {BINDTYPE op ID {} IMPL fulldsp LATENCY 4 OPTYPE fadd PRAGMA {} RTLNAME fadd_32ns_32ns_32_5_full_dsp_1_U41 SOURCE LSTM.cpp:36 VARIABLE acc_g_3 LOOP GATES BUNDLEDNAME {} DSP 2 BRAM 0 URAM 0 STORAGESUBTYPE {} DISPNAME {bind_op fadd} VISIBLE true} {BINDTYPE op ID {} IMPL maxdsp LATENCY 3 OPTYPE fmul PRAGMA {} RTLNAME fmul_32ns_32ns_32_4_max_dsp_1_U65 SOURCE LSTM.cpp:36 VARIABLE mul78_3 LOOP GATES BUNDLEDNAME {} DSP 3 BRAM 0 URAM 0 STORAGESUBTYPE {} DISPNAME {bind_op fmul} VISIBLE true} {BINDTYPE op ID {} IMPL fulldsp LATENCY 4 OPTYPE fadd PRAGMA {} RTLNAME fadd_32ns_32ns_32_5_full_dsp_1_U41 SOURCE LSTM.cpp:36 VARIABLE acc_g_4 LOOP GATES BUNDLEDNAME {} DSP 2 BRAM 0 URAM 0 STORAGESUBTYPE {} DISPNAME {bind_op fadd} VISIBLE true} {BINDTYPE op ID {} IMPL maxdsp LATENCY 3 OPTYPE fmul PRAGMA {} RTLNAME fmul_32ns_32ns_32_4_max_dsp_1_U64 SOURCE LSTM.cpp:36 VARIABLE mul78_4 LOOP GATES BUNDLEDNAME {} DSP 3 BRAM 0 URAM 0 STORAGESUBTYPE {} DISPNAME {bind_op fmul} VISIBLE true} {BINDTYPE op ID {} IMPL fulldsp LATENCY 4 OPTYPE fadd PRAGMA {} RTLNAME fadd_32ns_32ns_32_5_full_dsp_1_U41 SOURCE LSTM.cpp:36 VARIABLE acc_g_5 LOOP GATES BUNDLEDNAME {} DSP 2 BRAM 0 URAM 0 STORAGESUBTYPE {} DISPNAME {bind_op fadd} VISIBLE true} {BINDTYPE op ID {} IMPL maxdsp LATENCY 3 OPTYPE fmul PRAGMA {} RTLNAME fmul_32ns_32ns_32_4_max_dsp_1_U65 SOURCE LSTM.cpp:36 VARIABLE mul78_5 LOOP GATES BUNDLEDNAME {} DSP 3 BRAM 0 URAM 0 STORAGESUBTYPE {} DISPNAME {bind_op fmul} VISIBLE true} {BINDTYPE op ID {} IMPL fulldsp LATENCY 4 OPTYPE fadd PRAGMA {} RTLNAME fadd_32ns_32ns_32_5_full_dsp_1_U41 SOURCE LSTM.cpp:36 VARIABLE acc_g_6 LOOP GATES BUNDLEDNAME {} DSP 2 BRAM 0 URAM 0 STORAGESUBTYPE {} DISPNAME {bind_op fadd} VISIBLE true} {BINDTYPE op ID {} IMPL maxdsp LATENCY 3 OPTYPE fmul PRAGMA {} RTLNAME fmul_32ns_32ns_32_4_max_dsp_1_U64 SOURCE LSTM.cpp:36 VARIABLE mul78_6 LOOP GATES BUNDLEDNAME {} DSP 3 BRAM 0 URAM 0 STORAGESUBTYPE {} DISPNAME {bind_op fmul} VISIBLE true} {BINDTYPE op ID {} IMPL fulldsp LATENCY 4 OPTYPE fadd PRAGMA {} RTLNAME fadd_32ns_32ns_32_5_full_dsp_1_U41 SOURCE LSTM.cpp:36 VARIABLE acc_g_7 LOOP GATES BUNDLEDNAME {} DSP 2 BRAM 0 URAM 0 STORAGESUBTYPE {} DISPNAME {bind_op fadd} VISIBLE true} {BINDTYPE op ID {} IMPL maxdsp LATENCY 3 OPTYPE fmul PRAGMA {} RTLNAME fmul_32ns_32ns_32_4_max_dsp_1_U65 SOURCE LSTM.cpp:36 VARIABLE mul78_7 LOOP GATES BUNDLEDNAME {} DSP 3 BRAM 0 URAM 0 STORAGESUBTYPE {} DISPNAME {bind_op fmul} VISIBLE true} {BINDTYPE op ID {} IMPL fulldsp LATENCY 4 OPTYPE fadd PRAGMA {} RTLNAME fadd_32ns_32ns_32_5_full_dsp_1_U41 SOURCE LSTM.cpp:36 VARIABLE acc_g_8 LOOP GATES BUNDLEDNAME {} DSP 2 BRAM 0 URAM 0 STORAGESUBTYPE {} DISPNAME {bind_op fadd} VISIBLE true} {BINDTYPE op ID {} IMPL maxdsp LATENCY 3 OPTYPE fmul PRAGMA {} RTLNAME fmul_32ns_32ns_32_4_max_dsp_1_U64 SOURCE LSTM.cpp:36 VARIABLE mul78_8 LOOP GATES BUNDLEDNAME {} DSP 3 BRAM 0 URAM 0 STORAGESUBTYPE {} DISPNAME {bind_op fmul} VISIBLE true} {BINDTYPE op ID {} IMPL fulldsp LATENCY 4 OPTYPE fadd PRAGMA {} RTLNAME fadd_32ns_32ns_32_5_full_dsp_1_U41 SOURCE LSTM.cpp:36 VARIABLE acc_g_9 LOOP GATES BUNDLEDNAME {} DSP 2 BRAM 0 URAM 0 STORAGESUBTYPE {} DISPNAME {bind_op fadd} VISIBLE true} {BINDTYPE op ID {} IMPL maxdsp LATENCY 3 OPTYPE fmul PRAGMA {} RTLNAME fmul_32ns_32ns_32_4_max_dsp_1_U65 SOURCE LSTM.cpp:36 VARIABLE mul78_9 LOOP GATES BUNDLEDNAME {} DSP 3 BRAM 0 URAM 0 STORAGESUBTYPE {} DISPNAME {bind_op fmul} VISIBLE true} {BINDTYPE op ID {} IMPL fulldsp LATENCY 4 OPTYPE fadd PRAGMA {} RTLNAME fadd_32ns_32ns_32_5_full_dsp_1_U41 SOURCE LSTM.cpp:36 VARIABLE acc_g_10 LOOP GATES BUNDLEDNAME {} DSP 2 BRAM 0 URAM 0 STORAGESUBTYPE {} DISPNAME {bind_op fadd} VISIBLE true} {BINDTYPE op ID {} IMPL maxdsp LATENCY 3 OPTYPE fmul PRAGMA {} RTLNAME fmul_32ns_32ns_32_4_max_dsp_1_U64 SOURCE LSTM.cpp:36 VARIABLE mul78_s LOOP GATES BUNDLEDNAME {} DSP 3 BRAM 0 URAM 0 STORAGESUBTYPE {} DISPNAME {bind_op fmul} VISIBLE true} {BINDTYPE op ID {} IMPL fulldsp LATENCY 4 OPTYPE fadd PRAGMA {} RTLNAME fadd_32ns_32ns_32_5_full_dsp_1_U41 SOURCE LSTM.cpp:36 VARIABLE acc_g_11 LOOP GATES BUNDLEDNAME {} DSP 2 BRAM 0 URAM 0 STORAGESUBTYPE {} DISPNAME {bind_op fadd} VISIBLE true} {BINDTYPE op ID {} IMPL maxdsp LATENCY 3 OPTYPE fmul PRAGMA {} RTLNAME fmul_32ns_32ns_32_4_max_dsp_1_U65 SOURCE LSTM.cpp:36 VARIABLE mul78_10 LOOP GATES BUNDLEDNAME {} DSP 3 BRAM 0 URAM 0 STORAGESUBTYPE {} DISPNAME {bind_op fmul} VISIBLE true} {BINDTYPE op ID {} IMPL fulldsp LATENCY 4 OPTYPE fadd PRAGMA {} RTLNAME fadd_32ns_32ns_32_5_full_dsp_1_U41 SOURCE LSTM.cpp:36 VARIABLE acc_g_12 LOOP GATES BUNDLEDNAME {} DSP 2 BRAM 0 URAM 0 STORAGESUBTYPE {} DISPNAME {bind_op fadd} VISIBLE true} {BINDTYPE op ID {} IMPL maxdsp LATENCY 3 OPTYPE fmul PRAGMA {} RTLNAME fmul_32ns_32ns_32_4_max_dsp_1_U64 SOURCE LSTM.cpp:36 VARIABLE mul78_11 LOOP GATES BUNDLEDNAME {} DSP 3 BRAM 0 URAM 0 STORAGESUBTYPE {} DISPNAME {bind_op fmul} VISIBLE true} {BINDTYPE op ID {} IMPL fulldsp LATENCY 4 OPTYPE fadd PRAGMA {} RTLNAME fadd_32ns_32ns_32_5_full_dsp_1_U41 SOURCE LSTM.cpp:36 VARIABLE acc_g_13 LOOP GATES BUNDLEDNAME {} DSP 2 BRAM 0 URAM 0 STORAGESUBTYPE {} DISPNAME {bind_op fadd} VISIBLE true} {BINDTYPE op ID {} IMPL maxdsp LATENCY 3 OPTYPE fmul PRAGMA {} RTLNAME fmul_32ns_32ns_32_4_max_dsp_1_U65 SOURCE LSTM.cpp:36 VARIABLE mul78_12 LOOP GATES BUNDLEDNAME {} DSP 3 BRAM 0 URAM 0 STORAGESUBTYPE {} DISPNAME {bind_op fmul} VISIBLE true} {BINDTYPE op ID {} IMPL fulldsp LATENCY 4 OPTYPE fadd PRAGMA {} RTLNAME fadd_32ns_32ns_32_5_full_dsp_1_U41 SOURCE LSTM.cpp:36 VARIABLE acc_g_14 LOOP GATES BUNDLEDNAME {} DSP 2 BRAM 0 URAM 0 STORAGESUBTYPE {} DISPNAME {bind_op fadd} VISIBLE true} {BINDTYPE op ID {} IMPL maxdsp LATENCY 3 OPTYPE fmul PRAGMA {} RTLNAME fmul_32ns_32ns_32_4_max_dsp_1_U64 SOURCE LSTM.cpp:36 VARIABLE mul78_13 LOOP GATES BUNDLEDNAME {} DSP 3 BRAM 0 URAM 0 STORAGESUBTYPE {} DISPNAME {bind_op fmul} VISIBLE true} {BINDTYPE op ID {} IMPL fulldsp LATENCY 4 OPTYPE fadd PRAGMA {} RTLNAME fadd_32ns_32ns_32_5_full_dsp_1_U41 SOURCE LSTM.cpp:36 VARIABLE acc_g_15 LOOP GATES BUNDLEDNAME {} DSP 2 BRAM 0 URAM 0 STORAGESUBTYPE {} DISPNAME {bind_op fadd} VISIBLE true} {BINDTYPE op ID {} IMPL maxdsp LATENCY 3 OPTYPE fmul PRAGMA {} RTLNAME fmul_32ns_32ns_32_4_max_dsp_1_U65 SOURCE LSTM.cpp:36 VARIABLE mul78_14 LOOP GATES BUNDLEDNAME {} DSP 3 BRAM 0 URAM 0 STORAGESUBTYPE {} DISPNAME {bind_op fmul} VISIBLE true} {BINDTYPE op ID {} IMPL fulldsp LATENCY 4 OPTYPE fadd PRAGMA {} RTLNAME fadd_32ns_32ns_32_5_full_dsp_1_U41 SOURCE LSTM.cpp:36 VARIABLE acc_g_16 LOOP GATES BUNDLEDNAME {} DSP 2 BRAM 0 URAM 0 STORAGESUBTYPE {} DISPNAME {bind_op fadd} VISIBLE true} {BINDTYPE op ID {} IMPL maxdsp LATENCY 3 OPTYPE fmul PRAGMA {} RTLNAME fmul_32ns_32ns_32_4_max_dsp_1_U64 SOURCE LSTM.cpp:36 VARIABLE mul78_15 LOOP GATES BUNDLEDNAME {} DSP 3 BRAM 0 URAM 0 STORAGESUBTYPE {} DISPNAME {bind_op fmul} VISIBLE true} {BINDTYPE op ID {} IMPL fulldsp LATENCY 4 OPTYPE fadd PRAGMA {} RTLNAME fadd_32ns_32ns_32_5_full_dsp_1_U45 SOURCE LSTM.cpp:36 VARIABLE acc_g_17 LOOP GATES BUNDLEDNAME {} DSP 2 BRAM 0 URAM 0 STORAGESUBTYPE {} DISPNAME {bind_op fadd} VISIBLE true} {BINDTYPE op ID {} IMPL maxdsp LATENCY 3 OPTYPE fmul PRAGMA {} RTLNAME fmul_32ns_32ns_32_4_max_dsp_1_U65 SOURCE LSTM.cpp:36 VARIABLE mul78_16 LOOP GATES BUNDLEDNAME {} DSP 3 BRAM 0 URAM 0 STORAGESUBTYPE {} DISPNAME {bind_op fmul} VISIBLE true} {BINDTYPE op ID {} IMPL fulldsp LATENCY 4 OPTYPE fadd PRAGMA {} RTLNAME fadd_32ns_32ns_32_5_full_dsp_1_U45 SOURCE LSTM.cpp:36 VARIABLE acc_g_18 LOOP GATES BUNDLEDNAME {} DSP 2 BRAM 0 URAM 0 STORAGESUBTYPE {} DISPNAME {bind_op fadd} VISIBLE true} {BINDTYPE op ID {} IMPL maxdsp LATENCY 3 OPTYPE fmul PRAGMA {} RTLNAME fmul_32ns_32ns_32_4_max_dsp_1_U64 SOURCE LSTM.cpp:36 VARIABLE mul78_17 LOOP GATES BUNDLEDNAME {} DSP 3 BRAM 0 URAM 0 STORAGESUBTYPE {} DISPNAME {bind_op fmul} VISIBLE true} {BINDTYPE op ID {} IMPL fulldsp LATENCY 4 OPTYPE fadd PRAGMA {} RTLNAME fadd_32ns_32ns_32_5_full_dsp_1_U45 SOURCE LSTM.cpp:36 VARIABLE acc_g_19 LOOP GATES BUNDLEDNAME {} DSP 2 BRAM 0 URAM 0 STORAGESUBTYPE {} DISPNAME {bind_op fadd} VISIBLE true} {BINDTYPE op ID {} IMPL maxdsp LATENCY 3 OPTYPE fmul PRAGMA {} RTLNAME fmul_32ns_32ns_32_4_max_dsp_1_U65 SOURCE LSTM.cpp:36 VARIABLE mul78_18 LOOP GATES BUNDLEDNAME {} DSP 3 BRAM 0 URAM 0 STORAGESUBTYPE {} DISPNAME {bind_op fmul} VISIBLE true} {BINDTYPE op ID {} IMPL fulldsp LATENCY 4 OPTYPE fadd PRAGMA {} RTLNAME fadd_32ns_32ns_32_5_full_dsp_1_U45 SOURCE LSTM.cpp:36 VARIABLE acc_g_20 LOOP GATES BUNDLEDNAME {} DSP 2 BRAM 0 URAM 0 STORAGESUBTYPE {} DISPNAME {bind_op fadd} VISIBLE true} {BINDTYPE op ID {} IMPL maxdsp LATENCY 3 OPTYPE fmul PRAGMA {} RTLNAME fmul_32ns_32ns_32_4_max_dsp_1_U64 SOURCE LSTM.cpp:36 VARIABLE mul78_19 LOOP GATES BUNDLEDNAME {} DSP 3 BRAM 0 URAM 0 STORAGESUBTYPE {} DISPNAME {bind_op fmul} VISIBLE true} {BINDTYPE op ID {} IMPL fulldsp LATENCY 4 OPTYPE fadd PRAGMA {} RTLNAME fadd_32ns_32ns_32_5_full_dsp_1_U45 SOURCE LSTM.cpp:36 VARIABLE acc_g_21 LOOP GATES BUNDLEDNAME {} DSP 2 BRAM 0 URAM 0 STORAGESUBTYPE {} DISPNAME {bind_op fadd} VISIBLE true} {BINDTYPE op ID {} IMPL maxdsp LATENCY 3 OPTYPE fmul PRAGMA {} RTLNAME fmul_32ns_32ns_32_4_max_dsp_1_U65 SOURCE LSTM.cpp:36 VARIABLE mul78_20 LOOP GATES BUNDLEDNAME {} DSP 3 BRAM 0 URAM 0 STORAGESUBTYPE {} DISPNAME {bind_op fmul} VISIBLE true} {BINDTYPE op ID {} IMPL fulldsp LATENCY 4 OPTYPE fadd PRAGMA {} RTLNAME fadd_32ns_32ns_32_5_full_dsp_1_U45 SOURCE LSTM.cpp:36 VARIABLE acc_g_22 LOOP GATES BUNDLEDNAME {} DSP 2 BRAM 0 URAM 0 STORAGESUBTYPE {} DISPNAME {bind_op fadd} VISIBLE true} {BINDTYPE op ID {} IMPL maxdsp LATENCY 3 OPTYPE fmul PRAGMA {} RTLNAME fmul_32ns_32ns_32_4_max_dsp_1_U64 SOURCE LSTM.cpp:36 VARIABLE mul78_21 LOOP GATES BUNDLEDNAME {} DSP 3 BRAM 0 URAM 0 STORAGESUBTYPE {} DISPNAME {bind_op fmul} VISIBLE true} {BINDTYPE op ID {} IMPL fulldsp LATENCY 4 OPTYPE fadd PRAGMA {} RTLNAME fadd_32ns_32ns_32_5_full_dsp_1_U45 SOURCE LSTM.cpp:36 VARIABLE acc_g_23 LOOP GATES BUNDLEDNAME {} DSP 2 BRAM 0 URAM 0 STORAGESUBTYPE {} DISPNAME {bind_op fadd} VISIBLE true} {BINDTYPE op ID {} IMPL maxdsp LATENCY 3 OPTYPE fmul PRAGMA {} RTLNAME fmul_32ns_32ns_32_4_max_dsp_1_U65 SOURCE LSTM.cpp:36 VARIABLE mul78_22 LOOP GATES BUNDLEDNAME {} DSP 3 BRAM 0 URAM 0 STORAGESUBTYPE {} DISPNAME {bind_op fmul} VISIBLE true} {BINDTYPE op ID {} IMPL fulldsp LATENCY 4 OPTYPE fadd PRAGMA {} RTLNAME fadd_32ns_32ns_32_5_full_dsp_1_U45 SOURCE LSTM.cpp:36 VARIABLE acc_g_24 LOOP GATES BUNDLEDNAME {} DSP 2 BRAM 0 URAM 0 STORAGESUBTYPE {} DISPNAME {bind_op fadd} VISIBLE true} {BINDTYPE op ID {} IMPL maxdsp LATENCY 3 OPTYPE fmul PRAGMA {} RTLNAME fmul_32ns_32ns_32_4_max_dsp_1_U64 SOURCE LSTM.cpp:36 VARIABLE mul78_23 LOOP GATES BUNDLEDNAME {} DSP 3 BRAM 0 URAM 0 STORAGESUBTYPE {} DISPNAME {bind_op fmul} VISIBLE true} {BINDTYPE op ID {} IMPL fulldsp LATENCY 4 OPTYPE fadd PRAGMA {} RTLNAME fadd_32ns_32ns_32_5_full_dsp_1_U45 SOURCE LSTM.cpp:36 VARIABLE acc_g_25 LOOP GATES BUNDLEDNAME {} DSP 2 BRAM 0 URAM 0 STORAGESUBTYPE {} DISPNAME {bind_op fadd} VISIBLE true} {BINDTYPE op ID {} IMPL maxdsp LATENCY 3 OPTYPE fmul PRAGMA {} RTLNAME fmul_32ns_32ns_32_4_max_dsp_1_U65 SOURCE LSTM.cpp:36 VARIABLE mul78_24 LOOP GATES BUNDLEDNAME {} DSP 3 BRAM 0 URAM 0 STORAGESUBTYPE {} DISPNAME {bind_op fmul} VISIBLE true} {BINDTYPE op ID {} IMPL fulldsp LATENCY 4 OPTYPE fadd PRAGMA {} RTLNAME fadd_32ns_32ns_32_5_full_dsp_1_U45 SOURCE LSTM.cpp:36 VARIABLE acc_g_26 LOOP GATES BUNDLEDNAME {} DSP 2 BRAM 0 URAM 0 STORAGESUBTYPE {} DISPNAME {bind_op fadd} VISIBLE true} {BINDTYPE op ID {} IMPL maxdsp LATENCY 3 OPTYPE fmul PRAGMA {} RTLNAME fmul_32ns_32ns_32_4_max_dsp_1_U64 SOURCE LSTM.cpp:36 VARIABLE mul78_25 LOOP GATES BUNDLEDNAME {} DSP 3 BRAM 0 URAM 0 STORAGESUBTYPE {} DISPNAME {bind_op fmul} VISIBLE true} {BINDTYPE op ID {} IMPL fulldsp LATENCY 4 OPTYPE fadd PRAGMA {} RTLNAME fadd_32ns_32ns_32_5_full_dsp_1_U45 SOURCE LSTM.cpp:36 VARIABLE acc_g_27 LOOP GATES BUNDLEDNAME {} DSP 2 BRAM 0 URAM 0 STORAGESUBTYPE {} DISPNAME {bind_op fadd} VISIBLE true} {BINDTYPE op ID {} IMPL maxdsp LATENCY 3 OPTYPE fmul PRAGMA {} RTLNAME fmul_32ns_32ns_32_4_max_dsp_1_U65 SOURCE LSTM.cpp:36 VARIABLE mul78_26 LOOP GATES BUNDLEDNAME {} DSP 3 BRAM 0 URAM 0 STORAGESUBTYPE {} DISPNAME {bind_op fmul} VISIBLE true} {BINDTYPE op ID {} IMPL fulldsp LATENCY 4 OPTYPE fadd PRAGMA {} RTLNAME fadd_32ns_32ns_32_5_full_dsp_1_U45 SOURCE LSTM.cpp:36 VARIABLE acc_g_28 LOOP GATES BUNDLEDNAME {} DSP 2 BRAM 0 URAM 0 STORAGESUBTYPE {} DISPNAME {bind_op fadd} VISIBLE true} {BINDTYPE op ID {} IMPL maxdsp LATENCY 3 OPTYPE fmul PRAGMA {} RTLNAME fmul_32ns_32ns_32_4_max_dsp_1_U64 SOURCE LSTM.cpp:36 VARIABLE mul78_27 LOOP GATES BUNDLEDNAME {} DSP 3 BRAM 0 URAM 0 STORAGESUBTYPE {} DISPNAME {bind_op fmul} VISIBLE true} {BINDTYPE op ID {} IMPL fulldsp LATENCY 4 OPTYPE fadd PRAGMA {} RTLNAME fadd_32ns_32ns_32_5_full_dsp_1_U45 SOURCE LSTM.cpp:36 VARIABLE acc_g_29 LOOP GATES BUNDLEDNAME {} DSP 2 BRAM 0 URAM 0 STORAGESUBTYPE {} DISPNAME {bind_op fadd} VISIBLE true} {BINDTYPE op ID {} IMPL maxdsp LATENCY 3 OPTYPE fmul PRAGMA {} RTLNAME fmul_32ns_32ns_32_4_max_dsp_1_U65 SOURCE LSTM.cpp:36 VARIABLE mul78_28 LOOP GATES BUNDLEDNAME {} DSP 3 BRAM 0 URAM 0 STORAGESUBTYPE {} DISPNAME {bind_op fmul} VISIBLE true} {BINDTYPE op ID {} IMPL fulldsp LATENCY 4 OPTYPE fadd PRAGMA {} RTLNAME fadd_32ns_32ns_32_5_full_dsp_1_U45 SOURCE LSTM.cpp:36 VARIABLE acc_g_30 LOOP GATES BUNDLEDNAME {} DSP 2 BRAM 0 URAM 0 STORAGESUBTYPE {} DISPNAME {bind_op fadd} VISIBLE true} {BINDTYPE op ID {} IMPL maxdsp LATENCY 3 OPTYPE fmul PRAGMA {} RTLNAME fmul_32ns_32ns_32_4_max_dsp_1_U64 SOURCE LSTM.cpp:36 VARIABLE mul78_29 LOOP GATES BUNDLEDNAME {} DSP 3 BRAM 0 URAM 0 STORAGESUBTYPE {} DISPNAME {bind_op fmul} VISIBLE true} {BINDTYPE op ID {} IMPL fulldsp LATENCY 4 OPTYPE fadd PRAGMA {} RTLNAME fadd_32ns_32ns_32_5_full_dsp_1_U45 SOURCE LSTM.cpp:36 VARIABLE acc_g_31 LOOP GATES BUNDLEDNAME {} DSP 2 BRAM 0 URAM 0 STORAGESUBTYPE {} DISPNAME {bind_op fadd} VISIBLE true} {BINDTYPE op ID {} IMPL maxdsp LATENCY 3 OPTYPE fmul PRAGMA {} RTLNAME fmul_32ns_32ns_32_4_max_dsp_1_U65 SOURCE LSTM.cpp:36 VARIABLE mul78_30 LOOP GATES BUNDLEDNAME {} DSP 3 BRAM 0 URAM 0 STORAGESUBTYPE {} DISPNAME {bind_op fmul} VISIBLE true} {BINDTYPE op ID {} IMPL fulldsp LATENCY 4 OPTYPE fadd PRAGMA {} RTLNAME fadd_32ns_32ns_32_5_full_dsp_1_U45 SOURCE LSTM.cpp:36 VARIABLE acc_g_32 LOOP GATES BUNDLEDNAME {} DSP 2 BRAM 0 URAM 0 STORAGESUBTYPE {} DISPNAME {bind_op fadd} VISIBLE true} {BINDTYPE op ID {} IMPL maxdsp LATENCY 3 OPTYPE fmul PRAGMA {} RTLNAME fmul_32ns_32ns_32_4_max_dsp_1_U66 SOURCE LSTM.cpp:37 VARIABLE mul5 LOOP GATES BUNDLEDNAME {} DSP 3 BRAM 0 URAM 0 STORAGESUBTYPE {} DISPNAME {bind_op fmul} VISIBLE true} {BINDTYPE op ID {} IMPL fulldsp LATENCY 4 OPTYPE fadd PRAGMA {} RTLNAME fadd_32ns_32ns_32_5_full_dsp_1_U49 SOURCE LSTM.cpp:37 VARIABLE acc_g_33 LOOP GATES BUNDLEDNAME {} DSP 2 BRAM 0 URAM 0 STORAGESUBTYPE {} DISPNAME {bind_op fadd} VISIBLE true} {BINDTYPE op ID {} IMPL maxdsp LATENCY 3 OPTYPE fmul PRAGMA {} RTLNAME fmul_32ns_32ns_32_4_max_dsp_1_U67 SOURCE LSTM.cpp:37 VARIABLE mul94_1 LOOP GATES BUNDLEDNAME {} DSP 3 BRAM 0 URAM 0 STORAGESUBTYPE {} DISPNAME {bind_op fmul} VISIBLE true} {BINDTYPE op ID {} IMPL fulldsp LATENCY 4 OPTYPE fadd PRAGMA {} RTLNAME fadd_32ns_32ns_32_5_full_dsp_1_U49 SOURCE LSTM.cpp:37 VARIABLE acc_g_34 LOOP GATES BUNDLEDNAME {} DSP 2 BRAM 0 URAM 0 STORAGESUBTYPE {} DISPNAME {bind_op fadd} VISIBLE true} {BINDTYPE op ID {} IMPL maxdsp LATENCY 3 OPTYPE fmul PRAGMA {} RTLNAME fmul_32ns_32ns_32_4_max_dsp_1_U66 SOURCE LSTM.cpp:37 VARIABLE mul94_2 LOOP GATES BUNDLEDNAME {} DSP 3 BRAM 0 URAM 0 STORAGESUBTYPE {} DISPNAME {bind_op fmul} VISIBLE true} {BINDTYPE op ID {} IMPL fulldsp LATENCY 4 OPTYPE fadd PRAGMA {} RTLNAME fadd_32ns_32ns_32_5_full_dsp_1_U49 SOURCE LSTM.cpp:37 VARIABLE acc_g_35 LOOP GATES BUNDLEDNAME {} DSP 2 BRAM 0 URAM 0 STORAGESUBTYPE {} DISPNAME {bind_op fadd} VISIBLE true} {BINDTYPE op ID {} IMPL maxdsp LATENCY 3 OPTYPE fmul PRAGMA {} RTLNAME fmul_32ns_32ns_32_4_max_dsp_1_U67 SOURCE LSTM.cpp:37 VARIABLE mul94_3 LOOP GATES BUNDLEDNAME {} DSP 3 BRAM 0 URAM 0 STORAGESUBTYPE {} DISPNAME {bind_op fmul} VISIBLE true} {BINDTYPE op ID {} IMPL fulldsp LATENCY 4 OPTYPE fadd PRAGMA {} RTLNAME fadd_32ns_32ns_32_5_full_dsp_1_U49 SOURCE LSTM.cpp:37 VARIABLE acc_g_36 LOOP GATES BUNDLEDNAME {} DSP 2 BRAM 0 URAM 0 STORAGESUBTYPE {} DISPNAME {bind_op fadd} VISIBLE true} {BINDTYPE op ID {} IMPL maxdsp LATENCY 3 OPTYPE fmul PRAGMA {} RTLNAME fmul_32ns_32ns_32_4_max_dsp_1_U66 SOURCE LSTM.cpp:37 VARIABLE mul94_4 LOOP GATES BUNDLEDNAME {} DSP 3 BRAM 0 URAM 0 STORAGESUBTYPE {} DISPNAME {bind_op fmul} VISIBLE true} {BINDTYPE op ID {} IMPL fulldsp LATENCY 4 OPTYPE fadd PRAGMA {} RTLNAME fadd_32ns_32ns_32_5_full_dsp_1_U49 SOURCE LSTM.cpp:37 VARIABLE acc_g_37 LOOP GATES BUNDLEDNAME {} DSP 2 BRAM 0 URAM 0 STORAGESUBTYPE {} DISPNAME {bind_op fadd} VISIBLE true} {BINDTYPE op ID {} IMPL maxdsp LATENCY 3 OPTYPE fmul PRAGMA {} RTLNAME fmul_32ns_32ns_32_4_max_dsp_1_U67 SOURCE LSTM.cpp:37 VARIABLE mul94_5 LOOP GATES BUNDLEDNAME {} DSP 3 BRAM 0 URAM 0 STORAGESUBTYPE {} DISPNAME {bind_op fmul} VISIBLE true} {BINDTYPE op ID {} IMPL fulldsp LATENCY 4 OPTYPE fadd PRAGMA {} RTLNAME fadd_32ns_32ns_32_5_full_dsp_1_U49 SOURCE LSTM.cpp:37 VARIABLE acc_g_38 LOOP GATES BUNDLEDNAME {} DSP 2 BRAM 0 URAM 0 STORAGESUBTYPE {} DISPNAME {bind_op fadd} VISIBLE true} {BINDTYPE op ID {} IMPL maxdsp LATENCY 3 OPTYPE fmul PRAGMA {} RTLNAME fmul_32ns_32ns_32_4_max_dsp_1_U66 SOURCE LSTM.cpp:37 VARIABLE mul94_6 LOOP GATES BUNDLEDNAME {} DSP 3 BRAM 0 URAM 0 STORAGESUBTYPE {} DISPNAME {bind_op fmul} VISIBLE true} {BINDTYPE op ID {} IMPL fulldsp LATENCY 4 OPTYPE fadd PRAGMA {} RTLNAME fadd_32ns_32ns_32_5_full_dsp_1_U49 SOURCE LSTM.cpp:37 VARIABLE acc_g_39 LOOP GATES BUNDLEDNAME {} DSP 2 BRAM 0 URAM 0 STORAGESUBTYPE {} DISPNAME {bind_op fadd} VISIBLE true} {BINDTYPE op ID {} IMPL maxdsp LATENCY 3 OPTYPE fmul PRAGMA {} RTLNAME fmul_32ns_32ns_32_4_max_dsp_1_U67 SOURCE LSTM.cpp:37 VARIABLE mul94_7 LOOP GATES BUNDLEDNAME {} DSP 3 BRAM 0 URAM 0 STORAGESUBTYPE {} DISPNAME {bind_op fmul} VISIBLE true} {BINDTYPE op ID {} IMPL fulldsp LATENCY 4 OPTYPE fadd PRAGMA {} RTLNAME fadd_32ns_32ns_32_5_full_dsp_1_U49 SOURCE LSTM.cpp:37 VARIABLE acc_g_40 LOOP GATES BUNDLEDNAME {} DSP 2 BRAM 0 URAM 0 STORAGESUBTYPE {} DISPNAME {bind_op fadd} VISIBLE true} {BINDTYPE op ID {} IMPL maxdsp LATENCY 3 OPTYPE fmul PRAGMA {} RTLNAME fmul_32ns_32ns_32_4_max_dsp_1_U66 SOURCE LSTM.cpp:37 VARIABLE mul94_8 LOOP GATES BUNDLEDNAME {} DSP 3 BRAM 0 URAM 0 STORAGESUBTYPE {} DISPNAME {bind_op fmul} VISIBLE true} {BINDTYPE op ID {} IMPL fulldsp LATENCY 4 OPTYPE fadd PRAGMA {} RTLNAME fadd_32ns_32ns_32_5_full_dsp_1_U49 SOURCE LSTM.cpp:37 VARIABLE acc_g_41 LOOP GATES BUNDLEDNAME {} DSP 2 BRAM 0 URAM 0 STORAGESUBTYPE {} DISPNAME {bind_op fadd} VISIBLE true} {BINDTYPE op ID {} IMPL maxdsp LATENCY 3 OPTYPE fmul PRAGMA {} RTLNAME fmul_32ns_32ns_32_4_max_dsp_1_U67 SOURCE LSTM.cpp:37 VARIABLE mul94_9 LOOP GATES BUNDLEDNAME {} DSP 3 BRAM 0 URAM 0 STORAGESUBTYPE {} DISPNAME {bind_op fmul} VISIBLE true} {BINDTYPE op ID {} IMPL fulldsp LATENCY 4 OPTYPE fadd PRAGMA {} RTLNAME fadd_32ns_32ns_32_5_full_dsp_1_U49 SOURCE LSTM.cpp:37 VARIABLE acc_g_42 LOOP GATES BUNDLEDNAME {} DSP 2 BRAM 0 URAM 0 STORAGESUBTYPE {} DISPNAME {bind_op fadd} VISIBLE true} {BINDTYPE op ID {} IMPL maxdsp LATENCY 3 OPTYPE fmul PRAGMA {} RTLNAME fmul_32ns_32ns_32_4_max_dsp_1_U66 SOURCE LSTM.cpp:37 VARIABLE mul94_s LOOP GATES BUNDLEDNAME {} DSP 3 BRAM 0 URAM 0 STORAGESUBTYPE {} DISPNAME {bind_op fmul} VISIBLE true} {BINDTYPE op ID {} IMPL fulldsp LATENCY 4 OPTYPE fadd PRAGMA {} RTLNAME fadd_32ns_32ns_32_5_full_dsp_1_U49 SOURCE LSTM.cpp:37 VARIABLE acc_g_43 LOOP GATES BUNDLEDNAME {} DSP 2 BRAM 0 URAM 0 STORAGESUBTYPE {} DISPNAME {bind_op fadd} VISIBLE true} {BINDTYPE op ID {} IMPL maxdsp LATENCY 3 OPTYPE fmul PRAGMA {} RTLNAME fmul_32ns_32ns_32_4_max_dsp_1_U67 SOURCE LSTM.cpp:37 VARIABLE mul94_10 LOOP GATES BUNDLEDNAME {} DSP 3 BRAM 0 URAM 0 STORAGESUBTYPE {} DISPNAME {bind_op fmul} VISIBLE true} {BINDTYPE op ID {} IMPL fulldsp LATENCY 4 OPTYPE fadd PRAGMA {} RTLNAME fadd_32ns_32ns_32_5_full_dsp_1_U49 SOURCE LSTM.cpp:37 VARIABLE acc_g_44 LOOP GATES BUNDLEDNAME {} DSP 2 BRAM 0 URAM 0 STORAGESUBTYPE {} DISPNAME {bind_op fadd} VISIBLE true} {BINDTYPE op ID {} IMPL maxdsp LATENCY 3 OPTYPE fmul PRAGMA {} RTLNAME fmul_32ns_32ns_32_4_max_dsp_1_U66 SOURCE LSTM.cpp:37 VARIABLE mul94_11 LOOP GATES BUNDLEDNAME {} DSP 3 BRAM 0 URAM 0 STORAGESUBTYPE {} DISPNAME {bind_op fmul} VISIBLE true} {BINDTYPE op ID {} IMPL fulldsp LATENCY 4 OPTYPE fadd PRAGMA {} RTLNAME fadd_32ns_32ns_32_5_full_dsp_1_U49 SOURCE LSTM.cpp:37 VARIABLE acc_g_45 LOOP GATES BUNDLEDNAME {} DSP 2 BRAM 0 URAM 0 STORAGESUBTYPE {} DISPNAME {bind_op fadd} VISIBLE true} {BINDTYPE op ID {} IMPL maxdsp LATENCY 3 OPTYPE fmul PRAGMA {} RTLNAME fmul_32ns_32ns_32_4_max_dsp_1_U67 SOURCE LSTM.cpp:37 VARIABLE mul94_12 LOOP GATES BUNDLEDNAME {} DSP 3 BRAM 0 URAM 0 STORAGESUBTYPE {} DISPNAME {bind_op fmul} VISIBLE true} {BINDTYPE op ID {} IMPL fulldsp LATENCY 4 OPTYPE fadd PRAGMA {} RTLNAME fadd_32ns_32ns_32_5_full_dsp_1_U49 SOURCE LSTM.cpp:37 VARIABLE acc_g_46 LOOP GATES BUNDLEDNAME {} DSP 2 BRAM 0 URAM 0 STORAGESUBTYPE {} DISPNAME {bind_op fadd} VISIBLE true} {BINDTYPE op ID {} IMPL maxdsp LATENCY 3 OPTYPE fmul PRAGMA {} RTLNAME fmul_32ns_32ns_32_4_max_dsp_1_U66 SOURCE LSTM.cpp:37 VARIABLE mul94_13 LOOP GATES BUNDLEDNAME {} DSP 3 BRAM 0 URAM 0 STORAGESUBTYPE {} DISPNAME {bind_op fmul} VISIBLE true} {BINDTYPE op ID {} IMPL fulldsp LATENCY 4 OPTYPE fadd PRAGMA {} RTLNAME fadd_32ns_32ns_32_5_full_dsp_1_U49 SOURCE LSTM.cpp:37 VARIABLE acc_g_47 LOOP GATES BUNDLEDNAME {} DSP 2 BRAM 0 URAM 0 STORAGESUBTYPE {} DISPNAME {bind_op fadd} VISIBLE true} {BINDTYPE op ID {} IMPL maxdsp LATENCY 3 OPTYPE fmul PRAGMA {} RTLNAME fmul_32ns_32ns_32_4_max_dsp_1_U67 SOURCE LSTM.cpp:37 VARIABLE mul94_14 LOOP GATES BUNDLEDNAME {} DSP 3 BRAM 0 URAM 0 STORAGESUBTYPE {} DISPNAME {bind_op fmul} VISIBLE true} {BINDTYPE op ID {} IMPL fulldsp LATENCY 4 OPTYPE fadd PRAGMA {} RTLNAME fadd_32ns_32ns_32_5_full_dsp_1_U49 SOURCE LSTM.cpp:37 VARIABLE acc_g_48 LOOP GATES BUNDLEDNAME {} DSP 2 BRAM 0 URAM 0 STORAGESUBTYPE {} DISPNAME {bind_op fadd} VISIBLE true} {BINDTYPE op ID {} IMPL maxdsp LATENCY 3 OPTYPE fmul PRAGMA {} RTLNAME fmul_32ns_32ns_32_4_max_dsp_1_U66 SOURCE LSTM.cpp:37 VARIABLE mul94_15 LOOP GATES BUNDLEDNAME {} DSP 3 BRAM 0 URAM 0 STORAGESUBTYPE {} DISPNAME {bind_op fmul} VISIBLE true} {BINDTYPE op ID {} IMPL fulldsp LATENCY 4 OPTYPE fadd PRAGMA {} RTLNAME fadd_32ns_32ns_32_5_full_dsp_1_U53 SOURCE LSTM.cpp:37 VARIABLE acc_g_49 LOOP GATES BUNDLEDNAME {} DSP 2 BRAM 0 URAM 0 STORAGESUBTYPE {} DISPNAME {bind_op fadd} VISIBLE true} {BINDTYPE op ID {} IMPL maxdsp LATENCY 3 OPTYPE fmul PRAGMA {} RTLNAME fmul_32ns_32ns_32_4_max_dsp_1_U67 SOURCE LSTM.cpp:37 VARIABLE mul94_16 LOOP GATES BUNDLEDNAME {} DSP 3 BRAM 0 URAM 0 STORAGESUBTYPE {} DISPNAME {bind_op fmul} VISIBLE true} {BINDTYPE op ID {} IMPL fulldsp LATENCY 4 OPTYPE fadd PRAGMA {} RTLNAME fadd_32ns_32ns_32_5_full_dsp_1_U53 SOURCE LSTM.cpp:37 VARIABLE acc_g_50 LOOP GATES BUNDLEDNAME {} DSP 2 BRAM 0 URAM 0 STORAGESUBTYPE {} DISPNAME {bind_op fadd} VISIBLE true} {BINDTYPE op ID {} IMPL maxdsp LATENCY 3 OPTYPE fmul PRAGMA {} RTLNAME fmul_32ns_32ns_32_4_max_dsp_1_U66 SOURCE LSTM.cpp:37 VARIABLE mul94_17 LOOP GATES BUNDLEDNAME {} DSP 3 BRAM 0 URAM 0 STORAGESUBTYPE {} DISPNAME {bind_op fmul} VISIBLE true} {BINDTYPE op ID {} IMPL fulldsp LATENCY 4 OPTYPE fadd PRAGMA {} RTLNAME fadd_32ns_32ns_32_5_full_dsp_1_U53 SOURCE LSTM.cpp:37 VARIABLE acc_g_51 LOOP GATES BUNDLEDNAME {} DSP 2 BRAM 0 URAM 0 STORAGESUBTYPE {} DISPNAME {bind_op fadd} VISIBLE true} {BINDTYPE op ID {} IMPL maxdsp LATENCY 3 OPTYPE fmul PRAGMA {} RTLNAME fmul_32ns_32ns_32_4_max_dsp_1_U67 SOURCE LSTM.cpp:37 VARIABLE mul94_18 LOOP GATES BUNDLEDNAME {} DSP 3 BRAM 0 URAM 0 STORAGESUBTYPE {} DISPNAME {bind_op fmul} VISIBLE true} {BINDTYPE op ID {} IMPL fulldsp LATENCY 4 OPTYPE fadd PRAGMA {} RTLNAME fadd_32ns_32ns_32_5_full_dsp_1_U53 SOURCE LSTM.cpp:37 VARIABLE acc_g_52 LOOP GATES BUNDLEDNAME {} DSP 2 BRAM 0 URAM 0 STORAGESUBTYPE {} DISPNAME {bind_op fadd} VISIBLE true} {BINDTYPE op ID {} IMPL maxdsp LATENCY 3 OPTYPE fmul PRAGMA {} RTLNAME fmul_32ns_32ns_32_4_max_dsp_1_U66 SOURCE LSTM.cpp:37 VARIABLE mul94_19 LOOP GATES BUNDLEDNAME {} DSP 3 BRAM 0 URAM 0 STORAGESUBTYPE {} DISPNAME {bind_op fmul} VISIBLE true} {BINDTYPE op ID {} IMPL fulldsp LATENCY 4 OPTYPE fadd PRAGMA {} RTLNAME fadd_32ns_32ns_32_5_full_dsp_1_U53 SOURCE LSTM.cpp:37 VARIABLE acc_g_53 LOOP GATES BUNDLEDNAME {} DSP 2 BRAM 0 URAM 0 STORAGESUBTYPE {} DISPNAME {bind_op fadd} VISIBLE true} {BINDTYPE op ID {} IMPL maxdsp LATENCY 3 OPTYPE fmul PRAGMA {} RTLNAME fmul_32ns_32ns_32_4_max_dsp_1_U67 SOURCE LSTM.cpp:37 VARIABLE mul94_20 LOOP GATES BUNDLEDNAME {} DSP 3 BRAM 0 URAM 0 STORAGESUBTYPE {} DISPNAME {bind_op fmul} VISIBLE true} {BINDTYPE op ID {} IMPL fulldsp LATENCY 4 OPTYPE fadd PRAGMA {} RTLNAME fadd_32ns_32ns_32_5_full_dsp_1_U53 SOURCE LSTM.cpp:37 VARIABLE acc_g_54 LOOP GATES BUNDLEDNAME {} DSP 2 BRAM 0 URAM 0 STORAGESUBTYPE {} DISPNAME {bind_op fadd} VISIBLE true} {BINDTYPE op ID {} IMPL maxdsp LATENCY 3 OPTYPE fmul PRAGMA {} RTLNAME fmul_32ns_32ns_32_4_max_dsp_1_U66 SOURCE LSTM.cpp:37 VARIABLE mul94_21 LOOP GATES BUNDLEDNAME {} DSP 3 BRAM 0 URAM 0 STORAGESUBTYPE {} DISPNAME {bind_op fmul} VISIBLE true} {BINDTYPE op ID {} IMPL fulldsp LATENCY 4 OPTYPE fadd PRAGMA {} RTLNAME fadd_32ns_32ns_32_5_full_dsp_1_U53 SOURCE LSTM.cpp:37 VARIABLE acc_g_55 LOOP GATES BUNDLEDNAME {} DSP 2 BRAM 0 URAM 0 STORAGESUBTYPE {} DISPNAME {bind_op fadd} VISIBLE true} {BINDTYPE op ID {} IMPL maxdsp LATENCY 3 OPTYPE fmul PRAGMA {} RTLNAME fmul_32ns_32ns_32_4_max_dsp_1_U67 SOURCE LSTM.cpp:37 VARIABLE mul94_22 LOOP GATES BUNDLEDNAME {} DSP 3 BRAM 0 URAM 0 STORAGESUBTYPE {} DISPNAME {bind_op fmul} VISIBLE true} {BINDTYPE op ID {} IMPL fulldsp LATENCY 4 OPTYPE fadd PRAGMA {} RTLNAME fadd_32ns_32ns_32_5_full_dsp_1_U53 SOURCE LSTM.cpp:37 VARIABLE acc_g_56 LOOP GATES BUNDLEDNAME {} DSP 2 BRAM 0 URAM 0 STORAGESUBTYPE {} DISPNAME {bind_op fadd} VISIBLE true} {BINDTYPE op ID {} IMPL maxdsp LATENCY 3 OPTYPE fmul PRAGMA {} RTLNAME fmul_32ns_32ns_32_4_max_dsp_1_U66 SOURCE LSTM.cpp:37 VARIABLE mul94_23 LOOP GATES BUNDLEDNAME {} DSP 3 BRAM 0 URAM 0 STORAGESUBTYPE {} DISPNAME {bind_op fmul} VISIBLE true} {BINDTYPE op ID {} IMPL fulldsp LATENCY 4 OPTYPE fadd PRAGMA {} RTLNAME fadd_32ns_32ns_32_5_full_dsp_1_U53 SOURCE LSTM.cpp:37 VARIABLE acc_g_57 LOOP GATES BUNDLEDNAME {} DSP 2 BRAM 0 URAM 0 STORAGESUBTYPE {} DISPNAME {bind_op fadd} VISIBLE true} {BINDTYPE op ID {} IMPL maxdsp LATENCY 3 OPTYPE fmul PRAGMA {} RTLNAME fmul_32ns_32ns_32_4_max_dsp_1_U67 SOURCE LSTM.cpp:37 VARIABLE mul94_24 LOOP GATES BUNDLEDNAME {} DSP 3 BRAM 0 URAM 0 STORAGESUBTYPE {} DISPNAME {bind_op fmul} VISIBLE true} {BINDTYPE op ID {} IMPL fulldsp LATENCY 4 OPTYPE fadd PRAGMA {} RTLNAME fadd_32ns_32ns_32_5_full_dsp_1_U53 SOURCE LSTM.cpp:37 VARIABLE acc_g_58 LOOP GATES BUNDLEDNAME {} DSP 2 BRAM 0 URAM 0 STORAGESUBTYPE {} DISPNAME {bind_op fadd} VISIBLE true} {BINDTYPE op ID {} IMPL maxdsp LATENCY 3 OPTYPE fmul PRAGMA {} RTLNAME fmul_32ns_32ns_32_4_max_dsp_1_U66 SOURCE LSTM.cpp:37 VARIABLE mul94_25 LOOP GATES BUNDLEDNAME {} DSP 3 BRAM 0 URAM 0 STORAGESUBTYPE {} DISPNAME {bind_op fmul} VISIBLE true} {BINDTYPE op ID {} IMPL fulldsp LATENCY 4 OPTYPE fadd PRAGMA {} RTLNAME fadd_32ns_32ns_32_5_full_dsp_1_U53 SOURCE LSTM.cpp:37 VARIABLE acc_g_59 LOOP GATES BUNDLEDNAME {} DSP 2 BRAM 0 URAM 0 STORAGESUBTYPE {} DISPNAME {bind_op fadd} VISIBLE true} {BINDTYPE op ID {} IMPL maxdsp LATENCY 3 OPTYPE fmul PRAGMA {} RTLNAME fmul_32ns_32ns_32_4_max_dsp_1_U67 SOURCE LSTM.cpp:37 VARIABLE mul94_26 LOOP GATES BUNDLEDNAME {} DSP 3 BRAM 0 URAM 0 STORAGESUBTYPE {} DISPNAME {bind_op fmul} VISIBLE true} {BINDTYPE op ID {} IMPL fulldsp LATENCY 4 OPTYPE fadd PRAGMA {} RTLNAME fadd_32ns_32ns_32_5_full_dsp_1_U53 SOURCE LSTM.cpp:37 VARIABLE acc_g_60 LOOP GATES BUNDLEDNAME {} DSP 2 BRAM 0 URAM 0 STORAGESUBTYPE {} DISPNAME {bind_op fadd} VISIBLE true} {BINDTYPE op ID {} IMPL maxdsp LATENCY 3 OPTYPE fmul PRAGMA {} RTLNAME fmul_32ns_32ns_32_4_max_dsp_1_U66 SOURCE LSTM.cpp:37 VARIABLE mul94_27 LOOP GATES BUNDLEDNAME {} DSP 3 BRAM 0 URAM 0 STORAGESUBTYPE {} DISPNAME {bind_op fmul} VISIBLE true} {BINDTYPE op ID {} IMPL fulldsp LATENCY 4 OPTYPE fadd PRAGMA {} RTLNAME fadd_32ns_32ns_32_5_full_dsp_1_U53 SOURCE LSTM.cpp:37 VARIABLE acc_g_61 LOOP GATES BUNDLEDNAME {} DSP 2 BRAM 0 URAM 0 STORAGESUBTYPE {} DISPNAME {bind_op fadd} VISIBLE true} {BINDTYPE op ID {} IMPL maxdsp LATENCY 3 OPTYPE fmul PRAGMA {} RTLNAME fmul_32ns_32ns_32_4_max_dsp_1_U67 SOURCE LSTM.cpp:37 VARIABLE mul94_28 LOOP GATES BUNDLEDNAME {} DSP 3 BRAM 0 URAM 0 STORAGESUBTYPE {} DISPNAME {bind_op fmul} VISIBLE true} {BINDTYPE op ID {} IMPL fulldsp LATENCY 4 OPTYPE fadd PRAGMA {} RTLNAME fadd_32ns_32ns_32_5_full_dsp_1_U53 SOURCE LSTM.cpp:37 VARIABLE acc_g_62 LOOP GATES BUNDLEDNAME {} DSP 2 BRAM 0 URAM 0 STORAGESUBTYPE {} DISPNAME {bind_op fadd} VISIBLE true} {BINDTYPE op ID {} IMPL maxdsp LATENCY 3 OPTYPE fmul PRAGMA {} RTLNAME fmul_32ns_32ns_32_4_max_dsp_1_U66 SOURCE LSTM.cpp:37 VARIABLE mul94_29 LOOP GATES BUNDLEDNAME {} DSP 3 BRAM 0 URAM 0 STORAGESUBTYPE {} DISPNAME {bind_op fmul} VISIBLE true} {BINDTYPE op ID {} IMPL fulldsp LATENCY 4 OPTYPE fadd PRAGMA {} RTLNAME fadd_32ns_32ns_32_5_full_dsp_1_U53 SOURCE LSTM.cpp:37 VARIABLE acc_g_63 LOOP GATES BUNDLEDNAME {} DSP 2 BRAM 0 URAM 0 STORAGESUBTYPE {} DISPNAME {bind_op fadd} VISIBLE true} {BINDTYPE op ID {} IMPL maxdsp LATENCY 3 OPTYPE fmul PRAGMA {} RTLNAME fmul_32ns_32ns_32_4_max_dsp_1_U67 SOURCE LSTM.cpp:37 VARIABLE mul94_30 LOOP GATES BUNDLEDNAME {} DSP 3 BRAM 0 URAM 0 STORAGESUBTYPE {} DISPNAME {bind_op fmul} VISIBLE true} {BINDTYPE op ID {} IMPL fulldsp LATENCY 4 OPTYPE fadd PRAGMA {} RTLNAME fadd_32ns_32ns_32_5_full_dsp_1_U53 SOURCE LSTM.cpp:37 VARIABLE acc_g_64 LOOP GATES BUNDLEDNAME {} DSP 2 BRAM 0 URAM 0 STORAGESUBTYPE {} DISPNAME {bind_op fadd} VISIBLE true} {BINDTYPE op ID {} IMPL maxdsp LATENCY 3 OPTYPE fmul PRAGMA {} RTLNAME fmul_32ns_32ns_32_4_max_dsp_1_U68 SOURCE LSTM.cpp:42 VARIABLE mul6 LOOP GATES BUNDLEDNAME {} DSP 3 BRAM 0 URAM 0 STORAGESUBTYPE {} DISPNAME {bind_op fmul} VISIBLE true} {BINDTYPE op ID {} IMPL fulldsp LATENCY 4 OPTYPE fadd PRAGMA {} RTLNAME fadd_32ns_32ns_32_5_full_dsp_1_U42 SOURCE LSTM.cpp:42 VARIABLE acc_o_1 LOOP GATES BUNDLEDNAME {} DSP 2 BRAM 0 URAM 0 STORAGESUBTYPE {} DISPNAME {bind_op fadd} VISIBLE true} {BINDTYPE op ID {} IMPL maxdsp LATENCY 3 OPTYPE fmul PRAGMA {} RTLNAME fmul_32ns_32ns_32_4_max_dsp_1_U69 SOURCE LSTM.cpp:42 VARIABLE mul115_1 LOOP GATES BUNDLEDNAME {} DSP 3 BRAM 0 URAM 0 STORAGESUBTYPE {} DISPNAME {bind_op fmul} VISIBLE true} {BINDTYPE op ID {} IMPL fulldsp LATENCY 4 OPTYPE fadd PRAGMA {} RTLNAME fadd_32ns_32ns_32_5_full_dsp_1_U42 SOURCE LSTM.cpp:42 VARIABLE acc_o_2 LOOP GATES BUNDLEDNAME {} DSP 2 BRAM 0 URAM 0 STORAGESUBTYPE {} DISPNAME {bind_op fadd} VISIBLE true} {BINDTYPE op ID {} IMPL maxdsp LATENCY 3 OPTYPE fmul PRAGMA {} RTLNAME fmul_32ns_32ns_32_4_max_dsp_1_U68 SOURCE LSTM.cpp:42 VARIABLE mul115_2 LOOP GATES BUNDLEDNAME {} DSP 3 BRAM 0 URAM 0 STORAGESUBTYPE {} DISPNAME {bind_op fmul} VISIBLE true} {BINDTYPE op ID {} IMPL fulldsp LATENCY 4 OPTYPE fadd PRAGMA {} RTLNAME fadd_32ns_32ns_32_5_full_dsp_1_U42 SOURCE LSTM.cpp:42 VARIABLE acc_o_3 LOOP GATES BUNDLEDNAME {} DSP 2 BRAM 0 URAM 0 STORAGESUBTYPE {} DISPNAME {bind_op fadd} VISIBLE true} {BINDTYPE op ID {} IMPL maxdsp LATENCY 3 OPTYPE fmul PRAGMA {} RTLNAME fmul_32ns_32ns_32_4_max_dsp_1_U69 SOURCE LSTM.cpp:42 VARIABLE mul115_3 LOOP GATES BUNDLEDNAME {} DSP 3 BRAM 0 URAM 0 STORAGESUBTYPE {} DISPNAME {bind_op fmul} VISIBLE true} {BINDTYPE op ID {} IMPL fulldsp LATENCY 4 OPTYPE fadd PRAGMA {} RTLNAME fadd_32ns_32ns_32_5_full_dsp_1_U42 SOURCE LSTM.cpp:42 VARIABLE acc_o_4 LOOP GATES BUNDLEDNAME {} DSP 2 BRAM 0 URAM 0 STORAGESUBTYPE {} DISPNAME {bind_op fadd} VISIBLE true} {BINDTYPE op ID {} IMPL maxdsp LATENCY 3 OPTYPE fmul PRAGMA {} RTLNAME fmul_32ns_32ns_32_4_max_dsp_1_U68 SOURCE LSTM.cpp:42 VARIABLE mul115_4 LOOP GATES BUNDLEDNAME {} DSP 3 BRAM 0 URAM 0 STORAGESUBTYPE {} DISPNAME {bind_op fmul} VISIBLE true} {BINDTYPE op ID {} IMPL fulldsp LATENCY 4 OPTYPE fadd PRAGMA {} RTLNAME fadd_32ns_32ns_32_5_full_dsp_1_U42 SOURCE LSTM.cpp:42 VARIABLE acc_o_5 LOOP GATES BUNDLEDNAME {} DSP 2 BRAM 0 URAM 0 STORAGESUBTYPE {} DISPNAME {bind_op fadd} VISIBLE true} {BINDTYPE op ID {} IMPL maxdsp LATENCY 3 OPTYPE fmul PRAGMA {} RTLNAME fmul_32ns_32ns_32_4_max_dsp_1_U69 SOURCE LSTM.cpp:42 VARIABLE mul115_5 LOOP GATES BUNDLEDNAME {} DSP 3 BRAM 0 URAM 0 STORAGESUBTYPE {} DISPNAME {bind_op fmul} VISIBLE true} {BINDTYPE op ID {} IMPL fulldsp LATENCY 4 OPTYPE fadd PRAGMA {} RTLNAME fadd_32ns_32ns_32_5_full_dsp_1_U42 SOURCE LSTM.cpp:42 VARIABLE acc_o_6 LOOP GATES BUNDLEDNAME {} DSP 2 BRAM 0 URAM 0 STORAGESUBTYPE {} DISPNAME {bind_op fadd} VISIBLE true} {BINDTYPE op ID {} IMPL maxdsp LATENCY 3 OPTYPE fmul PRAGMA {} RTLNAME fmul_32ns_32ns_32_4_max_dsp_1_U68 SOURCE LSTM.cpp:42 VARIABLE mul115_6 LOOP GATES BUNDLEDNAME {} DSP 3 BRAM 0 URAM 0 STORAGESUBTYPE {} DISPNAME {bind_op fmul} VISIBLE true} {BINDTYPE op ID {} IMPL fulldsp LATENCY 4 OPTYPE fadd PRAGMA {} RTLNAME fadd_32ns_32ns_32_5_full_dsp_1_U42 SOURCE LSTM.cpp:42 VARIABLE acc_o_7 LOOP GATES BUNDLEDNAME {} DSP 2 BRAM 0 URAM 0 STORAGESUBTYPE {} DISPNAME {bind_op fadd} VISIBLE true} {BINDTYPE op ID {} IMPL maxdsp LATENCY 3 OPTYPE fmul PRAGMA {} RTLNAME fmul_32ns_32ns_32_4_max_dsp_1_U69 SOURCE LSTM.cpp:42 VARIABLE mul115_7 LOOP GATES BUNDLEDNAME {} DSP 3 BRAM 0 URAM 0 STORAGESUBTYPE {} DISPNAME {bind_op fmul} VISIBLE true} {BINDTYPE op ID {} IMPL fulldsp LATENCY 4 OPTYPE fadd PRAGMA {} RTLNAME fadd_32ns_32ns_32_5_full_dsp_1_U42 SOURCE LSTM.cpp:42 VARIABLE acc_o_8 LOOP GATES BUNDLEDNAME {} DSP 2 BRAM 0 URAM 0 STORAGESUBTYPE {} DISPNAME {bind_op fadd} VISIBLE true} {BINDTYPE op ID {} IMPL maxdsp LATENCY 3 OPTYPE fmul PRAGMA {} RTLNAME fmul_32ns_32ns_32_4_max_dsp_1_U68 SOURCE LSTM.cpp:42 VARIABLE mul115_8 LOOP GATES BUNDLEDNAME {} DSP 3 BRAM 0 URAM 0 STORAGESUBTYPE {} DISPNAME {bind_op fmul} VISIBLE true} {BINDTYPE op ID {} IMPL fulldsp LATENCY 4 OPTYPE fadd PRAGMA {} RTLNAME fadd_32ns_32ns_32_5_full_dsp_1_U42 SOURCE LSTM.cpp:42 VARIABLE acc_o_9 LOOP GATES BUNDLEDNAME {} DSP 2 BRAM 0 URAM 0 STORAGESUBTYPE {} DISPNAME {bind_op fadd} VISIBLE true} {BINDTYPE op ID {} IMPL maxdsp LATENCY 3 OPTYPE fmul PRAGMA {} RTLNAME fmul_32ns_32ns_32_4_max_dsp_1_U69 SOURCE LSTM.cpp:42 VARIABLE mul115_9 LOOP GATES BUNDLEDNAME {} DSP 3 BRAM 0 URAM 0 STORAGESUBTYPE {} DISPNAME {bind_op fmul} VISIBLE true} {BINDTYPE op ID {} IMPL fulldsp LATENCY 4 OPTYPE fadd PRAGMA {} RTLNAME fadd_32ns_32ns_32_5_full_dsp_1_U42 SOURCE LSTM.cpp:42 VARIABLE acc_o_10 LOOP GATES BUNDLEDNAME {} DSP 2 BRAM 0 URAM 0 STORAGESUBTYPE {} DISPNAME {bind_op fadd} VISIBLE true} {BINDTYPE op ID {} IMPL maxdsp LATENCY 3 OPTYPE fmul PRAGMA {} RTLNAME fmul_32ns_32ns_32_4_max_dsp_1_U68 SOURCE LSTM.cpp:42 VARIABLE mul115_s LOOP GATES BUNDLEDNAME {} DSP 3 BRAM 0 URAM 0 STORAGESUBTYPE {} DISPNAME {bind_op fmul} VISIBLE true} {BINDTYPE op ID {} IMPL fulldsp LATENCY 4 OPTYPE fadd PRAGMA {} RTLNAME fadd_32ns_32ns_32_5_full_dsp_1_U42 SOURCE LSTM.cpp:42 VARIABLE acc_o_11 LOOP GATES BUNDLEDNAME {} DSP 2 BRAM 0 URAM 0 STORAGESUBTYPE {} DISPNAME {bind_op fadd} VISIBLE true} {BINDTYPE op ID {} IMPL maxdsp LATENCY 3 OPTYPE fmul PRAGMA {} RTLNAME fmul_32ns_32ns_32_4_max_dsp_1_U69 SOURCE LSTM.cpp:42 VARIABLE mul115_10 LOOP GATES BUNDLEDNAME {} DSP 3 BRAM 0 URAM 0 STORAGESUBTYPE {} DISPNAME {bind_op fmul} VISIBLE true} {BINDTYPE op ID {} IMPL fulldsp LATENCY 4 OPTYPE fadd PRAGMA {} RTLNAME fadd_32ns_32ns_32_5_full_dsp_1_U42 SOURCE LSTM.cpp:42 VARIABLE acc_o_12 LOOP GATES BUNDLEDNAME {} DSP 2 BRAM 0 URAM 0 STORAGESUBTYPE {} DISPNAME {bind_op fadd} VISIBLE true} {BINDTYPE op ID {} IMPL maxdsp LATENCY 3 OPTYPE fmul PRAGMA {} RTLNAME fmul_32ns_32ns_32_4_max_dsp_1_U68 SOURCE LSTM.cpp:42 VARIABLE mul115_11 LOOP GATES BUNDLEDNAME {} DSP 3 BRAM 0 URAM 0 STORAGESUBTYPE {} DISPNAME {bind_op fmul} VISIBLE true} {BINDTYPE op ID {} IMPL fulldsp LATENCY 4 OPTYPE fadd PRAGMA {} RTLNAME fadd_32ns_32ns_32_5_full_dsp_1_U42 SOURCE LSTM.cpp:42 VARIABLE acc_o_13 LOOP GATES BUNDLEDNAME {} DSP 2 BRAM 0 URAM 0 STORAGESUBTYPE {} DISPNAME {bind_op fadd} VISIBLE true} {BINDTYPE op ID {} IMPL maxdsp LATENCY 3 OPTYPE fmul PRAGMA {} RTLNAME fmul_32ns_32ns_32_4_max_dsp_1_U69 SOURCE LSTM.cpp:42 VARIABLE mul115_12 LOOP GATES BUNDLEDNAME {} DSP 3 BRAM 0 URAM 0 STORAGESUBTYPE {} DISPNAME {bind_op fmul} VISIBLE true} {BINDTYPE op ID {} IMPL fulldsp LATENCY 4 OPTYPE fadd PRAGMA {} RTLNAME fadd_32ns_32ns_32_5_full_dsp_1_U42 SOURCE LSTM.cpp:42 VARIABLE acc_o_14 LOOP GATES BUNDLEDNAME {} DSP 2 BRAM 0 URAM 0 STORAGESUBTYPE {} DISPNAME {bind_op fadd} VISIBLE true} {BINDTYPE op ID {} IMPL maxdsp LATENCY 3 OPTYPE fmul PRAGMA {} RTLNAME fmul_32ns_32ns_32_4_max_dsp_1_U68 SOURCE LSTM.cpp:42 VARIABLE mul115_13 LOOP GATES BUNDLEDNAME {} DSP 3 BRAM 0 URAM 0 STORAGESUBTYPE {} DISPNAME {bind_op fmul} VISIBLE true} {BINDTYPE op ID {} IMPL fulldsp LATENCY 4 OPTYPE fadd PRAGMA {} RTLNAME fadd_32ns_32ns_32_5_full_dsp_1_U42 SOURCE LSTM.cpp:42 VARIABLE acc_o_15 LOOP GATES BUNDLEDNAME {} DSP 2 BRAM 0 URAM 0 STORAGESUBTYPE {} DISPNAME {bind_op fadd} VISIBLE true} {BINDTYPE op ID {} IMPL maxdsp LATENCY 3 OPTYPE fmul PRAGMA {} RTLNAME fmul_32ns_32ns_32_4_max_dsp_1_U69 SOURCE LSTM.cpp:42 VARIABLE mul115_14 LOOP GATES BUNDLEDNAME {} DSP 3 BRAM 0 URAM 0 STORAGESUBTYPE {} DISPNAME {bind_op fmul} VISIBLE true} {BINDTYPE op ID {} IMPL fulldsp LATENCY 4 OPTYPE fadd PRAGMA {} RTLNAME fadd_32ns_32ns_32_5_full_dsp_1_U42 SOURCE LSTM.cpp:42 VARIABLE acc_o_16 LOOP GATES BUNDLEDNAME {} DSP 2 BRAM 0 URAM 0 STORAGESUBTYPE {} DISPNAME {bind_op fadd} VISIBLE true} {BINDTYPE op ID {} IMPL maxdsp LATENCY 3 OPTYPE fmul PRAGMA {} RTLNAME fmul_32ns_32ns_32_4_max_dsp_1_U68 SOURCE LSTM.cpp:42 VARIABLE mul115_15 LOOP GATES BUNDLEDNAME {} DSP 3 BRAM 0 URAM 0 STORAGESUBTYPE {} DISPNAME {bind_op fmul} VISIBLE true} {BINDTYPE op ID {} IMPL fulldsp LATENCY 4 OPTYPE fadd PRAGMA {} RTLNAME fadd_32ns_32ns_32_5_full_dsp_1_U46 SOURCE LSTM.cpp:42 VARIABLE acc_o_17 LOOP GATES BUNDLEDNAME {} DSP 2 BRAM 0 URAM 0 STORAGESUBTYPE {} DISPNAME {bind_op fadd} VISIBLE true} {BINDTYPE op ID {} IMPL maxdsp LATENCY 3 OPTYPE fmul PRAGMA {} RTLNAME fmul_32ns_32ns_32_4_max_dsp_1_U69 SOURCE LSTM.cpp:42 VARIABLE mul115_16 LOOP GATES BUNDLEDNAME {} DSP 3 BRAM 0 URAM 0 STORAGESUBTYPE {} DISPNAME {bind_op fmul} VISIBLE true} {BINDTYPE op ID {} IMPL fulldsp LATENCY 4 OPTYPE fadd PRAGMA {} RTLNAME fadd_32ns_32ns_32_5_full_dsp_1_U46 SOURCE LSTM.cpp:42 VARIABLE acc_o_18 LOOP GATES BUNDLEDNAME {} DSP 2 BRAM 0 URAM 0 STORAGESUBTYPE {} DISPNAME {bind_op fadd} VISIBLE true} {BINDTYPE op ID {} IMPL maxdsp LATENCY 3 OPTYPE fmul PRAGMA {} RTLNAME fmul_32ns_32ns_32_4_max_dsp_1_U68 SOURCE LSTM.cpp:42 VARIABLE mul115_17 LOOP GATES BUNDLEDNAME {} DSP 3 BRAM 0 URAM 0 STORAGESUBTYPE {} DISPNAME {bind_op fmul} VISIBLE true} {BINDTYPE op ID {} IMPL fulldsp LATENCY 4 OPTYPE fadd PRAGMA {} RTLNAME fadd_32ns_32ns_32_5_full_dsp_1_U46 SOURCE LSTM.cpp:42 VARIABLE acc_o_19 LOOP GATES BUNDLEDNAME {} DSP 2 BRAM 0 URAM 0 STORAGESUBTYPE {} DISPNAME {bind_op fadd} VISIBLE true} {BINDTYPE op ID {} IMPL maxdsp LATENCY 3 OPTYPE fmul PRAGMA {} RTLNAME fmul_32ns_32ns_32_4_max_dsp_1_U69 SOURCE LSTM.cpp:42 VARIABLE mul115_18 LOOP GATES BUNDLEDNAME {} DSP 3 BRAM 0 URAM 0 STORAGESUBTYPE {} DISPNAME {bind_op fmul} VISIBLE true} {BINDTYPE op ID {} IMPL fulldsp LATENCY 4 OPTYPE fadd PRAGMA {} RTLNAME fadd_32ns_32ns_32_5_full_dsp_1_U46 SOURCE LSTM.cpp:42 VARIABLE acc_o_20 LOOP GATES BUNDLEDNAME {} DSP 2 BRAM 0 URAM 0 STORAGESUBTYPE {} DISPNAME {bind_op fadd} VISIBLE true} {BINDTYPE op ID {} IMPL maxdsp LATENCY 3 OPTYPE fmul PRAGMA {} RTLNAME fmul_32ns_32ns_32_4_max_dsp_1_U68 SOURCE LSTM.cpp:42 VARIABLE mul115_19 LOOP GATES BUNDLEDNAME {} DSP 3 BRAM 0 URAM 0 STORAGESUBTYPE {} DISPNAME {bind_op fmul} VISIBLE true} {BINDTYPE op ID {} IMPL fulldsp LATENCY 4 OPTYPE fadd PRAGMA {} RTLNAME fadd_32ns_32ns_32_5_full_dsp_1_U46 SOURCE LSTM.cpp:42 VARIABLE acc_o_21 LOOP GATES BUNDLEDNAME {} DSP 2 BRAM 0 URAM 0 STORAGESUBTYPE {} DISPNAME {bind_op fadd} VISIBLE true} {BINDTYPE op ID {} IMPL maxdsp LATENCY 3 OPTYPE fmul PRAGMA {} RTLNAME fmul_32ns_32ns_32_4_max_dsp_1_U69 SOURCE LSTM.cpp:42 VARIABLE mul115_20 LOOP GATES BUNDLEDNAME {} DSP 3 BRAM 0 URAM 0 STORAGESUBTYPE {} DISPNAME {bind_op fmul} VISIBLE true} {BINDTYPE op ID {} IMPL fulldsp LATENCY 4 OPTYPE fadd PRAGMA {} RTLNAME fadd_32ns_32ns_32_5_full_dsp_1_U46 SOURCE LSTM.cpp:42 VARIABLE acc_o_22 LOOP GATES BUNDLEDNAME {} DSP 2 BRAM 0 URAM 0 STORAGESUBTYPE {} DISPNAME {bind_op fadd} VISIBLE true} {BINDTYPE op ID {} IMPL maxdsp LATENCY 3 OPTYPE fmul PRAGMA {} RTLNAME fmul_32ns_32ns_32_4_max_dsp_1_U68 SOURCE LSTM.cpp:42 VARIABLE mul115_21 LOOP GATES BUNDLEDNAME {} DSP 3 BRAM 0 URAM 0 STORAGESUBTYPE {} DISPNAME {bind_op fmul} VISIBLE true} {BINDTYPE op ID {} IMPL fulldsp LATENCY 4 OPTYPE fadd PRAGMA {} RTLNAME fadd_32ns_32ns_32_5_full_dsp_1_U46 SOURCE LSTM.cpp:42 VARIABLE acc_o_23 LOOP GATES BUNDLEDNAME {} DSP 2 BRAM 0 URAM 0 STORAGESUBTYPE {} DISPNAME {bind_op fadd} VISIBLE true} {BINDTYPE op ID {} IMPL maxdsp LATENCY 3 OPTYPE fmul PRAGMA {} RTLNAME fmul_32ns_32ns_32_4_max_dsp_1_U69 SOURCE LSTM.cpp:42 VARIABLE mul115_22 LOOP GATES BUNDLEDNAME {} DSP 3 BRAM 0 URAM 0 STORAGESUBTYPE {} DISPNAME {bind_op fmul} VISIBLE true} {BINDTYPE op ID {} IMPL fulldsp LATENCY 4 OPTYPE fadd PRAGMA {} RTLNAME fadd_32ns_32ns_32_5_full_dsp_1_U46 SOURCE LSTM.cpp:42 VARIABLE acc_o_24 LOOP GATES BUNDLEDNAME {} DSP 2 BRAM 0 URAM 0 STORAGESUBTYPE {} DISPNAME {bind_op fadd} VISIBLE true} {BINDTYPE op ID {} IMPL maxdsp LATENCY 3 OPTYPE fmul PRAGMA {} RTLNAME fmul_32ns_32ns_32_4_max_dsp_1_U68 SOURCE LSTM.cpp:42 VARIABLE mul115_23 LOOP GATES BUNDLEDNAME {} DSP 3 BRAM 0 URAM 0 STORAGESUBTYPE {} DISPNAME {bind_op fmul} VISIBLE true} {BINDTYPE op ID {} IMPL fulldsp LATENCY 4 OPTYPE fadd PRAGMA {} RTLNAME fadd_32ns_32ns_32_5_full_dsp_1_U46 SOURCE LSTM.cpp:42 VARIABLE acc_o_25 LOOP GATES BUNDLEDNAME {} DSP 2 BRAM 0 URAM 0 STORAGESUBTYPE {} DISPNAME {bind_op fadd} VISIBLE true} {BINDTYPE op ID {} IMPL maxdsp LATENCY 3 OPTYPE fmul PRAGMA {} RTLNAME fmul_32ns_32ns_32_4_max_dsp_1_U69 SOURCE LSTM.cpp:42 VARIABLE mul115_24 LOOP GATES BUNDLEDNAME {} DSP 3 BRAM 0 URAM 0 STORAGESUBTYPE {} DISPNAME {bind_op fmul} VISIBLE true} {BINDTYPE op ID {} IMPL fulldsp LATENCY 4 OPTYPE fadd PRAGMA {} RTLNAME fadd_32ns_32ns_32_5_full_dsp_1_U46 SOURCE LSTM.cpp:42 VARIABLE acc_o_26 LOOP GATES BUNDLEDNAME {} DSP 2 BRAM 0 URAM 0 STORAGESUBTYPE {} DISPNAME {bind_op fadd} VISIBLE true} {BINDTYPE op ID {} IMPL maxdsp LATENCY 3 OPTYPE fmul PRAGMA {} RTLNAME fmul_32ns_32ns_32_4_max_dsp_1_U68 SOURCE LSTM.cpp:42 VARIABLE mul115_25 LOOP GATES BUNDLEDNAME {} DSP 3 BRAM 0 URAM 0 STORAGESUBTYPE {} DISPNAME {bind_op fmul} VISIBLE true} {BINDTYPE op ID {} IMPL fulldsp LATENCY 4 OPTYPE fadd PRAGMA {} RTLNAME fadd_32ns_32ns_32_5_full_dsp_1_U46 SOURCE LSTM.cpp:42 VARIABLE acc_o_27 LOOP GATES BUNDLEDNAME {} DSP 2 BRAM 0 URAM 0 STORAGESUBTYPE {} DISPNAME {bind_op fadd} VISIBLE true} {BINDTYPE op ID {} IMPL maxdsp LATENCY 3 OPTYPE fmul PRAGMA {} RTLNAME fmul_32ns_32ns_32_4_max_dsp_1_U69 SOURCE LSTM.cpp:42 VARIABLE mul115_26 LOOP GATES BUNDLEDNAME {} DSP 3 BRAM 0 URAM 0 STORAGESUBTYPE {} DISPNAME {bind_op fmul} VISIBLE true} {BINDTYPE op ID {} IMPL fulldsp LATENCY 4 OPTYPE fadd PRAGMA {} RTLNAME fadd_32ns_32ns_32_5_full_dsp_1_U46 SOURCE LSTM.cpp:42 VARIABLE acc_o_28 LOOP GATES BUNDLEDNAME {} DSP 2 BRAM 0 URAM 0 STORAGESUBTYPE {} DISPNAME {bind_op fadd} VISIBLE true} {BINDTYPE op ID {} IMPL maxdsp LATENCY 3 OPTYPE fmul PRAGMA {} RTLNAME fmul_32ns_32ns_32_4_max_dsp_1_U68 SOURCE LSTM.cpp:42 VARIABLE mul115_27 LOOP GATES BUNDLEDNAME {} DSP 3 BRAM 0 URAM 0 STORAGESUBTYPE {} DISPNAME {bind_op fmul} VISIBLE true} {BINDTYPE op ID {} IMPL fulldsp LATENCY 4 OPTYPE fadd PRAGMA {} RTLNAME fadd_32ns_32ns_32_5_full_dsp_1_U46 SOURCE LSTM.cpp:42 VARIABLE acc_o_29 LOOP GATES BUNDLEDNAME {} DSP 2 BRAM 0 URAM 0 STORAGESUBTYPE {} DISPNAME {bind_op fadd} VISIBLE true} {BINDTYPE op ID {} IMPL maxdsp LATENCY 3 OPTYPE fmul PRAGMA {} RTLNAME fmul_32ns_32ns_32_4_max_dsp_1_U69 SOURCE LSTM.cpp:42 VARIABLE mul115_28 LOOP GATES BUNDLEDNAME {} DSP 3 BRAM 0 URAM 0 STORAGESUBTYPE {} DISPNAME {bind_op fmul} VISIBLE true} {BINDTYPE op ID {} IMPL fulldsp LATENCY 4 OPTYPE fadd PRAGMA {} RTLNAME fadd_32ns_32ns_32_5_full_dsp_1_U46 SOURCE LSTM.cpp:42 VARIABLE acc_o_30 LOOP GATES BUNDLEDNAME {} DSP 2 BRAM 0 URAM 0 STORAGESUBTYPE {} DISPNAME {bind_op fadd} VISIBLE true} {BINDTYPE op ID {} IMPL maxdsp LATENCY 3 OPTYPE fmul PRAGMA {} RTLNAME fmul_32ns_32ns_32_4_max_dsp_1_U68 SOURCE LSTM.cpp:42 VARIABLE mul115_29 LOOP GATES BUNDLEDNAME {} DSP 3 BRAM 0 URAM 0 STORAGESUBTYPE {} DISPNAME {bind_op fmul} VISIBLE true} {BINDTYPE op ID {} IMPL fulldsp LATENCY 4 OPTYPE fadd PRAGMA {} RTLNAME fadd_32ns_32ns_32_5_full_dsp_1_U46 SOURCE LSTM.cpp:42 VARIABLE acc_o_31 LOOP GATES BUNDLEDNAME {} DSP 2 BRAM 0 URAM 0 STORAGESUBTYPE {} DISPNAME {bind_op fadd} VISIBLE true} {BINDTYPE op ID {} IMPL maxdsp LATENCY 3 OPTYPE fmul PRAGMA {} RTLNAME fmul_32ns_32ns_32_4_max_dsp_1_U69 SOURCE LSTM.cpp:42 VARIABLE mul115_30 LOOP GATES BUNDLEDNAME {} DSP 3 BRAM 0 URAM 0 STORAGESUBTYPE {} DISPNAME {bind_op fmul} VISIBLE true} {BINDTYPE op ID {} IMPL fulldsp LATENCY 4 OPTYPE fadd PRAGMA {} RTLNAME fadd_32ns_32ns_32_5_full_dsp_1_U46 SOURCE LSTM.cpp:42 VARIABLE acc_o_32 LOOP GATES BUNDLEDNAME {} DSP 2 BRAM 0 URAM 0 STORAGESUBTYPE {} DISPNAME {bind_op fadd} VISIBLE true} {BINDTYPE op ID {} IMPL maxdsp LATENCY 3 OPTYPE fmul PRAGMA {} RTLNAME fmul_32ns_32ns_32_4_max_dsp_1_U70 SOURCE LSTM.cpp:43 VARIABLE mul7 LOOP GATES BUNDLEDNAME {} DSP 3 BRAM 0 URAM 0 STORAGESUBTYPE {} DISPNAME {bind_op fmul} VISIBLE true} {BINDTYPE op ID {} IMPL fulldsp LATENCY 4 OPTYPE fadd PRAGMA {} RTLNAME fadd_32ns_32ns_32_5_full_dsp_1_U50 SOURCE LSTM.cpp:43 VARIABLE acc_o_33 LOOP GATES BUNDLEDNAME {} DSP 2 BRAM 0 URAM 0 STORAGESUBTYPE {} DISPNAME {bind_op fadd} VISIBLE true} {BINDTYPE op ID {} IMPL maxdsp LATENCY 3 OPTYPE fmul PRAGMA {} RTLNAME fmul_32ns_32ns_32_4_max_dsp_1_U71 SOURCE LSTM.cpp:43 VARIABLE mul131_1 LOOP GATES BUNDLEDNAME {} DSP 3 BRAM 0 URAM 0 STORAGESUBTYPE {} DISPNAME {bind_op fmul} VISIBLE true} {BINDTYPE op ID {} IMPL fulldsp LATENCY 4 OPTYPE fadd PRAGMA {} RTLNAME fadd_32ns_32ns_32_5_full_dsp_1_U50 SOURCE LSTM.cpp:43 VARIABLE acc_o_34 LOOP GATES BUNDLEDNAME {} DSP 2 BRAM 0 URAM 0 STORAGESUBTYPE {} DISPNAME {bind_op fadd} VISIBLE true} {BINDTYPE op ID {} IMPL maxdsp LATENCY 3 OPTYPE fmul PRAGMA {} RTLNAME fmul_32ns_32ns_32_4_max_dsp_1_U70 SOURCE LSTM.cpp:43 VARIABLE mul131_2 LOOP GATES BUNDLEDNAME {} DSP 3 BRAM 0 URAM 0 STORAGESUBTYPE {} DISPNAME {bind_op fmul} VISIBLE true} {BINDTYPE op ID {} IMPL fulldsp LATENCY 4 OPTYPE fadd PRAGMA {} RTLNAME fadd_32ns_32ns_32_5_full_dsp_1_U50 SOURCE LSTM.cpp:43 VARIABLE acc_o_35 LOOP GATES BUNDLEDNAME {} DSP 2 BRAM 0 URAM 0 STORAGESUBTYPE {} DISPNAME {bind_op fadd} VISIBLE true} {BINDTYPE op ID {} IMPL maxdsp LATENCY 3 OPTYPE fmul PRAGMA {} RTLNAME fmul_32ns_32ns_32_4_max_dsp_1_U71 SOURCE LSTM.cpp:43 VARIABLE mul131_3 LOOP GATES BUNDLEDNAME {} DSP 3 BRAM 0 URAM 0 STORAGESUBTYPE {} DISPNAME {bind_op fmul} VISIBLE true} {BINDTYPE op ID {} IMPL fulldsp LATENCY 4 OPTYPE fadd PRAGMA {} RTLNAME fadd_32ns_32ns_32_5_full_dsp_1_U50 SOURCE LSTM.cpp:43 VARIABLE acc_o_36 LOOP GATES BUNDLEDNAME {} DSP 2 BRAM 0 URAM 0 STORAGESUBTYPE {} DISPNAME {bind_op fadd} VISIBLE true} {BINDTYPE op ID {} IMPL maxdsp LATENCY 3 OPTYPE fmul PRAGMA {} RTLNAME fmul_32ns_32ns_32_4_max_dsp_1_U70 SOURCE LSTM.cpp:43 VARIABLE mul131_4 LOOP GATES BUNDLEDNAME {} DSP 3 BRAM 0 URAM 0 STORAGESUBTYPE {} DISPNAME {bind_op fmul} VISIBLE true} {BINDTYPE op ID {} IMPL fulldsp LATENCY 4 OPTYPE fadd PRAGMA {} RTLNAME fadd_32ns_32ns_32_5_full_dsp_1_U50 SOURCE LSTM.cpp:43 VARIABLE acc_o_37 LOOP GATES BUNDLEDNAME {} DSP 2 BRAM 0 URAM 0 STORAGESUBTYPE {} DISPNAME {bind_op fadd} VISIBLE true} {BINDTYPE op ID {} IMPL maxdsp LATENCY 3 OPTYPE fmul PRAGMA {} RTLNAME fmul_32ns_32ns_32_4_max_dsp_1_U71 SOURCE LSTM.cpp:43 VARIABLE mul131_5 LOOP GATES BUNDLEDNAME {} DSP 3 BRAM 0 URAM 0 STORAGESUBTYPE {} DISPNAME {bind_op fmul} VISIBLE true} {BINDTYPE op ID {} IMPL fulldsp LATENCY 4 OPTYPE fadd PRAGMA {} RTLNAME fadd_32ns_32ns_32_5_full_dsp_1_U50 SOURCE LSTM.cpp:43 VARIABLE acc_o_38 LOOP GATES BUNDLEDNAME {} DSP 2 BRAM 0 URAM 0 STORAGESUBTYPE {} DISPNAME {bind_op fadd} VISIBLE true} {BINDTYPE op ID {} IMPL maxdsp LATENCY 3 OPTYPE fmul PRAGMA {} RTLNAME fmul_32ns_32ns_32_4_max_dsp_1_U70 SOURCE LSTM.cpp:43 VARIABLE mul131_6 LOOP GATES BUNDLEDNAME {} DSP 3 BRAM 0 URAM 0 STORAGESUBTYPE {} DISPNAME {bind_op fmul} VISIBLE true} {BINDTYPE op ID {} IMPL fulldsp LATENCY 4 OPTYPE fadd PRAGMA {} RTLNAME fadd_32ns_32ns_32_5_full_dsp_1_U50 SOURCE LSTM.cpp:43 VARIABLE acc_o_39 LOOP GATES BUNDLEDNAME {} DSP 2 BRAM 0 URAM 0 STORAGESUBTYPE {} DISPNAME {bind_op fadd} VISIBLE true} {BINDTYPE op ID {} IMPL maxdsp LATENCY 3 OPTYPE fmul PRAGMA {} RTLNAME fmul_32ns_32ns_32_4_max_dsp_1_U71 SOURCE LSTM.cpp:43 VARIABLE mul131_7 LOOP GATES BUNDLEDNAME {} DSP 3 BRAM 0 URAM 0 STORAGESUBTYPE {} DISPNAME {bind_op fmul} VISIBLE true} {BINDTYPE op ID {} IMPL fulldsp LATENCY 4 OPTYPE fadd PRAGMA {} RTLNAME fadd_32ns_32ns_32_5_full_dsp_1_U50 SOURCE LSTM.cpp:43 VARIABLE acc_o_40 LOOP GATES BUNDLEDNAME {} DSP 2 BRAM 0 URAM 0 STORAGESUBTYPE {} DISPNAME {bind_op fadd} VISIBLE true} {BINDTYPE op ID {} IMPL maxdsp LATENCY 3 OPTYPE fmul PRAGMA {} RTLNAME fmul_32ns_32ns_32_4_max_dsp_1_U70 SOURCE LSTM.cpp:43 VARIABLE mul131_8 LOOP GATES BUNDLEDNAME {} DSP 3 BRAM 0 URAM 0 STORAGESUBTYPE {} DISPNAME {bind_op fmul} VISIBLE true} {BINDTYPE op ID {} IMPL fulldsp LATENCY 4 OPTYPE fadd PRAGMA {} RTLNAME fadd_32ns_32ns_32_5_full_dsp_1_U50 SOURCE LSTM.cpp:43 VARIABLE acc_o_41 LOOP GATES BUNDLEDNAME {} DSP 2 BRAM 0 URAM 0 STORAGESUBTYPE {} DISPNAME {bind_op fadd} VISIBLE true} {BINDTYPE op ID {} IMPL maxdsp LATENCY 3 OPTYPE fmul PRAGMA {} RTLNAME fmul_32ns_32ns_32_4_max_dsp_1_U71 SOURCE LSTM.cpp:43 VARIABLE mul131_9 LOOP GATES BUNDLEDNAME {} DSP 3 BRAM 0 URAM 0 STORAGESUBTYPE {} DISPNAME {bind_op fmul} VISIBLE true} {BINDTYPE op ID {} IMPL fulldsp LATENCY 4 OPTYPE fadd PRAGMA {} RTLNAME fadd_32ns_32ns_32_5_full_dsp_1_U50 SOURCE LSTM.cpp:43 VARIABLE acc_o_42 LOOP GATES BUNDLEDNAME {} DSP 2 BRAM 0 URAM 0 STORAGESUBTYPE {} DISPNAME {bind_op fadd} VISIBLE true} {BINDTYPE op ID {} IMPL maxdsp LATENCY 3 OPTYPE fmul PRAGMA {} RTLNAME fmul_32ns_32ns_32_4_max_dsp_1_U70 SOURCE LSTM.cpp:43 VARIABLE mul131_s LOOP GATES BUNDLEDNAME {} DSP 3 BRAM 0 URAM 0 STORAGESUBTYPE {} DISPNAME {bind_op fmul} VISIBLE true} {BINDTYPE op ID {} IMPL fulldsp LATENCY 4 OPTYPE fadd PRAGMA {} RTLNAME fadd_32ns_32ns_32_5_full_dsp_1_U50 SOURCE LSTM.cpp:43 VARIABLE acc_o_43 LOOP GATES BUNDLEDNAME {} DSP 2 BRAM 0 URAM 0 STORAGESUBTYPE {} DISPNAME {bind_op fadd} VISIBLE true} {BINDTYPE op ID {} IMPL maxdsp LATENCY 3 OPTYPE fmul PRAGMA {} RTLNAME fmul_32ns_32ns_32_4_max_dsp_1_U71 SOURCE LSTM.cpp:43 VARIABLE mul131_10 LOOP GATES BUNDLEDNAME {} DSP 3 BRAM 0 URAM 0 STORAGESUBTYPE {} DISPNAME {bind_op fmul} VISIBLE true} {BINDTYPE op ID {} IMPL fulldsp LATENCY 4 OPTYPE fadd PRAGMA {} RTLNAME fadd_32ns_32ns_32_5_full_dsp_1_U50 SOURCE LSTM.cpp:43 VARIABLE acc_o_44 LOOP GATES BUNDLEDNAME {} DSP 2 BRAM 0 URAM 0 STORAGESUBTYPE {} DISPNAME {bind_op fadd} VISIBLE true} {BINDTYPE op ID {} IMPL maxdsp LATENCY 3 OPTYPE fmul PRAGMA {} RTLNAME fmul_32ns_32ns_32_4_max_dsp_1_U70 SOURCE LSTM.cpp:43 VARIABLE mul131_11 LOOP GATES BUNDLEDNAME {} DSP 3 BRAM 0 URAM 0 STORAGESUBTYPE {} DISPNAME {bind_op fmul} VISIBLE true} {BINDTYPE op ID {} IMPL fulldsp LATENCY 4 OPTYPE fadd PRAGMA {} RTLNAME fadd_32ns_32ns_32_5_full_dsp_1_U50 SOURCE LSTM.cpp:43 VARIABLE acc_o_45 LOOP GATES BUNDLEDNAME {} DSP 2 BRAM 0 URAM 0 STORAGESUBTYPE {} DISPNAME {bind_op fadd} VISIBLE true} {BINDTYPE op ID {} IMPL maxdsp LATENCY 3 OPTYPE fmul PRAGMA {} RTLNAME fmul_32ns_32ns_32_4_max_dsp_1_U71 SOURCE LSTM.cpp:43 VARIABLE mul131_12 LOOP GATES BUNDLEDNAME {} DSP 3 BRAM 0 URAM 0 STORAGESUBTYPE {} DISPNAME {bind_op fmul} VISIBLE true} {BINDTYPE op ID {} IMPL fulldsp LATENCY 4 OPTYPE fadd PRAGMA {} RTLNAME fadd_32ns_32ns_32_5_full_dsp_1_U50 SOURCE LSTM.cpp:43 VARIABLE acc_o_46 LOOP GATES BUNDLEDNAME {} DSP 2 BRAM 0 URAM 0 STORAGESUBTYPE {} DISPNAME {bind_op fadd} VISIBLE true} {BINDTYPE op ID {} IMPL maxdsp LATENCY 3 OPTYPE fmul PRAGMA {} RTLNAME fmul_32ns_32ns_32_4_max_dsp_1_U70 SOURCE LSTM.cpp:43 VARIABLE mul131_13 LOOP GATES BUNDLEDNAME {} DSP 3 BRAM 0 URAM 0 STORAGESUBTYPE {} DISPNAME {bind_op fmul} VISIBLE true} {BINDTYPE op ID {} IMPL fulldsp LATENCY 4 OPTYPE fadd PRAGMA {} RTLNAME fadd_32ns_32ns_32_5_full_dsp_1_U50 SOURCE LSTM.cpp:43 VARIABLE acc_o_47 LOOP GATES BUNDLEDNAME {} DSP 2 BRAM 0 URAM 0 STORAGESUBTYPE {} DISPNAME {bind_op fadd} VISIBLE true} {BINDTYPE op ID {} IMPL maxdsp LATENCY 3 OPTYPE fmul PRAGMA {} RTLNAME fmul_32ns_32ns_32_4_max_dsp_1_U71 SOURCE LSTM.cpp:43 VARIABLE mul131_14 LOOP GATES BUNDLEDNAME {} DSP 3 BRAM 0 URAM 0 STORAGESUBTYPE {} DISPNAME {bind_op fmul} VISIBLE true} {BINDTYPE op ID {} IMPL fulldsp LATENCY 4 OPTYPE fadd PRAGMA {} RTLNAME fadd_32ns_32ns_32_5_full_dsp_1_U50 SOURCE LSTM.cpp:43 VARIABLE acc_o_48 LOOP GATES BUNDLEDNAME {} DSP 2 BRAM 0 URAM 0 STORAGESUBTYPE {} DISPNAME {bind_op fadd} VISIBLE true} {BINDTYPE op ID {} IMPL maxdsp LATENCY 3 OPTYPE fmul PRAGMA {} RTLNAME fmul_32ns_32ns_32_4_max_dsp_1_U70 SOURCE LSTM.cpp:43 VARIABLE mul131_15 LOOP GATES BUNDLEDNAME {} DSP 3 BRAM 0 URAM 0 STORAGESUBTYPE {} DISPNAME {bind_op fmul} VISIBLE true} {BINDTYPE op ID {} IMPL fulldsp LATENCY 4 OPTYPE fadd PRAGMA {} RTLNAME fadd_32ns_32ns_32_5_full_dsp_1_U54 SOURCE LSTM.cpp:43 VARIABLE acc_o_49 LOOP GATES BUNDLEDNAME {} DSP 2 BRAM 0 URAM 0 STORAGESUBTYPE {} DISPNAME {bind_op fadd} VISIBLE true} {BINDTYPE op ID {} IMPL maxdsp LATENCY 3 OPTYPE fmul PRAGMA {} RTLNAME fmul_32ns_32ns_32_4_max_dsp_1_U71 SOURCE LSTM.cpp:43 VARIABLE mul131_16 LOOP GATES BUNDLEDNAME {} DSP 3 BRAM 0 URAM 0 STORAGESUBTYPE {} DISPNAME {bind_op fmul} VISIBLE true} {BINDTYPE op ID {} IMPL fulldsp LATENCY 4 OPTYPE fadd PRAGMA {} RTLNAME fadd_32ns_32ns_32_5_full_dsp_1_U54 SOURCE LSTM.cpp:43 VARIABLE acc_o_50 LOOP GATES BUNDLEDNAME {} DSP 2 BRAM 0 URAM 0 STORAGESUBTYPE {} DISPNAME {bind_op fadd} VISIBLE true} {BINDTYPE op ID {} IMPL maxdsp LATENCY 3 OPTYPE fmul PRAGMA {} RTLNAME fmul_32ns_32ns_32_4_max_dsp_1_U70 SOURCE LSTM.cpp:43 VARIABLE mul131_17 LOOP GATES BUNDLEDNAME {} DSP 3 BRAM 0 URAM 0 STORAGESUBTYPE {} DISPNAME {bind_op fmul} VISIBLE true} {BINDTYPE op ID {} IMPL fulldsp LATENCY 4 OPTYPE fadd PRAGMA {} RTLNAME fadd_32ns_32ns_32_5_full_dsp_1_U54 SOURCE LSTM.cpp:43 VARIABLE acc_o_51 LOOP GATES BUNDLEDNAME {} DSP 2 BRAM 0 URAM 0 STORAGESUBTYPE {} DISPNAME {bind_op fadd} VISIBLE true} {BINDTYPE op ID {} IMPL maxdsp LATENCY 3 OPTYPE fmul PRAGMA {} RTLNAME fmul_32ns_32ns_32_4_max_dsp_1_U71 SOURCE LSTM.cpp:43 VARIABLE mul131_18 LOOP GATES BUNDLEDNAME {} DSP 3 BRAM 0 URAM 0 STORAGESUBTYPE {} DISPNAME {bind_op fmul} VISIBLE true} {BINDTYPE op ID {} IMPL fulldsp LATENCY 4 OPTYPE fadd PRAGMA {} RTLNAME fadd_32ns_32ns_32_5_full_dsp_1_U54 SOURCE LSTM.cpp:43 VARIABLE acc_o_52 LOOP GATES BUNDLEDNAME {} DSP 2 BRAM 0 URAM 0 STORAGESUBTYPE {} DISPNAME {bind_op fadd} VISIBLE true} {BINDTYPE op ID {} IMPL maxdsp LATENCY 3 OPTYPE fmul PRAGMA {} RTLNAME fmul_32ns_32ns_32_4_max_dsp_1_U70 SOURCE LSTM.cpp:43 VARIABLE mul131_19 LOOP GATES BUNDLEDNAME {} DSP 3 BRAM 0 URAM 0 STORAGESUBTYPE {} DISPNAME {bind_op fmul} VISIBLE true} {BINDTYPE op ID {} IMPL fulldsp LATENCY 4 OPTYPE fadd PRAGMA {} RTLNAME fadd_32ns_32ns_32_5_full_dsp_1_U54 SOURCE LSTM.cpp:43 VARIABLE acc_o_53 LOOP GATES BUNDLEDNAME {} DSP 2 BRAM 0 URAM 0 STORAGESUBTYPE {} DISPNAME {bind_op fadd} VISIBLE true} {BINDTYPE op ID {} IMPL maxdsp LATENCY 3 OPTYPE fmul PRAGMA {} RTLNAME fmul_32ns_32ns_32_4_max_dsp_1_U71 SOURCE LSTM.cpp:43 VARIABLE mul131_20 LOOP GATES BUNDLEDNAME {} DSP 3 BRAM 0 URAM 0 STORAGESUBTYPE {} DISPNAME {bind_op fmul} VISIBLE true} {BINDTYPE op ID {} IMPL fulldsp LATENCY 4 OPTYPE fadd PRAGMA {} RTLNAME fadd_32ns_32ns_32_5_full_dsp_1_U54 SOURCE LSTM.cpp:43 VARIABLE acc_o_54 LOOP GATES BUNDLEDNAME {} DSP 2 BRAM 0 URAM 0 STORAGESUBTYPE {} DISPNAME {bind_op fadd} VISIBLE true} {BINDTYPE op ID {} IMPL maxdsp LATENCY 3 OPTYPE fmul PRAGMA {} RTLNAME fmul_32ns_32ns_32_4_max_dsp_1_U70 SOURCE LSTM.cpp:43 VARIABLE mul131_21 LOOP GATES BUNDLEDNAME {} DSP 3 BRAM 0 URAM 0 STORAGESUBTYPE {} DISPNAME {bind_op fmul} VISIBLE true} {BINDTYPE op ID {} IMPL fulldsp LATENCY 4 OPTYPE fadd PRAGMA {} RTLNAME fadd_32ns_32ns_32_5_full_dsp_1_U54 SOURCE LSTM.cpp:43 VARIABLE acc_o_55 LOOP GATES BUNDLEDNAME {} DSP 2 BRAM 0 URAM 0 STORAGESUBTYPE {} DISPNAME {bind_op fadd} VISIBLE true} {BINDTYPE op ID {} IMPL maxdsp LATENCY 3 OPTYPE fmul PRAGMA {} RTLNAME fmul_32ns_32ns_32_4_max_dsp_1_U71 SOURCE LSTM.cpp:43 VARIABLE mul131_22 LOOP GATES BUNDLEDNAME {} DSP 3 BRAM 0 URAM 0 STORAGESUBTYPE {} DISPNAME {bind_op fmul} VISIBLE true} {BINDTYPE op ID {} IMPL fulldsp LATENCY 4 OPTYPE fadd PRAGMA {} RTLNAME fadd_32ns_32ns_32_5_full_dsp_1_U54 SOURCE LSTM.cpp:43 VARIABLE acc_o_56 LOOP GATES BUNDLEDNAME {} DSP 2 BRAM 0 URAM 0 STORAGESUBTYPE {} DISPNAME {bind_op fadd} VISIBLE true} {BINDTYPE op ID {} IMPL maxdsp LATENCY 3 OPTYPE fmul PRAGMA {} RTLNAME fmul_32ns_32ns_32_4_max_dsp_1_U70 SOURCE LSTM.cpp:43 VARIABLE mul131_23 LOOP GATES BUNDLEDNAME {} DSP 3 BRAM 0 URAM 0 STORAGESUBTYPE {} DISPNAME {bind_op fmul} VISIBLE true} {BINDTYPE op ID {} IMPL fulldsp LATENCY 4 OPTYPE fadd PRAGMA {} RTLNAME fadd_32ns_32ns_32_5_full_dsp_1_U54 SOURCE LSTM.cpp:43 VARIABLE acc_o_57 LOOP GATES BUNDLEDNAME {} DSP 2 BRAM 0 URAM 0 STORAGESUBTYPE {} DISPNAME {bind_op fadd} VISIBLE true} {BINDTYPE op ID {} IMPL maxdsp LATENCY 3 OPTYPE fmul PRAGMA {} RTLNAME fmul_32ns_32ns_32_4_max_dsp_1_U71 SOURCE LSTM.cpp:43 VARIABLE mul131_24 LOOP GATES BUNDLEDNAME {} DSP 3 BRAM 0 URAM 0 STORAGESUBTYPE {} DISPNAME {bind_op fmul} VISIBLE true} {BINDTYPE op ID {} IMPL fulldsp LATENCY 4 OPTYPE fadd PRAGMA {} RTLNAME fadd_32ns_32ns_32_5_full_dsp_1_U54 SOURCE LSTM.cpp:43 VARIABLE acc_o_58 LOOP GATES BUNDLEDNAME {} DSP 2 BRAM 0 URAM 0 STORAGESUBTYPE {} DISPNAME {bind_op fadd} VISIBLE true} {BINDTYPE op ID {} IMPL maxdsp LATENCY 3 OPTYPE fmul PRAGMA {} RTLNAME fmul_32ns_32ns_32_4_max_dsp_1_U70 SOURCE LSTM.cpp:43 VARIABLE mul131_25 LOOP GATES BUNDLEDNAME {} DSP 3 BRAM 0 URAM 0 STORAGESUBTYPE {} DISPNAME {bind_op fmul} VISIBLE true} {BINDTYPE op ID {} IMPL fulldsp LATENCY 4 OPTYPE fadd PRAGMA {} RTLNAME fadd_32ns_32ns_32_5_full_dsp_1_U54 SOURCE LSTM.cpp:43 VARIABLE acc_o_59 LOOP GATES BUNDLEDNAME {} DSP 2 BRAM 0 URAM 0 STORAGESUBTYPE {} DISPNAME {bind_op fadd} VISIBLE true} {BINDTYPE op ID {} IMPL maxdsp LATENCY 3 OPTYPE fmul PRAGMA {} RTLNAME fmul_32ns_32ns_32_4_max_dsp_1_U71 SOURCE LSTM.cpp:43 VARIABLE mul131_26 LOOP GATES BUNDLEDNAME {} DSP 3 BRAM 0 URAM 0 STORAGESUBTYPE {} DISPNAME {bind_op fmul} VISIBLE true} {BINDTYPE op ID {} IMPL fulldsp LATENCY 4 OPTYPE fadd PRAGMA {} RTLNAME fadd_32ns_32ns_32_5_full_dsp_1_U54 SOURCE LSTM.cpp:43 VARIABLE acc_o_60 LOOP GATES BUNDLEDNAME {} DSP 2 BRAM 0 URAM 0 STORAGESUBTYPE {} DISPNAME {bind_op fadd} VISIBLE true} {BINDTYPE op ID {} IMPL maxdsp LATENCY 3 OPTYPE fmul PRAGMA {} RTLNAME fmul_32ns_32ns_32_4_max_dsp_1_U70 SOURCE LSTM.cpp:43 VARIABLE mul131_27 LOOP GATES BUNDLEDNAME {} DSP 3 BRAM 0 URAM 0 STORAGESUBTYPE {} DISPNAME {bind_op fmul} VISIBLE true} {BINDTYPE op ID {} IMPL fulldsp LATENCY 4 OPTYPE fadd PRAGMA {} RTLNAME fadd_32ns_32ns_32_5_full_dsp_1_U54 SOURCE LSTM.cpp:43 VARIABLE acc_o_61 LOOP GATES BUNDLEDNAME {} DSP 2 BRAM 0 URAM 0 STORAGESUBTYPE {} DISPNAME {bind_op fadd} VISIBLE true} {BINDTYPE op ID {} IMPL maxdsp LATENCY 3 OPTYPE fmul PRAGMA {} RTLNAME fmul_32ns_32ns_32_4_max_dsp_1_U71 SOURCE LSTM.cpp:43 VARIABLE mul131_28 LOOP GATES BUNDLEDNAME {} DSP 3 BRAM 0 URAM 0 STORAGESUBTYPE {} DISPNAME {bind_op fmul} VISIBLE true} {BINDTYPE op ID {} IMPL fulldsp LATENCY 4 OPTYPE fadd PRAGMA {} RTLNAME fadd_32ns_32ns_32_5_full_dsp_1_U54 SOURCE LSTM.cpp:43 VARIABLE acc_o_62 LOOP GATES BUNDLEDNAME {} DSP 2 BRAM 0 URAM 0 STORAGESUBTYPE {} DISPNAME {bind_op fadd} VISIBLE true} {BINDTYPE op ID {} IMPL maxdsp LATENCY 3 OPTYPE fmul PRAGMA {} RTLNAME fmul_32ns_32ns_32_4_max_dsp_1_U70 SOURCE LSTM.cpp:43 VARIABLE mul131_29 LOOP GATES BUNDLEDNAME {} DSP 3 BRAM 0 URAM 0 STORAGESUBTYPE {} DISPNAME {bind_op fmul} VISIBLE true} {BINDTYPE op ID {} IMPL fulldsp LATENCY 4 OPTYPE fadd PRAGMA {} RTLNAME fadd_32ns_32ns_32_5_full_dsp_1_U54 SOURCE LSTM.cpp:43 VARIABLE acc_o_63 LOOP GATES BUNDLEDNAME {} DSP 2 BRAM 0 URAM 0 STORAGESUBTYPE {} DISPNAME {bind_op fadd} VISIBLE true} {BINDTYPE op ID {} IMPL maxdsp LATENCY 3 OPTYPE fmul PRAGMA {} RTLNAME fmul_32ns_32ns_32_4_max_dsp_1_U71 SOURCE LSTM.cpp:43 VARIABLE mul131_30 LOOP GATES BUNDLEDNAME {} DSP 3 BRAM 0 URAM 0 STORAGESUBTYPE {} DISPNAME {bind_op fmul} VISIBLE true} {BINDTYPE op ID {} IMPL fulldsp LATENCY 4 OPTYPE fadd PRAGMA {} RTLNAME fadd_32ns_32ns_32_5_full_dsp_1_U54 SOURCE LSTM.cpp:43 VARIABLE acc_o_64 LOOP GATES BUNDLEDNAME {} DSP 2 BRAM 0 URAM 0 STORAGESUBTYPE {} DISPNAME {bind_op fadd} VISIBLE true} {BINDTYPE op ID {} IMPL auto LATENCY 0 OPTYPE xor PRAGMA {} RTLNAME xor_ln5_5_fu_5539_p2 SOURCE LSTM.cpp:5 VARIABLE xor_ln5_5 LOOP GATES BUNDLEDNAME {} DSP 0 BRAM 0 URAM 0 STORAGESUBTYPE {} DISPNAME {bind_op xor} VISIBLE false} {BINDTYPE op ID {} IMPL fulldsp LATENCY 8 OPTYPE fexp PRAGMA {} RTLNAME fexp_32ns_32ns_32_9_full_dsp_1_U73 SOURCE {C:\scratch\2025.1\hls_product\640\2025.1\src\shared\hls\clib\hlsmath\src\common\hls_exp_float.cpp:17} VARIABLE tmp_8 LOOP GATES BUNDLEDNAME {} DSP 7 BRAM 0 URAM 0 STORAGESUBTYPE {} DISPNAME {bind_op fexp} VISIBLE true} {BINDTYPE op ID {} IMPL fulldsp LATENCY 4 OPTYPE fadd PRAGMA {} RTLNAME fadd_32ns_32ns_32_5_full_dsp_1_U55 SOURCE LSTM.cpp:5 VARIABLE add_i2 LOOP GATES BUNDLEDNAME {} DSP 2 BRAM 0 URAM 0 STORAGESUBTYPE {} DISPNAME {bind_op fadd} VISIBLE true} {BINDTYPE op ID {} IMPL fabric LATENCY 11 OPTYPE fdiv PRAGMA {} RTLNAME fdiv_32ns_32ns_32_12_no_dsp_1_U72 SOURCE LSTM.cpp:5 VARIABLE div_i2 LOOP GATES BUNDLEDNAME {} DSP 0 BRAM 0 URAM 0 STORAGESUBTYPE {} DISPNAME {bind_op fdiv} VISIBLE true}} AREA {DSP 78 BRAM 0 URAM 0}} LSTM_step_Pipeline_UPDATE {BINDINFO {{BINDTYPE op ID {} IMPL auto LATENCY 0 OPTYPE seteq PRAGMA {} RTLNAME icmp_ln48_fu_171_p2 SOURCE LSTM.cpp:48 VARIABLE icmp_ln48 LOOP UPDATE BUNDLEDNAME {} DSP 0 BRAM 0 URAM 0 STORAGESUBTYPE {} DISPNAME {bind_op seteq} VISIBLE false} {BINDTYPE op ID {} IMPL fabric LATENCY 0 OPTYPE add PRAGMA {} RTLNAME add_ln48_fu_177_p2 SOURCE LSTM.cpp:48 VARIABLE add_ln48 LOOP UPDATE BUNDLEDNAME {} DSP 0 BRAM 0 URAM 0 STORAGESUBTYPE {} DISPNAME {bind_op add} VISIBLE true}} AREA {DSP 0 BRAM 0 URAM 0}} LSTM_step {BINDINFO {{BINDTYPE storage ID {} IMPL auto LATENCY 1 OPTYPE ram_1p PRAGMA {} RTLNAME f_U SOURCE LSTM.cpp:18 VARIABLE f LOOP {} BUNDLEDNAME {} DSP 0 BRAM 2 URAM 0 STORAGESUBTYPE {} STORAGESIZE {32 32 1} STORAGEUSAGE {ram_1p array} DISPNAME {bind_storage ram_1p} VISIBLE true} {BINDTYPE storage ID {} IMPL auto LATENCY 1 OPTYPE ram_1p PRAGMA {} RTLNAME i_U SOURCE LSTM.cpp:18 VARIABLE i LOOP {} BUNDLEDNAME {} DSP 0 BRAM 2 URAM 0 STORAGESUBTYPE {} STORAGESIZE {32 32 1} STORAGEUSAGE {ram_1p array} DISPNAME {bind_storage ram_1p} VISIBLE true} {BINDTYPE storage ID {} IMPL auto LATENCY 1 OPTYPE ram_1p PRAGMA {} RTLNAME g_U SOURCE LSTM.cpp:18 VARIABLE g LOOP {} BUNDLEDNAME {} DSP 0 BRAM 2 URAM 0 STORAGESUBTYPE {} STORAGESIZE {32 32 1} STORAGEUSAGE {ram_1p array} DISPNAME {bind_storage ram_1p} VISIBLE true} {BINDTYPE storage ID {} IMPL auto LATENCY 1 OPTYPE ram_1p PRAGMA {} RTLNAME o_U SOURCE LSTM.cpp:18 VARIABLE o LOOP {} BUNDLEDNAME {} DSP 0 BRAM 2 URAM 0 STORAGESUBTYPE {} STORAGESIZE {32 32 1} STORAGEUSAGE {ram_1p array} DISPNAME {bind_storage ram_1p} VISIBLE true}} AREA {DSP 134 BRAM 9 URAM 0}} LSTM {BINDINFO {{BINDTYPE op ID {} IMPL auto LATENCY 0 OPTYPE seteq PRAGMA {} RTLNAME icmp_ln70_fu_133_p2 SOURCE LSTM.cpp:70 VARIABLE icmp_ln70 LOOP TIME BUNDLEDNAME {} DSP 0 BRAM 0 URAM 0 STORAGESUBTYPE {} DISPNAME {bind_op seteq} VISIBLE false} {BINDTYPE op ID {} IMPL fabric LATENCY 0 OPTYPE add PRAGMA {} RTLNAME add_ln70_fu_139_p2 SOURCE LSTM.cpp:70 VARIABLE add_ln70 LOOP TIME BUNDLEDNAME {} DSP 0 BRAM 0 URAM 0 STORAGESUBTYPE {} DISPNAME {bind_op add} VISIBLE true}} AREA {DSP 134 BRAM 9 URAM 0}}}}'
INFO-FLOW: DBG:PUTS:      update_csynth_reports json2rpt_hw_sw_interfaces
INFO-FLOW: Running: gen_csynth_sec_pragma
INFO-FLOW: Done: gen_csynth_sec_pragma time: 0.4 seconds per iteration
INFO-FLOW: DBG:PUTS:      update_csynth_reports wrote xml
INFO-FLOW: DBG:PUTS:      update_csynth_reports appended to csynth rpt file
INFO: [HLS 200-111] Finished Updating report files: CPU user time: 2 seconds. CPU system time: 2 seconds. Elapsed time: 4.383 seconds; current allocated memory: 379.637 MB.
INFO: [VHDL 208-304] Generating VHDL RTL for LSTM.
INFO: [VLOG 209-307] Generating Verilog RTL for LSTM.
Execute       syn_report -model LSTM -printsummary 
INFO: [HLS 200-790] **** Loop Constraint Status: All loop constraints were satisfied.
INFO: [HLS 200-789] **** Estimated Fmax: 114.23 MHz
Command     autosyn done; 24.579 sec.
Command   csynth_design done; 67.745 sec.
Execute   close_project 
Execute     close_solution 
Execute       cleanup_all 
Execute       cleanup_all 
