

================================================================
== Vitis HLS Report for 'LSTM_step'
================================================================
* Date:           Wed Jul 22 22:22:20 2026

* Version:        2025.1 (Build 6135595 on May 21 2025)
* Project:        LSTM
* Solution:       hls (Vivado IP Flow Target)
* Product family: zynq
* Target device:  xc7z020-clg400-1


================================================================
== Performance Estimates
================================================================
+ Timing: 
    * Summary: 
    +--------+----------+----------+------------+
    |  Clock |  Target  | Estimated| Uncertainty|
    +--------+----------+----------+------------+
    |ap_clk  |  12.00 ns|  8.754 ns|     3.24 ns|
    +--------+----------+----------+------------+

+ Latency: 
    * Summary: 
    +---------+---------+-----------+-----------+------+------+---------+
    |  Latency (cycles) |   Latency (absolute)  |   Interval  | Pipeline|
    |   min   |   max   |    min    |    max    |  min |  max |   Type  |
    +---------+---------+-----------+-----------+------+------+---------+
    |     1012|     1012|  12.144 us|  12.144 us|  1012|  1012|       no|
    +---------+---------+-----------+-----------+------+------+---------+

    + Detail: 
        * Instance: 
        +--------------------------------------+---------------------------+---------+---------+-----------+-----------+-----+-----+------------------------------------------------+
        |                                      |                           |  Latency (cycles) |   Latency (absolute)  |  Interval |                    Pipeline                    |
        |               Instance               |           Module          |   min   |   max   |    min    |    max    | min | max |                      Type                      |
        +--------------------------------------+---------------------------+---------+---------+-----------+-----------+-----+-----+------------------------------------------------+
        |grp_LSTM_step_Pipeline_GATES_fu_768   |LSTM_step_Pipeline_GATES   |      884|      884|  10.608 us|  10.608 us|  528|  528|  loop auto-rewind stp (delay=0 clock cycles(s))|
        |grp_LSTM_step_Pipeline_UPDATE_fu_870  |LSTM_step_Pipeline_UPDATE  |      109|      109|   1.308 us|   1.308 us|   33|   33|  loop auto-rewind stp (delay=0 clock cycles(s))|
        +--------------------------------------+---------------------------+---------+---------+-----------+-----------+-----+-----+------------------------------------------------+

        * Loop: 
        N/A

============================================================
+ Verbose Summary: Synthesis Manager
============================================================
InlineROM: 1
ExposeGlobal: 0
============================================================
+ Verbose Summary: CDFG Model
============================================================
IsTopModel: 0
ResetActiveHigh: 1
IsCombinational: 0
IsDatapathOnly: 0
HasWiredReturn: 1
HasMFsm: 0
HasVarLatency: 1
IsPipeline: 0
IsRtlPipelined: 0
IsInstanceOverlapped: 0
IsDontTouch: 0
HasImplIP: 0
IsGatedGlobalClock: 0


============================================================
+ Verbose Summary: Schedule
============================================================
* Number of FSM states : 20
* Pipeline : 0
* Dataflow Pipeline: 0

* FSM state transitions: 
1 --> 2 
2 --> 3 
3 --> 4 
4 --> 5 
5 --> 6 
6 --> 7 
7 --> 8 
8 --> 9 
9 --> 10 
10 --> 11 
11 --> 12 
12 --> 13 
13 --> 14 
14 --> 15 
15 --> 16 
16 --> 17 
17 --> 18 
18 --> 19 
19 --> 20 
20 --> 

* FSM state operations: 

State 1 <SV = 0> <Delay = 3.25>
ST_1 : Operation 21 [1/1] (0.00ns)   --->   "%x1_read = read i3 @_ssdm_op_Read.ap_auto.i3, i3 %x1"   --->   Operation 21 'read' 'x1_read' <Predicate = true> <Delay = 0.00>
ST_1 : Operation 22 [1/1] (0.00ns)   --->   "%tmp_13 = bitconcatenate i8 @_ssdm_op_BitConcatenate.i8.i3.i5, i3 %x1_read, i5 0"   --->   Operation 22 'bitconcatenate' 'tmp_13' <Predicate = true> <Delay = 0.00>
ST_1 : Operation 23 [1/1] (0.00ns)   --->   "%tmp_13_cast = zext i8 %tmp_13"   --->   Operation 23 'zext' 'tmp_13_cast' <Predicate = true> <Delay = 0.00>
ST_1 : Operation 24 [1/1] (0.00ns)   --->   "%x_addr = getelementptr i32 %x, i64 0, i64 %tmp_13_cast"   --->   Operation 24 'getelementptr' 'x_addr' <Predicate = true> <Delay = 0.00>
ST_1 : Operation 25 [1/1] (0.00ns)   --->   "%tmp_14 = bitconcatenate i8 @_ssdm_op_BitConcatenate.i8.i3.i5, i3 %x1_read, i5 1"   --->   Operation 25 'bitconcatenate' 'tmp_14' <Predicate = true> <Delay = 0.00>
ST_1 : Operation 26 [1/1] (0.00ns)   --->   "%tmp_14_cast = zext i8 %tmp_14"   --->   Operation 26 'zext' 'tmp_14_cast' <Predicate = true> <Delay = 0.00>
ST_1 : Operation 27 [1/1] (0.00ns)   --->   "%x_addr_1 = getelementptr i32 %x, i64 0, i64 %tmp_14_cast"   --->   Operation 27 'getelementptr' 'x_addr_1' <Predicate = true> <Delay = 0.00>
ST_1 : Operation 28 [1/1] (3.25ns)   --->   "%f = alloca i64 1" [LSTM.cpp:18]   --->   Operation 28 'alloca' 'f' <Predicate = true> <Delay = 3.25>
ST_1 : Operation 29 [1/1] (3.25ns)   --->   "%i = alloca i64 1" [LSTM.cpp:18]   --->   Operation 29 'alloca' 'i' <Predicate = true> <Delay = 3.25>
ST_1 : Operation 30 [1/1] (3.25ns)   --->   "%g = alloca i64 1" [LSTM.cpp:18]   --->   Operation 30 'alloca' 'g' <Predicate = true> <Delay = 3.25>
ST_1 : Operation 31 [1/1] (3.25ns)   --->   "%o = alloca i64 1" [LSTM.cpp:18]   --->   Operation 31 'alloca' 'o' <Predicate = true> <Delay = 3.25>
ST_1 : Operation 32 [2/2] (3.25ns)   --->   "%x_load = load i8 %x_addr"   --->   Operation 32 'load' 'x_load' <Predicate = true> <Delay = 3.25> <CoreInst = "RAM">   --->   Core 81 'RAM' <Latency = 1> <II = 1> <Delay = 3.25> <Storage> <Opcode : 'load' 'store'> <Ports = 2> <Width = 32> <Depth = 256> <RAM>
ST_1 : Operation 33 [2/2] (3.25ns)   --->   "%x_load_1 = load i8 %x_addr_1"   --->   Operation 33 'load' 'x_load_1' <Predicate = true> <Delay = 3.25> <CoreInst = "RAM">   --->   Core 81 'RAM' <Latency = 1> <II = 1> <Delay = 3.25> <Storage> <Opcode : 'load' 'store'> <Ports = 2> <Width = 32> <Depth = 256> <RAM>
ST_1 : Operation 34 [1/1] (0.00ns)   --->   "%h_addr = getelementptr i32 %h, i64 0, i64 0"   --->   Operation 34 'getelementptr' 'h_addr' <Predicate = true> <Delay = 0.00>
ST_1 : Operation 35 [2/2] (3.25ns)   --->   "%h_load = load i5 %h_addr"   --->   Operation 35 'load' 'h_load' <Predicate = true> <Delay = 3.25> <CoreInst = "RAM">   --->   Core 81 'RAM' <Latency = 1> <II = 1> <Delay = 3.25> <Storage> <Opcode : 'load' 'store'> <Ports = 2> <Width = 32> <Depth = 32> <RAM>
ST_1 : Operation 36 [1/1] (0.00ns)   --->   "%h_addr_1 = getelementptr i32 %h, i64 0, i64 1"   --->   Operation 36 'getelementptr' 'h_addr_1' <Predicate = true> <Delay = 0.00>
ST_1 : Operation 37 [2/2] (3.25ns)   --->   "%h_load_1 = load i5 %h_addr_1"   --->   Operation 37 'load' 'h_load_1' <Predicate = true> <Delay = 3.25> <CoreInst = "RAM">   --->   Core 81 'RAM' <Latency = 1> <II = 1> <Delay = 3.25> <Storage> <Opcode : 'load' 'store'> <Ports = 2> <Width = 32> <Depth = 32> <RAM>

State 2 <SV = 1> <Delay = 3.25>
ST_2 : Operation 38 [1/1] (0.00ns)   --->   "%tmp_15 = bitconcatenate i8 @_ssdm_op_BitConcatenate.i8.i3.i5, i3 %x1_read, i5 2"   --->   Operation 38 'bitconcatenate' 'tmp_15' <Predicate = true> <Delay = 0.00>
ST_2 : Operation 39 [1/1] (0.00ns)   --->   "%tmp_15_cast = zext i8 %tmp_15"   --->   Operation 39 'zext' 'tmp_15_cast' <Predicate = true> <Delay = 0.00>
ST_2 : Operation 40 [1/1] (0.00ns)   --->   "%x_addr_2 = getelementptr i32 %x, i64 0, i64 %tmp_15_cast"   --->   Operation 40 'getelementptr' 'x_addr_2' <Predicate = true> <Delay = 0.00>
ST_2 : Operation 41 [1/1] (0.00ns)   --->   "%tmp_16 = bitconcatenate i8 @_ssdm_op_BitConcatenate.i8.i3.i5, i3 %x1_read, i5 3"   --->   Operation 41 'bitconcatenate' 'tmp_16' <Predicate = true> <Delay = 0.00>
ST_2 : Operation 42 [1/1] (0.00ns)   --->   "%tmp_16_cast = zext i8 %tmp_16"   --->   Operation 42 'zext' 'tmp_16_cast' <Predicate = true> <Delay = 0.00>
ST_2 : Operation 43 [1/1] (0.00ns)   --->   "%x_addr_3 = getelementptr i32 %x, i64 0, i64 %tmp_16_cast"   --->   Operation 43 'getelementptr' 'x_addr_3' <Predicate = true> <Delay = 0.00>
ST_2 : Operation 44 [1/2] ( I:3.25ns O:3.25ns )   --->   "%x_load = load i8 %x_addr"   --->   Operation 44 'load' 'x_load' <Predicate = true> <Delay = 3.25> <CoreInst = "RAM">   --->   Core 81 'RAM' <Latency = 1> <II = 1> <Delay = 3.25> <Storage> <Opcode : 'load' 'store'> <Ports = 2> <Width = 32> <Depth = 256> <RAM>
ST_2 : Operation 45 [1/2] ( I:3.25ns O:3.25ns )   --->   "%x_load_1 = load i8 %x_addr_1"   --->   Operation 45 'load' 'x_load_1' <Predicate = true> <Delay = 3.25> <CoreInst = "RAM">   --->   Core 81 'RAM' <Latency = 1> <II = 1> <Delay = 3.25> <Storage> <Opcode : 'load' 'store'> <Ports = 2> <Width = 32> <Depth = 256> <RAM>
ST_2 : Operation 46 [2/2] (3.25ns)   --->   "%x_load_2 = load i8 %x_addr_2"   --->   Operation 46 'load' 'x_load_2' <Predicate = true> <Delay = 3.25> <CoreInst = "RAM">   --->   Core 81 'RAM' <Latency = 1> <II = 1> <Delay = 3.25> <Storage> <Opcode : 'load' 'store'> <Ports = 2> <Width = 32> <Depth = 256> <RAM>
ST_2 : Operation 47 [2/2] (3.25ns)   --->   "%x_load_3 = load i8 %x_addr_3"   --->   Operation 47 'load' 'x_load_3' <Predicate = true> <Delay = 3.25> <CoreInst = "RAM">   --->   Core 81 'RAM' <Latency = 1> <II = 1> <Delay = 3.25> <Storage> <Opcode : 'load' 'store'> <Ports = 2> <Width = 32> <Depth = 256> <RAM>
ST_2 : Operation 48 [1/2] ( I:3.25ns O:3.25ns )   --->   "%h_load = load i5 %h_addr"   --->   Operation 48 'load' 'h_load' <Predicate = true> <Delay = 3.25> <CoreInst = "RAM">   --->   Core 81 'RAM' <Latency = 1> <II = 1> <Delay = 3.25> <Storage> <Opcode : 'load' 'store'> <Ports = 2> <Width = 32> <Depth = 32> <RAM>
ST_2 : Operation 49 [1/2] ( I:3.25ns O:3.25ns )   --->   "%h_load_1 = load i5 %h_addr_1"   --->   Operation 49 'load' 'h_load_1' <Predicate = true> <Delay = 3.25> <CoreInst = "RAM">   --->   Core 81 'RAM' <Latency = 1> <II = 1> <Delay = 3.25> <Storage> <Opcode : 'load' 'store'> <Ports = 2> <Width = 32> <Depth = 32> <RAM>
ST_2 : Operation 50 [1/1] (0.00ns)   --->   "%h_addr_2 = getelementptr i32 %h, i64 0, i64 2"   --->   Operation 50 'getelementptr' 'h_addr_2' <Predicate = true> <Delay = 0.00>
ST_2 : Operation 51 [2/2] (3.25ns)   --->   "%h_load_2 = load i5 %h_addr_2"   --->   Operation 51 'load' 'h_load_2' <Predicate = true> <Delay = 3.25> <CoreInst = "RAM">   --->   Core 81 'RAM' <Latency = 1> <II = 1> <Delay = 3.25> <Storage> <Opcode : 'load' 'store'> <Ports = 2> <Width = 32> <Depth = 32> <RAM>
ST_2 : Operation 52 [1/1] (0.00ns)   --->   "%h_addr_3 = getelementptr i32 %h, i64 0, i64 3"   --->   Operation 52 'getelementptr' 'h_addr_3' <Predicate = true> <Delay = 0.00>
ST_2 : Operation 53 [2/2] (3.25ns)   --->   "%h_load_3 = load i5 %h_addr_3"   --->   Operation 53 'load' 'h_load_3' <Predicate = true> <Delay = 3.25> <CoreInst = "RAM">   --->   Core 81 'RAM' <Latency = 1> <II = 1> <Delay = 3.25> <Storage> <Opcode : 'load' 'store'> <Ports = 2> <Width = 32> <Depth = 32> <RAM>

State 3 <SV = 2> <Delay = 3.25>
ST_3 : Operation 54 [1/1] (0.00ns)   --->   "%tmp_17 = bitconcatenate i8 @_ssdm_op_BitConcatenate.i8.i3.i5, i3 %x1_read, i5 4"   --->   Operation 54 'bitconcatenate' 'tmp_17' <Predicate = true> <Delay = 0.00>
ST_3 : Operation 55 [1/1] (0.00ns)   --->   "%tmp_17_cast = zext i8 %tmp_17"   --->   Operation 55 'zext' 'tmp_17_cast' <Predicate = true> <Delay = 0.00>
ST_3 : Operation 56 [1/1] (0.00ns)   --->   "%x_addr_4 = getelementptr i32 %x, i64 0, i64 %tmp_17_cast"   --->   Operation 56 'getelementptr' 'x_addr_4' <Predicate = true> <Delay = 0.00>
ST_3 : Operation 57 [1/1] (0.00ns)   --->   "%tmp_18 = bitconcatenate i8 @_ssdm_op_BitConcatenate.i8.i3.i5, i3 %x1_read, i5 5"   --->   Operation 57 'bitconcatenate' 'tmp_18' <Predicate = true> <Delay = 0.00>
ST_3 : Operation 58 [1/1] (0.00ns)   --->   "%tmp_18_cast = zext i8 %tmp_18"   --->   Operation 58 'zext' 'tmp_18_cast' <Predicate = true> <Delay = 0.00>
ST_3 : Operation 59 [1/1] (0.00ns)   --->   "%x_addr_5 = getelementptr i32 %x, i64 0, i64 %tmp_18_cast"   --->   Operation 59 'getelementptr' 'x_addr_5' <Predicate = true> <Delay = 0.00>
ST_3 : Operation 60 [1/2] ( I:3.25ns O:3.25ns )   --->   "%x_load_2 = load i8 %x_addr_2"   --->   Operation 60 'load' 'x_load_2' <Predicate = true> <Delay = 3.25> <CoreInst = "RAM">   --->   Core 81 'RAM' <Latency = 1> <II = 1> <Delay = 3.25> <Storage> <Opcode : 'load' 'store'> <Ports = 2> <Width = 32> <Depth = 256> <RAM>
ST_3 : Operation 61 [1/2] ( I:3.25ns O:3.25ns )   --->   "%x_load_3 = load i8 %x_addr_3"   --->   Operation 61 'load' 'x_load_3' <Predicate = true> <Delay = 3.25> <CoreInst = "RAM">   --->   Core 81 'RAM' <Latency = 1> <II = 1> <Delay = 3.25> <Storage> <Opcode : 'load' 'store'> <Ports = 2> <Width = 32> <Depth = 256> <RAM>
ST_3 : Operation 62 [2/2] (3.25ns)   --->   "%x_load_4 = load i8 %x_addr_4"   --->   Operation 62 'load' 'x_load_4' <Predicate = true> <Delay = 3.25> <CoreInst = "RAM">   --->   Core 81 'RAM' <Latency = 1> <II = 1> <Delay = 3.25> <Storage> <Opcode : 'load' 'store'> <Ports = 2> <Width = 32> <Depth = 256> <RAM>
ST_3 : Operation 63 [2/2] (3.25ns)   --->   "%x_load_5 = load i8 %x_addr_5"   --->   Operation 63 'load' 'x_load_5' <Predicate = true> <Delay = 3.25> <CoreInst = "RAM">   --->   Core 81 'RAM' <Latency = 1> <II = 1> <Delay = 3.25> <Storage> <Opcode : 'load' 'store'> <Ports = 2> <Width = 32> <Depth = 256> <RAM>
ST_3 : Operation 64 [1/2] ( I:3.25ns O:3.25ns )   --->   "%h_load_2 = load i5 %h_addr_2"   --->   Operation 64 'load' 'h_load_2' <Predicate = true> <Delay = 3.25> <CoreInst = "RAM">   --->   Core 81 'RAM' <Latency = 1> <II = 1> <Delay = 3.25> <Storage> <Opcode : 'load' 'store'> <Ports = 2> <Width = 32> <Depth = 32> <RAM>
ST_3 : Operation 65 [1/2] ( I:3.25ns O:3.25ns )   --->   "%h_load_3 = load i5 %h_addr_3"   --->   Operation 65 'load' 'h_load_3' <Predicate = true> <Delay = 3.25> <CoreInst = "RAM">   --->   Core 81 'RAM' <Latency = 1> <II = 1> <Delay = 3.25> <Storage> <Opcode : 'load' 'store'> <Ports = 2> <Width = 32> <Depth = 32> <RAM>
ST_3 : Operation 66 [1/1] (0.00ns)   --->   "%h_addr_4 = getelementptr i32 %h, i64 0, i64 4"   --->   Operation 66 'getelementptr' 'h_addr_4' <Predicate = true> <Delay = 0.00>
ST_3 : Operation 67 [2/2] (3.25ns)   --->   "%h_load_4 = load i5 %h_addr_4"   --->   Operation 67 'load' 'h_load_4' <Predicate = true> <Delay = 3.25> <CoreInst = "RAM">   --->   Core 81 'RAM' <Latency = 1> <II = 1> <Delay = 3.25> <Storage> <Opcode : 'load' 'store'> <Ports = 2> <Width = 32> <Depth = 32> <RAM>
ST_3 : Operation 68 [1/1] (0.00ns)   --->   "%h_addr_5 = getelementptr i32 %h, i64 0, i64 5"   --->   Operation 68 'getelementptr' 'h_addr_5' <Predicate = true> <Delay = 0.00>
ST_3 : Operation 69 [2/2] (3.25ns)   --->   "%h_load_5 = load i5 %h_addr_5"   --->   Operation 69 'load' 'h_load_5' <Predicate = true> <Delay = 3.25> <CoreInst = "RAM">   --->   Core 81 'RAM' <Latency = 1> <II = 1> <Delay = 3.25> <Storage> <Opcode : 'load' 'store'> <Ports = 2> <Width = 32> <Depth = 32> <RAM>

State 4 <SV = 3> <Delay = 3.25>
ST_4 : Operation 70 [1/1] (0.00ns)   --->   "%tmp_19 = bitconcatenate i8 @_ssdm_op_BitConcatenate.i8.i3.i5, i3 %x1_read, i5 6"   --->   Operation 70 'bitconcatenate' 'tmp_19' <Predicate = true> <Delay = 0.00>
ST_4 : Operation 71 [1/1] (0.00ns)   --->   "%tmp_19_cast = zext i8 %tmp_19"   --->   Operation 71 'zext' 'tmp_19_cast' <Predicate = true> <Delay = 0.00>
ST_4 : Operation 72 [1/1] (0.00ns)   --->   "%x_addr_6 = getelementptr i32 %x, i64 0, i64 %tmp_19_cast"   --->   Operation 72 'getelementptr' 'x_addr_6' <Predicate = true> <Delay = 0.00>
ST_4 : Operation 73 [1/1] (0.00ns)   --->   "%tmp_20 = bitconcatenate i8 @_ssdm_op_BitConcatenate.i8.i3.i5, i3 %x1_read, i5 7"   --->   Operation 73 'bitconcatenate' 'tmp_20' <Predicate = true> <Delay = 0.00>
ST_4 : Operation 74 [1/1] (0.00ns)   --->   "%tmp_20_cast = zext i8 %tmp_20"   --->   Operation 74 'zext' 'tmp_20_cast' <Predicate = true> <Delay = 0.00>
ST_4 : Operation 75 [1/1] (0.00ns)   --->   "%x_addr_7 = getelementptr i32 %x, i64 0, i64 %tmp_20_cast"   --->   Operation 75 'getelementptr' 'x_addr_7' <Predicate = true> <Delay = 0.00>
ST_4 : Operation 76 [1/2] ( I:3.25ns O:3.25ns )   --->   "%x_load_4 = load i8 %x_addr_4"   --->   Operation 76 'load' 'x_load_4' <Predicate = true> <Delay = 3.25> <CoreInst = "RAM">   --->   Core 81 'RAM' <Latency = 1> <II = 1> <Delay = 3.25> <Storage> <Opcode : 'load' 'store'> <Ports = 2> <Width = 32> <Depth = 256> <RAM>
ST_4 : Operation 77 [1/2] ( I:3.25ns O:3.25ns )   --->   "%x_load_5 = load i8 %x_addr_5"   --->   Operation 77 'load' 'x_load_5' <Predicate = true> <Delay = 3.25> <CoreInst = "RAM">   --->   Core 81 'RAM' <Latency = 1> <II = 1> <Delay = 3.25> <Storage> <Opcode : 'load' 'store'> <Ports = 2> <Width = 32> <Depth = 256> <RAM>
ST_4 : Operation 78 [2/2] (3.25ns)   --->   "%x_load_6 = load i8 %x_addr_6"   --->   Operation 78 'load' 'x_load_6' <Predicate = true> <Delay = 3.25> <CoreInst = "RAM">   --->   Core 81 'RAM' <Latency = 1> <II = 1> <Delay = 3.25> <Storage> <Opcode : 'load' 'store'> <Ports = 2> <Width = 32> <Depth = 256> <RAM>
ST_4 : Operation 79 [2/2] (3.25ns)   --->   "%x_load_7 = load i8 %x_addr_7"   --->   Operation 79 'load' 'x_load_7' <Predicate = true> <Delay = 3.25> <CoreInst = "RAM">   --->   Core 81 'RAM' <Latency = 1> <II = 1> <Delay = 3.25> <Storage> <Opcode : 'load' 'store'> <Ports = 2> <Width = 32> <Depth = 256> <RAM>
ST_4 : Operation 80 [1/2] ( I:3.25ns O:3.25ns )   --->   "%h_load_4 = load i5 %h_addr_4"   --->   Operation 80 'load' 'h_load_4' <Predicate = true> <Delay = 3.25> <CoreInst = "RAM">   --->   Core 81 'RAM' <Latency = 1> <II = 1> <Delay = 3.25> <Storage> <Opcode : 'load' 'store'> <Ports = 2> <Width = 32> <Depth = 32> <RAM>
ST_4 : Operation 81 [1/2] ( I:3.25ns O:3.25ns )   --->   "%h_load_5 = load i5 %h_addr_5"   --->   Operation 81 'load' 'h_load_5' <Predicate = true> <Delay = 3.25> <CoreInst = "RAM">   --->   Core 81 'RAM' <Latency = 1> <II = 1> <Delay = 3.25> <Storage> <Opcode : 'load' 'store'> <Ports = 2> <Width = 32> <Depth = 32> <RAM>
ST_4 : Operation 82 [1/1] (0.00ns)   --->   "%h_addr_6 = getelementptr i32 %h, i64 0, i64 6"   --->   Operation 82 'getelementptr' 'h_addr_6' <Predicate = true> <Delay = 0.00>
ST_4 : Operation 83 [2/2] (3.25ns)   --->   "%h_load_6 = load i5 %h_addr_6"   --->   Operation 83 'load' 'h_load_6' <Predicate = true> <Delay = 3.25> <CoreInst = "RAM">   --->   Core 81 'RAM' <Latency = 1> <II = 1> <Delay = 3.25> <Storage> <Opcode : 'load' 'store'> <Ports = 2> <Width = 32> <Depth = 32> <RAM>
ST_4 : Operation 84 [1/1] (0.00ns)   --->   "%h_addr_7 = getelementptr i32 %h, i64 0, i64 7"   --->   Operation 84 'getelementptr' 'h_addr_7' <Predicate = true> <Delay = 0.00>
ST_4 : Operation 85 [2/2] (3.25ns)   --->   "%h_load_7 = load i5 %h_addr_7"   --->   Operation 85 'load' 'h_load_7' <Predicate = true> <Delay = 3.25> <CoreInst = "RAM">   --->   Core 81 'RAM' <Latency = 1> <II = 1> <Delay = 3.25> <Storage> <Opcode : 'load' 'store'> <Ports = 2> <Width = 32> <Depth = 32> <RAM>

State 5 <SV = 4> <Delay = 3.25>
ST_5 : Operation 86 [1/1] (0.00ns)   --->   "%tmp_21 = bitconcatenate i8 @_ssdm_op_BitConcatenate.i8.i3.i5, i3 %x1_read, i5 8"   --->   Operation 86 'bitconcatenate' 'tmp_21' <Predicate = true> <Delay = 0.00>
ST_5 : Operation 87 [1/1] (0.00ns)   --->   "%tmp_21_cast = zext i8 %tmp_21"   --->   Operation 87 'zext' 'tmp_21_cast' <Predicate = true> <Delay = 0.00>
ST_5 : Operation 88 [1/1] (0.00ns)   --->   "%x_addr_8 = getelementptr i32 %x, i64 0, i64 %tmp_21_cast"   --->   Operation 88 'getelementptr' 'x_addr_8' <Predicate = true> <Delay = 0.00>
ST_5 : Operation 89 [1/1] (0.00ns)   --->   "%tmp_22 = bitconcatenate i8 @_ssdm_op_BitConcatenate.i8.i3.i5, i3 %x1_read, i5 9"   --->   Operation 89 'bitconcatenate' 'tmp_22' <Predicate = true> <Delay = 0.00>
ST_5 : Operation 90 [1/1] (0.00ns)   --->   "%tmp_22_cast = zext i8 %tmp_22"   --->   Operation 90 'zext' 'tmp_22_cast' <Predicate = true> <Delay = 0.00>
ST_5 : Operation 91 [1/1] (0.00ns)   --->   "%x_addr_9 = getelementptr i32 %x, i64 0, i64 %tmp_22_cast"   --->   Operation 91 'getelementptr' 'x_addr_9' <Predicate = true> <Delay = 0.00>
ST_5 : Operation 92 [1/2] ( I:3.25ns O:3.25ns )   --->   "%x_load_6 = load i8 %x_addr_6"   --->   Operation 92 'load' 'x_load_6' <Predicate = true> <Delay = 3.25> <CoreInst = "RAM">   --->   Core 81 'RAM' <Latency = 1> <II = 1> <Delay = 3.25> <Storage> <Opcode : 'load' 'store'> <Ports = 2> <Width = 32> <Depth = 256> <RAM>
ST_5 : Operation 93 [1/2] ( I:3.25ns O:3.25ns )   --->   "%x_load_7 = load i8 %x_addr_7"   --->   Operation 93 'load' 'x_load_7' <Predicate = true> <Delay = 3.25> <CoreInst = "RAM">   --->   Core 81 'RAM' <Latency = 1> <II = 1> <Delay = 3.25> <Storage> <Opcode : 'load' 'store'> <Ports = 2> <Width = 32> <Depth = 256> <RAM>
ST_5 : Operation 94 [2/2] (3.25ns)   --->   "%x_load_8 = load i8 %x_addr_8"   --->   Operation 94 'load' 'x_load_8' <Predicate = true> <Delay = 3.25> <CoreInst = "RAM">   --->   Core 81 'RAM' <Latency = 1> <II = 1> <Delay = 3.25> <Storage> <Opcode : 'load' 'store'> <Ports = 2> <Width = 32> <Depth = 256> <RAM>
ST_5 : Operation 95 [2/2] (3.25ns)   --->   "%x_load_9 = load i8 %x_addr_9"   --->   Operation 95 'load' 'x_load_9' <Predicate = true> <Delay = 3.25> <CoreInst = "RAM">   --->   Core 81 'RAM' <Latency = 1> <II = 1> <Delay = 3.25> <Storage> <Opcode : 'load' 'store'> <Ports = 2> <Width = 32> <Depth = 256> <RAM>
ST_5 : Operation 96 [1/2] ( I:3.25ns O:3.25ns )   --->   "%h_load_6 = load i5 %h_addr_6"   --->   Operation 96 'load' 'h_load_6' <Predicate = true> <Delay = 3.25> <CoreInst = "RAM">   --->   Core 81 'RAM' <Latency = 1> <II = 1> <Delay = 3.25> <Storage> <Opcode : 'load' 'store'> <Ports = 2> <Width = 32> <Depth = 32> <RAM>
ST_5 : Operation 97 [1/2] ( I:3.25ns O:3.25ns )   --->   "%h_load_7 = load i5 %h_addr_7"   --->   Operation 97 'load' 'h_load_7' <Predicate = true> <Delay = 3.25> <CoreInst = "RAM">   --->   Core 81 'RAM' <Latency = 1> <II = 1> <Delay = 3.25> <Storage> <Opcode : 'load' 'store'> <Ports = 2> <Width = 32> <Depth = 32> <RAM>
ST_5 : Operation 98 [1/1] (0.00ns)   --->   "%h_addr_8 = getelementptr i32 %h, i64 0, i64 8"   --->   Operation 98 'getelementptr' 'h_addr_8' <Predicate = true> <Delay = 0.00>
ST_5 : Operation 99 [2/2] (3.25ns)   --->   "%h_load_8 = load i5 %h_addr_8"   --->   Operation 99 'load' 'h_load_8' <Predicate = true> <Delay = 3.25> <CoreInst = "RAM">   --->   Core 81 'RAM' <Latency = 1> <II = 1> <Delay = 3.25> <Storage> <Opcode : 'load' 'store'> <Ports = 2> <Width = 32> <Depth = 32> <RAM>
ST_5 : Operation 100 [1/1] (0.00ns)   --->   "%h_addr_9 = getelementptr i32 %h, i64 0, i64 9"   --->   Operation 100 'getelementptr' 'h_addr_9' <Predicate = true> <Delay = 0.00>
ST_5 : Operation 101 [2/2] (3.25ns)   --->   "%h_load_9 = load i5 %h_addr_9"   --->   Operation 101 'load' 'h_load_9' <Predicate = true> <Delay = 3.25> <CoreInst = "RAM">   --->   Core 81 'RAM' <Latency = 1> <II = 1> <Delay = 3.25> <Storage> <Opcode : 'load' 'store'> <Ports = 2> <Width = 32> <Depth = 32> <RAM>

State 6 <SV = 5> <Delay = 3.25>
ST_6 : Operation 102 [1/1] (0.00ns)   --->   "%tmp_23 = bitconcatenate i8 @_ssdm_op_BitConcatenate.i8.i3.i5, i3 %x1_read, i5 10"   --->   Operation 102 'bitconcatenate' 'tmp_23' <Predicate = true> <Delay = 0.00>
ST_6 : Operation 103 [1/1] (0.00ns)   --->   "%tmp_23_cast = zext i8 %tmp_23"   --->   Operation 103 'zext' 'tmp_23_cast' <Predicate = true> <Delay = 0.00>
ST_6 : Operation 104 [1/1] (0.00ns)   --->   "%x_addr_10 = getelementptr i32 %x, i64 0, i64 %tmp_23_cast"   --->   Operation 104 'getelementptr' 'x_addr_10' <Predicate = true> <Delay = 0.00>
ST_6 : Operation 105 [1/1] (0.00ns)   --->   "%tmp_24 = bitconcatenate i8 @_ssdm_op_BitConcatenate.i8.i3.i5, i3 %x1_read, i5 11"   --->   Operation 105 'bitconcatenate' 'tmp_24' <Predicate = true> <Delay = 0.00>
ST_6 : Operation 106 [1/1] (0.00ns)   --->   "%tmp_24_cast = zext i8 %tmp_24"   --->   Operation 106 'zext' 'tmp_24_cast' <Predicate = true> <Delay = 0.00>
ST_6 : Operation 107 [1/1] (0.00ns)   --->   "%x_addr_11 = getelementptr i32 %x, i64 0, i64 %tmp_24_cast"   --->   Operation 107 'getelementptr' 'x_addr_11' <Predicate = true> <Delay = 0.00>
ST_6 : Operation 108 [1/2] ( I:3.25ns O:3.25ns )   --->   "%x_load_8 = load i8 %x_addr_8"   --->   Operation 108 'load' 'x_load_8' <Predicate = true> <Delay = 3.25> <CoreInst = "RAM">   --->   Core 81 'RAM' <Latency = 1> <II = 1> <Delay = 3.25> <Storage> <Opcode : 'load' 'store'> <Ports = 2> <Width = 32> <Depth = 256> <RAM>
ST_6 : Operation 109 [1/2] ( I:3.25ns O:3.25ns )   --->   "%x_load_9 = load i8 %x_addr_9"   --->   Operation 109 'load' 'x_load_9' <Predicate = true> <Delay = 3.25> <CoreInst = "RAM">   --->   Core 81 'RAM' <Latency = 1> <II = 1> <Delay = 3.25> <Storage> <Opcode : 'load' 'store'> <Ports = 2> <Width = 32> <Depth = 256> <RAM>
ST_6 : Operation 110 [2/2] (3.25ns)   --->   "%x_load_10 = load i8 %x_addr_10"   --->   Operation 110 'load' 'x_load_10' <Predicate = true> <Delay = 3.25> <CoreInst = "RAM">   --->   Core 81 'RAM' <Latency = 1> <II = 1> <Delay = 3.25> <Storage> <Opcode : 'load' 'store'> <Ports = 2> <Width = 32> <Depth = 256> <RAM>
ST_6 : Operation 111 [2/2] (3.25ns)   --->   "%x_load_11 = load i8 %x_addr_11"   --->   Operation 111 'load' 'x_load_11' <Predicate = true> <Delay = 3.25> <CoreInst = "RAM">   --->   Core 81 'RAM' <Latency = 1> <II = 1> <Delay = 3.25> <Storage> <Opcode : 'load' 'store'> <Ports = 2> <Width = 32> <Depth = 256> <RAM>
ST_6 : Operation 112 [1/2] ( I:3.25ns O:3.25ns )   --->   "%h_load_8 = load i5 %h_addr_8"   --->   Operation 112 'load' 'h_load_8' <Predicate = true> <Delay = 3.25> <CoreInst = "RAM">   --->   Core 81 'RAM' <Latency = 1> <II = 1> <Delay = 3.25> <Storage> <Opcode : 'load' 'store'> <Ports = 2> <Width = 32> <Depth = 32> <RAM>
ST_6 : Operation 113 [1/2] ( I:3.25ns O:3.25ns )   --->   "%h_load_9 = load i5 %h_addr_9"   --->   Operation 113 'load' 'h_load_9' <Predicate = true> <Delay = 3.25> <CoreInst = "RAM">   --->   Core 81 'RAM' <Latency = 1> <II = 1> <Delay = 3.25> <Storage> <Opcode : 'load' 'store'> <Ports = 2> <Width = 32> <Depth = 32> <RAM>
ST_6 : Operation 114 [1/1] (0.00ns)   --->   "%h_addr_10 = getelementptr i32 %h, i64 0, i64 10"   --->   Operation 114 'getelementptr' 'h_addr_10' <Predicate = true> <Delay = 0.00>
ST_6 : Operation 115 [2/2] (3.25ns)   --->   "%h_load_10 = load i5 %h_addr_10"   --->   Operation 115 'load' 'h_load_10' <Predicate = true> <Delay = 3.25> <CoreInst = "RAM">   --->   Core 81 'RAM' <Latency = 1> <II = 1> <Delay = 3.25> <Storage> <Opcode : 'load' 'store'> <Ports = 2> <Width = 32> <Depth = 32> <RAM>
ST_6 : Operation 116 [1/1] (0.00ns)   --->   "%h_addr_11 = getelementptr i32 %h, i64 0, i64 11"   --->   Operation 116 'getelementptr' 'h_addr_11' <Predicate = true> <Delay = 0.00>
ST_6 : Operation 117 [2/2] (3.25ns)   --->   "%h_load_11 = load i5 %h_addr_11"   --->   Operation 117 'load' 'h_load_11' <Predicate = true> <Delay = 3.25> <CoreInst = "RAM">   --->   Core 81 'RAM' <Latency = 1> <II = 1> <Delay = 3.25> <Storage> <Opcode : 'load' 'store'> <Ports = 2> <Width = 32> <Depth = 32> <RAM>

State 7 <SV = 6> <Delay = 3.25>
ST_7 : Operation 118 [1/1] (0.00ns)   --->   "%tmp_25 = bitconcatenate i8 @_ssdm_op_BitConcatenate.i8.i3.i5, i3 %x1_read, i5 12"   --->   Operation 118 'bitconcatenate' 'tmp_25' <Predicate = true> <Delay = 0.00>
ST_7 : Operation 119 [1/1] (0.00ns)   --->   "%tmp_25_cast = zext i8 %tmp_25"   --->   Operation 119 'zext' 'tmp_25_cast' <Predicate = true> <Delay = 0.00>
ST_7 : Operation 120 [1/1] (0.00ns)   --->   "%x_addr_12 = getelementptr i32 %x, i64 0, i64 %tmp_25_cast"   --->   Operation 120 'getelementptr' 'x_addr_12' <Predicate = true> <Delay = 0.00>
ST_7 : Operation 121 [1/1] (0.00ns)   --->   "%tmp_26 = bitconcatenate i8 @_ssdm_op_BitConcatenate.i8.i3.i5, i3 %x1_read, i5 13"   --->   Operation 121 'bitconcatenate' 'tmp_26' <Predicate = true> <Delay = 0.00>
ST_7 : Operation 122 [1/1] (0.00ns)   --->   "%tmp_26_cast = zext i8 %tmp_26"   --->   Operation 122 'zext' 'tmp_26_cast' <Predicate = true> <Delay = 0.00>
ST_7 : Operation 123 [1/1] (0.00ns)   --->   "%x_addr_13 = getelementptr i32 %x, i64 0, i64 %tmp_26_cast"   --->   Operation 123 'getelementptr' 'x_addr_13' <Predicate = true> <Delay = 0.00>
ST_7 : Operation 124 [1/2] ( I:3.25ns O:3.25ns )   --->   "%x_load_10 = load i8 %x_addr_10"   --->   Operation 124 'load' 'x_load_10' <Predicate = true> <Delay = 3.25> <CoreInst = "RAM">   --->   Core 81 'RAM' <Latency = 1> <II = 1> <Delay = 3.25> <Storage> <Opcode : 'load' 'store'> <Ports = 2> <Width = 32> <Depth = 256> <RAM>
ST_7 : Operation 125 [1/2] ( I:3.25ns O:3.25ns )   --->   "%x_load_11 = load i8 %x_addr_11"   --->   Operation 125 'load' 'x_load_11' <Predicate = true> <Delay = 3.25> <CoreInst = "RAM">   --->   Core 81 'RAM' <Latency = 1> <II = 1> <Delay = 3.25> <Storage> <Opcode : 'load' 'store'> <Ports = 2> <Width = 32> <Depth = 256> <RAM>
ST_7 : Operation 126 [2/2] (3.25ns)   --->   "%x_load_12 = load i8 %x_addr_12"   --->   Operation 126 'load' 'x_load_12' <Predicate = true> <Delay = 3.25> <CoreInst = "RAM">   --->   Core 81 'RAM' <Latency = 1> <II = 1> <Delay = 3.25> <Storage> <Opcode : 'load' 'store'> <Ports = 2> <Width = 32> <Depth = 256> <RAM>
ST_7 : Operation 127 [2/2] (3.25ns)   --->   "%x_load_13 = load i8 %x_addr_13"   --->   Operation 127 'load' 'x_load_13' <Predicate = true> <Delay = 3.25> <CoreInst = "RAM">   --->   Core 81 'RAM' <Latency = 1> <II = 1> <Delay = 3.25> <Storage> <Opcode : 'load' 'store'> <Ports = 2> <Width = 32> <Depth = 256> <RAM>
ST_7 : Operation 128 [1/2] ( I:3.25ns O:3.25ns )   --->   "%h_load_10 = load i5 %h_addr_10"   --->   Operation 128 'load' 'h_load_10' <Predicate = true> <Delay = 3.25> <CoreInst = "RAM">   --->   Core 81 'RAM' <Latency = 1> <II = 1> <Delay = 3.25> <Storage> <Opcode : 'load' 'store'> <Ports = 2> <Width = 32> <Depth = 32> <RAM>
ST_7 : Operation 129 [1/2] ( I:3.25ns O:3.25ns )   --->   "%h_load_11 = load i5 %h_addr_11"   --->   Operation 129 'load' 'h_load_11' <Predicate = true> <Delay = 3.25> <CoreInst = "RAM">   --->   Core 81 'RAM' <Latency = 1> <II = 1> <Delay = 3.25> <Storage> <Opcode : 'load' 'store'> <Ports = 2> <Width = 32> <Depth = 32> <RAM>
ST_7 : Operation 130 [1/1] (0.00ns)   --->   "%h_addr_12 = getelementptr i32 %h, i64 0, i64 12"   --->   Operation 130 'getelementptr' 'h_addr_12' <Predicate = true> <Delay = 0.00>
ST_7 : Operation 131 [2/2] (3.25ns)   --->   "%h_load_12 = load i5 %h_addr_12"   --->   Operation 131 'load' 'h_load_12' <Predicate = true> <Delay = 3.25> <CoreInst = "RAM">   --->   Core 81 'RAM' <Latency = 1> <II = 1> <Delay = 3.25> <Storage> <Opcode : 'load' 'store'> <Ports = 2> <Width = 32> <Depth = 32> <RAM>
ST_7 : Operation 132 [1/1] (0.00ns)   --->   "%h_addr_13 = getelementptr i32 %h, i64 0, i64 13"   --->   Operation 132 'getelementptr' 'h_addr_13' <Predicate = true> <Delay = 0.00>
ST_7 : Operation 133 [2/2] (3.25ns)   --->   "%h_load_13 = load i5 %h_addr_13"   --->   Operation 133 'load' 'h_load_13' <Predicate = true> <Delay = 3.25> <CoreInst = "RAM">   --->   Core 81 'RAM' <Latency = 1> <II = 1> <Delay = 3.25> <Storage> <Opcode : 'load' 'store'> <Ports = 2> <Width = 32> <Depth = 32> <RAM>

State 8 <SV = 7> <Delay = 3.25>
ST_8 : Operation 134 [1/1] (0.00ns)   --->   "%tmp_27 = bitconcatenate i8 @_ssdm_op_BitConcatenate.i8.i3.i5, i3 %x1_read, i5 14"   --->   Operation 134 'bitconcatenate' 'tmp_27' <Predicate = true> <Delay = 0.00>
ST_8 : Operation 135 [1/1] (0.00ns)   --->   "%tmp_27_cast = zext i8 %tmp_27"   --->   Operation 135 'zext' 'tmp_27_cast' <Predicate = true> <Delay = 0.00>
ST_8 : Operation 136 [1/1] (0.00ns)   --->   "%x_addr_14 = getelementptr i32 %x, i64 0, i64 %tmp_27_cast"   --->   Operation 136 'getelementptr' 'x_addr_14' <Predicate = true> <Delay = 0.00>
ST_8 : Operation 137 [1/1] (0.00ns)   --->   "%tmp_28 = bitconcatenate i8 @_ssdm_op_BitConcatenate.i8.i3.i5, i3 %x1_read, i5 15"   --->   Operation 137 'bitconcatenate' 'tmp_28' <Predicate = true> <Delay = 0.00>
ST_8 : Operation 138 [1/1] (0.00ns)   --->   "%tmp_28_cast = zext i8 %tmp_28"   --->   Operation 138 'zext' 'tmp_28_cast' <Predicate = true> <Delay = 0.00>
ST_8 : Operation 139 [1/1] (0.00ns)   --->   "%x_addr_15 = getelementptr i32 %x, i64 0, i64 %tmp_28_cast"   --->   Operation 139 'getelementptr' 'x_addr_15' <Predicate = true> <Delay = 0.00>
ST_8 : Operation 140 [1/2] ( I:3.25ns O:3.25ns )   --->   "%x_load_12 = load i8 %x_addr_12"   --->   Operation 140 'load' 'x_load_12' <Predicate = true> <Delay = 3.25> <CoreInst = "RAM">   --->   Core 81 'RAM' <Latency = 1> <II = 1> <Delay = 3.25> <Storage> <Opcode : 'load' 'store'> <Ports = 2> <Width = 32> <Depth = 256> <RAM>
ST_8 : Operation 141 [1/2] ( I:3.25ns O:3.25ns )   --->   "%x_load_13 = load i8 %x_addr_13"   --->   Operation 141 'load' 'x_load_13' <Predicate = true> <Delay = 3.25> <CoreInst = "RAM">   --->   Core 81 'RAM' <Latency = 1> <II = 1> <Delay = 3.25> <Storage> <Opcode : 'load' 'store'> <Ports = 2> <Width = 32> <Depth = 256> <RAM>
ST_8 : Operation 142 [2/2] (3.25ns)   --->   "%x_load_14 = load i8 %x_addr_14"   --->   Operation 142 'load' 'x_load_14' <Predicate = true> <Delay = 3.25> <CoreInst = "RAM">   --->   Core 81 'RAM' <Latency = 1> <II = 1> <Delay = 3.25> <Storage> <Opcode : 'load' 'store'> <Ports = 2> <Width = 32> <Depth = 256> <RAM>
ST_8 : Operation 143 [2/2] (3.25ns)   --->   "%x_load_15 = load i8 %x_addr_15"   --->   Operation 143 'load' 'x_load_15' <Predicate = true> <Delay = 3.25> <CoreInst = "RAM">   --->   Core 81 'RAM' <Latency = 1> <II = 1> <Delay = 3.25> <Storage> <Opcode : 'load' 'store'> <Ports = 2> <Width = 32> <Depth = 256> <RAM>
ST_8 : Operation 144 [1/2] ( I:3.25ns O:3.25ns )   --->   "%h_load_12 = load i5 %h_addr_12"   --->   Operation 144 'load' 'h_load_12' <Predicate = true> <Delay = 3.25> <CoreInst = "RAM">   --->   Core 81 'RAM' <Latency = 1> <II = 1> <Delay = 3.25> <Storage> <Opcode : 'load' 'store'> <Ports = 2> <Width = 32> <Depth = 32> <RAM>
ST_8 : Operation 145 [1/2] ( I:3.25ns O:3.25ns )   --->   "%h_load_13 = load i5 %h_addr_13"   --->   Operation 145 'load' 'h_load_13' <Predicate = true> <Delay = 3.25> <CoreInst = "RAM">   --->   Core 81 'RAM' <Latency = 1> <II = 1> <Delay = 3.25> <Storage> <Opcode : 'load' 'store'> <Ports = 2> <Width = 32> <Depth = 32> <RAM>
ST_8 : Operation 146 [1/1] (0.00ns)   --->   "%h_addr_14 = getelementptr i32 %h, i64 0, i64 14"   --->   Operation 146 'getelementptr' 'h_addr_14' <Predicate = true> <Delay = 0.00>
ST_8 : Operation 147 [2/2] (3.25ns)   --->   "%h_load_14 = load i5 %h_addr_14"   --->   Operation 147 'load' 'h_load_14' <Predicate = true> <Delay = 3.25> <CoreInst = "RAM">   --->   Core 81 'RAM' <Latency = 1> <II = 1> <Delay = 3.25> <Storage> <Opcode : 'load' 'store'> <Ports = 2> <Width = 32> <Depth = 32> <RAM>
ST_8 : Operation 148 [1/1] (0.00ns)   --->   "%h_addr_15 = getelementptr i32 %h, i64 0, i64 15"   --->   Operation 148 'getelementptr' 'h_addr_15' <Predicate = true> <Delay = 0.00>
ST_8 : Operation 149 [2/2] (3.25ns)   --->   "%h_load_15 = load i5 %h_addr_15"   --->   Operation 149 'load' 'h_load_15' <Predicate = true> <Delay = 3.25> <CoreInst = "RAM">   --->   Core 81 'RAM' <Latency = 1> <II = 1> <Delay = 3.25> <Storage> <Opcode : 'load' 'store'> <Ports = 2> <Width = 32> <Depth = 32> <RAM>

State 9 <SV = 8> <Delay = 3.25>
ST_9 : Operation 150 [1/1] (0.00ns)   --->   "%tmp_29 = bitconcatenate i8 @_ssdm_op_BitConcatenate.i8.i3.i5, i3 %x1_read, i5 16"   --->   Operation 150 'bitconcatenate' 'tmp_29' <Predicate = true> <Delay = 0.00>
ST_9 : Operation 151 [1/1] (0.00ns)   --->   "%tmp_29_cast = zext i8 %tmp_29"   --->   Operation 151 'zext' 'tmp_29_cast' <Predicate = true> <Delay = 0.00>
ST_9 : Operation 152 [1/1] (0.00ns)   --->   "%x_addr_16 = getelementptr i32 %x, i64 0, i64 %tmp_29_cast"   --->   Operation 152 'getelementptr' 'x_addr_16' <Predicate = true> <Delay = 0.00>
ST_9 : Operation 153 [1/1] (0.00ns)   --->   "%tmp_30 = bitconcatenate i8 @_ssdm_op_BitConcatenate.i8.i3.i5, i3 %x1_read, i5 17"   --->   Operation 153 'bitconcatenate' 'tmp_30' <Predicate = true> <Delay = 0.00>
ST_9 : Operation 154 [1/1] (0.00ns)   --->   "%tmp_30_cast = zext i8 %tmp_30"   --->   Operation 154 'zext' 'tmp_30_cast' <Predicate = true> <Delay = 0.00>
ST_9 : Operation 155 [1/1] (0.00ns)   --->   "%x_addr_17 = getelementptr i32 %x, i64 0, i64 %tmp_30_cast"   --->   Operation 155 'getelementptr' 'x_addr_17' <Predicate = true> <Delay = 0.00>
ST_9 : Operation 156 [1/2] ( I:3.25ns O:3.25ns )   --->   "%x_load_14 = load i8 %x_addr_14"   --->   Operation 156 'load' 'x_load_14' <Predicate = true> <Delay = 3.25> <CoreInst = "RAM">   --->   Core 81 'RAM' <Latency = 1> <II = 1> <Delay = 3.25> <Storage> <Opcode : 'load' 'store'> <Ports = 2> <Width = 32> <Depth = 256> <RAM>
ST_9 : Operation 157 [1/2] ( I:3.25ns O:3.25ns )   --->   "%x_load_15 = load i8 %x_addr_15"   --->   Operation 157 'load' 'x_load_15' <Predicate = true> <Delay = 3.25> <CoreInst = "RAM">   --->   Core 81 'RAM' <Latency = 1> <II = 1> <Delay = 3.25> <Storage> <Opcode : 'load' 'store'> <Ports = 2> <Width = 32> <Depth = 256> <RAM>
ST_9 : Operation 158 [2/2] (3.25ns)   --->   "%x_load_16 = load i8 %x_addr_16"   --->   Operation 158 'load' 'x_load_16' <Predicate = true> <Delay = 3.25> <CoreInst = "RAM">   --->   Core 81 'RAM' <Latency = 1> <II = 1> <Delay = 3.25> <Storage> <Opcode : 'load' 'store'> <Ports = 2> <Width = 32> <Depth = 256> <RAM>
ST_9 : Operation 159 [2/2] (3.25ns)   --->   "%x_load_17 = load i8 %x_addr_17"   --->   Operation 159 'load' 'x_load_17' <Predicate = true> <Delay = 3.25> <CoreInst = "RAM">   --->   Core 81 'RAM' <Latency = 1> <II = 1> <Delay = 3.25> <Storage> <Opcode : 'load' 'store'> <Ports = 2> <Width = 32> <Depth = 256> <RAM>
ST_9 : Operation 160 [1/2] ( I:3.25ns O:3.25ns )   --->   "%h_load_14 = load i5 %h_addr_14"   --->   Operation 160 'load' 'h_load_14' <Predicate = true> <Delay = 3.25> <CoreInst = "RAM">   --->   Core 81 'RAM' <Latency = 1> <II = 1> <Delay = 3.25> <Storage> <Opcode : 'load' 'store'> <Ports = 2> <Width = 32> <Depth = 32> <RAM>
ST_9 : Operation 161 [1/2] ( I:3.25ns O:3.25ns )   --->   "%h_load_15 = load i5 %h_addr_15"   --->   Operation 161 'load' 'h_load_15' <Predicate = true> <Delay = 3.25> <CoreInst = "RAM">   --->   Core 81 'RAM' <Latency = 1> <II = 1> <Delay = 3.25> <Storage> <Opcode : 'load' 'store'> <Ports = 2> <Width = 32> <Depth = 32> <RAM>
ST_9 : Operation 162 [1/1] (0.00ns)   --->   "%h_addr_16 = getelementptr i32 %h, i64 0, i64 16"   --->   Operation 162 'getelementptr' 'h_addr_16' <Predicate = true> <Delay = 0.00>
ST_9 : Operation 163 [2/2] (3.25ns)   --->   "%h_load_16 = load i5 %h_addr_16"   --->   Operation 163 'load' 'h_load_16' <Predicate = true> <Delay = 3.25> <CoreInst = "RAM">   --->   Core 81 'RAM' <Latency = 1> <II = 1> <Delay = 3.25> <Storage> <Opcode : 'load' 'store'> <Ports = 2> <Width = 32> <Depth = 32> <RAM>
ST_9 : Operation 164 [1/1] (0.00ns)   --->   "%h_addr_17 = getelementptr i32 %h, i64 0, i64 17"   --->   Operation 164 'getelementptr' 'h_addr_17' <Predicate = true> <Delay = 0.00>
ST_9 : Operation 165 [2/2] (3.25ns)   --->   "%h_load_17 = load i5 %h_addr_17"   --->   Operation 165 'load' 'h_load_17' <Predicate = true> <Delay = 3.25> <CoreInst = "RAM">   --->   Core 81 'RAM' <Latency = 1> <II = 1> <Delay = 3.25> <Storage> <Opcode : 'load' 'store'> <Ports = 2> <Width = 32> <Depth = 32> <RAM>

State 10 <SV = 9> <Delay = 3.25>
ST_10 : Operation 166 [1/1] (0.00ns)   --->   "%tmp_31 = bitconcatenate i8 @_ssdm_op_BitConcatenate.i8.i3.i5, i3 %x1_read, i5 18"   --->   Operation 166 'bitconcatenate' 'tmp_31' <Predicate = true> <Delay = 0.00>
ST_10 : Operation 167 [1/1] (0.00ns)   --->   "%tmp_31_cast = zext i8 %tmp_31"   --->   Operation 167 'zext' 'tmp_31_cast' <Predicate = true> <Delay = 0.00>
ST_10 : Operation 168 [1/1] (0.00ns)   --->   "%x_addr_18 = getelementptr i32 %x, i64 0, i64 %tmp_31_cast"   --->   Operation 168 'getelementptr' 'x_addr_18' <Predicate = true> <Delay = 0.00>
ST_10 : Operation 169 [1/1] (0.00ns)   --->   "%tmp_32 = bitconcatenate i8 @_ssdm_op_BitConcatenate.i8.i3.i5, i3 %x1_read, i5 19"   --->   Operation 169 'bitconcatenate' 'tmp_32' <Predicate = true> <Delay = 0.00>
ST_10 : Operation 170 [1/1] (0.00ns)   --->   "%tmp_32_cast = zext i8 %tmp_32"   --->   Operation 170 'zext' 'tmp_32_cast' <Predicate = true> <Delay = 0.00>
ST_10 : Operation 171 [1/1] (0.00ns)   --->   "%x_addr_19 = getelementptr i32 %x, i64 0, i64 %tmp_32_cast"   --->   Operation 171 'getelementptr' 'x_addr_19' <Predicate = true> <Delay = 0.00>
ST_10 : Operation 172 [1/2] ( I:3.25ns O:3.25ns )   --->   "%x_load_16 = load i8 %x_addr_16"   --->   Operation 172 'load' 'x_load_16' <Predicate = true> <Delay = 3.25> <CoreInst = "RAM">   --->   Core 81 'RAM' <Latency = 1> <II = 1> <Delay = 3.25> <Storage> <Opcode : 'load' 'store'> <Ports = 2> <Width = 32> <Depth = 256> <RAM>
ST_10 : Operation 173 [1/2] ( I:3.25ns O:3.25ns )   --->   "%x_load_17 = load i8 %x_addr_17"   --->   Operation 173 'load' 'x_load_17' <Predicate = true> <Delay = 3.25> <CoreInst = "RAM">   --->   Core 81 'RAM' <Latency = 1> <II = 1> <Delay = 3.25> <Storage> <Opcode : 'load' 'store'> <Ports = 2> <Width = 32> <Depth = 256> <RAM>
ST_10 : Operation 174 [2/2] (3.25ns)   --->   "%x_load_18 = load i8 %x_addr_18"   --->   Operation 174 'load' 'x_load_18' <Predicate = true> <Delay = 3.25> <CoreInst = "RAM">   --->   Core 81 'RAM' <Latency = 1> <II = 1> <Delay = 3.25> <Storage> <Opcode : 'load' 'store'> <Ports = 2> <Width = 32> <Depth = 256> <RAM>
ST_10 : Operation 175 [2/2] (3.25ns)   --->   "%x_load_19 = load i8 %x_addr_19"   --->   Operation 175 'load' 'x_load_19' <Predicate = true> <Delay = 3.25> <CoreInst = "RAM">   --->   Core 81 'RAM' <Latency = 1> <II = 1> <Delay = 3.25> <Storage> <Opcode : 'load' 'store'> <Ports = 2> <Width = 32> <Depth = 256> <RAM>
ST_10 : Operation 176 [1/2] ( I:3.25ns O:3.25ns )   --->   "%h_load_16 = load i5 %h_addr_16"   --->   Operation 176 'load' 'h_load_16' <Predicate = true> <Delay = 3.25> <CoreInst = "RAM">   --->   Core 81 'RAM' <Latency = 1> <II = 1> <Delay = 3.25> <Storage> <Opcode : 'load' 'store'> <Ports = 2> <Width = 32> <Depth = 32> <RAM>
ST_10 : Operation 177 [1/2] ( I:3.25ns O:3.25ns )   --->   "%h_load_17 = load i5 %h_addr_17"   --->   Operation 177 'load' 'h_load_17' <Predicate = true> <Delay = 3.25> <CoreInst = "RAM">   --->   Core 81 'RAM' <Latency = 1> <II = 1> <Delay = 3.25> <Storage> <Opcode : 'load' 'store'> <Ports = 2> <Width = 32> <Depth = 32> <RAM>
ST_10 : Operation 178 [1/1] (0.00ns)   --->   "%h_addr_18 = getelementptr i32 %h, i64 0, i64 18"   --->   Operation 178 'getelementptr' 'h_addr_18' <Predicate = true> <Delay = 0.00>
ST_10 : Operation 179 [2/2] (3.25ns)   --->   "%h_load_18 = load i5 %h_addr_18"   --->   Operation 179 'load' 'h_load_18' <Predicate = true> <Delay = 3.25> <CoreInst = "RAM">   --->   Core 81 'RAM' <Latency = 1> <II = 1> <Delay = 3.25> <Storage> <Opcode : 'load' 'store'> <Ports = 2> <Width = 32> <Depth = 32> <RAM>
ST_10 : Operation 180 [1/1] (0.00ns)   --->   "%h_addr_19 = getelementptr i32 %h, i64 0, i64 19"   --->   Operation 180 'getelementptr' 'h_addr_19' <Predicate = true> <Delay = 0.00>
ST_10 : Operation 181 [2/2] (3.25ns)   --->   "%h_load_19 = load i5 %h_addr_19"   --->   Operation 181 'load' 'h_load_19' <Predicate = true> <Delay = 3.25> <CoreInst = "RAM">   --->   Core 81 'RAM' <Latency = 1> <II = 1> <Delay = 3.25> <Storage> <Opcode : 'load' 'store'> <Ports = 2> <Width = 32> <Depth = 32> <RAM>

State 11 <SV = 10> <Delay = 3.25>
ST_11 : Operation 182 [1/1] (0.00ns)   --->   "%tmp_33 = bitconcatenate i8 @_ssdm_op_BitConcatenate.i8.i3.i5, i3 %x1_read, i5 20"   --->   Operation 182 'bitconcatenate' 'tmp_33' <Predicate = true> <Delay = 0.00>
ST_11 : Operation 183 [1/1] (0.00ns)   --->   "%tmp_33_cast = zext i8 %tmp_33"   --->   Operation 183 'zext' 'tmp_33_cast' <Predicate = true> <Delay = 0.00>
ST_11 : Operation 184 [1/1] (0.00ns)   --->   "%x_addr_20 = getelementptr i32 %x, i64 0, i64 %tmp_33_cast"   --->   Operation 184 'getelementptr' 'x_addr_20' <Predicate = true> <Delay = 0.00>
ST_11 : Operation 185 [1/1] (0.00ns)   --->   "%tmp_34 = bitconcatenate i8 @_ssdm_op_BitConcatenate.i8.i3.i5, i3 %x1_read, i5 21"   --->   Operation 185 'bitconcatenate' 'tmp_34' <Predicate = true> <Delay = 0.00>
ST_11 : Operation 186 [1/1] (0.00ns)   --->   "%tmp_34_cast = zext i8 %tmp_34"   --->   Operation 186 'zext' 'tmp_34_cast' <Predicate = true> <Delay = 0.00>
ST_11 : Operation 187 [1/1] (0.00ns)   --->   "%x_addr_21 = getelementptr i32 %x, i64 0, i64 %tmp_34_cast"   --->   Operation 187 'getelementptr' 'x_addr_21' <Predicate = true> <Delay = 0.00>
ST_11 : Operation 188 [1/2] ( I:3.25ns O:3.25ns )   --->   "%x_load_18 = load i8 %x_addr_18"   --->   Operation 188 'load' 'x_load_18' <Predicate = true> <Delay = 3.25> <CoreInst = "RAM">   --->   Core 81 'RAM' <Latency = 1> <II = 1> <Delay = 3.25> <Storage> <Opcode : 'load' 'store'> <Ports = 2> <Width = 32> <Depth = 256> <RAM>
ST_11 : Operation 189 [1/2] ( I:3.25ns O:3.25ns )   --->   "%x_load_19 = load i8 %x_addr_19"   --->   Operation 189 'load' 'x_load_19' <Predicate = true> <Delay = 3.25> <CoreInst = "RAM">   --->   Core 81 'RAM' <Latency = 1> <II = 1> <Delay = 3.25> <Storage> <Opcode : 'load' 'store'> <Ports = 2> <Width = 32> <Depth = 256> <RAM>
ST_11 : Operation 190 [2/2] (3.25ns)   --->   "%x_load_20 = load i8 %x_addr_20"   --->   Operation 190 'load' 'x_load_20' <Predicate = true> <Delay = 3.25> <CoreInst = "RAM">   --->   Core 81 'RAM' <Latency = 1> <II = 1> <Delay = 3.25> <Storage> <Opcode : 'load' 'store'> <Ports = 2> <Width = 32> <Depth = 256> <RAM>
ST_11 : Operation 191 [2/2] (3.25ns)   --->   "%x_load_21 = load i8 %x_addr_21"   --->   Operation 191 'load' 'x_load_21' <Predicate = true> <Delay = 3.25> <CoreInst = "RAM">   --->   Core 81 'RAM' <Latency = 1> <II = 1> <Delay = 3.25> <Storage> <Opcode : 'load' 'store'> <Ports = 2> <Width = 32> <Depth = 256> <RAM>
ST_11 : Operation 192 [1/2] ( I:3.25ns O:3.25ns )   --->   "%h_load_18 = load i5 %h_addr_18"   --->   Operation 192 'load' 'h_load_18' <Predicate = true> <Delay = 3.25> <CoreInst = "RAM">   --->   Core 81 'RAM' <Latency = 1> <II = 1> <Delay = 3.25> <Storage> <Opcode : 'load' 'store'> <Ports = 2> <Width = 32> <Depth = 32> <RAM>
ST_11 : Operation 193 [1/2] ( I:3.25ns O:3.25ns )   --->   "%h_load_19 = load i5 %h_addr_19"   --->   Operation 193 'load' 'h_load_19' <Predicate = true> <Delay = 3.25> <CoreInst = "RAM">   --->   Core 81 'RAM' <Latency = 1> <II = 1> <Delay = 3.25> <Storage> <Opcode : 'load' 'store'> <Ports = 2> <Width = 32> <Depth = 32> <RAM>
ST_11 : Operation 194 [1/1] (0.00ns)   --->   "%h_addr_20 = getelementptr i32 %h, i64 0, i64 20"   --->   Operation 194 'getelementptr' 'h_addr_20' <Predicate = true> <Delay = 0.00>
ST_11 : Operation 195 [2/2] (3.25ns)   --->   "%h_load_20 = load i5 %h_addr_20"   --->   Operation 195 'load' 'h_load_20' <Predicate = true> <Delay = 3.25> <CoreInst = "RAM">   --->   Core 81 'RAM' <Latency = 1> <II = 1> <Delay = 3.25> <Storage> <Opcode : 'load' 'store'> <Ports = 2> <Width = 32> <Depth = 32> <RAM>
ST_11 : Operation 196 [1/1] (0.00ns)   --->   "%h_addr_21 = getelementptr i32 %h, i64 0, i64 21"   --->   Operation 196 'getelementptr' 'h_addr_21' <Predicate = true> <Delay = 0.00>
ST_11 : Operation 197 [2/2] (3.25ns)   --->   "%h_load_21 = load i5 %h_addr_21"   --->   Operation 197 'load' 'h_load_21' <Predicate = true> <Delay = 3.25> <CoreInst = "RAM">   --->   Core 81 'RAM' <Latency = 1> <II = 1> <Delay = 3.25> <Storage> <Opcode : 'load' 'store'> <Ports = 2> <Width = 32> <Depth = 32> <RAM>

State 12 <SV = 11> <Delay = 3.25>
ST_12 : Operation 198 [1/1] (0.00ns)   --->   "%tmp_35 = bitconcatenate i8 @_ssdm_op_BitConcatenate.i8.i3.i5, i3 %x1_read, i5 22"   --->   Operation 198 'bitconcatenate' 'tmp_35' <Predicate = true> <Delay = 0.00>
ST_12 : Operation 199 [1/1] (0.00ns)   --->   "%tmp_35_cast = zext i8 %tmp_35"   --->   Operation 199 'zext' 'tmp_35_cast' <Predicate = true> <Delay = 0.00>
ST_12 : Operation 200 [1/1] (0.00ns)   --->   "%x_addr_22 = getelementptr i32 %x, i64 0, i64 %tmp_35_cast"   --->   Operation 200 'getelementptr' 'x_addr_22' <Predicate = true> <Delay = 0.00>
ST_12 : Operation 201 [1/1] (0.00ns)   --->   "%tmp_36 = bitconcatenate i8 @_ssdm_op_BitConcatenate.i8.i3.i5, i3 %x1_read, i5 23"   --->   Operation 201 'bitconcatenate' 'tmp_36' <Predicate = true> <Delay = 0.00>
ST_12 : Operation 202 [1/1] (0.00ns)   --->   "%tmp_36_cast = zext i8 %tmp_36"   --->   Operation 202 'zext' 'tmp_36_cast' <Predicate = true> <Delay = 0.00>
ST_12 : Operation 203 [1/1] (0.00ns)   --->   "%x_addr_23 = getelementptr i32 %x, i64 0, i64 %tmp_36_cast"   --->   Operation 203 'getelementptr' 'x_addr_23' <Predicate = true> <Delay = 0.00>
ST_12 : Operation 204 [1/2] ( I:3.25ns O:3.25ns )   --->   "%x_load_20 = load i8 %x_addr_20"   --->   Operation 204 'load' 'x_load_20' <Predicate = true> <Delay = 3.25> <CoreInst = "RAM">   --->   Core 81 'RAM' <Latency = 1> <II = 1> <Delay = 3.25> <Storage> <Opcode : 'load' 'store'> <Ports = 2> <Width = 32> <Depth = 256> <RAM>
ST_12 : Operation 205 [1/2] ( I:3.25ns O:3.25ns )   --->   "%x_load_21 = load i8 %x_addr_21"   --->   Operation 205 'load' 'x_load_21' <Predicate = true> <Delay = 3.25> <CoreInst = "RAM">   --->   Core 81 'RAM' <Latency = 1> <II = 1> <Delay = 3.25> <Storage> <Opcode : 'load' 'store'> <Ports = 2> <Width = 32> <Depth = 256> <RAM>
ST_12 : Operation 206 [2/2] (3.25ns)   --->   "%x_load_22 = load i8 %x_addr_22"   --->   Operation 206 'load' 'x_load_22' <Predicate = true> <Delay = 3.25> <CoreInst = "RAM">   --->   Core 81 'RAM' <Latency = 1> <II = 1> <Delay = 3.25> <Storage> <Opcode : 'load' 'store'> <Ports = 2> <Width = 32> <Depth = 256> <RAM>
ST_12 : Operation 207 [2/2] (3.25ns)   --->   "%x_load_23 = load i8 %x_addr_23"   --->   Operation 207 'load' 'x_load_23' <Predicate = true> <Delay = 3.25> <CoreInst = "RAM">   --->   Core 81 'RAM' <Latency = 1> <II = 1> <Delay = 3.25> <Storage> <Opcode : 'load' 'store'> <Ports = 2> <Width = 32> <Depth = 256> <RAM>
ST_12 : Operation 208 [1/2] ( I:3.25ns O:3.25ns )   --->   "%h_load_20 = load i5 %h_addr_20"   --->   Operation 208 'load' 'h_load_20' <Predicate = true> <Delay = 3.25> <CoreInst = "RAM">   --->   Core 81 'RAM' <Latency = 1> <II = 1> <Delay = 3.25> <Storage> <Opcode : 'load' 'store'> <Ports = 2> <Width = 32> <Depth = 32> <RAM>
ST_12 : Operation 209 [1/2] ( I:3.25ns O:3.25ns )   --->   "%h_load_21 = load i5 %h_addr_21"   --->   Operation 209 'load' 'h_load_21' <Predicate = true> <Delay = 3.25> <CoreInst = "RAM">   --->   Core 81 'RAM' <Latency = 1> <II = 1> <Delay = 3.25> <Storage> <Opcode : 'load' 'store'> <Ports = 2> <Width = 32> <Depth = 32> <RAM>
ST_12 : Operation 210 [1/1] (0.00ns)   --->   "%h_addr_22 = getelementptr i32 %h, i64 0, i64 22"   --->   Operation 210 'getelementptr' 'h_addr_22' <Predicate = true> <Delay = 0.00>
ST_12 : Operation 211 [2/2] (3.25ns)   --->   "%h_load_22 = load i5 %h_addr_22"   --->   Operation 211 'load' 'h_load_22' <Predicate = true> <Delay = 3.25> <CoreInst = "RAM">   --->   Core 81 'RAM' <Latency = 1> <II = 1> <Delay = 3.25> <Storage> <Opcode : 'load' 'store'> <Ports = 2> <Width = 32> <Depth = 32> <RAM>
ST_12 : Operation 212 [1/1] (0.00ns)   --->   "%h_addr_23 = getelementptr i32 %h, i64 0, i64 23"   --->   Operation 212 'getelementptr' 'h_addr_23' <Predicate = true> <Delay = 0.00>
ST_12 : Operation 213 [2/2] (3.25ns)   --->   "%h_load_23 = load i5 %h_addr_23"   --->   Operation 213 'load' 'h_load_23' <Predicate = true> <Delay = 3.25> <CoreInst = "RAM">   --->   Core 81 'RAM' <Latency = 1> <II = 1> <Delay = 3.25> <Storage> <Opcode : 'load' 'store'> <Ports = 2> <Width = 32> <Depth = 32> <RAM>

State 13 <SV = 12> <Delay = 3.25>
ST_13 : Operation 214 [1/1] (0.00ns)   --->   "%tmp_37 = bitconcatenate i8 @_ssdm_op_BitConcatenate.i8.i3.i5, i3 %x1_read, i5 24"   --->   Operation 214 'bitconcatenate' 'tmp_37' <Predicate = true> <Delay = 0.00>
ST_13 : Operation 215 [1/1] (0.00ns)   --->   "%tmp_37_cast = zext i8 %tmp_37"   --->   Operation 215 'zext' 'tmp_37_cast' <Predicate = true> <Delay = 0.00>
ST_13 : Operation 216 [1/1] (0.00ns)   --->   "%x_addr_24 = getelementptr i32 %x, i64 0, i64 %tmp_37_cast"   --->   Operation 216 'getelementptr' 'x_addr_24' <Predicate = true> <Delay = 0.00>
ST_13 : Operation 217 [1/1] (0.00ns)   --->   "%tmp_38 = bitconcatenate i8 @_ssdm_op_BitConcatenate.i8.i3.i5, i3 %x1_read, i5 25"   --->   Operation 217 'bitconcatenate' 'tmp_38' <Predicate = true> <Delay = 0.00>
ST_13 : Operation 218 [1/1] (0.00ns)   --->   "%tmp_38_cast = zext i8 %tmp_38"   --->   Operation 218 'zext' 'tmp_38_cast' <Predicate = true> <Delay = 0.00>
ST_13 : Operation 219 [1/1] (0.00ns)   --->   "%x_addr_25 = getelementptr i32 %x, i64 0, i64 %tmp_38_cast"   --->   Operation 219 'getelementptr' 'x_addr_25' <Predicate = true> <Delay = 0.00>
ST_13 : Operation 220 [1/2] ( I:3.25ns O:3.25ns )   --->   "%x_load_22 = load i8 %x_addr_22"   --->   Operation 220 'load' 'x_load_22' <Predicate = true> <Delay = 3.25> <CoreInst = "RAM">   --->   Core 81 'RAM' <Latency = 1> <II = 1> <Delay = 3.25> <Storage> <Opcode : 'load' 'store'> <Ports = 2> <Width = 32> <Depth = 256> <RAM>
ST_13 : Operation 221 [1/2] ( I:3.25ns O:3.25ns )   --->   "%x_load_23 = load i8 %x_addr_23"   --->   Operation 221 'load' 'x_load_23' <Predicate = true> <Delay = 3.25> <CoreInst = "RAM">   --->   Core 81 'RAM' <Latency = 1> <II = 1> <Delay = 3.25> <Storage> <Opcode : 'load' 'store'> <Ports = 2> <Width = 32> <Depth = 256> <RAM>
ST_13 : Operation 222 [2/2] (3.25ns)   --->   "%x_load_24 = load i8 %x_addr_24"   --->   Operation 222 'load' 'x_load_24' <Predicate = true> <Delay = 3.25> <CoreInst = "RAM">   --->   Core 81 'RAM' <Latency = 1> <II = 1> <Delay = 3.25> <Storage> <Opcode : 'load' 'store'> <Ports = 2> <Width = 32> <Depth = 256> <RAM>
ST_13 : Operation 223 [2/2] (3.25ns)   --->   "%x_load_25 = load i8 %x_addr_25"   --->   Operation 223 'load' 'x_load_25' <Predicate = true> <Delay = 3.25> <CoreInst = "RAM">   --->   Core 81 'RAM' <Latency = 1> <II = 1> <Delay = 3.25> <Storage> <Opcode : 'load' 'store'> <Ports = 2> <Width = 32> <Depth = 256> <RAM>
ST_13 : Operation 224 [1/2] ( I:3.25ns O:3.25ns )   --->   "%h_load_22 = load i5 %h_addr_22"   --->   Operation 224 'load' 'h_load_22' <Predicate = true> <Delay = 3.25> <CoreInst = "RAM">   --->   Core 81 'RAM' <Latency = 1> <II = 1> <Delay = 3.25> <Storage> <Opcode : 'load' 'store'> <Ports = 2> <Width = 32> <Depth = 32> <RAM>
ST_13 : Operation 225 [1/2] ( I:3.25ns O:3.25ns )   --->   "%h_load_23 = load i5 %h_addr_23"   --->   Operation 225 'load' 'h_load_23' <Predicate = true> <Delay = 3.25> <CoreInst = "RAM">   --->   Core 81 'RAM' <Latency = 1> <II = 1> <Delay = 3.25> <Storage> <Opcode : 'load' 'store'> <Ports = 2> <Width = 32> <Depth = 32> <RAM>
ST_13 : Operation 226 [1/1] (0.00ns)   --->   "%h_addr_24 = getelementptr i32 %h, i64 0, i64 24"   --->   Operation 226 'getelementptr' 'h_addr_24' <Predicate = true> <Delay = 0.00>
ST_13 : Operation 227 [2/2] (3.25ns)   --->   "%h_load_24 = load i5 %h_addr_24"   --->   Operation 227 'load' 'h_load_24' <Predicate = true> <Delay = 3.25> <CoreInst = "RAM">   --->   Core 81 'RAM' <Latency = 1> <II = 1> <Delay = 3.25> <Storage> <Opcode : 'load' 'store'> <Ports = 2> <Width = 32> <Depth = 32> <RAM>
ST_13 : Operation 228 [1/1] (0.00ns)   --->   "%h_addr_25 = getelementptr i32 %h, i64 0, i64 25"   --->   Operation 228 'getelementptr' 'h_addr_25' <Predicate = true> <Delay = 0.00>
ST_13 : Operation 229 [2/2] (3.25ns)   --->   "%h_load_25 = load i5 %h_addr_25"   --->   Operation 229 'load' 'h_load_25' <Predicate = true> <Delay = 3.25> <CoreInst = "RAM">   --->   Core 81 'RAM' <Latency = 1> <II = 1> <Delay = 3.25> <Storage> <Opcode : 'load' 'store'> <Ports = 2> <Width = 32> <Depth = 32> <RAM>

State 14 <SV = 13> <Delay = 3.25>
ST_14 : Operation 230 [1/1] (0.00ns)   --->   "%tmp_39 = bitconcatenate i8 @_ssdm_op_BitConcatenate.i8.i3.i5, i3 %x1_read, i5 26"   --->   Operation 230 'bitconcatenate' 'tmp_39' <Predicate = true> <Delay = 0.00>
ST_14 : Operation 231 [1/1] (0.00ns)   --->   "%tmp_39_cast = zext i8 %tmp_39"   --->   Operation 231 'zext' 'tmp_39_cast' <Predicate = true> <Delay = 0.00>
ST_14 : Operation 232 [1/1] (0.00ns)   --->   "%x_addr_26 = getelementptr i32 %x, i64 0, i64 %tmp_39_cast"   --->   Operation 232 'getelementptr' 'x_addr_26' <Predicate = true> <Delay = 0.00>
ST_14 : Operation 233 [1/1] (0.00ns)   --->   "%tmp_40 = bitconcatenate i8 @_ssdm_op_BitConcatenate.i8.i3.i5, i3 %x1_read, i5 27"   --->   Operation 233 'bitconcatenate' 'tmp_40' <Predicate = true> <Delay = 0.00>
ST_14 : Operation 234 [1/1] (0.00ns)   --->   "%tmp_40_cast = zext i8 %tmp_40"   --->   Operation 234 'zext' 'tmp_40_cast' <Predicate = true> <Delay = 0.00>
ST_14 : Operation 235 [1/1] (0.00ns)   --->   "%x_addr_27 = getelementptr i32 %x, i64 0, i64 %tmp_40_cast"   --->   Operation 235 'getelementptr' 'x_addr_27' <Predicate = true> <Delay = 0.00>
ST_14 : Operation 236 [1/2] ( I:3.25ns O:3.25ns )   --->   "%x_load_24 = load i8 %x_addr_24"   --->   Operation 236 'load' 'x_load_24' <Predicate = true> <Delay = 3.25> <CoreInst = "RAM">   --->   Core 81 'RAM' <Latency = 1> <II = 1> <Delay = 3.25> <Storage> <Opcode : 'load' 'store'> <Ports = 2> <Width = 32> <Depth = 256> <RAM>
ST_14 : Operation 237 [1/2] ( I:3.25ns O:3.25ns )   --->   "%x_load_25 = load i8 %x_addr_25"   --->   Operation 237 'load' 'x_load_25' <Predicate = true> <Delay = 3.25> <CoreInst = "RAM">   --->   Core 81 'RAM' <Latency = 1> <II = 1> <Delay = 3.25> <Storage> <Opcode : 'load' 'store'> <Ports = 2> <Width = 32> <Depth = 256> <RAM>
ST_14 : Operation 238 [2/2] (3.25ns)   --->   "%x_load_26 = load i8 %x_addr_26"   --->   Operation 238 'load' 'x_load_26' <Predicate = true> <Delay = 3.25> <CoreInst = "RAM">   --->   Core 81 'RAM' <Latency = 1> <II = 1> <Delay = 3.25> <Storage> <Opcode : 'load' 'store'> <Ports = 2> <Width = 32> <Depth = 256> <RAM>
ST_14 : Operation 239 [2/2] (3.25ns)   --->   "%x_load_27 = load i8 %x_addr_27"   --->   Operation 239 'load' 'x_load_27' <Predicate = true> <Delay = 3.25> <CoreInst = "RAM">   --->   Core 81 'RAM' <Latency = 1> <II = 1> <Delay = 3.25> <Storage> <Opcode : 'load' 'store'> <Ports = 2> <Width = 32> <Depth = 256> <RAM>
ST_14 : Operation 240 [1/2] ( I:3.25ns O:3.25ns )   --->   "%h_load_24 = load i5 %h_addr_24"   --->   Operation 240 'load' 'h_load_24' <Predicate = true> <Delay = 3.25> <CoreInst = "RAM">   --->   Core 81 'RAM' <Latency = 1> <II = 1> <Delay = 3.25> <Storage> <Opcode : 'load' 'store'> <Ports = 2> <Width = 32> <Depth = 32> <RAM>
ST_14 : Operation 241 [1/2] ( I:3.25ns O:3.25ns )   --->   "%h_load_25 = load i5 %h_addr_25"   --->   Operation 241 'load' 'h_load_25' <Predicate = true> <Delay = 3.25> <CoreInst = "RAM">   --->   Core 81 'RAM' <Latency = 1> <II = 1> <Delay = 3.25> <Storage> <Opcode : 'load' 'store'> <Ports = 2> <Width = 32> <Depth = 32> <RAM>
ST_14 : Operation 242 [1/1] (0.00ns)   --->   "%h_addr_26 = getelementptr i32 %h, i64 0, i64 26"   --->   Operation 242 'getelementptr' 'h_addr_26' <Predicate = true> <Delay = 0.00>
ST_14 : Operation 243 [2/2] (3.25ns)   --->   "%h_load_26 = load i5 %h_addr_26"   --->   Operation 243 'load' 'h_load_26' <Predicate = true> <Delay = 3.25> <CoreInst = "RAM">   --->   Core 81 'RAM' <Latency = 1> <II = 1> <Delay = 3.25> <Storage> <Opcode : 'load' 'store'> <Ports = 2> <Width = 32> <Depth = 32> <RAM>
ST_14 : Operation 244 [1/1] (0.00ns)   --->   "%h_addr_27 = getelementptr i32 %h, i64 0, i64 27"   --->   Operation 244 'getelementptr' 'h_addr_27' <Predicate = true> <Delay = 0.00>
ST_14 : Operation 245 [2/2] (3.25ns)   --->   "%h_load_27 = load i5 %h_addr_27"   --->   Operation 245 'load' 'h_load_27' <Predicate = true> <Delay = 3.25> <CoreInst = "RAM">   --->   Core 81 'RAM' <Latency = 1> <II = 1> <Delay = 3.25> <Storage> <Opcode : 'load' 'store'> <Ports = 2> <Width = 32> <Depth = 32> <RAM>

State 15 <SV = 14> <Delay = 3.25>
ST_15 : Operation 246 [1/1] (0.00ns)   --->   "%tmp_41 = bitconcatenate i8 @_ssdm_op_BitConcatenate.i8.i3.i5, i3 %x1_read, i5 28"   --->   Operation 246 'bitconcatenate' 'tmp_41' <Predicate = true> <Delay = 0.00>
ST_15 : Operation 247 [1/1] (0.00ns)   --->   "%tmp_41_cast = zext i8 %tmp_41"   --->   Operation 247 'zext' 'tmp_41_cast' <Predicate = true> <Delay = 0.00>
ST_15 : Operation 248 [1/1] (0.00ns)   --->   "%x_addr_28 = getelementptr i32 %x, i64 0, i64 %tmp_41_cast"   --->   Operation 248 'getelementptr' 'x_addr_28' <Predicate = true> <Delay = 0.00>
ST_15 : Operation 249 [1/1] (0.00ns)   --->   "%tmp_42 = bitconcatenate i8 @_ssdm_op_BitConcatenate.i8.i3.i5, i3 %x1_read, i5 29"   --->   Operation 249 'bitconcatenate' 'tmp_42' <Predicate = true> <Delay = 0.00>
ST_15 : Operation 250 [1/1] (0.00ns)   --->   "%tmp_42_cast = zext i8 %tmp_42"   --->   Operation 250 'zext' 'tmp_42_cast' <Predicate = true> <Delay = 0.00>
ST_15 : Operation 251 [1/1] (0.00ns)   --->   "%x_addr_29 = getelementptr i32 %x, i64 0, i64 %tmp_42_cast"   --->   Operation 251 'getelementptr' 'x_addr_29' <Predicate = true> <Delay = 0.00>
ST_15 : Operation 252 [1/2] ( I:3.25ns O:3.25ns )   --->   "%x_load_26 = load i8 %x_addr_26"   --->   Operation 252 'load' 'x_load_26' <Predicate = true> <Delay = 3.25> <CoreInst = "RAM">   --->   Core 81 'RAM' <Latency = 1> <II = 1> <Delay = 3.25> <Storage> <Opcode : 'load' 'store'> <Ports = 2> <Width = 32> <Depth = 256> <RAM>
ST_15 : Operation 253 [1/2] ( I:3.25ns O:3.25ns )   --->   "%x_load_27 = load i8 %x_addr_27"   --->   Operation 253 'load' 'x_load_27' <Predicate = true> <Delay = 3.25> <CoreInst = "RAM">   --->   Core 81 'RAM' <Latency = 1> <II = 1> <Delay = 3.25> <Storage> <Opcode : 'load' 'store'> <Ports = 2> <Width = 32> <Depth = 256> <RAM>
ST_15 : Operation 254 [2/2] (3.25ns)   --->   "%x_load_28 = load i8 %x_addr_28"   --->   Operation 254 'load' 'x_load_28' <Predicate = true> <Delay = 3.25> <CoreInst = "RAM">   --->   Core 81 'RAM' <Latency = 1> <II = 1> <Delay = 3.25> <Storage> <Opcode : 'load' 'store'> <Ports = 2> <Width = 32> <Depth = 256> <RAM>
ST_15 : Operation 255 [2/2] (3.25ns)   --->   "%x_load_29 = load i8 %x_addr_29"   --->   Operation 255 'load' 'x_load_29' <Predicate = true> <Delay = 3.25> <CoreInst = "RAM">   --->   Core 81 'RAM' <Latency = 1> <II = 1> <Delay = 3.25> <Storage> <Opcode : 'load' 'store'> <Ports = 2> <Width = 32> <Depth = 256> <RAM>
ST_15 : Operation 256 [1/2] ( I:3.25ns O:3.25ns )   --->   "%h_load_26 = load i5 %h_addr_26"   --->   Operation 256 'load' 'h_load_26' <Predicate = true> <Delay = 3.25> <CoreInst = "RAM">   --->   Core 81 'RAM' <Latency = 1> <II = 1> <Delay = 3.25> <Storage> <Opcode : 'load' 'store'> <Ports = 2> <Width = 32> <Depth = 32> <RAM>
ST_15 : Operation 257 [1/2] ( I:3.25ns O:3.25ns )   --->   "%h_load_27 = load i5 %h_addr_27"   --->   Operation 257 'load' 'h_load_27' <Predicate = true> <Delay = 3.25> <CoreInst = "RAM">   --->   Core 81 'RAM' <Latency = 1> <II = 1> <Delay = 3.25> <Storage> <Opcode : 'load' 'store'> <Ports = 2> <Width = 32> <Depth = 32> <RAM>
ST_15 : Operation 258 [1/1] (0.00ns)   --->   "%h_addr_28 = getelementptr i32 %h, i64 0, i64 28"   --->   Operation 258 'getelementptr' 'h_addr_28' <Predicate = true> <Delay = 0.00>
ST_15 : Operation 259 [2/2] (3.25ns)   --->   "%h_load_28 = load i5 %h_addr_28"   --->   Operation 259 'load' 'h_load_28' <Predicate = true> <Delay = 3.25> <CoreInst = "RAM">   --->   Core 81 'RAM' <Latency = 1> <II = 1> <Delay = 3.25> <Storage> <Opcode : 'load' 'store'> <Ports = 2> <Width = 32> <Depth = 32> <RAM>
ST_15 : Operation 260 [1/1] (0.00ns)   --->   "%h_addr_29 = getelementptr i32 %h, i64 0, i64 29"   --->   Operation 260 'getelementptr' 'h_addr_29' <Predicate = true> <Delay = 0.00>
ST_15 : Operation 261 [2/2] (3.25ns)   --->   "%h_load_29 = load i5 %h_addr_29"   --->   Operation 261 'load' 'h_load_29' <Predicate = true> <Delay = 3.25> <CoreInst = "RAM">   --->   Core 81 'RAM' <Latency = 1> <II = 1> <Delay = 3.25> <Storage> <Opcode : 'load' 'store'> <Ports = 2> <Width = 32> <Depth = 32> <RAM>

State 16 <SV = 15> <Delay = 3.25>
ST_16 : Operation 262 [1/1] (0.00ns)   --->   "%tmp_43 = bitconcatenate i8 @_ssdm_op_BitConcatenate.i8.i3.i5, i3 %x1_read, i5 30"   --->   Operation 262 'bitconcatenate' 'tmp_43' <Predicate = true> <Delay = 0.00>
ST_16 : Operation 263 [1/1] (0.00ns)   --->   "%tmp_43_cast = zext i8 %tmp_43"   --->   Operation 263 'zext' 'tmp_43_cast' <Predicate = true> <Delay = 0.00>
ST_16 : Operation 264 [1/1] (0.00ns)   --->   "%x_addr_30 = getelementptr i32 %x, i64 0, i64 %tmp_43_cast"   --->   Operation 264 'getelementptr' 'x_addr_30' <Predicate = true> <Delay = 0.00>
ST_16 : Operation 265 [1/1] (0.00ns)   --->   "%tmp_44 = bitconcatenate i8 @_ssdm_op_BitConcatenate.i8.i3.i5, i3 %x1_read, i5 31"   --->   Operation 265 'bitconcatenate' 'tmp_44' <Predicate = true> <Delay = 0.00>
ST_16 : Operation 266 [1/1] (0.00ns)   --->   "%tmp_44_cast = zext i8 %tmp_44"   --->   Operation 266 'zext' 'tmp_44_cast' <Predicate = true> <Delay = 0.00>
ST_16 : Operation 267 [1/1] (0.00ns)   --->   "%x_addr_31 = getelementptr i32 %x, i64 0, i64 %tmp_44_cast"   --->   Operation 267 'getelementptr' 'x_addr_31' <Predicate = true> <Delay = 0.00>
ST_16 : Operation 268 [1/2] ( I:3.25ns O:3.25ns )   --->   "%x_load_28 = load i8 %x_addr_28"   --->   Operation 268 'load' 'x_load_28' <Predicate = true> <Delay = 3.25> <CoreInst = "RAM">   --->   Core 81 'RAM' <Latency = 1> <II = 1> <Delay = 3.25> <Storage> <Opcode : 'load' 'store'> <Ports = 2> <Width = 32> <Depth = 256> <RAM>
ST_16 : Operation 269 [1/2] ( I:3.25ns O:3.25ns )   --->   "%x_load_29 = load i8 %x_addr_29"   --->   Operation 269 'load' 'x_load_29' <Predicate = true> <Delay = 3.25> <CoreInst = "RAM">   --->   Core 81 'RAM' <Latency = 1> <II = 1> <Delay = 3.25> <Storage> <Opcode : 'load' 'store'> <Ports = 2> <Width = 32> <Depth = 256> <RAM>
ST_16 : Operation 270 [2/2] (3.25ns)   --->   "%x_load_30 = load i8 %x_addr_30"   --->   Operation 270 'load' 'x_load_30' <Predicate = true> <Delay = 3.25> <CoreInst = "RAM">   --->   Core 81 'RAM' <Latency = 1> <II = 1> <Delay = 3.25> <Storage> <Opcode : 'load' 'store'> <Ports = 2> <Width = 32> <Depth = 256> <RAM>
ST_16 : Operation 271 [2/2] (3.25ns)   --->   "%x_load_31 = load i8 %x_addr_31"   --->   Operation 271 'load' 'x_load_31' <Predicate = true> <Delay = 3.25> <CoreInst = "RAM">   --->   Core 81 'RAM' <Latency = 1> <II = 1> <Delay = 3.25> <Storage> <Opcode : 'load' 'store'> <Ports = 2> <Width = 32> <Depth = 256> <RAM>
ST_16 : Operation 272 [1/2] ( I:3.25ns O:3.25ns )   --->   "%h_load_28 = load i5 %h_addr_28"   --->   Operation 272 'load' 'h_load_28' <Predicate = true> <Delay = 3.25> <CoreInst = "RAM">   --->   Core 81 'RAM' <Latency = 1> <II = 1> <Delay = 3.25> <Storage> <Opcode : 'load' 'store'> <Ports = 2> <Width = 32> <Depth = 32> <RAM>
ST_16 : Operation 273 [1/2] ( I:3.25ns O:3.25ns )   --->   "%h_load_29 = load i5 %h_addr_29"   --->   Operation 273 'load' 'h_load_29' <Predicate = true> <Delay = 3.25> <CoreInst = "RAM">   --->   Core 81 'RAM' <Latency = 1> <II = 1> <Delay = 3.25> <Storage> <Opcode : 'load' 'store'> <Ports = 2> <Width = 32> <Depth = 32> <RAM>
ST_16 : Operation 274 [1/1] (0.00ns)   --->   "%h_addr_30 = getelementptr i32 %h, i64 0, i64 30"   --->   Operation 274 'getelementptr' 'h_addr_30' <Predicate = true> <Delay = 0.00>
ST_16 : Operation 275 [2/2] (3.25ns)   --->   "%h_load_30 = load i5 %h_addr_30"   --->   Operation 275 'load' 'h_load_30' <Predicate = true> <Delay = 3.25> <CoreInst = "RAM">   --->   Core 81 'RAM' <Latency = 1> <II = 1> <Delay = 3.25> <Storage> <Opcode : 'load' 'store'> <Ports = 2> <Width = 32> <Depth = 32> <RAM>
ST_16 : Operation 276 [1/1] (0.00ns)   --->   "%h_addr_31 = getelementptr i32 %h, i64 0, i64 31"   --->   Operation 276 'getelementptr' 'h_addr_31' <Predicate = true> <Delay = 0.00>
ST_16 : Operation 277 [2/2] (3.25ns)   --->   "%h_load_31 = load i5 %h_addr_31"   --->   Operation 277 'load' 'h_load_31' <Predicate = true> <Delay = 3.25> <CoreInst = "RAM">   --->   Core 81 'RAM' <Latency = 1> <II = 1> <Delay = 3.25> <Storage> <Opcode : 'load' 'store'> <Ports = 2> <Width = 32> <Depth = 32> <RAM>

State 17 <SV = 16> <Delay = 3.25>
ST_17 : Operation 278 [1/1] (0.00ns)   --->   "%empty = bitcast i32 %x_load"   --->   Operation 278 'bitcast' 'empty' <Predicate = true> <Delay = 0.00>
ST_17 : Operation 279 [1/1] (0.00ns)   --->   "%empty_199 = bitcast i32 %x_load_1"   --->   Operation 279 'bitcast' 'empty_199' <Predicate = true> <Delay = 0.00>
ST_17 : Operation 280 [1/1] (0.00ns)   --->   "%empty_200 = bitcast i32 %x_load_2"   --->   Operation 280 'bitcast' 'empty_200' <Predicate = true> <Delay = 0.00>
ST_17 : Operation 281 [1/1] (0.00ns)   --->   "%empty_201 = bitcast i32 %x_load_3"   --->   Operation 281 'bitcast' 'empty_201' <Predicate = true> <Delay = 0.00>
ST_17 : Operation 282 [1/1] (0.00ns)   --->   "%empty_202 = bitcast i32 %x_load_4"   --->   Operation 282 'bitcast' 'empty_202' <Predicate = true> <Delay = 0.00>
ST_17 : Operation 283 [1/1] (0.00ns)   --->   "%empty_203 = bitcast i32 %x_load_5"   --->   Operation 283 'bitcast' 'empty_203' <Predicate = true> <Delay = 0.00>
ST_17 : Operation 284 [1/1] (0.00ns)   --->   "%empty_204 = bitcast i32 %x_load_6"   --->   Operation 284 'bitcast' 'empty_204' <Predicate = true> <Delay = 0.00>
ST_17 : Operation 285 [1/1] (0.00ns)   --->   "%empty_205 = bitcast i32 %x_load_7"   --->   Operation 285 'bitcast' 'empty_205' <Predicate = true> <Delay = 0.00>
ST_17 : Operation 286 [1/1] (0.00ns)   --->   "%empty_206 = bitcast i32 %x_load_8"   --->   Operation 286 'bitcast' 'empty_206' <Predicate = true> <Delay = 0.00>
ST_17 : Operation 287 [1/1] (0.00ns)   --->   "%empty_207 = bitcast i32 %x_load_9"   --->   Operation 287 'bitcast' 'empty_207' <Predicate = true> <Delay = 0.00>
ST_17 : Operation 288 [1/1] (0.00ns)   --->   "%empty_208 = bitcast i32 %x_load_10"   --->   Operation 288 'bitcast' 'empty_208' <Predicate = true> <Delay = 0.00>
ST_17 : Operation 289 [1/1] (0.00ns)   --->   "%empty_209 = bitcast i32 %x_load_11"   --->   Operation 289 'bitcast' 'empty_209' <Predicate = true> <Delay = 0.00>
ST_17 : Operation 290 [1/1] (0.00ns)   --->   "%empty_210 = bitcast i32 %x_load_12"   --->   Operation 290 'bitcast' 'empty_210' <Predicate = true> <Delay = 0.00>
ST_17 : Operation 291 [1/1] (0.00ns)   --->   "%empty_211 = bitcast i32 %x_load_13"   --->   Operation 291 'bitcast' 'empty_211' <Predicate = true> <Delay = 0.00>
ST_17 : Operation 292 [1/1] (0.00ns)   --->   "%empty_212 = bitcast i32 %x_load_14"   --->   Operation 292 'bitcast' 'empty_212' <Predicate = true> <Delay = 0.00>
ST_17 : Operation 293 [1/1] (0.00ns)   --->   "%empty_213 = bitcast i32 %x_load_15"   --->   Operation 293 'bitcast' 'empty_213' <Predicate = true> <Delay = 0.00>
ST_17 : Operation 294 [1/1] (0.00ns)   --->   "%empty_214 = bitcast i32 %x_load_16"   --->   Operation 294 'bitcast' 'empty_214' <Predicate = true> <Delay = 0.00>
ST_17 : Operation 295 [1/1] (0.00ns)   --->   "%empty_215 = bitcast i32 %x_load_17"   --->   Operation 295 'bitcast' 'empty_215' <Predicate = true> <Delay = 0.00>
ST_17 : Operation 296 [1/1] (0.00ns)   --->   "%empty_216 = bitcast i32 %x_load_18"   --->   Operation 296 'bitcast' 'empty_216' <Predicate = true> <Delay = 0.00>
ST_17 : Operation 297 [1/1] (0.00ns)   --->   "%empty_217 = bitcast i32 %x_load_19"   --->   Operation 297 'bitcast' 'empty_217' <Predicate = true> <Delay = 0.00>
ST_17 : Operation 298 [1/1] (0.00ns)   --->   "%empty_218 = bitcast i32 %x_load_20"   --->   Operation 298 'bitcast' 'empty_218' <Predicate = true> <Delay = 0.00>
ST_17 : Operation 299 [1/1] (0.00ns)   --->   "%empty_219 = bitcast i32 %x_load_21"   --->   Operation 299 'bitcast' 'empty_219' <Predicate = true> <Delay = 0.00>
ST_17 : Operation 300 [1/1] (0.00ns)   --->   "%empty_220 = bitcast i32 %x_load_22"   --->   Operation 300 'bitcast' 'empty_220' <Predicate = true> <Delay = 0.00>
ST_17 : Operation 301 [1/1] (0.00ns)   --->   "%empty_221 = bitcast i32 %x_load_23"   --->   Operation 301 'bitcast' 'empty_221' <Predicate = true> <Delay = 0.00>
ST_17 : Operation 302 [1/1] (0.00ns)   --->   "%empty_222 = bitcast i32 %x_load_24"   --->   Operation 302 'bitcast' 'empty_222' <Predicate = true> <Delay = 0.00>
ST_17 : Operation 303 [1/1] (0.00ns)   --->   "%empty_223 = bitcast i32 %x_load_25"   --->   Operation 303 'bitcast' 'empty_223' <Predicate = true> <Delay = 0.00>
ST_17 : Operation 304 [1/1] (0.00ns)   --->   "%empty_224 = bitcast i32 %x_load_26"   --->   Operation 304 'bitcast' 'empty_224' <Predicate = true> <Delay = 0.00>
ST_17 : Operation 305 [1/1] (0.00ns)   --->   "%empty_225 = bitcast i32 %x_load_27"   --->   Operation 305 'bitcast' 'empty_225' <Predicate = true> <Delay = 0.00>
ST_17 : Operation 306 [1/1] (0.00ns)   --->   "%empty_226 = bitcast i32 %x_load_28"   --->   Operation 306 'bitcast' 'empty_226' <Predicate = true> <Delay = 0.00>
ST_17 : Operation 307 [1/1] (0.00ns)   --->   "%empty_227 = bitcast i32 %x_load_29"   --->   Operation 307 'bitcast' 'empty_227' <Predicate = true> <Delay = 0.00>
ST_17 : Operation 308 [1/2] ( I:3.25ns O:3.25ns )   --->   "%x_load_30 = load i8 %x_addr_30"   --->   Operation 308 'load' 'x_load_30' <Predicate = true> <Delay = 3.25> <CoreInst = "RAM">   --->   Core 81 'RAM' <Latency = 1> <II = 1> <Delay = 3.25> <Storage> <Opcode : 'load' 'store'> <Ports = 2> <Width = 32> <Depth = 256> <RAM>
ST_17 : Operation 309 [1/1] (0.00ns)   --->   "%empty_228 = bitcast i32 %x_load_30"   --->   Operation 309 'bitcast' 'empty_228' <Predicate = true> <Delay = 0.00>
ST_17 : Operation 310 [1/2] ( I:3.25ns O:3.25ns )   --->   "%x_load_31 = load i8 %x_addr_31"   --->   Operation 310 'load' 'x_load_31' <Predicate = true> <Delay = 3.25> <CoreInst = "RAM">   --->   Core 81 'RAM' <Latency = 1> <II = 1> <Delay = 3.25> <Storage> <Opcode : 'load' 'store'> <Ports = 2> <Width = 32> <Depth = 256> <RAM>
ST_17 : Operation 311 [1/1] (0.00ns)   --->   "%empty_229 = bitcast i32 %x_load_31"   --->   Operation 311 'bitcast' 'empty_229' <Predicate = true> <Delay = 0.00>
ST_17 : Operation 312 [1/1] (0.00ns)   --->   "%empty_230 = bitcast i32 %h_load"   --->   Operation 312 'bitcast' 'empty_230' <Predicate = true> <Delay = 0.00>
ST_17 : Operation 313 [1/1] (0.00ns)   --->   "%empty_231 = bitcast i32 %h_load_1"   --->   Operation 313 'bitcast' 'empty_231' <Predicate = true> <Delay = 0.00>
ST_17 : Operation 314 [1/1] (0.00ns)   --->   "%empty_232 = bitcast i32 %h_load_2"   --->   Operation 314 'bitcast' 'empty_232' <Predicate = true> <Delay = 0.00>
ST_17 : Operation 315 [1/1] (0.00ns)   --->   "%empty_233 = bitcast i32 %h_load_3"   --->   Operation 315 'bitcast' 'empty_233' <Predicate = true> <Delay = 0.00>
ST_17 : Operation 316 [1/1] (0.00ns)   --->   "%empty_234 = bitcast i32 %h_load_4"   --->   Operation 316 'bitcast' 'empty_234' <Predicate = true> <Delay = 0.00>
ST_17 : Operation 317 [1/1] (0.00ns)   --->   "%empty_235 = bitcast i32 %h_load_5"   --->   Operation 317 'bitcast' 'empty_235' <Predicate = true> <Delay = 0.00>
ST_17 : Operation 318 [1/1] (0.00ns)   --->   "%empty_236 = bitcast i32 %h_load_6"   --->   Operation 318 'bitcast' 'empty_236' <Predicate = true> <Delay = 0.00>
ST_17 : Operation 319 [1/1] (0.00ns)   --->   "%empty_237 = bitcast i32 %h_load_7"   --->   Operation 319 'bitcast' 'empty_237' <Predicate = true> <Delay = 0.00>
ST_17 : Operation 320 [1/1] (0.00ns)   --->   "%empty_238 = bitcast i32 %h_load_8"   --->   Operation 320 'bitcast' 'empty_238' <Predicate = true> <Delay = 0.00>
ST_17 : Operation 321 [1/1] (0.00ns)   --->   "%empty_239 = bitcast i32 %h_load_9"   --->   Operation 321 'bitcast' 'empty_239' <Predicate = true> <Delay = 0.00>
ST_17 : Operation 322 [1/1] (0.00ns)   --->   "%empty_240 = bitcast i32 %h_load_10"   --->   Operation 322 'bitcast' 'empty_240' <Predicate = true> <Delay = 0.00>
ST_17 : Operation 323 [1/1] (0.00ns)   --->   "%empty_241 = bitcast i32 %h_load_11"   --->   Operation 323 'bitcast' 'empty_241' <Predicate = true> <Delay = 0.00>
ST_17 : Operation 324 [1/1] (0.00ns)   --->   "%empty_242 = bitcast i32 %h_load_12"   --->   Operation 324 'bitcast' 'empty_242' <Predicate = true> <Delay = 0.00>
ST_17 : Operation 325 [1/1] (0.00ns)   --->   "%empty_243 = bitcast i32 %h_load_13"   --->   Operation 325 'bitcast' 'empty_243' <Predicate = true> <Delay = 0.00>
ST_17 : Operation 326 [1/1] (0.00ns)   --->   "%empty_244 = bitcast i32 %h_load_14"   --->   Operation 326 'bitcast' 'empty_244' <Predicate = true> <Delay = 0.00>
ST_17 : Operation 327 [1/1] (0.00ns)   --->   "%empty_245 = bitcast i32 %h_load_15"   --->   Operation 327 'bitcast' 'empty_245' <Predicate = true> <Delay = 0.00>
ST_17 : Operation 328 [1/1] (0.00ns)   --->   "%empty_246 = bitcast i32 %h_load_16"   --->   Operation 328 'bitcast' 'empty_246' <Predicate = true> <Delay = 0.00>
ST_17 : Operation 329 [1/1] (0.00ns)   --->   "%empty_247 = bitcast i32 %h_load_17"   --->   Operation 329 'bitcast' 'empty_247' <Predicate = true> <Delay = 0.00>
ST_17 : Operation 330 [1/1] (0.00ns)   --->   "%empty_248 = bitcast i32 %h_load_18"   --->   Operation 330 'bitcast' 'empty_248' <Predicate = true> <Delay = 0.00>
ST_17 : Operation 331 [1/1] (0.00ns)   --->   "%empty_249 = bitcast i32 %h_load_19"   --->   Operation 331 'bitcast' 'empty_249' <Predicate = true> <Delay = 0.00>
ST_17 : Operation 332 [1/1] (0.00ns)   --->   "%empty_250 = bitcast i32 %h_load_20"   --->   Operation 332 'bitcast' 'empty_250' <Predicate = true> <Delay = 0.00>
ST_17 : Operation 333 [1/1] (0.00ns)   --->   "%empty_251 = bitcast i32 %h_load_21"   --->   Operation 333 'bitcast' 'empty_251' <Predicate = true> <Delay = 0.00>
ST_17 : Operation 334 [1/1] (0.00ns)   --->   "%empty_252 = bitcast i32 %h_load_22"   --->   Operation 334 'bitcast' 'empty_252' <Predicate = true> <Delay = 0.00>
ST_17 : Operation 335 [1/1] (0.00ns)   --->   "%empty_253 = bitcast i32 %h_load_23"   --->   Operation 335 'bitcast' 'empty_253' <Predicate = true> <Delay = 0.00>
ST_17 : Operation 336 [1/1] (0.00ns)   --->   "%empty_254 = bitcast i32 %h_load_24"   --->   Operation 336 'bitcast' 'empty_254' <Predicate = true> <Delay = 0.00>
ST_17 : Operation 337 [1/1] (0.00ns)   --->   "%empty_255 = bitcast i32 %h_load_25"   --->   Operation 337 'bitcast' 'empty_255' <Predicate = true> <Delay = 0.00>
ST_17 : Operation 338 [1/1] (0.00ns)   --->   "%empty_256 = bitcast i32 %h_load_26"   --->   Operation 338 'bitcast' 'empty_256' <Predicate = true> <Delay = 0.00>
ST_17 : Operation 339 [1/1] (0.00ns)   --->   "%empty_257 = bitcast i32 %h_load_27"   --->   Operation 339 'bitcast' 'empty_257' <Predicate = true> <Delay = 0.00>
ST_17 : Operation 340 [1/1] (0.00ns)   --->   "%empty_258 = bitcast i32 %h_load_28"   --->   Operation 340 'bitcast' 'empty_258' <Predicate = true> <Delay = 0.00>
ST_17 : Operation 341 [1/1] (0.00ns)   --->   "%empty_259 = bitcast i32 %h_load_29"   --->   Operation 341 'bitcast' 'empty_259' <Predicate = true> <Delay = 0.00>
ST_17 : Operation 342 [1/2] ( I:3.25ns O:3.25ns )   --->   "%h_load_30 = load i5 %h_addr_30"   --->   Operation 342 'load' 'h_load_30' <Predicate = true> <Delay = 3.25> <CoreInst = "RAM">   --->   Core 81 'RAM' <Latency = 1> <II = 1> <Delay = 3.25> <Storage> <Opcode : 'load' 'store'> <Ports = 2> <Width = 32> <Depth = 32> <RAM>
ST_17 : Operation 343 [1/1] (0.00ns)   --->   "%empty_260 = bitcast i32 %h_load_30"   --->   Operation 343 'bitcast' 'empty_260' <Predicate = true> <Delay = 0.00>
ST_17 : Operation 344 [1/2] ( I:3.25ns O:3.25ns )   --->   "%h_load_31 = load i5 %h_addr_31"   --->   Operation 344 'load' 'h_load_31' <Predicate = true> <Delay = 3.25> <CoreInst = "RAM">   --->   Core 81 'RAM' <Latency = 1> <II = 1> <Delay = 3.25> <Storage> <Opcode : 'load' 'store'> <Ports = 2> <Width = 32> <Depth = 32> <RAM>
ST_17 : Operation 345 [1/1] (0.00ns)   --->   "%empty_261 = bitcast i32 %h_load_31"   --->   Operation 345 'bitcast' 'empty_261' <Predicate = true> <Delay = 0.00>
ST_17 : Operation 346 [2/2] (0.00ns)   --->   "%call_ln0 = call void @LSTM_step_Pipeline_GATES, i32 %W_f, i32 %U_f, i32 %W_i, i32 %U_i, i32 %W_g, i32 %U_g, i32 %W_o, i32 %U_o, i32 %b_f, i32 %empty, i32 %empty_199, i32 %empty_200, i32 %empty_201, i32 %empty_202, i32 %empty_203, i32 %empty_204, i32 %empty_205, i32 %empty_206, i32 %empty_207, i32 %empty_208, i32 %empty_209, i32 %empty_210, i32 %empty_211, i32 %empty_212, i32 %empty_213, i32 %empty_214, i32 %empty_215, i32 %empty_216, i32 %empty_217, i32 %empty_218, i32 %empty_219, i32 %empty_220, i32 %empty_221, i32 %empty_222, i32 %empty_223, i32 %empty_224, i32 %empty_225, i32 %empty_226, i32 %empty_227, i32 %empty_228, i32 %empty_229, i32 %empty_230, i32 %empty_231, i32 %empty_232, i32 %empty_233, i32 %empty_234, i32 %empty_235, i32 %empty_236, i32 %empty_237, i32 %empty_238, i32 %empty_239, i32 %empty_240, i32 %empty_241, i32 %empty_242, i32 %empty_243, i32 %empty_244, i32 %empty_245, i32 %empty_246, i32 %empty_247, i32 %empty_248, i32 %empty_249, i32 %empty_250, i32 %empty_251, i32 %empty_252, i32 %empty_253, i32 %empty_254, i32 %empty_255, i32 %empty_256, i32 %empty_257, i32 %empty_258, i32 %empty_259, i32 %empty_260, i32 %empty_261, i32 %f, i32 %b_i, i32 %i, i32 %b_g, i32 %g, i32 %b_o, i32 %o, i58 %table_exp_Z1_ap_ufixed_58_1_ap_q_mode_5_ap_o_mode_3_0_array, i26 %table_f_Z3_ap_ufixed_59_0_ap_q_mode_5_ap_o_mode_3_0_array, i42 %table_f_Z2_ap_ufixed_59_0_ap_q_mode_5_ap_o_mode_3_0_array"   --->   Operation 346 'call' 'call_ln0' <Predicate = true> <Delay = 0.00> <CoreType = "Generic">   --->   Generic Core

State 18 <SV = 17> <Delay = 0.00>
ST_18 : Operation 347 [1/2] (0.00ns)   --->   "%call_ln0 = call void @LSTM_step_Pipeline_GATES, i32 %W_f, i32 %U_f, i32 %W_i, i32 %U_i, i32 %W_g, i32 %U_g, i32 %W_o, i32 %U_o, i32 %b_f, i32 %empty, i32 %empty_199, i32 %empty_200, i32 %empty_201, i32 %empty_202, i32 %empty_203, i32 %empty_204, i32 %empty_205, i32 %empty_206, i32 %empty_207, i32 %empty_208, i32 %empty_209, i32 %empty_210, i32 %empty_211, i32 %empty_212, i32 %empty_213, i32 %empty_214, i32 %empty_215, i32 %empty_216, i32 %empty_217, i32 %empty_218, i32 %empty_219, i32 %empty_220, i32 %empty_221, i32 %empty_222, i32 %empty_223, i32 %empty_224, i32 %empty_225, i32 %empty_226, i32 %empty_227, i32 %empty_228, i32 %empty_229, i32 %empty_230, i32 %empty_231, i32 %empty_232, i32 %empty_233, i32 %empty_234, i32 %empty_235, i32 %empty_236, i32 %empty_237, i32 %empty_238, i32 %empty_239, i32 %empty_240, i32 %empty_241, i32 %empty_242, i32 %empty_243, i32 %empty_244, i32 %empty_245, i32 %empty_246, i32 %empty_247, i32 %empty_248, i32 %empty_249, i32 %empty_250, i32 %empty_251, i32 %empty_252, i32 %empty_253, i32 %empty_254, i32 %empty_255, i32 %empty_256, i32 %empty_257, i32 %empty_258, i32 %empty_259, i32 %empty_260, i32 %empty_261, i32 %f, i32 %b_i, i32 %i, i32 %b_g, i32 %g, i32 %b_o, i32 %o, i58 %table_exp_Z1_ap_ufixed_58_1_ap_q_mode_5_ap_o_mode_3_0_array, i26 %table_f_Z3_ap_ufixed_59_0_ap_q_mode_5_ap_o_mode_3_0_array, i42 %table_f_Z2_ap_ufixed_59_0_ap_q_mode_5_ap_o_mode_3_0_array"   --->   Operation 347 'call' 'call_ln0' <Predicate = true> <Delay = 0.00> <CoreType = "Generic">   --->   Generic Core

State 19 <SV = 18> <Delay = 0.00>
ST_19 : Operation 348 [2/2] (0.00ns)   --->   "%call_ln0 = call void @LSTM_step_Pipeline_UPDATE, i32 %f, i32 %c, i32 %i, i32 %g, i32 %o, i32 %h, i58 %table_exp_Z1_ap_ufixed_58_1_ap_q_mode_5_ap_o_mode_3_0_array, i26 %table_f_Z3_ap_ufixed_59_0_ap_q_mode_5_ap_o_mode_3_0_array, i42 %table_f_Z2_ap_ufixed_59_0_ap_q_mode_5_ap_o_mode_3_0_array"   --->   Operation 348 'call' 'call_ln0' <Predicate = true> <Delay = 0.00> <CoreType = "Generic">   --->   Generic Core

State 20 <SV = 19> <Delay = 0.00>
ST_20 : Operation 349 [1/1] (0.00ns)   --->   "%specinterface_ln0 = specinterface void @_ssdm_op_SpecInterface, i32 %c, void @empty, i32 0, i32 0, void @empty_0, i32 4294967295, i32 0, void @empty_0, void @empty_0, void @empty_0, i32 0, i32 0, i32 0, i32 0, void @empty_0, void @empty_0, i32 4294967295, i32 0, i32 0"   --->   Operation 349 'specinterface' 'specinterface_ln0' <Predicate = true> <Delay = 0.00>
ST_20 : Operation 350 [1/1] (0.00ns)   --->   "%specinterface_ln0 = specinterface void @_ssdm_op_SpecInterface, i32 %h, void @empty, i32 0, i32 0, void @empty_0, i32 4294967295, i32 0, void @empty_0, void @empty_0, void @empty_0, i32 0, i32 0, i32 0, i32 0, void @empty_0, void @empty_0, i32 4294967295, i32 0, i32 0"   --->   Operation 350 'specinterface' 'specinterface_ln0' <Predicate = true> <Delay = 0.00>
ST_20 : Operation 351 [1/1] (0.00ns)   --->   "%specinterface_ln0 = specinterface void @_ssdm_op_SpecInterface, i32 %x, void @empty, i32 0, i32 0, void @empty_0, i32 4294967295, i32 0, void @empty_0, void @empty_0, void @empty_0, i32 0, i32 0, i32 0, i32 0, void @empty_0, void @empty_0, i32 4294967295, i32 0, i32 0"   --->   Operation 351 'specinterface' 'specinterface_ln0' <Predicate = true> <Delay = 0.00>
ST_20 : Operation 352 [1/1] (0.00ns)   --->   "%specinterface_ln0 = specinterface void @_ssdm_op_SpecInterface, i32 %b_o, void @empty, i32 0, i32 0, void @empty_0, i32 4294967295, i32 0, void @empty_0, void @empty_0, void @empty_0, i32 0, i32 0, i32 0, i32 0, void @empty_0, void @empty_0, i32 4294967295, i32 0, i32 0"   --->   Operation 352 'specinterface' 'specinterface_ln0' <Predicate = true> <Delay = 0.00>
ST_20 : Operation 353 [1/1] (0.00ns)   --->   "%specinterface_ln0 = specinterface void @_ssdm_op_SpecInterface, i32 %U_o, void @empty, i32 0, i32 0, void @empty_0, i32 4294967295, i32 0, void @empty_0, void @empty_0, void @empty_0, i32 0, i32 0, i32 0, i32 0, void @empty_0, void @empty_0, i32 4294967295, i32 0, i32 0"   --->   Operation 353 'specinterface' 'specinterface_ln0' <Predicate = true> <Delay = 0.00>
ST_20 : Operation 354 [1/1] (0.00ns)   --->   "%specinterface_ln0 = specinterface void @_ssdm_op_SpecInterface, i32 %W_o, void @empty, i32 0, i32 0, void @empty_0, i32 4294967295, i32 0, void @empty_0, void @empty_0, void @empty_0, i32 0, i32 0, i32 0, i32 0, void @empty_0, void @empty_0, i32 4294967295, i32 0, i32 0"   --->   Operation 354 'specinterface' 'specinterface_ln0' <Predicate = true> <Delay = 0.00>
ST_20 : Operation 355 [1/1] (0.00ns)   --->   "%specinterface_ln0 = specinterface void @_ssdm_op_SpecInterface, i32 %b_g, void @empty, i32 0, i32 0, void @empty_0, i32 4294967295, i32 0, void @empty_0, void @empty_0, void @empty_0, i32 0, i32 0, i32 0, i32 0, void @empty_0, void @empty_0, i32 4294967295, i32 0, i32 0"   --->   Operation 355 'specinterface' 'specinterface_ln0' <Predicate = true> <Delay = 0.00>
ST_20 : Operation 356 [1/1] (0.00ns)   --->   "%specinterface_ln0 = specinterface void @_ssdm_op_SpecInterface, i32 %U_g, void @empty, i32 0, i32 0, void @empty_0, i32 4294967295, i32 0, void @empty_0, void @empty_0, void @empty_0, i32 0, i32 0, i32 0, i32 0, void @empty_0, void @empty_0, i32 4294967295, i32 0, i32 0"   --->   Operation 356 'specinterface' 'specinterface_ln0' <Predicate = true> <Delay = 0.00>
ST_20 : Operation 357 [1/1] (0.00ns)   --->   "%specinterface_ln0 = specinterface void @_ssdm_op_SpecInterface, i32 %W_g, void @empty, i32 0, i32 0, void @empty_0, i32 4294967295, i32 0, void @empty_0, void @empty_0, void @empty_0, i32 0, i32 0, i32 0, i32 0, void @empty_0, void @empty_0, i32 4294967295, i32 0, i32 0"   --->   Operation 357 'specinterface' 'specinterface_ln0' <Predicate = true> <Delay = 0.00>
ST_20 : Operation 358 [1/1] (0.00ns)   --->   "%specinterface_ln0 = specinterface void @_ssdm_op_SpecInterface, i32 %b_i, void @empty, i32 0, i32 0, void @empty_0, i32 4294967295, i32 0, void @empty_0, void @empty_0, void @empty_0, i32 0, i32 0, i32 0, i32 0, void @empty_0, void @empty_0, i32 4294967295, i32 0, i32 0"   --->   Operation 358 'specinterface' 'specinterface_ln0' <Predicate = true> <Delay = 0.00>
ST_20 : Operation 359 [1/1] (0.00ns)   --->   "%specinterface_ln0 = specinterface void @_ssdm_op_SpecInterface, i32 %U_i, void @empty, i32 0, i32 0, void @empty_0, i32 4294967295, i32 0, void @empty_0, void @empty_0, void @empty_0, i32 0, i32 0, i32 0, i32 0, void @empty_0, void @empty_0, i32 4294967295, i32 0, i32 0"   --->   Operation 359 'specinterface' 'specinterface_ln0' <Predicate = true> <Delay = 0.00>
ST_20 : Operation 360 [1/1] (0.00ns)   --->   "%specinterface_ln0 = specinterface void @_ssdm_op_SpecInterface, i32 %W_i, void @empty, i32 0, i32 0, void @empty_0, i32 4294967295, i32 0, void @empty_0, void @empty_0, void @empty_0, i32 0, i32 0, i32 0, i32 0, void @empty_0, void @empty_0, i32 4294967295, i32 0, i32 0"   --->   Operation 360 'specinterface' 'specinterface_ln0' <Predicate = true> <Delay = 0.00>
ST_20 : Operation 361 [1/1] (0.00ns)   --->   "%specinterface_ln0 = specinterface void @_ssdm_op_SpecInterface, i32 %b_f, void @empty, i32 0, i32 0, void @empty_0, i32 4294967295, i32 0, void @empty_0, void @empty_0, void @empty_0, i32 0, i32 0, i32 0, i32 0, void @empty_0, void @empty_0, i32 4294967295, i32 0, i32 0"   --->   Operation 361 'specinterface' 'specinterface_ln0' <Predicate = true> <Delay = 0.00>
ST_20 : Operation 362 [1/1] (0.00ns)   --->   "%specinterface_ln0 = specinterface void @_ssdm_op_SpecInterface, i32 %U_f, void @empty, i32 0, i32 0, void @empty_0, i32 4294967295, i32 0, void @empty_0, void @empty_0, void @empty_0, i32 0, i32 0, i32 0, i32 0, void @empty_0, void @empty_0, i32 4294967295, i32 0, i32 0"   --->   Operation 362 'specinterface' 'specinterface_ln0' <Predicate = true> <Delay = 0.00>
ST_20 : Operation 363 [1/1] (0.00ns)   --->   "%specinterface_ln0 = specinterface void @_ssdm_op_SpecInterface, i32 %W_f, void @empty, i32 0, i32 0, void @empty_0, i32 4294967295, i32 0, void @empty_0, void @empty_0, void @empty_0, i32 0, i32 0, i32 0, i32 0, void @empty_0, void @empty_0, i32 4294967295, i32 0, i32 0"   --->   Operation 363 'specinterface' 'specinterface_ln0' <Predicate = true> <Delay = 0.00>
ST_20 : Operation 364 [1/2] (0.00ns)   --->   "%call_ln0 = call void @LSTM_step_Pipeline_UPDATE, i32 %f, i32 %c, i32 %i, i32 %g, i32 %o, i32 %h, i58 %table_exp_Z1_ap_ufixed_58_1_ap_q_mode_5_ap_o_mode_3_0_array, i26 %table_f_Z3_ap_ufixed_59_0_ap_q_mode_5_ap_o_mode_3_0_array, i42 %table_f_Z2_ap_ufixed_59_0_ap_q_mode_5_ap_o_mode_3_0_array"   --->   Operation 364 'call' 'call_ln0' <Predicate = true> <Delay = 0.00> <CoreType = "Generic">   --->   Generic Core
ST_20 : Operation 365 [1/1] (0.00ns)   --->   "%ret_ln52 = ret" [LSTM.cpp:52]   --->   Operation 365 'ret' 'ret_ln52' <Predicate = true> <Delay = 0.00>


============================================================
+ Verbose Summary: Binding
============================================================
STG Binding: 
---------------- STG Properties BEGIN ----------------
- Is combinational: 0
- Is one-state seq: 0
- Is datapath-only: 0
- Is pipelined: 0
- Is top level: 0
Port [ Return ] is wired: 1; IO mode=ap_ctrl_hs:ce=0
Port [ W_f]:  wired=1; compound=1; hidden=0; nouse=0; global=0; static=0; extern=0; dir=0; type=1; pingpong=0; private_global=0; MemPort=[11]; IO mode=ap_memory:ce=0
Port [ U_f]:  wired=1; compound=1; hidden=0; nouse=0; global=0; static=0; extern=0; dir=0; type=1; pingpong=0; private_global=0; MemPort=[11]; IO mode=ap_memory:ce=0
Port [ b_f]:  wired=1; compound=1; hidden=0; nouse=0; global=0; static=0; extern=0; dir=0; type=1; pingpong=0; private_global=0; MemPort=[13]; IO mode=ap_memory:ce=0
Port [ W_i]:  wired=1; compound=1; hidden=0; nouse=0; global=0; static=0; extern=0; dir=0; type=1; pingpong=0; private_global=0; MemPort=[11]; IO mode=ap_memory:ce=0
Port [ U_i]:  wired=1; compound=1; hidden=0; nouse=0; global=0; static=0; extern=0; dir=0; type=1; pingpong=0; private_global=0; MemPort=[11]; IO mode=ap_memory:ce=0
Port [ b_i]:  wired=1; compound=1; hidden=0; nouse=0; global=0; static=0; extern=0; dir=0; type=1; pingpong=0; private_global=0; MemPort=[13]; IO mode=ap_memory:ce=0
Port [ W_g]:  wired=1; compound=1; hidden=0; nouse=0; global=0; static=0; extern=0; dir=0; type=1; pingpong=0; private_global=0; MemPort=[11]; IO mode=ap_memory:ce=0
Port [ U_g]:  wired=1; compound=1; hidden=0; nouse=0; global=0; static=0; extern=0; dir=0; type=1; pingpong=0; private_global=0; MemPort=[11]; IO mode=ap_memory:ce=0
Port [ b_g]:  wired=1; compound=1; hidden=0; nouse=0; global=0; static=0; extern=0; dir=0; type=1; pingpong=0; private_global=0; MemPort=[13]; IO mode=ap_memory:ce=0
Port [ W_o]:  wired=1; compound=1; hidden=0; nouse=0; global=0; static=0; extern=0; dir=0; type=1; pingpong=0; private_global=0; MemPort=[11]; IO mode=ap_memory:ce=0
Port [ U_o]:  wired=1; compound=1; hidden=0; nouse=0; global=0; static=0; extern=0; dir=0; type=1; pingpong=0; private_global=0; MemPort=[11]; IO mode=ap_memory:ce=0
Port [ b_o]:  wired=1; compound=1; hidden=0; nouse=0; global=0; static=0; extern=0; dir=0; type=1; pingpong=0; private_global=0; MemPort=[13]; IO mode=ap_memory:ce=0
Port [ x]:  wired=1; compound=1; hidden=0; nouse=0; global=0; static=0; extern=0; dir=0; type=1; pingpong=0; private_global=0; MemPort=[11]; IO mode=ap_memory:ce=0
Port [ x1]:  wired=1; compound=0; hidden=0; nouse=0; global=0; static=0; extern=0; dir=0; type=0; pingpong=0; private_global=0; IO mode=ap_none:ce=0
Port [ h]:  wired=1; compound=1; hidden=0; nouse=0; global=0; static=0; extern=0; dir=2; type=1; pingpong=0; private_global=0; MemPort=[21]; IO mode=ap_memory:ce=0
Port [ c]:  wired=1; compound=1; hidden=0; nouse=0; global=0; static=0; extern=0; dir=2; type=1; pingpong=0; private_global=0; MemPort=[01]; IO mode=ap_memory:ce=0
Port [ table_exp_Z1_ap_ufixed_58_1_ap_q_mode_5_ap_o_mode_3_0_array]:  wired=0; compound=1; hidden=1; nouse=1; global=1; static=1; extern=0; dir=0; type=1; pingpong=0; private_global=1; MemPort=[1]; IO mode=ap_memory:ce=0
Port [ table_f_Z3_ap_ufixed_59_0_ap_q_mode_5_ap_o_mode_3_0_array]:  wired=0; compound=1; hidden=1; nouse=1; global=1; static=1; extern=0; dir=0; type=1; pingpong=0; private_global=1; MemPort=[11]; IO mode=ap_memory:ce=0
Port [ table_f_Z2_ap_ufixed_59_0_ap_q_mode_5_ap_o_mode_3_0_array]:  wired=0; compound=1; hidden=1; nouse=1; global=1; static=1; extern=0; dir=0; type=1; pingpong=0; private_global=1; MemPort=[1]; IO mode=ap_memory:ce=0
---------------- STG Properties END ------------------

---------------- Datapath Model BEGIN ----------------

<LifeTime>
<method=bitvector/>
x1_read           (read          ) [ 001111111111111110000]
tmp_13            (bitconcatenate) [ 000000000000000000000]
tmp_13_cast       (zext          ) [ 000000000000000000000]
x_addr            (getelementptr ) [ 001000000000000000000]
tmp_14            (bitconcatenate) [ 000000000000000000000]
tmp_14_cast       (zext          ) [ 000000000000000000000]
x_addr_1          (getelementptr ) [ 001000000000000000000]
f                 (alloca        ) [ 001111111111111111111]
i                 (alloca        ) [ 001111111111111111111]
g                 (alloca        ) [ 001111111111111111111]
o                 (alloca        ) [ 001111111111111111111]
h_addr            (getelementptr ) [ 001000000000000000000]
h_addr_1          (getelementptr ) [ 001000000000000000000]
tmp_15            (bitconcatenate) [ 000000000000000000000]
tmp_15_cast       (zext          ) [ 000000000000000000000]
x_addr_2          (getelementptr ) [ 000100000000000000000]
tmp_16            (bitconcatenate) [ 000000000000000000000]
tmp_16_cast       (zext          ) [ 000000000000000000000]
x_addr_3          (getelementptr ) [ 000100000000000000000]
x_load            (load          ) [ 000111111111111111000]
x_load_1          (load          ) [ 000111111111111111000]
h_load            (load          ) [ 000111111111111111000]
h_load_1          (load          ) [ 000111111111111111000]
h_addr_2          (getelementptr ) [ 000100000000000000000]
h_addr_3          (getelementptr ) [ 000100000000000000000]
tmp_17            (bitconcatenate) [ 000000000000000000000]
tmp_17_cast       (zext          ) [ 000000000000000000000]
x_addr_4          (getelementptr ) [ 000010000000000000000]
tmp_18            (bitconcatenate) [ 000000000000000000000]
tmp_18_cast       (zext          ) [ 000000000000000000000]
x_addr_5          (getelementptr ) [ 000010000000000000000]
x_load_2          (load          ) [ 000011111111111111000]
x_load_3          (load          ) [ 000011111111111111000]
h_load_2          (load          ) [ 000011111111111111000]
h_load_3          (load          ) [ 000011111111111111000]
h_addr_4          (getelementptr ) [ 000010000000000000000]
h_addr_5          (getelementptr ) [ 000010000000000000000]
tmp_19            (bitconcatenate) [ 000000000000000000000]
tmp_19_cast       (zext          ) [ 000000000000000000000]
x_addr_6          (getelementptr ) [ 000001000000000000000]
tmp_20            (bitconcatenate) [ 000000000000000000000]
tmp_20_cast       (zext          ) [ 000000000000000000000]
x_addr_7          (getelementptr ) [ 000001000000000000000]
x_load_4          (load          ) [ 000001111111111111000]
x_load_5          (load          ) [ 000001111111111111000]
h_load_4          (load          ) [ 000001111111111111000]
h_load_5          (load          ) [ 000001111111111111000]
h_addr_6          (getelementptr ) [ 000001000000000000000]
h_addr_7          (getelementptr ) [ 000001000000000000000]
tmp_21            (bitconcatenate) [ 000000000000000000000]
tmp_21_cast       (zext          ) [ 000000000000000000000]
x_addr_8          (getelementptr ) [ 000000100000000000000]
tmp_22            (bitconcatenate) [ 000000000000000000000]
tmp_22_cast       (zext          ) [ 000000000000000000000]
x_addr_9          (getelementptr ) [ 000000100000000000000]
x_load_6          (load          ) [ 000000111111111111000]
x_load_7          (load          ) [ 000000111111111111000]
h_load_6          (load          ) [ 000000111111111111000]
h_load_7          (load          ) [ 000000111111111111000]
h_addr_8          (getelementptr ) [ 000000100000000000000]
h_addr_9          (getelementptr ) [ 000000100000000000000]
tmp_23            (bitconcatenate) [ 000000000000000000000]
tmp_23_cast       (zext          ) [ 000000000000000000000]
x_addr_10         (getelementptr ) [ 000000010000000000000]
tmp_24            (bitconcatenate) [ 000000000000000000000]
tmp_24_cast       (zext          ) [ 000000000000000000000]
x_addr_11         (getelementptr ) [ 000000010000000000000]
x_load_8          (load          ) [ 000000011111111111000]
x_load_9          (load          ) [ 000000011111111111000]
h_load_8          (load          ) [ 000000011111111111000]
h_load_9          (load          ) [ 000000011111111111000]
h_addr_10         (getelementptr ) [ 000000010000000000000]
h_addr_11         (getelementptr ) [ 000000010000000000000]
tmp_25            (bitconcatenate) [ 000000000000000000000]
tmp_25_cast       (zext          ) [ 000000000000000000000]
x_addr_12         (getelementptr ) [ 000000001000000000000]
tmp_26            (bitconcatenate) [ 000000000000000000000]
tmp_26_cast       (zext          ) [ 000000000000000000000]
x_addr_13         (getelementptr ) [ 000000001000000000000]
x_load_10         (load          ) [ 000000001111111111000]
x_load_11         (load          ) [ 000000001111111111000]
h_load_10         (load          ) [ 000000001111111111000]
h_load_11         (load          ) [ 000000001111111111000]
h_addr_12         (getelementptr ) [ 000000001000000000000]
h_addr_13         (getelementptr ) [ 000000001000000000000]
tmp_27            (bitconcatenate) [ 000000000000000000000]
tmp_27_cast       (zext          ) [ 000000000000000000000]
x_addr_14         (getelementptr ) [ 000000000100000000000]
tmp_28            (bitconcatenate) [ 000000000000000000000]
tmp_28_cast       (zext          ) [ 000000000000000000000]
x_addr_15         (getelementptr ) [ 000000000100000000000]
x_load_12         (load          ) [ 000000000111111111000]
x_load_13         (load          ) [ 000000000111111111000]
h_load_12         (load          ) [ 000000000111111111000]
h_load_13         (load          ) [ 000000000111111111000]
h_addr_14         (getelementptr ) [ 000000000100000000000]
h_addr_15         (getelementptr ) [ 000000000100000000000]
tmp_29            (bitconcatenate) [ 000000000000000000000]
tmp_29_cast       (zext          ) [ 000000000000000000000]
x_addr_16         (getelementptr ) [ 000000000010000000000]
tmp_30            (bitconcatenate) [ 000000000000000000000]
tmp_30_cast       (zext          ) [ 000000000000000000000]
x_addr_17         (getelementptr ) [ 000000000010000000000]
x_load_14         (load          ) [ 000000000011111111000]
x_load_15         (load          ) [ 000000000011111111000]
h_load_14         (load          ) [ 000000000011111111000]
h_load_15         (load          ) [ 000000000011111111000]
h_addr_16         (getelementptr ) [ 000000000010000000000]
h_addr_17         (getelementptr ) [ 000000000010000000000]
tmp_31            (bitconcatenate) [ 000000000000000000000]
tmp_31_cast       (zext          ) [ 000000000000000000000]
x_addr_18         (getelementptr ) [ 000000000001000000000]
tmp_32            (bitconcatenate) [ 000000000000000000000]
tmp_32_cast       (zext          ) [ 000000000000000000000]
x_addr_19         (getelementptr ) [ 000000000001000000000]
x_load_16         (load          ) [ 000000000001111111000]
x_load_17         (load          ) [ 000000000001111111000]
h_load_16         (load          ) [ 000000000001111111000]
h_load_17         (load          ) [ 000000000001111111000]
h_addr_18         (getelementptr ) [ 000000000001000000000]
h_addr_19         (getelementptr ) [ 000000000001000000000]
tmp_33            (bitconcatenate) [ 000000000000000000000]
tmp_33_cast       (zext          ) [ 000000000000000000000]
x_addr_20         (getelementptr ) [ 000000000000100000000]
tmp_34            (bitconcatenate) [ 000000000000000000000]
tmp_34_cast       (zext          ) [ 000000000000000000000]
x_addr_21         (getelementptr ) [ 000000000000100000000]
x_load_18         (load          ) [ 000000000000111111000]
x_load_19         (load          ) [ 000000000000111111000]
h_load_18         (load          ) [ 000000000000111111000]
h_load_19         (load          ) [ 000000000000111111000]
h_addr_20         (getelementptr ) [ 000000000000100000000]
h_addr_21         (getelementptr ) [ 000000000000100000000]
tmp_35            (bitconcatenate) [ 000000000000000000000]
tmp_35_cast       (zext          ) [ 000000000000000000000]
x_addr_22         (getelementptr ) [ 000000000000010000000]
tmp_36            (bitconcatenate) [ 000000000000000000000]
tmp_36_cast       (zext          ) [ 000000000000000000000]
x_addr_23         (getelementptr ) [ 000000000000010000000]
x_load_20         (load          ) [ 000000000000011111000]
x_load_21         (load          ) [ 000000000000011111000]
h_load_20         (load          ) [ 000000000000011111000]
h_load_21         (load          ) [ 000000000000011111000]
h_addr_22         (getelementptr ) [ 000000000000010000000]
h_addr_23         (getelementptr ) [ 000000000000010000000]
tmp_37            (bitconcatenate) [ 000000000000000000000]
tmp_37_cast       (zext          ) [ 000000000000000000000]
x_addr_24         (getelementptr ) [ 000000000000001000000]
tmp_38            (bitconcatenate) [ 000000000000000000000]
tmp_38_cast       (zext          ) [ 000000000000000000000]
x_addr_25         (getelementptr ) [ 000000000000001000000]
x_load_22         (load          ) [ 000000000000001111000]
x_load_23         (load          ) [ 000000000000001111000]
h_load_22         (load          ) [ 000000000000001111000]
h_load_23         (load          ) [ 000000000000001111000]
h_addr_24         (getelementptr ) [ 000000000000001000000]
h_addr_25         (getelementptr ) [ 000000000000001000000]
tmp_39            (bitconcatenate) [ 000000000000000000000]
tmp_39_cast       (zext          ) [ 000000000000000000000]
x_addr_26         (getelementptr ) [ 000000000000000100000]
tmp_40            (bitconcatenate) [ 000000000000000000000]
tmp_40_cast       (zext          ) [ 000000000000000000000]
x_addr_27         (getelementptr ) [ 000000000000000100000]
x_load_24         (load          ) [ 000000000000000111000]
x_load_25         (load          ) [ 000000000000000111000]
h_load_24         (load          ) [ 000000000000000111000]
h_load_25         (load          ) [ 000000000000000111000]
h_addr_26         (getelementptr ) [ 000000000000000100000]
h_addr_27         (getelementptr ) [ 000000000000000100000]
tmp_41            (bitconcatenate) [ 000000000000000000000]
tmp_41_cast       (zext          ) [ 000000000000000000000]
x_addr_28         (getelementptr ) [ 000000000000000010000]
tmp_42            (bitconcatenate) [ 000000000000000000000]
tmp_42_cast       (zext          ) [ 000000000000000000000]
x_addr_29         (getelementptr ) [ 000000000000000010000]
x_load_26         (load          ) [ 000000000000000011000]
x_load_27         (load          ) [ 000000000000000011000]
h_load_26         (load          ) [ 000000000000000011000]
h_load_27         (load          ) [ 000000000000000011000]
h_addr_28         (getelementptr ) [ 000000000000000010000]
h_addr_29         (getelementptr ) [ 000000000000000010000]
tmp_43            (bitconcatenate) [ 000000000000000000000]
tmp_43_cast       (zext          ) [ 000000000000000000000]
x_addr_30         (getelementptr ) [ 000000000000000001000]
tmp_44            (bitconcatenate) [ 000000000000000000000]
tmp_44_cast       (zext          ) [ 000000000000000000000]
x_addr_31         (getelementptr ) [ 000000000000000001000]
x_load_28         (load          ) [ 000000000000000001000]
x_load_29         (load          ) [ 000000000000000001000]
h_load_28         (load          ) [ 000000000000000001000]
h_load_29         (load          ) [ 000000000000000001000]
h_addr_30         (getelementptr ) [ 000000000000000001000]
h_addr_31         (getelementptr ) [ 000000000000000001000]
empty             (bitcast       ) [ 000000000000000000100]
empty_199         (bitcast       ) [ 000000000000000000100]
empty_200         (bitcast       ) [ 000000000000000000100]
empty_201         (bitcast       ) [ 000000000000000000100]
empty_202         (bitcast       ) [ 000000000000000000100]
empty_203         (bitcast       ) [ 000000000000000000100]
empty_204         (bitcast       ) [ 000000000000000000100]
empty_205         (bitcast       ) [ 000000000000000000100]
empty_206         (bitcast       ) [ 000000000000000000100]
empty_207         (bitcast       ) [ 000000000000000000100]
empty_208         (bitcast       ) [ 000000000000000000100]
empty_209         (bitcast       ) [ 000000000000000000100]
empty_210         (bitcast       ) [ 000000000000000000100]
empty_211         (bitcast       ) [ 000000000000000000100]
empty_212         (bitcast       ) [ 000000000000000000100]
empty_213         (bitcast       ) [ 000000000000000000100]
empty_214         (bitcast       ) [ 000000000000000000100]
empty_215         (bitcast       ) [ 000000000000000000100]
empty_216         (bitcast       ) [ 000000000000000000100]
empty_217         (bitcast       ) [ 000000000000000000100]
empty_218         (bitcast       ) [ 000000000000000000100]
empty_219         (bitcast       ) [ 000000000000000000100]
empty_220         (bitcast       ) [ 000000000000000000100]
empty_221         (bitcast       ) [ 000000000000000000100]
empty_222         (bitcast       ) [ 000000000000000000100]
empty_223         (bitcast       ) [ 000000000000000000100]
empty_224         (bitcast       ) [ 000000000000000000100]
empty_225         (bitcast       ) [ 000000000000000000100]
empty_226         (bitcast       ) [ 000000000000000000100]
empty_227         (bitcast       ) [ 000000000000000000100]
x_load_30         (load          ) [ 000000000000000000000]
empty_228         (bitcast       ) [ 000000000000000000100]
x_load_31         (load          ) [ 000000000000000000000]
empty_229         (bitcast       ) [ 000000000000000000100]
empty_230         (bitcast       ) [ 000000000000000000100]
empty_231         (bitcast       ) [ 000000000000000000100]
empty_232         (bitcast       ) [ 000000000000000000100]
empty_233         (bitcast       ) [ 000000000000000000100]
empty_234         (bitcast       ) [ 000000000000000000100]
empty_235         (bitcast       ) [ 000000000000000000100]
empty_236         (bitcast       ) [ 000000000000000000100]
empty_237         (bitcast       ) [ 000000000000000000100]
empty_238         (bitcast       ) [ 000000000000000000100]
empty_239         (bitcast       ) [ 000000000000000000100]
empty_240         (bitcast       ) [ 000000000000000000100]
empty_241         (bitcast       ) [ 000000000000000000100]
empty_242         (bitcast       ) [ 000000000000000000100]
empty_243         (bitcast       ) [ 000000000000000000100]
empty_244         (bitcast       ) [ 000000000000000000100]
empty_245         (bitcast       ) [ 000000000000000000100]
empty_246         (bitcast       ) [ 000000000000000000100]
empty_247         (bitcast       ) [ 000000000000000000100]
empty_248         (bitcast       ) [ 000000000000000000100]
empty_249         (bitcast       ) [ 000000000000000000100]
empty_250         (bitcast       ) [ 000000000000000000100]
empty_251         (bitcast       ) [ 000000000000000000100]
empty_252         (bitcast       ) [ 000000000000000000100]
empty_253         (bitcast       ) [ 000000000000000000100]
empty_254         (bitcast       ) [ 000000000000000000100]
empty_255         (bitcast       ) [ 000000000000000000100]
empty_256         (bitcast       ) [ 000000000000000000100]
empty_257         (bitcast       ) [ 000000000000000000100]
empty_258         (bitcast       ) [ 000000000000000000100]
empty_259         (bitcast       ) [ 000000000000000000100]
h_load_30         (load          ) [ 000000000000000000000]
empty_260         (bitcast       ) [ 000000000000000000100]
h_load_31         (load          ) [ 000000000000000000000]
empty_261         (bitcast       ) [ 000000000000000000100]
call_ln0          (call          ) [ 000000000000000000000]
specinterface_ln0 (specinterface ) [ 000000000000000000000]
specinterface_ln0 (specinterface ) [ 000000000000000000000]
specinterface_ln0 (specinterface ) [ 000000000000000000000]
specinterface_ln0 (specinterface ) [ 000000000000000000000]
specinterface_ln0 (specinterface ) [ 000000000000000000000]
specinterface_ln0 (specinterface ) [ 000000000000000000000]
specinterface_ln0 (specinterface ) [ 000000000000000000000]
specinterface_ln0 (specinterface ) [ 000000000000000000000]
specinterface_ln0 (specinterface ) [ 000000000000000000000]
specinterface_ln0 (specinterface ) [ 000000000000000000000]
specinterface_ln0 (specinterface ) [ 000000000000000000000]
specinterface_ln0 (specinterface ) [ 000000000000000000000]
specinterface_ln0 (specinterface ) [ 000000000000000000000]
specinterface_ln0 (specinterface ) [ 000000000000000000000]
specinterface_ln0 (specinterface ) [ 000000000000000000000]
call_ln0          (call          ) [ 000000000000000000000]
ret_ln52          (ret           ) [ 000000000000000000000]
</LifeTime>

<model>

<comp_list>
<comp id="0" class="1000" name="W_f">
<pin_list>
<pin id="1" dir="1" index="0" bw="1" slack="0"/>
</pin_list>
<bind>
<StgValue><ssdm name="W_f"/><MemPortTyVec>1 1 </MemPortTyVec>
</StgValue>
</bind>
</comp>

<comp id="2" class="1000" name="U_f">
<pin_list>
<pin id="3" dir="1" index="0" bw="1" slack="0"/>
</pin_list>
<bind>
<StgValue><ssdm name="U_f"/><MemPortTyVec>1 1 </MemPortTyVec>
</StgValue>
</bind>
</comp>

<comp id="4" class="1000" name="b_f">
<pin_list>
<pin id="5" dir="1" index="0" bw="1" slack="0"/>
</pin_list>
<bind>
<StgValue><ssdm name="b_f"/><MemPortTyVec>1 3 </MemPortTyVec>
</StgValue>
</bind>
</comp>

<comp id="6" class="1000" name="W_i">
<pin_list>
<pin id="7" dir="1" index="0" bw="1" slack="0"/>
</pin_list>
<bind>
<StgValue><ssdm name="W_i"/><MemPortTyVec>1 1 </MemPortTyVec>
</StgValue>
</bind>
</comp>

<comp id="8" class="1000" name="U_i">
<pin_list>
<pin id="9" dir="1" index="0" bw="1" slack="0"/>
</pin_list>
<bind>
<StgValue><ssdm name="U_i"/><MemPortTyVec>1 1 </MemPortTyVec>
</StgValue>
</bind>
</comp>

<comp id="10" class="1000" name="b_i">
<pin_list>
<pin id="11" dir="1" index="0" bw="1" slack="0"/>
</pin_list>
<bind>
<StgValue><ssdm name="b_i"/><MemPortTyVec>1 3 </MemPortTyVec>
</StgValue>
</bind>
</comp>

<comp id="12" class="1000" name="W_g">
<pin_list>
<pin id="13" dir="1" index="0" bw="1" slack="0"/>
</pin_list>
<bind>
<StgValue><ssdm name="W_g"/><MemPortTyVec>1 1 </MemPortTyVec>
</StgValue>
</bind>
</comp>

<comp id="14" class="1000" name="U_g">
<pin_list>
<pin id="15" dir="1" index="0" bw="1" slack="0"/>
</pin_list>
<bind>
<StgValue><ssdm name="U_g"/><MemPortTyVec>1 1 </MemPortTyVec>
</StgValue>
</bind>
</comp>

<comp id="16" class="1000" name="b_g">
<pin_list>
<pin id="17" dir="1" index="0" bw="1" slack="0"/>
</pin_list>
<bind>
<StgValue><ssdm name="b_g"/><MemPortTyVec>1 3 </MemPortTyVec>
</StgValue>
</bind>
</comp>

<comp id="18" class="1000" name="W_o">
<pin_list>
<pin id="19" dir="1" index="0" bw="1" slack="0"/>
</pin_list>
<bind>
<StgValue><ssdm name="W_o"/><MemPortTyVec>1 1 </MemPortTyVec>
</StgValue>
</bind>
</comp>

<comp id="20" class="1000" name="U_o">
<pin_list>
<pin id="21" dir="1" index="0" bw="1" slack="0"/>
</pin_list>
<bind>
<StgValue><ssdm name="U_o"/><MemPortTyVec>1 1 </MemPortTyVec>
</StgValue>
</bind>
</comp>

<comp id="22" class="1000" name="b_o">
<pin_list>
<pin id="23" dir="1" index="0" bw="1" slack="0"/>
</pin_list>
<bind>
<StgValue><ssdm name="b_o"/><MemPortTyVec>1 3 </MemPortTyVec>
</StgValue>
</bind>
</comp>

<comp id="24" class="1000" name="x">
<pin_list>
<pin id="25" dir="1" index="0" bw="1" slack="0"/>
</pin_list>
<bind>
<StgValue><ssdm name="x"/><MemPortTyVec>1 1 </MemPortTyVec>
</StgValue>
</bind>
</comp>

<comp id="26" class="1000" name="x1">
<pin_list>
<pin id="27" dir="1" index="0" bw="1" slack="0"/>
</pin_list>
<bind>
<StgValue><ssdm name="x1"/></StgValue>
</bind>
</comp>

<comp id="28" class="1000" name="h">
<pin_list>
<pin id="29" dir="1" index="0" bw="1" slack="0"/>
</pin_list>
<bind>
<StgValue><ssdm name="h"/><MemPortTyVec>2 1 </MemPortTyVec>
</StgValue>
</bind>
</comp>

<comp id="30" class="1000" name="c">
<pin_list>
<pin id="31" dir="1" index="0" bw="1" slack="0"/>
</pin_list>
<bind>
<StgValue><ssdm name="c"/><MemPortTyVec>0 1 </MemPortTyVec>
</StgValue>
</bind>
</comp>

<comp id="32" class="1000" name="table_exp_Z1_ap_ufixed_58_1_ap_q_mode_5_ap_o_mode_3_0_array">
<pin_list>
<pin id="33" dir="1" index="0" bw="1" slack="0"/>
</pin_list>
<bind>
<StgValue><ssdm name="table_exp_Z1_ap_ufixed_58_1_ap_q_mode_5_ap_o_mode_3_0_array"/><MemPortTyVec>1 </MemPortTyVec>
</StgValue>
</bind>
</comp>

<comp id="34" class="1000" name="table_f_Z3_ap_ufixed_59_0_ap_q_mode_5_ap_o_mode_3_0_array">
<pin_list>
<pin id="35" dir="1" index="0" bw="1" slack="0"/>
</pin_list>
<bind>
<StgValue><ssdm name="table_f_Z3_ap_ufixed_59_0_ap_q_mode_5_ap_o_mode_3_0_array"/><MemPortTyVec>1 1 </MemPortTyVec>
</StgValue>
</bind>
</comp>

<comp id="36" class="1000" name="table_f_Z2_ap_ufixed_59_0_ap_q_mode_5_ap_o_mode_3_0_array">
<pin_list>
<pin id="37" dir="1" index="0" bw="1" slack="0"/>
</pin_list>
<bind>
<StgValue><ssdm name="table_f_Z2_ap_ufixed_59_0_ap_q_mode_5_ap_o_mode_3_0_array"/><MemPortTyVec>1 </MemPortTyVec>
</StgValue>
</bind>
</comp>

<comp id="38" class="1001" name="const_38">
<pin_list>
<pin id="39" dir="1" index="0" bw="1" slack="0"/>
</pin_list>
<bind>
<StgValue><ssdm name="_ssdm_op_Read.ap_auto.i3"/></StgValue>
</bind>
</comp>

<comp id="40" class="1001" name="const_40">
<pin_list>
<pin id="41" dir="1" index="0" bw="1" slack="0"/>
</pin_list>
<bind>
<StgValue><ssdm name="_ssdm_op_BitConcatenate.i8.i3.i5"/></StgValue>
</bind>
</comp>

<comp id="42" class="1001" name="const_42">
<pin_list>
<pin id="43" dir="1" index="0" bw="1" slack="0"/>
</pin_list>
<bind>
<StgValue><ssdm name=""/></StgValue>
</bind>
</comp>

<comp id="44" class="1001" name="const_44">
<pin_list>
<pin id="45" dir="1" index="0" bw="1" slack="0"/>
</pin_list>
<bind>
<StgValue><ssdm name=""/></StgValue>
</bind>
</comp>

<comp id="46" class="1001" name="const_46">
<pin_list>
<pin id="47" dir="1" index="0" bw="1" slack="0"/>
</pin_list>
<bind>
<StgValue><ssdm name=""/></StgValue>
</bind>
</comp>

<comp id="48" class="1001" name="const_48">
<pin_list>
<pin id="49" dir="1" index="0" bw="1" slack="0"/>
</pin_list>
<bind>
<StgValue><ssdm name=""/></StgValue>
</bind>
</comp>

<comp id="50" class="1001" name="const_50">
<pin_list>
<pin id="51" dir="1" index="0" bw="1" slack="0"/>
</pin_list>
<bind>
<StgValue><ssdm name=""/></StgValue>
</bind>
</comp>

<comp id="52" class="1001" name="const_52">
<pin_list>
<pin id="53" dir="1" index="0" bw="1" slack="0"/>
</pin_list>
<bind>
<StgValue><ssdm name=""/></StgValue>
</bind>
</comp>

<comp id="54" class="1001" name="const_54">
<pin_list>
<pin id="55" dir="1" index="0" bw="1" slack="0"/>
</pin_list>
<bind>
<StgValue><ssdm name=""/></StgValue>
</bind>
</comp>

<comp id="56" class="1001" name="const_56">
<pin_list>
<pin id="57" dir="1" index="0" bw="1" slack="0"/>
</pin_list>
<bind>
<StgValue><ssdm name=""/></StgValue>
</bind>
</comp>

<comp id="58" class="1001" name="const_58">
<pin_list>
<pin id="59" dir="1" index="0" bw="1" slack="0"/>
</pin_list>
<bind>
<StgValue><ssdm name=""/></StgValue>
</bind>
</comp>

<comp id="60" class="1001" name="const_60">
<pin_list>
<pin id="61" dir="1" index="0" bw="1" slack="0"/>
</pin_list>
<bind>
<StgValue><ssdm name=""/></StgValue>
</bind>
</comp>

<comp id="62" class="1001" name="const_62">
<pin_list>
<pin id="63" dir="1" index="0" bw="1" slack="0"/>
</pin_list>
<bind>
<StgValue><ssdm name=""/></StgValue>
</bind>
</comp>

<comp id="64" class="1001" name="const_64">
<pin_list>
<pin id="65" dir="1" index="0" bw="1" slack="0"/>
</pin_list>
<bind>
<StgValue><ssdm name=""/></StgValue>
</bind>
</comp>

<comp id="66" class="1001" name="const_66">
<pin_list>
<pin id="67" dir="1" index="0" bw="1" slack="0"/>
</pin_list>
<bind>
<StgValue><ssdm name=""/></StgValue>
</bind>
</comp>

<comp id="68" class="1001" name="const_68">
<pin_list>
<pin id="69" dir="1" index="0" bw="1" slack="0"/>
</pin_list>
<bind>
<StgValue><ssdm name=""/></StgValue>
</bind>
</comp>

<comp id="70" class="1001" name="const_70">
<pin_list>
<pin id="71" dir="1" index="0" bw="1" slack="0"/>
</pin_list>
<bind>
<StgValue><ssdm name=""/></StgValue>
</bind>
</comp>

<comp id="72" class="1001" name="const_72">
<pin_list>
<pin id="73" dir="1" index="0" bw="1" slack="0"/>
</pin_list>
<bind>
<StgValue><ssdm name=""/></StgValue>
</bind>
</comp>

<comp id="74" class="1001" name="const_74">
<pin_list>
<pin id="75" dir="1" index="0" bw="1" slack="0"/>
</pin_list>
<bind>
<StgValue><ssdm name=""/></StgValue>
</bind>
</comp>

<comp id="76" class="1001" name="const_76">
<pin_list>
<pin id="77" dir="1" index="0" bw="1" slack="0"/>
</pin_list>
<bind>
<StgValue><ssdm name=""/></StgValue>
</bind>
</comp>

<comp id="78" class="1001" name="const_78">
<pin_list>
<pin id="79" dir="1" index="0" bw="1" slack="0"/>
</pin_list>
<bind>
<StgValue><ssdm name=""/></StgValue>
</bind>
</comp>

<comp id="80" class="1001" name="const_80">
<pin_list>
<pin id="81" dir="1" index="0" bw="1" slack="0"/>
</pin_list>
<bind>
<StgValue><ssdm name=""/></StgValue>
</bind>
</comp>

<comp id="82" class="1001" name="const_82">
<pin_list>
<pin id="83" dir="1" index="0" bw="1" slack="0"/>
</pin_list>
<bind>
<StgValue><ssdm name=""/></StgValue>
</bind>
</comp>

<comp id="84" class="1001" name="const_84">
<pin_list>
<pin id="85" dir="1" index="0" bw="1" slack="0"/>
</pin_list>
<bind>
<StgValue><ssdm name=""/></StgValue>
</bind>
</comp>

<comp id="86" class="1001" name="const_86">
<pin_list>
<pin id="87" dir="1" index="0" bw="1" slack="0"/>
</pin_list>
<bind>
<StgValue><ssdm name=""/></StgValue>
</bind>
</comp>

<comp id="88" class="1001" name="const_88">
<pin_list>
<pin id="89" dir="1" index="0" bw="1" slack="0"/>
</pin_list>
<bind>
<StgValue><ssdm name=""/></StgValue>
</bind>
</comp>

<comp id="90" class="1001" name="const_90">
<pin_list>
<pin id="91" dir="1" index="0" bw="1" slack="0"/>
</pin_list>
<bind>
<StgValue><ssdm name=""/></StgValue>
</bind>
</comp>

<comp id="92" class="1001" name="const_92">
<pin_list>
<pin id="93" dir="1" index="0" bw="1" slack="0"/>
</pin_list>
<bind>
<StgValue><ssdm name=""/></StgValue>
</bind>
</comp>

<comp id="94" class="1001" name="const_94">
<pin_list>
<pin id="95" dir="1" index="0" bw="1" slack="0"/>
</pin_list>
<bind>
<StgValue><ssdm name=""/></StgValue>
</bind>
</comp>

<comp id="96" class="1001" name="const_96">
<pin_list>
<pin id="97" dir="1" index="0" bw="1" slack="0"/>
</pin_list>
<bind>
<StgValue><ssdm name=""/></StgValue>
</bind>
</comp>

<comp id="98" class="1001" name="const_98">
<pin_list>
<pin id="99" dir="1" index="0" bw="1" slack="0"/>
</pin_list>
<bind>
<StgValue><ssdm name=""/></StgValue>
</bind>
</comp>

<comp id="100" class="1001" name="const_100">
<pin_list>
<pin id="101" dir="1" index="0" bw="1" slack="0"/>
</pin_list>
<bind>
<StgValue><ssdm name=""/></StgValue>
</bind>
</comp>

<comp id="102" class="1001" name="const_102">
<pin_list>
<pin id="103" dir="1" index="0" bw="1" slack="0"/>
</pin_list>
<bind>
<StgValue><ssdm name=""/></StgValue>
</bind>
</comp>

<comp id="104" class="1001" name="const_104">
<pin_list>
<pin id="105" dir="1" index="0" bw="1" slack="0"/>
</pin_list>
<bind>
<StgValue><ssdm name=""/></StgValue>
</bind>
</comp>

<comp id="106" class="1001" name="const_106">
<pin_list>
<pin id="107" dir="1" index="0" bw="1" slack="0"/>
</pin_list>
<bind>
<StgValue><ssdm name=""/></StgValue>
</bind>
</comp>

<comp id="108" class="1001" name="const_108">
<pin_list>
<pin id="109" dir="1" index="0" bw="1" slack="0"/>
</pin_list>
<bind>
<StgValue><ssdm name=""/></StgValue>
</bind>
</comp>

<comp id="110" class="1001" name="const_110">
<pin_list>
<pin id="111" dir="1" index="0" bw="1" slack="0"/>
</pin_list>
<bind>
<StgValue><ssdm name=""/></StgValue>
</bind>
</comp>

<comp id="112" class="1001" name="const_112">
<pin_list>
<pin id="113" dir="1" index="0" bw="1" slack="0"/>
</pin_list>
<bind>
<StgValue><ssdm name=""/></StgValue>
</bind>
</comp>

<comp id="114" class="1001" name="const_114">
<pin_list>
<pin id="115" dir="1" index="0" bw="1" slack="0"/>
</pin_list>
<bind>
<StgValue><ssdm name=""/></StgValue>
</bind>
</comp>

<comp id="116" class="1001" name="const_116">
<pin_list>
<pin id="117" dir="1" index="0" bw="1" slack="0"/>
</pin_list>
<bind>
<StgValue><ssdm name=""/></StgValue>
</bind>
</comp>

<comp id="118" class="1001" name="const_118">
<pin_list>
<pin id="119" dir="1" index="0" bw="1" slack="0"/>
</pin_list>
<bind>
<StgValue><ssdm name=""/></StgValue>
</bind>
</comp>

<comp id="120" class="1001" name="const_120">
<pin_list>
<pin id="121" dir="1" index="0" bw="1" slack="0"/>
</pin_list>
<bind>
<StgValue><ssdm name=""/></StgValue>
</bind>
</comp>

<comp id="122" class="1001" name="const_122">
<pin_list>
<pin id="123" dir="1" index="0" bw="1" slack="0"/>
</pin_list>
<bind>
<StgValue><ssdm name=""/></StgValue>
</bind>
</comp>

<comp id="124" class="1001" name="const_124">
<pin_list>
<pin id="125" dir="1" index="0" bw="1" slack="0"/>
</pin_list>
<bind>
<StgValue><ssdm name=""/></StgValue>
</bind>
</comp>

<comp id="126" class="1001" name="const_126">
<pin_list>
<pin id="127" dir="1" index="0" bw="1" slack="0"/>
</pin_list>
<bind>
<StgValue><ssdm name=""/></StgValue>
</bind>
</comp>

<comp id="128" class="1001" name="const_128">
<pin_list>
<pin id="129" dir="1" index="0" bw="1" slack="0"/>
</pin_list>
<bind>
<StgValue><ssdm name=""/></StgValue>
</bind>
</comp>

<comp id="130" class="1001" name="const_130">
<pin_list>
<pin id="131" dir="1" index="0" bw="1" slack="0"/>
</pin_list>
<bind>
<StgValue><ssdm name=""/></StgValue>
</bind>
</comp>

<comp id="132" class="1001" name="const_132">
<pin_list>
<pin id="133" dir="1" index="0" bw="1" slack="0"/>
</pin_list>
<bind>
<StgValue><ssdm name=""/></StgValue>
</bind>
</comp>

<comp id="134" class="1001" name="const_134">
<pin_list>
<pin id="135" dir="1" index="0" bw="1" slack="0"/>
</pin_list>
<bind>
<StgValue><ssdm name=""/></StgValue>
</bind>
</comp>

<comp id="136" class="1001" name="const_136">
<pin_list>
<pin id="137" dir="1" index="0" bw="1" slack="0"/>
</pin_list>
<bind>
<StgValue><ssdm name=""/></StgValue>
</bind>
</comp>

<comp id="138" class="1001" name="const_138">
<pin_list>
<pin id="139" dir="1" index="0" bw="1" slack="0"/>
</pin_list>
<bind>
<StgValue><ssdm name=""/></StgValue>
</bind>
</comp>

<comp id="140" class="1001" name="const_140">
<pin_list>
<pin id="141" dir="1" index="0" bw="1" slack="0"/>
</pin_list>
<bind>
<StgValue><ssdm name=""/></StgValue>
</bind>
</comp>

<comp id="142" class="1001" name="const_142">
<pin_list>
<pin id="143" dir="1" index="0" bw="1" slack="0"/>
</pin_list>
<bind>
<StgValue><ssdm name=""/></StgValue>
</bind>
</comp>

<comp id="144" class="1001" name="const_144">
<pin_list>
<pin id="145" dir="1" index="0" bw="1" slack="0"/>
</pin_list>
<bind>
<StgValue><ssdm name=""/></StgValue>
</bind>
</comp>

<comp id="146" class="1001" name="const_146">
<pin_list>
<pin id="147" dir="1" index="0" bw="1" slack="0"/>
</pin_list>
<bind>
<StgValue><ssdm name=""/></StgValue>
</bind>
</comp>

<comp id="148" class="1001" name="const_148">
<pin_list>
<pin id="149" dir="1" index="0" bw="1" slack="0"/>
</pin_list>
<bind>
<StgValue><ssdm name=""/></StgValue>
</bind>
</comp>

<comp id="150" class="1001" name="const_150">
<pin_list>
<pin id="151" dir="1" index="0" bw="1" slack="0"/>
</pin_list>
<bind>
<StgValue><ssdm name=""/></StgValue>
</bind>
</comp>

<comp id="152" class="1001" name="const_152">
<pin_list>
<pin id="153" dir="1" index="0" bw="1" slack="0"/>
</pin_list>
<bind>
<StgValue><ssdm name=""/></StgValue>
</bind>
</comp>

<comp id="154" class="1001" name="const_154">
<pin_list>
<pin id="155" dir="1" index="0" bw="1" slack="0"/>
</pin_list>
<bind>
<StgValue><ssdm name=""/></StgValue>
</bind>
</comp>

<comp id="156" class="1001" name="const_156">
<pin_list>
<pin id="157" dir="1" index="0" bw="1" slack="0"/>
</pin_list>
<bind>
<StgValue><ssdm name=""/></StgValue>
</bind>
</comp>

<comp id="158" class="1001" name="const_158">
<pin_list>
<pin id="159" dir="1" index="0" bw="1" slack="0"/>
</pin_list>
<bind>
<StgValue><ssdm name=""/></StgValue>
</bind>
</comp>

<comp id="160" class="1001" name="const_160">
<pin_list>
<pin id="161" dir="1" index="0" bw="1" slack="0"/>
</pin_list>
<bind>
<StgValue><ssdm name=""/></StgValue>
</bind>
</comp>

<comp id="162" class="1001" name="const_162">
<pin_list>
<pin id="163" dir="1" index="0" bw="1" slack="0"/>
</pin_list>
<bind>
<StgValue><ssdm name=""/></StgValue>
</bind>
</comp>

<comp id="164" class="1001" name="const_164">
<pin_list>
<pin id="165" dir="1" index="0" bw="1" slack="0"/>
</pin_list>
<bind>
<StgValue><ssdm name=""/></StgValue>
</bind>
</comp>

<comp id="166" class="1001" name="const_166">
<pin_list>
<pin id="167" dir="1" index="0" bw="1" slack="0"/>
</pin_list>
<bind>
<StgValue><ssdm name=""/></StgValue>
</bind>
</comp>

<comp id="168" class="1001" name="const_168">
<pin_list>
<pin id="169" dir="1" index="0" bw="1" slack="0"/>
</pin_list>
<bind>
<StgValue><ssdm name=""/></StgValue>
</bind>
</comp>

<comp id="170" class="1001" name="const_170">
<pin_list>
<pin id="171" dir="1" index="0" bw="1" slack="0"/>
</pin_list>
<bind>
<StgValue><ssdm name="LSTM_step_Pipeline_GATES"/></StgValue>
</bind>
</comp>

<comp id="172" class="1001" name="const_172">
<pin_list>
<pin id="173" dir="1" index="0" bw="1" slack="0"/>
</pin_list>
<bind>
<StgValue><ssdm name="LSTM_step_Pipeline_UPDATE"/></StgValue>
</bind>
</comp>

<comp id="174" class="1001" name="const_174">
<pin_list>
<pin id="175" dir="1" index="0" bw="1" slack="2147483647"/>
</pin_list>
<bind>
<StgValue><ssdm name="_ssdm_op_SpecInterface"/></StgValue>
</bind>
</comp>

<comp id="176" class="1001" name="const_176">
<pin_list>
<pin id="177" dir="1" index="0" bw="1" slack="2147483647"/>
</pin_list>
<bind>
<StgValue><ssdm name="empty"/></StgValue>
</bind>
</comp>

<comp id="178" class="1001" name="const_178">
<pin_list>
<pin id="179" dir="1" index="0" bw="1" slack="2147483647"/>
</pin_list>
<bind>
<StgValue><ssdm name=""/></StgValue>
</bind>
</comp>

<comp id="180" class="1001" name="const_180">
<pin_list>
<pin id="181" dir="1" index="0" bw="1" slack="2147483647"/>
</pin_list>
<bind>
<StgValue><ssdm name="empty_0"/></StgValue>
</bind>
</comp>

<comp id="182" class="1001" name="const_182">
<pin_list>
<pin id="183" dir="1" index="0" bw="1" slack="2147483647"/>
</pin_list>
<bind>
<StgValue><ssdm name=""/></StgValue>
</bind>
</comp>

<comp id="184" class="1004" name="f_alloca_fu_184">
<pin_list>
<pin id="185" dir="0" index="0" bw="1" slack="0"/>
<pin id="186" dir="1" index="1" bw="32" slack="2147483647"/>
</pin_list>
<bind>
<opcode="alloca(26) " fcode="alloca"/>
<opset="f/1 "/>
</bind>
</comp>

<comp id="188" class="1004" name="i_alloca_fu_188">
<pin_list>
<pin id="189" dir="0" index="0" bw="1" slack="0"/>
<pin id="190" dir="1" index="1" bw="32" slack="2147483647"/>
</pin_list>
<bind>
<opcode="alloca(26) " fcode="alloca"/>
<opset="i/1 "/>
</bind>
</comp>

<comp id="192" class="1004" name="g_alloca_fu_192">
<pin_list>
<pin id="193" dir="0" index="0" bw="1" slack="0"/>
<pin id="194" dir="1" index="1" bw="32" slack="2147483647"/>
</pin_list>
<bind>
<opcode="alloca(26) " fcode="alloca"/>
<opset="g/1 "/>
</bind>
</comp>

<comp id="196" class="1004" name="o_alloca_fu_196">
<pin_list>
<pin id="197" dir="0" index="0" bw="1" slack="0"/>
<pin id="198" dir="1" index="1" bw="32" slack="2147483647"/>
</pin_list>
<bind>
<opcode="alloca(26) " fcode="alloca"/>
<opset="o/1 "/>
</bind>
</comp>

<comp id="200" class="1004" name="x1_read_read_fu_200">
<pin_list>
<pin id="201" dir="0" index="0" bw="3" slack="0"/>
<pin id="202" dir="0" index="1" bw="3" slack="0"/>
<pin id="203" dir="1" index="2" bw="3" slack="0"/>
</pin_list>
<bind>
<opcode="read(1150) " fcode="read"/>
<opset="x1_read/1 "/>
</bind>
</comp>

<comp id="206" class="1004" name="x_addr_gep_fu_206">
<pin_list>
<pin id="207" dir="0" index="0" bw="32" slack="0"/>
<pin id="208" dir="0" index="1" bw="1" slack="0"/>
<pin id="209" dir="0" index="2" bw="8" slack="0"/>
<pin id="210" dir="1" index="3" bw="8" slack="0"/>
</pin_list>
<bind>
<opcode="getelementptr(29) " fcode="getelementptr"/>
<opset="x_addr/1 "/>
</bind>
</comp>

<comp id="213" class="1004" name="x_addr_1_gep_fu_213">
<pin_list>
<pin id="214" dir="0" index="0" bw="32" slack="0"/>
<pin id="215" dir="0" index="1" bw="1" slack="0"/>
<pin id="216" dir="0" index="2" bw="8" slack="0"/>
<pin id="217" dir="1" index="3" bw="8" slack="0"/>
</pin_list>
<bind>
<opcode="getelementptr(29) " fcode="getelementptr"/>
<opset="x_addr_1/1 "/>
</bind>
</comp>

<comp id="220" class="1004" name="grp_access_fu_220">
<pin_list>
<pin id="221" dir="0" index="0" bw="8" slack="0"/>
<pin id="222" dir="0" index="1" bw="32" slack="2147483647"/>
<pin id="223" dir="0" index="2" bw="0" slack="0"/>
<pin id="225" dir="0" index="4" bw="8" slack="2147483647"/>
<pin id="226" dir="0" index="5" bw="32" slack="2147483647"/>
<pin id="227" dir="0" index="6" bw="0" slack="2147483647"/>
<pin id="224" dir="1" index="3" bw="32" slack="0"/>
<pin id="228" dir="1" index="7" bw="32" slack="0"/>
</pin_list>
<bind>
<opcode="load(27) " fcode="load"/>
<opset="x_load/1 x_load_1/1 x_load_2/2 x_load_3/2 x_load_4/3 x_load_5/3 x_load_6/4 x_load_7/4 x_load_8/5 x_load_9/5 x_load_10/6 x_load_11/6 x_load_12/7 x_load_13/7 x_load_14/8 x_load_15/8 x_load_16/9 x_load_17/9 x_load_18/10 x_load_19/10 x_load_20/11 x_load_21/11 x_load_22/12 x_load_23/12 x_load_24/13 x_load_25/13 x_load_26/14 x_load_27/14 x_load_28/15 x_load_29/15 x_load_30/16 x_load_31/16 "/>
</bind>
</comp>

<comp id="231" class="1004" name="h_addr_gep_fu_231">
<pin_list>
<pin id="232" dir="0" index="0" bw="32" slack="0"/>
<pin id="233" dir="0" index="1" bw="1" slack="0"/>
<pin id="234" dir="0" index="2" bw="1" slack="0"/>
<pin id="235" dir="1" index="3" bw="5" slack="0"/>
</pin_list>
<bind>
<opcode="getelementptr(29) " fcode="getelementptr"/>
<opset="h_addr/1 "/>
</bind>
</comp>

<comp id="239" class="1004" name="grp_access_fu_239">
<pin_list>
<pin id="240" dir="0" index="0" bw="5" slack="0"/>
<pin id="241" dir="0" index="1" bw="32" slack="2147483647"/>
<pin id="242" dir="0" index="2" bw="0" slack="0"/>
<pin id="244" dir="0" index="4" bw="5" slack="2147483647"/>
<pin id="245" dir="0" index="5" bw="32" slack="2147483647"/>
<pin id="246" dir="0" index="6" bw="0" slack="2147483647"/>
<pin id="243" dir="1" index="3" bw="32" slack="0"/>
<pin id="247" dir="1" index="7" bw="32" slack="0"/>
</pin_list>
<bind>
<opcode="load(27) " fcode="load"/>
<opset="h_load/1 h_load_1/1 h_load_2/2 h_load_3/2 h_load_4/3 h_load_5/3 h_load_6/4 h_load_7/4 h_load_8/5 h_load_9/5 h_load_10/6 h_load_11/6 h_load_12/7 h_load_13/7 h_load_14/8 h_load_15/8 h_load_16/9 h_load_17/9 h_load_18/10 h_load_19/10 h_load_20/11 h_load_21/11 h_load_22/12 h_load_23/12 h_load_24/13 h_load_25/13 h_load_26/14 h_load_27/14 h_load_28/15 h_load_29/15 h_load_30/16 h_load_31/16 "/>
</bind>
</comp>

<comp id="249" class="1004" name="h_addr_1_gep_fu_249">
<pin_list>
<pin id="250" dir="0" index="0" bw="32" slack="0"/>
<pin id="251" dir="0" index="1" bw="1" slack="0"/>
<pin id="252" dir="0" index="2" bw="1" slack="0"/>
<pin id="253" dir="1" index="3" bw="5" slack="0"/>
</pin_list>
<bind>
<opcode="getelementptr(29) " fcode="getelementptr"/>
<opset="h_addr_1/1 "/>
</bind>
</comp>

<comp id="258" class="1004" name="x_addr_2_gep_fu_258">
<pin_list>
<pin id="259" dir="0" index="0" bw="32" slack="0"/>
<pin id="260" dir="0" index="1" bw="1" slack="0"/>
<pin id="261" dir="0" index="2" bw="8" slack="0"/>
<pin id="262" dir="1" index="3" bw="8" slack="0"/>
</pin_list>
<bind>
<opcode="getelementptr(29) " fcode="getelementptr"/>
<opset="x_addr_2/2 "/>
</bind>
</comp>

<comp id="265" class="1004" name="x_addr_3_gep_fu_265">
<pin_list>
<pin id="266" dir="0" index="0" bw="32" slack="0"/>
<pin id="267" dir="0" index="1" bw="1" slack="0"/>
<pin id="268" dir="0" index="2" bw="8" slack="0"/>
<pin id="269" dir="1" index="3" bw="8" slack="0"/>
</pin_list>
<bind>
<opcode="getelementptr(29) " fcode="getelementptr"/>
<opset="x_addr_3/2 "/>
</bind>
</comp>

<comp id="274" class="1004" name="h_addr_2_gep_fu_274">
<pin_list>
<pin id="275" dir="0" index="0" bw="32" slack="0"/>
<pin id="276" dir="0" index="1" bw="1" slack="0"/>
<pin id="277" dir="0" index="2" bw="3" slack="0"/>
<pin id="278" dir="1" index="3" bw="5" slack="0"/>
</pin_list>
<bind>
<opcode="getelementptr(29) " fcode="getelementptr"/>
<opset="h_addr_2/2 "/>
</bind>
</comp>

<comp id="283" class="1004" name="h_addr_3_gep_fu_283">
<pin_list>
<pin id="284" dir="0" index="0" bw="32" slack="0"/>
<pin id="285" dir="0" index="1" bw="1" slack="0"/>
<pin id="286" dir="0" index="2" bw="3" slack="0"/>
<pin id="287" dir="1" index="3" bw="5" slack="0"/>
</pin_list>
<bind>
<opcode="getelementptr(29) " fcode="getelementptr"/>
<opset="h_addr_3/2 "/>
</bind>
</comp>

<comp id="292" class="1004" name="x_addr_4_gep_fu_292">
<pin_list>
<pin id="293" dir="0" index="0" bw="32" slack="0"/>
<pin id="294" dir="0" index="1" bw="1" slack="0"/>
<pin id="295" dir="0" index="2" bw="8" slack="0"/>
<pin id="296" dir="1" index="3" bw="8" slack="0"/>
</pin_list>
<bind>
<opcode="getelementptr(29) " fcode="getelementptr"/>
<opset="x_addr_4/3 "/>
</bind>
</comp>

<comp id="299" class="1004" name="x_addr_5_gep_fu_299">
<pin_list>
<pin id="300" dir="0" index="0" bw="32" slack="0"/>
<pin id="301" dir="0" index="1" bw="1" slack="0"/>
<pin id="302" dir="0" index="2" bw="8" slack="0"/>
<pin id="303" dir="1" index="3" bw="8" slack="0"/>
</pin_list>
<bind>
<opcode="getelementptr(29) " fcode="getelementptr"/>
<opset="x_addr_5/3 "/>
</bind>
</comp>

<comp id="308" class="1004" name="h_addr_4_gep_fu_308">
<pin_list>
<pin id="309" dir="0" index="0" bw="32" slack="0"/>
<pin id="310" dir="0" index="1" bw="1" slack="0"/>
<pin id="311" dir="0" index="2" bw="4" slack="0"/>
<pin id="312" dir="1" index="3" bw="5" slack="0"/>
</pin_list>
<bind>
<opcode="getelementptr(29) " fcode="getelementptr"/>
<opset="h_addr_4/3 "/>
</bind>
</comp>

<comp id="317" class="1004" name="h_addr_5_gep_fu_317">
<pin_list>
<pin id="318" dir="0" index="0" bw="32" slack="0"/>
<pin id="319" dir="0" index="1" bw="1" slack="0"/>
<pin id="320" dir="0" index="2" bw="4" slack="0"/>
<pin id="321" dir="1" index="3" bw="5" slack="0"/>
</pin_list>
<bind>
<opcode="getelementptr(29) " fcode="getelementptr"/>
<opset="h_addr_5/3 "/>
</bind>
</comp>

<comp id="326" class="1004" name="x_addr_6_gep_fu_326">
<pin_list>
<pin id="327" dir="0" index="0" bw="32" slack="0"/>
<pin id="328" dir="0" index="1" bw="1" slack="0"/>
<pin id="329" dir="0" index="2" bw="8" slack="0"/>
<pin id="330" dir="1" index="3" bw="8" slack="0"/>
</pin_list>
<bind>
<opcode="getelementptr(29) " fcode="getelementptr"/>
<opset="x_addr_6/4 "/>
</bind>
</comp>

<comp id="333" class="1004" name="x_addr_7_gep_fu_333">
<pin_list>
<pin id="334" dir="0" index="0" bw="32" slack="0"/>
<pin id="335" dir="0" index="1" bw="1" slack="0"/>
<pin id="336" dir="0" index="2" bw="8" slack="0"/>
<pin id="337" dir="1" index="3" bw="8" slack="0"/>
</pin_list>
<bind>
<opcode="getelementptr(29) " fcode="getelementptr"/>
<opset="x_addr_7/4 "/>
</bind>
</comp>

<comp id="342" class="1004" name="h_addr_6_gep_fu_342">
<pin_list>
<pin id="343" dir="0" index="0" bw="32" slack="0"/>
<pin id="344" dir="0" index="1" bw="1" slack="0"/>
<pin id="345" dir="0" index="2" bw="4" slack="0"/>
<pin id="346" dir="1" index="3" bw="5" slack="0"/>
</pin_list>
<bind>
<opcode="getelementptr(29) " fcode="getelementptr"/>
<opset="h_addr_6/4 "/>
</bind>
</comp>

<comp id="351" class="1004" name="h_addr_7_gep_fu_351">
<pin_list>
<pin id="352" dir="0" index="0" bw="32" slack="0"/>
<pin id="353" dir="0" index="1" bw="1" slack="0"/>
<pin id="354" dir="0" index="2" bw="4" slack="0"/>
<pin id="355" dir="1" index="3" bw="5" slack="0"/>
</pin_list>
<bind>
<opcode="getelementptr(29) " fcode="getelementptr"/>
<opset="h_addr_7/4 "/>
</bind>
</comp>

<comp id="360" class="1004" name="x_addr_8_gep_fu_360">
<pin_list>
<pin id="361" dir="0" index="0" bw="32" slack="0"/>
<pin id="362" dir="0" index="1" bw="1" slack="0"/>
<pin id="363" dir="0" index="2" bw="8" slack="0"/>
<pin id="364" dir="1" index="3" bw="8" slack="0"/>
</pin_list>
<bind>
<opcode="getelementptr(29) " fcode="getelementptr"/>
<opset="x_addr_8/5 "/>
</bind>
</comp>

<comp id="367" class="1004" name="x_addr_9_gep_fu_367">
<pin_list>
<pin id="368" dir="0" index="0" bw="32" slack="0"/>
<pin id="369" dir="0" index="1" bw="1" slack="0"/>
<pin id="370" dir="0" index="2" bw="8" slack="0"/>
<pin id="371" dir="1" index="3" bw="8" slack="0"/>
</pin_list>
<bind>
<opcode="getelementptr(29) " fcode="getelementptr"/>
<opset="x_addr_9/5 "/>
</bind>
</comp>

<comp id="376" class="1004" name="h_addr_8_gep_fu_376">
<pin_list>
<pin id="377" dir="0" index="0" bw="32" slack="0"/>
<pin id="378" dir="0" index="1" bw="1" slack="0"/>
<pin id="379" dir="0" index="2" bw="5" slack="0"/>
<pin id="380" dir="1" index="3" bw="5" slack="0"/>
</pin_list>
<bind>
<opcode="getelementptr(29) " fcode="getelementptr"/>
<opset="h_addr_8/5 "/>
</bind>
</comp>

<comp id="385" class="1004" name="h_addr_9_gep_fu_385">
<pin_list>
<pin id="386" dir="0" index="0" bw="32" slack="0"/>
<pin id="387" dir="0" index="1" bw="1" slack="0"/>
<pin id="388" dir="0" index="2" bw="5" slack="0"/>
<pin id="389" dir="1" index="3" bw="5" slack="0"/>
</pin_list>
<bind>
<opcode="getelementptr(29) " fcode="getelementptr"/>
<opset="h_addr_9/5 "/>
</bind>
</comp>

<comp id="394" class="1004" name="x_addr_10_gep_fu_394">
<pin_list>
<pin id="395" dir="0" index="0" bw="32" slack="0"/>
<pin id="396" dir="0" index="1" bw="1" slack="0"/>
<pin id="397" dir="0" index="2" bw="8" slack="0"/>
<pin id="398" dir="1" index="3" bw="8" slack="0"/>
</pin_list>
<bind>
<opcode="getelementptr(29) " fcode="getelementptr"/>
<opset="x_addr_10/6 "/>
</bind>
</comp>

<comp id="401" class="1004" name="x_addr_11_gep_fu_401">
<pin_list>
<pin id="402" dir="0" index="0" bw="32" slack="0"/>
<pin id="403" dir="0" index="1" bw="1" slack="0"/>
<pin id="404" dir="0" index="2" bw="8" slack="0"/>
<pin id="405" dir="1" index="3" bw="8" slack="0"/>
</pin_list>
<bind>
<opcode="getelementptr(29) " fcode="getelementptr"/>
<opset="x_addr_11/6 "/>
</bind>
</comp>

<comp id="410" class="1004" name="h_addr_10_gep_fu_410">
<pin_list>
<pin id="411" dir="0" index="0" bw="32" slack="0"/>
<pin id="412" dir="0" index="1" bw="1" slack="0"/>
<pin id="413" dir="0" index="2" bw="5" slack="0"/>
<pin id="414" dir="1" index="3" bw="5" slack="0"/>
</pin_list>
<bind>
<opcode="getelementptr(29) " fcode="getelementptr"/>
<opset="h_addr_10/6 "/>
</bind>
</comp>

<comp id="419" class="1004" name="h_addr_11_gep_fu_419">
<pin_list>
<pin id="420" dir="0" index="0" bw="32" slack="0"/>
<pin id="421" dir="0" index="1" bw="1" slack="0"/>
<pin id="422" dir="0" index="2" bw="5" slack="0"/>
<pin id="423" dir="1" index="3" bw="5" slack="0"/>
</pin_list>
<bind>
<opcode="getelementptr(29) " fcode="getelementptr"/>
<opset="h_addr_11/6 "/>
</bind>
</comp>

<comp id="428" class="1004" name="x_addr_12_gep_fu_428">
<pin_list>
<pin id="429" dir="0" index="0" bw="32" slack="0"/>
<pin id="430" dir="0" index="1" bw="1" slack="0"/>
<pin id="431" dir="0" index="2" bw="8" slack="0"/>
<pin id="432" dir="1" index="3" bw="8" slack="0"/>
</pin_list>
<bind>
<opcode="getelementptr(29) " fcode="getelementptr"/>
<opset="x_addr_12/7 "/>
</bind>
</comp>

<comp id="435" class="1004" name="x_addr_13_gep_fu_435">
<pin_list>
<pin id="436" dir="0" index="0" bw="32" slack="0"/>
<pin id="437" dir="0" index="1" bw="1" slack="0"/>
<pin id="438" dir="0" index="2" bw="8" slack="0"/>
<pin id="439" dir="1" index="3" bw="8" slack="0"/>
</pin_list>
<bind>
<opcode="getelementptr(29) " fcode="getelementptr"/>
<opset="x_addr_13/7 "/>
</bind>
</comp>

<comp id="444" class="1004" name="h_addr_12_gep_fu_444">
<pin_list>
<pin id="445" dir="0" index="0" bw="32" slack="0"/>
<pin id="446" dir="0" index="1" bw="1" slack="0"/>
<pin id="447" dir="0" index="2" bw="5" slack="0"/>
<pin id="448" dir="1" index="3" bw="5" slack="0"/>
</pin_list>
<bind>
<opcode="getelementptr(29) " fcode="getelementptr"/>
<opset="h_addr_12/7 "/>
</bind>
</comp>

<comp id="453" class="1004" name="h_addr_13_gep_fu_453">
<pin_list>
<pin id="454" dir="0" index="0" bw="32" slack="0"/>
<pin id="455" dir="0" index="1" bw="1" slack="0"/>
<pin id="456" dir="0" index="2" bw="5" slack="0"/>
<pin id="457" dir="1" index="3" bw="5" slack="0"/>
</pin_list>
<bind>
<opcode="getelementptr(29) " fcode="getelementptr"/>
<opset="h_addr_13/7 "/>
</bind>
</comp>

<comp id="462" class="1004" name="x_addr_14_gep_fu_462">
<pin_list>
<pin id="463" dir="0" index="0" bw="32" slack="0"/>
<pin id="464" dir="0" index="1" bw="1" slack="0"/>
<pin id="465" dir="0" index="2" bw="8" slack="0"/>
<pin id="466" dir="1" index="3" bw="8" slack="0"/>
</pin_list>
<bind>
<opcode="getelementptr(29) " fcode="getelementptr"/>
<opset="x_addr_14/8 "/>
</bind>
</comp>

<comp id="469" class="1004" name="x_addr_15_gep_fu_469">
<pin_list>
<pin id="470" dir="0" index="0" bw="32" slack="0"/>
<pin id="471" dir="0" index="1" bw="1" slack="0"/>
<pin id="472" dir="0" index="2" bw="8" slack="0"/>
<pin id="473" dir="1" index="3" bw="8" slack="0"/>
</pin_list>
<bind>
<opcode="getelementptr(29) " fcode="getelementptr"/>
<opset="x_addr_15/8 "/>
</bind>
</comp>

<comp id="478" class="1004" name="h_addr_14_gep_fu_478">
<pin_list>
<pin id="479" dir="0" index="0" bw="32" slack="0"/>
<pin id="480" dir="0" index="1" bw="1" slack="0"/>
<pin id="481" dir="0" index="2" bw="5" slack="0"/>
<pin id="482" dir="1" index="3" bw="5" slack="0"/>
</pin_list>
<bind>
<opcode="getelementptr(29) " fcode="getelementptr"/>
<opset="h_addr_14/8 "/>
</bind>
</comp>

<comp id="487" class="1004" name="h_addr_15_gep_fu_487">
<pin_list>
<pin id="488" dir="0" index="0" bw="32" slack="0"/>
<pin id="489" dir="0" index="1" bw="1" slack="0"/>
<pin id="490" dir="0" index="2" bw="5" slack="0"/>
<pin id="491" dir="1" index="3" bw="5" slack="0"/>
</pin_list>
<bind>
<opcode="getelementptr(29) " fcode="getelementptr"/>
<opset="h_addr_15/8 "/>
</bind>
</comp>

<comp id="496" class="1004" name="x_addr_16_gep_fu_496">
<pin_list>
<pin id="497" dir="0" index="0" bw="32" slack="0"/>
<pin id="498" dir="0" index="1" bw="1" slack="0"/>
<pin id="499" dir="0" index="2" bw="8" slack="0"/>
<pin id="500" dir="1" index="3" bw="8" slack="0"/>
</pin_list>
<bind>
<opcode="getelementptr(29) " fcode="getelementptr"/>
<opset="x_addr_16/9 "/>
</bind>
</comp>

<comp id="503" class="1004" name="x_addr_17_gep_fu_503">
<pin_list>
<pin id="504" dir="0" index="0" bw="32" slack="0"/>
<pin id="505" dir="0" index="1" bw="1" slack="0"/>
<pin id="506" dir="0" index="2" bw="8" slack="0"/>
<pin id="507" dir="1" index="3" bw="8" slack="0"/>
</pin_list>
<bind>
<opcode="getelementptr(29) " fcode="getelementptr"/>
<opset="x_addr_17/9 "/>
</bind>
</comp>

<comp id="512" class="1004" name="h_addr_16_gep_fu_512">
<pin_list>
<pin id="513" dir="0" index="0" bw="32" slack="0"/>
<pin id="514" dir="0" index="1" bw="1" slack="0"/>
<pin id="515" dir="0" index="2" bw="6" slack="0"/>
<pin id="516" dir="1" index="3" bw="5" slack="0"/>
</pin_list>
<bind>
<opcode="getelementptr(29) " fcode="getelementptr"/>
<opset="h_addr_16/9 "/>
</bind>
</comp>

<comp id="521" class="1004" name="h_addr_17_gep_fu_521">
<pin_list>
<pin id="522" dir="0" index="0" bw="32" slack="0"/>
<pin id="523" dir="0" index="1" bw="1" slack="0"/>
<pin id="524" dir="0" index="2" bw="6" slack="0"/>
<pin id="525" dir="1" index="3" bw="5" slack="0"/>
</pin_list>
<bind>
<opcode="getelementptr(29) " fcode="getelementptr"/>
<opset="h_addr_17/9 "/>
</bind>
</comp>

<comp id="530" class="1004" name="x_addr_18_gep_fu_530">
<pin_list>
<pin id="531" dir="0" index="0" bw="32" slack="0"/>
<pin id="532" dir="0" index="1" bw="1" slack="0"/>
<pin id="533" dir="0" index="2" bw="8" slack="0"/>
<pin id="534" dir="1" index="3" bw="8" slack="0"/>
</pin_list>
<bind>
<opcode="getelementptr(29) " fcode="getelementptr"/>
<opset="x_addr_18/10 "/>
</bind>
</comp>

<comp id="537" class="1004" name="x_addr_19_gep_fu_537">
<pin_list>
<pin id="538" dir="0" index="0" bw="32" slack="0"/>
<pin id="539" dir="0" index="1" bw="1" slack="0"/>
<pin id="540" dir="0" index="2" bw="8" slack="0"/>
<pin id="541" dir="1" index="3" bw="8" slack="0"/>
</pin_list>
<bind>
<opcode="getelementptr(29) " fcode="getelementptr"/>
<opset="x_addr_19/10 "/>
</bind>
</comp>

<comp id="546" class="1004" name="h_addr_18_gep_fu_546">
<pin_list>
<pin id="547" dir="0" index="0" bw="32" slack="0"/>
<pin id="548" dir="0" index="1" bw="1" slack="0"/>
<pin id="549" dir="0" index="2" bw="6" slack="0"/>
<pin id="550" dir="1" index="3" bw="5" slack="0"/>
</pin_list>
<bind>
<opcode="getelementptr(29) " fcode="getelementptr"/>
<opset="h_addr_18/10 "/>
</bind>
</comp>

<comp id="555" class="1004" name="h_addr_19_gep_fu_555">
<pin_list>
<pin id="556" dir="0" index="0" bw="32" slack="0"/>
<pin id="557" dir="0" index="1" bw="1" slack="0"/>
<pin id="558" dir="0" index="2" bw="6" slack="0"/>
<pin id="559" dir="1" index="3" bw="5" slack="0"/>
</pin_list>
<bind>
<opcode="getelementptr(29) " fcode="getelementptr"/>
<opset="h_addr_19/10 "/>
</bind>
</comp>

<comp id="564" class="1004" name="x_addr_20_gep_fu_564">
<pin_list>
<pin id="565" dir="0" index="0" bw="32" slack="0"/>
<pin id="566" dir="0" index="1" bw="1" slack="0"/>
<pin id="567" dir="0" index="2" bw="8" slack="0"/>
<pin id="568" dir="1" index="3" bw="8" slack="0"/>
</pin_list>
<bind>
<opcode="getelementptr(29) " fcode="getelementptr"/>
<opset="x_addr_20/11 "/>
</bind>
</comp>

<comp id="571" class="1004" name="x_addr_21_gep_fu_571">
<pin_list>
<pin id="572" dir="0" index="0" bw="32" slack="0"/>
<pin id="573" dir="0" index="1" bw="1" slack="0"/>
<pin id="574" dir="0" index="2" bw="8" slack="0"/>
<pin id="575" dir="1" index="3" bw="8" slack="0"/>
</pin_list>
<bind>
<opcode="getelementptr(29) " fcode="getelementptr"/>
<opset="x_addr_21/11 "/>
</bind>
</comp>

<comp id="580" class="1004" name="h_addr_20_gep_fu_580">
<pin_list>
<pin id="581" dir="0" index="0" bw="32" slack="0"/>
<pin id="582" dir="0" index="1" bw="1" slack="0"/>
<pin id="583" dir="0" index="2" bw="6" slack="0"/>
<pin id="584" dir="1" index="3" bw="5" slack="0"/>
</pin_list>
<bind>
<opcode="getelementptr(29) " fcode="getelementptr"/>
<opset="h_addr_20/11 "/>
</bind>
</comp>

<comp id="589" class="1004" name="h_addr_21_gep_fu_589">
<pin_list>
<pin id="590" dir="0" index="0" bw="32" slack="0"/>
<pin id="591" dir="0" index="1" bw="1" slack="0"/>
<pin id="592" dir="0" index="2" bw="6" slack="0"/>
<pin id="593" dir="1" index="3" bw="5" slack="0"/>
</pin_list>
<bind>
<opcode="getelementptr(29) " fcode="getelementptr"/>
<opset="h_addr_21/11 "/>
</bind>
</comp>

<comp id="598" class="1004" name="x_addr_22_gep_fu_598">
<pin_list>
<pin id="599" dir="0" index="0" bw="32" slack="0"/>
<pin id="600" dir="0" index="1" bw="1" slack="0"/>
<pin id="601" dir="0" index="2" bw="8" slack="0"/>
<pin id="602" dir="1" index="3" bw="8" slack="0"/>
</pin_list>
<bind>
<opcode="getelementptr(29) " fcode="getelementptr"/>
<opset="x_addr_22/12 "/>
</bind>
</comp>

<comp id="605" class="1004" name="x_addr_23_gep_fu_605">
<pin_list>
<pin id="606" dir="0" index="0" bw="32" slack="0"/>
<pin id="607" dir="0" index="1" bw="1" slack="0"/>
<pin id="608" dir="0" index="2" bw="8" slack="0"/>
<pin id="609" dir="1" index="3" bw="8" slack="0"/>
</pin_list>
<bind>
<opcode="getelementptr(29) " fcode="getelementptr"/>
<opset="x_addr_23/12 "/>
</bind>
</comp>

<comp id="614" class="1004" name="h_addr_22_gep_fu_614">
<pin_list>
<pin id="615" dir="0" index="0" bw="32" slack="0"/>
<pin id="616" dir="0" index="1" bw="1" slack="0"/>
<pin id="617" dir="0" index="2" bw="6" slack="0"/>
<pin id="618" dir="1" index="3" bw="5" slack="0"/>
</pin_list>
<bind>
<opcode="getelementptr(29) " fcode="getelementptr"/>
<opset="h_addr_22/12 "/>
</bind>
</comp>

<comp id="623" class="1004" name="h_addr_23_gep_fu_623">
<pin_list>
<pin id="624" dir="0" index="0" bw="32" slack="0"/>
<pin id="625" dir="0" index="1" bw="1" slack="0"/>
<pin id="626" dir="0" index="2" bw="6" slack="0"/>
<pin id="627" dir="1" index="3" bw="5" slack="0"/>
</pin_list>
<bind>
<opcode="getelementptr(29) " fcode="getelementptr"/>
<opset="h_addr_23/12 "/>
</bind>
</comp>

<comp id="632" class="1004" name="x_addr_24_gep_fu_632">
<pin_list>
<pin id="633" dir="0" index="0" bw="32" slack="0"/>
<pin id="634" dir="0" index="1" bw="1" slack="0"/>
<pin id="635" dir="0" index="2" bw="8" slack="0"/>
<pin id="636" dir="1" index="3" bw="8" slack="0"/>
</pin_list>
<bind>
<opcode="getelementptr(29) " fcode="getelementptr"/>
<opset="x_addr_24/13 "/>
</bind>
</comp>

<comp id="639" class="1004" name="x_addr_25_gep_fu_639">
<pin_list>
<pin id="640" dir="0" index="0" bw="32" slack="0"/>
<pin id="641" dir="0" index="1" bw="1" slack="0"/>
<pin id="642" dir="0" index="2" bw="8" slack="0"/>
<pin id="643" dir="1" index="3" bw="8" slack="0"/>
</pin_list>
<bind>
<opcode="getelementptr(29) " fcode="getelementptr"/>
<opset="x_addr_25/13 "/>
</bind>
</comp>

<comp id="648" class="1004" name="h_addr_24_gep_fu_648">
<pin_list>
<pin id="649" dir="0" index="0" bw="32" slack="0"/>
<pin id="650" dir="0" index="1" bw="1" slack="0"/>
<pin id="651" dir="0" index="2" bw="6" slack="0"/>
<pin id="652" dir="1" index="3" bw="5" slack="0"/>
</pin_list>
<bind>
<opcode="getelementptr(29) " fcode="getelementptr"/>
<opset="h_addr_24/13 "/>
</bind>
</comp>

<comp id="657" class="1004" name="h_addr_25_gep_fu_657">
<pin_list>
<pin id="658" dir="0" index="0" bw="32" slack="0"/>
<pin id="659" dir="0" index="1" bw="1" slack="0"/>
<pin id="660" dir="0" index="2" bw="6" slack="0"/>
<pin id="661" dir="1" index="3" bw="5" slack="0"/>
</pin_list>
<bind>
<opcode="getelementptr(29) " fcode="getelementptr"/>
<opset="h_addr_25/13 "/>
</bind>
</comp>

<comp id="666" class="1004" name="x_addr_26_gep_fu_666">
<pin_list>
<pin id="667" dir="0" index="0" bw="32" slack="0"/>
<pin id="668" dir="0" index="1" bw="1" slack="0"/>
<pin id="669" dir="0" index="2" bw="8" slack="0"/>
<pin id="670" dir="1" index="3" bw="8" slack="0"/>
</pin_list>
<bind>
<opcode="getelementptr(29) " fcode="getelementptr"/>
<opset="x_addr_26/14 "/>
</bind>
</comp>

<comp id="673" class="1004" name="x_addr_27_gep_fu_673">
<pin_list>
<pin id="674" dir="0" index="0" bw="32" slack="0"/>
<pin id="675" dir="0" index="1" bw="1" slack="0"/>
<pin id="676" dir="0" index="2" bw="8" slack="0"/>
<pin id="677" dir="1" index="3" bw="8" slack="0"/>
</pin_list>
<bind>
<opcode="getelementptr(29) " fcode="getelementptr"/>
<opset="x_addr_27/14 "/>
</bind>
</comp>

<comp id="682" class="1004" name="h_addr_26_gep_fu_682">
<pin_list>
<pin id="683" dir="0" index="0" bw="32" slack="0"/>
<pin id="684" dir="0" index="1" bw="1" slack="0"/>
<pin id="685" dir="0" index="2" bw="6" slack="0"/>
<pin id="686" dir="1" index="3" bw="5" slack="0"/>
</pin_list>
<bind>
<opcode="getelementptr(29) " fcode="getelementptr"/>
<opset="h_addr_26/14 "/>
</bind>
</comp>

<comp id="691" class="1004" name="h_addr_27_gep_fu_691">
<pin_list>
<pin id="692" dir="0" index="0" bw="32" slack="0"/>
<pin id="693" dir="0" index="1" bw="1" slack="0"/>
<pin id="694" dir="0" index="2" bw="6" slack="0"/>
<pin id="695" dir="1" index="3" bw="5" slack="0"/>
</pin_list>
<bind>
<opcode="getelementptr(29) " fcode="getelementptr"/>
<opset="h_addr_27/14 "/>
</bind>
</comp>

<comp id="700" class="1004" name="x_addr_28_gep_fu_700">
<pin_list>
<pin id="701" dir="0" index="0" bw="32" slack="0"/>
<pin id="702" dir="0" index="1" bw="1" slack="0"/>
<pin id="703" dir="0" index="2" bw="8" slack="0"/>
<pin id="704" dir="1" index="3" bw="8" slack="0"/>
</pin_list>
<bind>
<opcode="getelementptr(29) " fcode="getelementptr"/>
<opset="x_addr_28/15 "/>
</bind>
</comp>

<comp id="707" class="1004" name="x_addr_29_gep_fu_707">
<pin_list>
<pin id="708" dir="0" index="0" bw="32" slack="0"/>
<pin id="709" dir="0" index="1" bw="1" slack="0"/>
<pin id="710" dir="0" index="2" bw="8" slack="0"/>
<pin id="711" dir="1" index="3" bw="8" slack="0"/>
</pin_list>
<bind>
<opcode="getelementptr(29) " fcode="getelementptr"/>
<opset="x_addr_29/15 "/>
</bind>
</comp>

<comp id="716" class="1004" name="h_addr_28_gep_fu_716">
<pin_list>
<pin id="717" dir="0" index="0" bw="32" slack="0"/>
<pin id="718" dir="0" index="1" bw="1" slack="0"/>
<pin id="719" dir="0" index="2" bw="6" slack="0"/>
<pin id="720" dir="1" index="3" bw="5" slack="0"/>
</pin_list>
<bind>
<opcode="getelementptr(29) " fcode="getelementptr"/>
<opset="h_addr_28/15 "/>
</bind>
</comp>

<comp id="725" class="1004" name="h_addr_29_gep_fu_725">
<pin_list>
<pin id="726" dir="0" index="0" bw="32" slack="0"/>
<pin id="727" dir="0" index="1" bw="1" slack="0"/>
<pin id="728" dir="0" index="2" bw="6" slack="0"/>
<pin id="729" dir="1" index="3" bw="5" slack="0"/>
</pin_list>
<bind>
<opcode="getelementptr(29) " fcode="getelementptr"/>
<opset="h_addr_29/15 "/>
</bind>
</comp>

<comp id="734" class="1004" name="x_addr_30_gep_fu_734">
<pin_list>
<pin id="735" dir="0" index="0" bw="32" slack="0"/>
<pin id="736" dir="0" index="1" bw="1" slack="0"/>
<pin id="737" dir="0" index="2" bw="8" slack="0"/>
<pin id="738" dir="1" index="3" bw="8" slack="0"/>
</pin_list>
<bind>
<opcode="getelementptr(29) " fcode="getelementptr"/>
<opset="x_addr_30/16 "/>
</bind>
</comp>

<comp id="741" class="1004" name="x_addr_31_gep_fu_741">
<pin_list>
<pin id="742" dir="0" index="0" bw="32" slack="0"/>
<pin id="743" dir="0" index="1" bw="1" slack="0"/>
<pin id="744" dir="0" index="2" bw="8" slack="0"/>
<pin id="745" dir="1" index="3" bw="8" slack="0"/>
</pin_list>
<bind>
<opcode="getelementptr(29) " fcode="getelementptr"/>
<opset="x_addr_31/16 "/>
</bind>
</comp>

<comp id="750" class="1004" name="h_addr_30_gep_fu_750">
<pin_list>
<pin id="751" dir="0" index="0" bw="32" slack="0"/>
<pin id="752" dir="0" index="1" bw="1" slack="0"/>
<pin id="753" dir="0" index="2" bw="6" slack="0"/>
<pin id="754" dir="1" index="3" bw="5" slack="0"/>
</pin_list>
<bind>
<opcode="getelementptr(29) " fcode="getelementptr"/>
<opset="h_addr_30/16 "/>
</bind>
</comp>

<comp id="759" class="1004" name="h_addr_31_gep_fu_759">
<pin_list>
<pin id="760" dir="0" index="0" bw="32" slack="0"/>
<pin id="761" dir="0" index="1" bw="1" slack="0"/>
<pin id="762" dir="0" index="2" bw="6" slack="0"/>
<pin id="763" dir="1" index="3" bw="5" slack="0"/>
</pin_list>
<bind>
<opcode="getelementptr(29) " fcode="getelementptr"/>
<opset="h_addr_31/16 "/>
</bind>
</comp>

<comp id="768" class="1004" name="grp_LSTM_step_Pipeline_GATES_fu_768">
<pin_list>
<pin id="769" dir="0" index="0" bw="0" slack="0"/>
<pin id="770" dir="0" index="1" bw="32" slack="0"/>
<pin id="771" dir="0" index="2" bw="32" slack="0"/>
<pin id="772" dir="0" index="3" bw="32" slack="0"/>
<pin id="773" dir="0" index="4" bw="32" slack="0"/>
<pin id="774" dir="0" index="5" bw="32" slack="0"/>
<pin id="775" dir="0" index="6" bw="32" slack="0"/>
<pin id="776" dir="0" index="7" bw="32" slack="0"/>
<pin id="777" dir="0" index="8" bw="32" slack="0"/>
<pin id="778" dir="0" index="9" bw="32" slack="0"/>
<pin id="779" dir="0" index="10" bw="32" slack="0"/>
<pin id="780" dir="0" index="11" bw="32" slack="0"/>
<pin id="781" dir="0" index="12" bw="32" slack="0"/>
<pin id="782" dir="0" index="13" bw="32" slack="0"/>
<pin id="783" dir="0" index="14" bw="32" slack="0"/>
<pin id="784" dir="0" index="15" bw="32" slack="0"/>
<pin id="785" dir="0" index="16" bw="32" slack="0"/>
<pin id="786" dir="0" index="17" bw="32" slack="0"/>
<pin id="787" dir="0" index="18" bw="32" slack="0"/>
<pin id="788" dir="0" index="19" bw="32" slack="0"/>
<pin id="789" dir="0" index="20" bw="32" slack="0"/>
<pin id="790" dir="0" index="21" bw="32" slack="0"/>
<pin id="791" dir="0" index="22" bw="32" slack="0"/>
<pin id="792" dir="0" index="23" bw="32" slack="0"/>
<pin id="793" dir="0" index="24" bw="32" slack="0"/>
<pin id="794" dir="0" index="25" bw="32" slack="0"/>
<pin id="795" dir="0" index="26" bw="32" slack="0"/>
<pin id="796" dir="0" index="27" bw="32" slack="0"/>
<pin id="797" dir="0" index="28" bw="32" slack="0"/>
<pin id="798" dir="0" index="29" bw="32" slack="0"/>
<pin id="799" dir="0" index="30" bw="32" slack="0"/>
<pin id="800" dir="0" index="31" bw="32" slack="0"/>
<pin id="801" dir="0" index="32" bw="32" slack="0"/>
<pin id="802" dir="0" index="33" bw="32" slack="0"/>
<pin id="803" dir="0" index="34" bw="32" slack="0"/>
<pin id="804" dir="0" index="35" bw="32" slack="0"/>
<pin id="805" dir="0" index="36" bw="32" slack="0"/>
<pin id="806" dir="0" index="37" bw="32" slack="0"/>
<pin id="807" dir="0" index="38" bw="32" slack="0"/>
<pin id="808" dir="0" index="39" bw="32" slack="0"/>
<pin id="809" dir="0" index="40" bw="32" slack="0"/>
<pin id="810" dir="0" index="41" bw="32" slack="0"/>
<pin id="811" dir="0" index="42" bw="32" slack="0"/>
<pin id="812" dir="0" index="43" bw="32" slack="0"/>
<pin id="813" dir="0" index="44" bw="32" slack="0"/>
<pin id="814" dir="0" index="45" bw="32" slack="0"/>
<pin id="815" dir="0" index="46" bw="32" slack="0"/>
<pin id="816" dir="0" index="47" bw="32" slack="0"/>
<pin id="817" dir="0" index="48" bw="32" slack="0"/>
<pin id="818" dir="0" index="49" bw="32" slack="0"/>
<pin id="819" dir="0" index="50" bw="32" slack="0"/>
<pin id="820" dir="0" index="51" bw="32" slack="0"/>
<pin id="821" dir="0" index="52" bw="32" slack="0"/>
<pin id="822" dir="0" index="53" bw="32" slack="0"/>
<pin id="823" dir="0" index="54" bw="32" slack="0"/>
<pin id="824" dir="0" index="55" bw="32" slack="0"/>
<pin id="825" dir="0" index="56" bw="32" slack="0"/>
<pin id="826" dir="0" index="57" bw="32" slack="0"/>
<pin id="827" dir="0" index="58" bw="32" slack="0"/>
<pin id="828" dir="0" index="59" bw="32" slack="0"/>
<pin id="829" dir="0" index="60" bw="32" slack="0"/>
<pin id="830" dir="0" index="61" bw="32" slack="0"/>
<pin id="831" dir="0" index="62" bw="32" slack="0"/>
<pin id="832" dir="0" index="63" bw="32" slack="0"/>
<pin id="833" dir="0" index="64" bw="32" slack="0"/>
<pin id="834" dir="0" index="65" bw="32" slack="0"/>
<pin id="835" dir="0" index="66" bw="32" slack="0"/>
<pin id="836" dir="0" index="67" bw="32" slack="0"/>
<pin id="837" dir="0" index="68" bw="32" slack="0"/>
<pin id="838" dir="0" index="69" bw="32" slack="0"/>
<pin id="839" dir="0" index="70" bw="32" slack="0"/>
<pin id="840" dir="0" index="71" bw="32" slack="0"/>
<pin id="841" dir="0" index="72" bw="32" slack="0"/>
<pin id="842" dir="0" index="73" bw="32" slack="0"/>
<pin id="843" dir="0" index="74" bw="32" slack="2147483647"/>
<pin id="844" dir="0" index="75" bw="32" slack="0"/>
<pin id="845" dir="0" index="76" bw="32" slack="2147483647"/>
<pin id="846" dir="0" index="77" bw="32" slack="0"/>
<pin id="847" dir="0" index="78" bw="32" slack="2147483647"/>
<pin id="848" dir="0" index="79" bw="32" slack="0"/>
<pin id="849" dir="0" index="80" bw="32" slack="2147483647"/>
<pin id="850" dir="0" index="81" bw="58" slack="0"/>
<pin id="851" dir="0" index="82" bw="26" slack="0"/>
<pin id="852" dir="0" index="83" bw="42" slack="0"/>
<pin id="853" dir="1" index="84" bw="0" slack="2147483647"/>
</pin_list>
<bind>
<opcode="call(48) " fcode="call"/>
<opset="call_ln0/17 "/>
</bind>
</comp>

<comp id="870" class="1004" name="grp_LSTM_step_Pipeline_UPDATE_fu_870">
<pin_list>
<pin id="871" dir="0" index="0" bw="0" slack="0"/>
<pin id="872" dir="0" index="1" bw="32" slack="2147483647"/>
<pin id="873" dir="0" index="2" bw="32" slack="0"/>
<pin id="874" dir="0" index="3" bw="32" slack="2147483647"/>
<pin id="875" dir="0" index="4" bw="32" slack="2147483647"/>
<pin id="876" dir="0" index="5" bw="32" slack="2147483647"/>
<pin id="877" dir="0" index="6" bw="32" slack="0"/>
<pin id="878" dir="0" index="7" bw="58" slack="0"/>
<pin id="879" dir="0" index="8" bw="26" slack="0"/>
<pin id="880" dir="0" index="9" bw="42" slack="0"/>
<pin id="881" dir="1" index="10" bw="0" slack="2147483647"/>
</pin_list>
<bind>
<opcode="call(48) " fcode="call"/>
<opset="call_ln0/19 "/>
</bind>
</comp>

<comp id="888" class="1004" name="tmp_13_fu_888">
<pin_list>
<pin id="889" dir="0" index="0" bw="8" slack="0"/>
<pin id="890" dir="0" index="1" bw="3" slack="0"/>
<pin id="891" dir="0" index="2" bw="1" slack="0"/>
<pin id="892" dir="1" index="3" bw="8" slack="0"/>
</pin_list>
<bind>
<opcode="bitconcatenate(1004) " fcode="bitconcatenate"/>
<opset="tmp_13/1 "/>
</bind>
</comp>

<comp id="896" class="1004" name="tmp_13_cast_fu_896">
<pin_list>
<pin id="897" dir="0" index="0" bw="8" slack="0"/>
<pin id="898" dir="1" index="1" bw="64" slack="0"/>
</pin_list>
<bind>
<opcode="zext(34) " fcode="zext"/>
<opset="tmp_13_cast/1 "/>
</bind>
</comp>

<comp id="901" class="1004" name="tmp_14_fu_901">
<pin_list>
<pin id="902" dir="0" index="0" bw="8" slack="0"/>
<pin id="903" dir="0" index="1" bw="3" slack="0"/>
<pin id="904" dir="0" index="2" bw="1" slack="0"/>
<pin id="905" dir="1" index="3" bw="8" slack="0"/>
</pin_list>
<bind>
<opcode="bitconcatenate(1004) " fcode="bitconcatenate"/>
<opset="tmp_14/1 "/>
</bind>
</comp>

<comp id="909" class="1004" name="tmp_14_cast_fu_909">
<pin_list>
<pin id="910" dir="0" index="0" bw="8" slack="0"/>
<pin id="911" dir="1" index="1" bw="64" slack="0"/>
</pin_list>
<bind>
<opcode="zext(34) " fcode="zext"/>
<opset="tmp_14_cast/1 "/>
</bind>
</comp>

<comp id="914" class="1004" name="tmp_15_fu_914">
<pin_list>
<pin id="915" dir="0" index="0" bw="8" slack="0"/>
<pin id="916" dir="0" index="1" bw="3" slack="1"/>
<pin id="917" dir="0" index="2" bw="3" slack="0"/>
<pin id="918" dir="1" index="3" bw="8" slack="0"/>
</pin_list>
<bind>
<opcode="bitconcatenate(1004) " fcode="bitconcatenate"/>
<opset="tmp_15/2 "/>
</bind>
</comp>

<comp id="921" class="1004" name="tmp_15_cast_fu_921">
<pin_list>
<pin id="922" dir="0" index="0" bw="8" slack="0"/>
<pin id="923" dir="1" index="1" bw="64" slack="0"/>
</pin_list>
<bind>
<opcode="zext(34) " fcode="zext"/>
<opset="tmp_15_cast/2 "/>
</bind>
</comp>

<comp id="926" class="1004" name="tmp_16_fu_926">
<pin_list>
<pin id="927" dir="0" index="0" bw="8" slack="0"/>
<pin id="928" dir="0" index="1" bw="3" slack="1"/>
<pin id="929" dir="0" index="2" bw="3" slack="0"/>
<pin id="930" dir="1" index="3" bw="8" slack="0"/>
</pin_list>
<bind>
<opcode="bitconcatenate(1004) " fcode="bitconcatenate"/>
<opset="tmp_16/2 "/>
</bind>
</comp>

<comp id="933" class="1004" name="tmp_16_cast_fu_933">
<pin_list>
<pin id="934" dir="0" index="0" bw="8" slack="0"/>
<pin id="935" dir="1" index="1" bw="64" slack="0"/>
</pin_list>
<bind>
<opcode="zext(34) " fcode="zext"/>
<opset="tmp_16_cast/2 "/>
</bind>
</comp>

<comp id="938" class="1004" name="tmp_17_fu_938">
<pin_list>
<pin id="939" dir="0" index="0" bw="8" slack="0"/>
<pin id="940" dir="0" index="1" bw="3" slack="2"/>
<pin id="941" dir="0" index="2" bw="4" slack="0"/>
<pin id="942" dir="1" index="3" bw="8" slack="0"/>
</pin_list>
<bind>
<opcode="bitconcatenate(1004) " fcode="bitconcatenate"/>
<opset="tmp_17/3 "/>
</bind>
</comp>

<comp id="945" class="1004" name="tmp_17_cast_fu_945">
<pin_list>
<pin id="946" dir="0" index="0" bw="8" slack="0"/>
<pin id="947" dir="1" index="1" bw="64" slack="0"/>
</pin_list>
<bind>
<opcode="zext(34) " fcode="zext"/>
<opset="tmp_17_cast/3 "/>
</bind>
</comp>

<comp id="950" class="1004" name="tmp_18_fu_950">
<pin_list>
<pin id="951" dir="0" index="0" bw="8" slack="0"/>
<pin id="952" dir="0" index="1" bw="3" slack="2"/>
<pin id="953" dir="0" index="2" bw="4" slack="0"/>
<pin id="954" dir="1" index="3" bw="8" slack="0"/>
</pin_list>
<bind>
<opcode="bitconcatenate(1004) " fcode="bitconcatenate"/>
<opset="tmp_18/3 "/>
</bind>
</comp>

<comp id="957" class="1004" name="tmp_18_cast_fu_957">
<pin_list>
<pin id="958" dir="0" index="0" bw="8" slack="0"/>
<pin id="959" dir="1" index="1" bw="64" slack="0"/>
</pin_list>
<bind>
<opcode="zext(34) " fcode="zext"/>
<opset="tmp_18_cast/3 "/>
</bind>
</comp>

<comp id="962" class="1004" name="tmp_19_fu_962">
<pin_list>
<pin id="963" dir="0" index="0" bw="8" slack="0"/>
<pin id="964" dir="0" index="1" bw="3" slack="3"/>
<pin id="965" dir="0" index="2" bw="4" slack="0"/>
<pin id="966" dir="1" index="3" bw="8" slack="0"/>
</pin_list>
<bind>
<opcode="bitconcatenate(1004) " fcode="bitconcatenate"/>
<opset="tmp_19/4 "/>
</bind>
</comp>

<comp id="969" class="1004" name="tmp_19_cast_fu_969">
<pin_list>
<pin id="970" dir="0" index="0" bw="8" slack="0"/>
<pin id="971" dir="1" index="1" bw="64" slack="0"/>
</pin_list>
<bind>
<opcode="zext(34) " fcode="zext"/>
<opset="tmp_19_cast/4 "/>
</bind>
</comp>

<comp id="974" class="1004" name="tmp_20_fu_974">
<pin_list>
<pin id="975" dir="0" index="0" bw="8" slack="0"/>
<pin id="976" dir="0" index="1" bw="3" slack="3"/>
<pin id="977" dir="0" index="2" bw="4" slack="0"/>
<pin id="978" dir="1" index="3" bw="8" slack="0"/>
</pin_list>
<bind>
<opcode="bitconcatenate(1004) " fcode="bitconcatenate"/>
<opset="tmp_20/4 "/>
</bind>
</comp>

<comp id="981" class="1004" name="tmp_20_cast_fu_981">
<pin_list>
<pin id="982" dir="0" index="0" bw="8" slack="0"/>
<pin id="983" dir="1" index="1" bw="64" slack="0"/>
</pin_list>
<bind>
<opcode="zext(34) " fcode="zext"/>
<opset="tmp_20_cast/4 "/>
</bind>
</comp>

<comp id="986" class="1004" name="tmp_21_fu_986">
<pin_list>
<pin id="987" dir="0" index="0" bw="8" slack="0"/>
<pin id="988" dir="0" index="1" bw="3" slack="4"/>
<pin id="989" dir="0" index="2" bw="5" slack="0"/>
<pin id="990" dir="1" index="3" bw="8" slack="0"/>
</pin_list>
<bind>
<opcode="bitconcatenate(1004) " fcode="bitconcatenate"/>
<opset="tmp_21/5 "/>
</bind>
</comp>

<comp id="993" class="1004" name="tmp_21_cast_fu_993">
<pin_list>
<pin id="994" dir="0" index="0" bw="8" slack="0"/>
<pin id="995" dir="1" index="1" bw="64" slack="0"/>
</pin_list>
<bind>
<opcode="zext(34) " fcode="zext"/>
<opset="tmp_21_cast/5 "/>
</bind>
</comp>

<comp id="998" class="1004" name="tmp_22_fu_998">
<pin_list>
<pin id="999" dir="0" index="0" bw="8" slack="0"/>
<pin id="1000" dir="0" index="1" bw="3" slack="4"/>
<pin id="1001" dir="0" index="2" bw="5" slack="0"/>
<pin id="1002" dir="1" index="3" bw="8" slack="0"/>
</pin_list>
<bind>
<opcode="bitconcatenate(1004) " fcode="bitconcatenate"/>
<opset="tmp_22/5 "/>
</bind>
</comp>

<comp id="1005" class="1004" name="tmp_22_cast_fu_1005">
<pin_list>
<pin id="1006" dir="0" index="0" bw="8" slack="0"/>
<pin id="1007" dir="1" index="1" bw="64" slack="0"/>
</pin_list>
<bind>
<opcode="zext(34) " fcode="zext"/>
<opset="tmp_22_cast/5 "/>
</bind>
</comp>

<comp id="1010" class="1004" name="tmp_23_fu_1010">
<pin_list>
<pin id="1011" dir="0" index="0" bw="8" slack="0"/>
<pin id="1012" dir="0" index="1" bw="3" slack="5"/>
<pin id="1013" dir="0" index="2" bw="5" slack="0"/>
<pin id="1014" dir="1" index="3" bw="8" slack="0"/>
</pin_list>
<bind>
<opcode="bitconcatenate(1004) " fcode="bitconcatenate"/>
<opset="tmp_23/6 "/>
</bind>
</comp>

<comp id="1017" class="1004" name="tmp_23_cast_fu_1017">
<pin_list>
<pin id="1018" dir="0" index="0" bw="8" slack="0"/>
<pin id="1019" dir="1" index="1" bw="64" slack="0"/>
</pin_list>
<bind>
<opcode="zext(34) " fcode="zext"/>
<opset="tmp_23_cast/6 "/>
</bind>
</comp>

<comp id="1022" class="1004" name="tmp_24_fu_1022">
<pin_list>
<pin id="1023" dir="0" index="0" bw="8" slack="0"/>
<pin id="1024" dir="0" index="1" bw="3" slack="5"/>
<pin id="1025" dir="0" index="2" bw="5" slack="0"/>
<pin id="1026" dir="1" index="3" bw="8" slack="0"/>
</pin_list>
<bind>
<opcode="bitconcatenate(1004) " fcode="bitconcatenate"/>
<opset="tmp_24/6 "/>
</bind>
</comp>

<comp id="1029" class="1004" name="tmp_24_cast_fu_1029">
<pin_list>
<pin id="1030" dir="0" index="0" bw="8" slack="0"/>
<pin id="1031" dir="1" index="1" bw="64" slack="0"/>
</pin_list>
<bind>
<opcode="zext(34) " fcode="zext"/>
<opset="tmp_24_cast/6 "/>
</bind>
</comp>

<comp id="1034" class="1004" name="tmp_25_fu_1034">
<pin_list>
<pin id="1035" dir="0" index="0" bw="8" slack="0"/>
<pin id="1036" dir="0" index="1" bw="3" slack="6"/>
<pin id="1037" dir="0" index="2" bw="5" slack="0"/>
<pin id="1038" dir="1" index="3" bw="8" slack="0"/>
</pin_list>
<bind>
<opcode="bitconcatenate(1004) " fcode="bitconcatenate"/>
<opset="tmp_25/7 "/>
</bind>
</comp>

<comp id="1041" class="1004" name="tmp_25_cast_fu_1041">
<pin_list>
<pin id="1042" dir="0" index="0" bw="8" slack="0"/>
<pin id="1043" dir="1" index="1" bw="64" slack="0"/>
</pin_list>
<bind>
<opcode="zext(34) " fcode="zext"/>
<opset="tmp_25_cast/7 "/>
</bind>
</comp>

<comp id="1046" class="1004" name="tmp_26_fu_1046">
<pin_list>
<pin id="1047" dir="0" index="0" bw="8" slack="0"/>
<pin id="1048" dir="0" index="1" bw="3" slack="6"/>
<pin id="1049" dir="0" index="2" bw="5" slack="0"/>
<pin id="1050" dir="1" index="3" bw="8" slack="0"/>
</pin_list>
<bind>
<opcode="bitconcatenate(1004) " fcode="bitconcatenate"/>
<opset="tmp_26/7 "/>
</bind>
</comp>

<comp id="1053" class="1004" name="tmp_26_cast_fu_1053">
<pin_list>
<pin id="1054" dir="0" index="0" bw="8" slack="0"/>
<pin id="1055" dir="1" index="1" bw="64" slack="0"/>
</pin_list>
<bind>
<opcode="zext(34) " fcode="zext"/>
<opset="tmp_26_cast/7 "/>
</bind>
</comp>

<comp id="1058" class="1004" name="tmp_27_fu_1058">
<pin_list>
<pin id="1059" dir="0" index="0" bw="8" slack="0"/>
<pin id="1060" dir="0" index="1" bw="3" slack="7"/>
<pin id="1061" dir="0" index="2" bw="5" slack="0"/>
<pin id="1062" dir="1" index="3" bw="8" slack="0"/>
</pin_list>
<bind>
<opcode="bitconcatenate(1004) " fcode="bitconcatenate"/>
<opset="tmp_27/8 "/>
</bind>
</comp>

<comp id="1065" class="1004" name="tmp_27_cast_fu_1065">
<pin_list>
<pin id="1066" dir="0" index="0" bw="8" slack="0"/>
<pin id="1067" dir="1" index="1" bw="64" slack="0"/>
</pin_list>
<bind>
<opcode="zext(34) " fcode="zext"/>
<opset="tmp_27_cast/8 "/>
</bind>
</comp>

<comp id="1070" class="1004" name="tmp_28_fu_1070">
<pin_list>
<pin id="1071" dir="0" index="0" bw="8" slack="0"/>
<pin id="1072" dir="0" index="1" bw="3" slack="7"/>
<pin id="1073" dir="0" index="2" bw="5" slack="0"/>
<pin id="1074" dir="1" index="3" bw="8" slack="0"/>
</pin_list>
<bind>
<opcode="bitconcatenate(1004) " fcode="bitconcatenate"/>
<opset="tmp_28/8 "/>
</bind>
</comp>

<comp id="1077" class="1004" name="tmp_28_cast_fu_1077">
<pin_list>
<pin id="1078" dir="0" index="0" bw="8" slack="0"/>
<pin id="1079" dir="1" index="1" bw="64" slack="0"/>
</pin_list>
<bind>
<opcode="zext(34) " fcode="zext"/>
<opset="tmp_28_cast/8 "/>
</bind>
</comp>

<comp id="1082" class="1004" name="tmp_29_fu_1082">
<pin_list>
<pin id="1083" dir="0" index="0" bw="8" slack="0"/>
<pin id="1084" dir="0" index="1" bw="3" slack="8"/>
<pin id="1085" dir="0" index="2" bw="5" slack="0"/>
<pin id="1086" dir="1" index="3" bw="8" slack="0"/>
</pin_list>
<bind>
<opcode="bitconcatenate(1004) " fcode="bitconcatenate"/>
<opset="tmp_29/9 "/>
</bind>
</comp>

<comp id="1089" class="1004" name="tmp_29_cast_fu_1089">
<pin_list>
<pin id="1090" dir="0" index="0" bw="8" slack="0"/>
<pin id="1091" dir="1" index="1" bw="64" slack="0"/>
</pin_list>
<bind>
<opcode="zext(34) " fcode="zext"/>
<opset="tmp_29_cast/9 "/>
</bind>
</comp>

<comp id="1094" class="1004" name="tmp_30_fu_1094">
<pin_list>
<pin id="1095" dir="0" index="0" bw="8" slack="0"/>
<pin id="1096" dir="0" index="1" bw="3" slack="8"/>
<pin id="1097" dir="0" index="2" bw="5" slack="0"/>
<pin id="1098" dir="1" index="3" bw="8" slack="0"/>
</pin_list>
<bind>
<opcode="bitconcatenate(1004) " fcode="bitconcatenate"/>
<opset="tmp_30/9 "/>
</bind>
</comp>

<comp id="1101" class="1004" name="tmp_30_cast_fu_1101">
<pin_list>
<pin id="1102" dir="0" index="0" bw="8" slack="0"/>
<pin id="1103" dir="1" index="1" bw="64" slack="0"/>
</pin_list>
<bind>
<opcode="zext(34) " fcode="zext"/>
<opset="tmp_30_cast/9 "/>
</bind>
</comp>

<comp id="1106" class="1004" name="tmp_31_fu_1106">
<pin_list>
<pin id="1107" dir="0" index="0" bw="8" slack="0"/>
<pin id="1108" dir="0" index="1" bw="3" slack="9"/>
<pin id="1109" dir="0" index="2" bw="5" slack="0"/>
<pin id="1110" dir="1" index="3" bw="8" slack="0"/>
</pin_list>
<bind>
<opcode="bitconcatenate(1004) " fcode="bitconcatenate"/>
<opset="tmp_31/10 "/>
</bind>
</comp>

<comp id="1113" class="1004" name="tmp_31_cast_fu_1113">
<pin_list>
<pin id="1114" dir="0" index="0" bw="8" slack="0"/>
<pin id="1115" dir="1" index="1" bw="64" slack="0"/>
</pin_list>
<bind>
<opcode="zext(34) " fcode="zext"/>
<opset="tmp_31_cast/10 "/>
</bind>
</comp>

<comp id="1118" class="1004" name="tmp_32_fu_1118">
<pin_list>
<pin id="1119" dir="0" index="0" bw="8" slack="0"/>
<pin id="1120" dir="0" index="1" bw="3" slack="9"/>
<pin id="1121" dir="0" index="2" bw="5" slack="0"/>
<pin id="1122" dir="1" index="3" bw="8" slack="0"/>
</pin_list>
<bind>
<opcode="bitconcatenate(1004) " fcode="bitconcatenate"/>
<opset="tmp_32/10 "/>
</bind>
</comp>

<comp id="1125" class="1004" name="tmp_32_cast_fu_1125">
<pin_list>
<pin id="1126" dir="0" index="0" bw="8" slack="0"/>
<pin id="1127" dir="1" index="1" bw="64" slack="0"/>
</pin_list>
<bind>
<opcode="zext(34) " fcode="zext"/>
<opset="tmp_32_cast/10 "/>
</bind>
</comp>

<comp id="1130" class="1004" name="tmp_33_fu_1130">
<pin_list>
<pin id="1131" dir="0" index="0" bw="8" slack="0"/>
<pin id="1132" dir="0" index="1" bw="3" slack="10"/>
<pin id="1133" dir="0" index="2" bw="5" slack="0"/>
<pin id="1134" dir="1" index="3" bw="8" slack="0"/>
</pin_list>
<bind>
<opcode="bitconcatenate(1004) " fcode="bitconcatenate"/>
<opset="tmp_33/11 "/>
</bind>
</comp>

<comp id="1137" class="1004" name="tmp_33_cast_fu_1137">
<pin_list>
<pin id="1138" dir="0" index="0" bw="8" slack="0"/>
<pin id="1139" dir="1" index="1" bw="64" slack="0"/>
</pin_list>
<bind>
<opcode="zext(34) " fcode="zext"/>
<opset="tmp_33_cast/11 "/>
</bind>
</comp>

<comp id="1142" class="1004" name="tmp_34_fu_1142">
<pin_list>
<pin id="1143" dir="0" index="0" bw="8" slack="0"/>
<pin id="1144" dir="0" index="1" bw="3" slack="10"/>
<pin id="1145" dir="0" index="2" bw="5" slack="0"/>
<pin id="1146" dir="1" index="3" bw="8" slack="0"/>
</pin_list>
<bind>
<opcode="bitconcatenate(1004) " fcode="bitconcatenate"/>
<opset="tmp_34/11 "/>
</bind>
</comp>

<comp id="1149" class="1004" name="tmp_34_cast_fu_1149">
<pin_list>
<pin id="1150" dir="0" index="0" bw="8" slack="0"/>
<pin id="1151" dir="1" index="1" bw="64" slack="0"/>
</pin_list>
<bind>
<opcode="zext(34) " fcode="zext"/>
<opset="tmp_34_cast/11 "/>
</bind>
</comp>

<comp id="1154" class="1004" name="tmp_35_fu_1154">
<pin_list>
<pin id="1155" dir="0" index="0" bw="8" slack="0"/>
<pin id="1156" dir="0" index="1" bw="3" slack="11"/>
<pin id="1157" dir="0" index="2" bw="5" slack="0"/>
<pin id="1158" dir="1" index="3" bw="8" slack="0"/>
</pin_list>
<bind>
<opcode="bitconcatenate(1004) " fcode="bitconcatenate"/>
<opset="tmp_35/12 "/>
</bind>
</comp>

<comp id="1161" class="1004" name="tmp_35_cast_fu_1161">
<pin_list>
<pin id="1162" dir="0" index="0" bw="8" slack="0"/>
<pin id="1163" dir="1" index="1" bw="64" slack="0"/>
</pin_list>
<bind>
<opcode="zext(34) " fcode="zext"/>
<opset="tmp_35_cast/12 "/>
</bind>
</comp>

<comp id="1166" class="1004" name="tmp_36_fu_1166">
<pin_list>
<pin id="1167" dir="0" index="0" bw="8" slack="0"/>
<pin id="1168" dir="0" index="1" bw="3" slack="11"/>
<pin id="1169" dir="0" index="2" bw="5" slack="0"/>
<pin id="1170" dir="1" index="3" bw="8" slack="0"/>
</pin_list>
<bind>
<opcode="bitconcatenate(1004) " fcode="bitconcatenate"/>
<opset="tmp_36/12 "/>
</bind>
</comp>

<comp id="1173" class="1004" name="tmp_36_cast_fu_1173">
<pin_list>
<pin id="1174" dir="0" index="0" bw="8" slack="0"/>
<pin id="1175" dir="1" index="1" bw="64" slack="0"/>
</pin_list>
<bind>
<opcode="zext(34) " fcode="zext"/>
<opset="tmp_36_cast/12 "/>
</bind>
</comp>

<comp id="1178" class="1004" name="tmp_37_fu_1178">
<pin_list>
<pin id="1179" dir="0" index="0" bw="8" slack="0"/>
<pin id="1180" dir="0" index="1" bw="3" slack="12"/>
<pin id="1181" dir="0" index="2" bw="4" slack="0"/>
<pin id="1182" dir="1" index="3" bw="8" slack="0"/>
</pin_list>
<bind>
<opcode="bitconcatenate(1004) " fcode="bitconcatenate"/>
<opset="tmp_37/13 "/>
</bind>
</comp>

<comp id="1185" class="1004" name="tmp_37_cast_fu_1185">
<pin_list>
<pin id="1186" dir="0" index="0" bw="8" slack="0"/>
<pin id="1187" dir="1" index="1" bw="64" slack="0"/>
</pin_list>
<bind>
<opcode="zext(34) " fcode="zext"/>
<opset="tmp_37_cast/13 "/>
</bind>
</comp>

<comp id="1190" class="1004" name="tmp_38_fu_1190">
<pin_list>
<pin id="1191" dir="0" index="0" bw="8" slack="0"/>
<pin id="1192" dir="0" index="1" bw="3" slack="12"/>
<pin id="1193" dir="0" index="2" bw="4" slack="0"/>
<pin id="1194" dir="1" index="3" bw="8" slack="0"/>
</pin_list>
<bind>
<opcode="bitconcatenate(1004) " fcode="bitconcatenate"/>
<opset="tmp_38/13 "/>
</bind>
</comp>

<comp id="1197" class="1004" name="tmp_38_cast_fu_1197">
<pin_list>
<pin id="1198" dir="0" index="0" bw="8" slack="0"/>
<pin id="1199" dir="1" index="1" bw="64" slack="0"/>
</pin_list>
<bind>
<opcode="zext(34) " fcode="zext"/>
<opset="tmp_38_cast/13 "/>
</bind>
</comp>

<comp id="1202" class="1004" name="tmp_39_fu_1202">
<pin_list>
<pin id="1203" dir="0" index="0" bw="8" slack="0"/>
<pin id="1204" dir="0" index="1" bw="3" slack="13"/>
<pin id="1205" dir="0" index="2" bw="4" slack="0"/>
<pin id="1206" dir="1" index="3" bw="8" slack="0"/>
</pin_list>
<bind>
<opcode="bitconcatenate(1004) " fcode="bitconcatenate"/>
<opset="tmp_39/14 "/>
</bind>
</comp>

<comp id="1209" class="1004" name="tmp_39_cast_fu_1209">
<pin_list>
<pin id="1210" dir="0" index="0" bw="8" slack="0"/>
<pin id="1211" dir="1" index="1" bw="64" slack="0"/>
</pin_list>
<bind>
<opcode="zext(34) " fcode="zext"/>
<opset="tmp_39_cast/14 "/>
</bind>
</comp>

<comp id="1214" class="1004" name="tmp_40_fu_1214">
<pin_list>
<pin id="1215" dir="0" index="0" bw="8" slack="0"/>
<pin id="1216" dir="0" index="1" bw="3" slack="13"/>
<pin id="1217" dir="0" index="2" bw="4" slack="0"/>
<pin id="1218" dir="1" index="3" bw="8" slack="0"/>
</pin_list>
<bind>
<opcode="bitconcatenate(1004) " fcode="bitconcatenate"/>
<opset="tmp_40/14 "/>
</bind>
</comp>

<comp id="1221" class="1004" name="tmp_40_cast_fu_1221">
<pin_list>
<pin id="1222" dir="0" index="0" bw="8" slack="0"/>
<pin id="1223" dir="1" index="1" bw="64" slack="0"/>
</pin_list>
<bind>
<opcode="zext(34) " fcode="zext"/>
<opset="tmp_40_cast/14 "/>
</bind>
</comp>

<comp id="1226" class="1004" name="tmp_41_fu_1226">
<pin_list>
<pin id="1227" dir="0" index="0" bw="8" slack="0"/>
<pin id="1228" dir="0" index="1" bw="3" slack="14"/>
<pin id="1229" dir="0" index="2" bw="3" slack="0"/>
<pin id="1230" dir="1" index="3" bw="8" slack="0"/>
</pin_list>
<bind>
<opcode="bitconcatenate(1004) " fcode="bitconcatenate"/>
<opset="tmp_41/15 "/>
</bind>
</comp>

<comp id="1233" class="1004" name="tmp_41_cast_fu_1233">
<pin_list>
<pin id="1234" dir="0" index="0" bw="8" slack="0"/>
<pin id="1235" dir="1" index="1" bw="64" slack="0"/>
</pin_list>
<bind>
<opcode="zext(34) " fcode="zext"/>
<opset="tmp_41_cast/15 "/>
</bind>
</comp>

<comp id="1238" class="1004" name="tmp_42_fu_1238">
<pin_list>
<pin id="1239" dir="0" index="0" bw="8" slack="0"/>
<pin id="1240" dir="0" index="1" bw="3" slack="14"/>
<pin id="1241" dir="0" index="2" bw="3" slack="0"/>
<pin id="1242" dir="1" index="3" bw="8" slack="0"/>
</pin_list>
<bind>
<opcode="bitconcatenate(1004) " fcode="bitconcatenate"/>
<opset="tmp_42/15 "/>
</bind>
</comp>

<comp id="1245" class="1004" name="tmp_42_cast_fu_1245">
<pin_list>
<pin id="1246" dir="0" index="0" bw="8" slack="0"/>
<pin id="1247" dir="1" index="1" bw="64" slack="0"/>
</pin_list>
<bind>
<opcode="zext(34) " fcode="zext"/>
<opset="tmp_42_cast/15 "/>
</bind>
</comp>

<comp id="1250" class="1004" name="tmp_43_fu_1250">
<pin_list>
<pin id="1251" dir="0" index="0" bw="8" slack="0"/>
<pin id="1252" dir="0" index="1" bw="3" slack="15"/>
<pin id="1253" dir="0" index="2" bw="2" slack="0"/>
<pin id="1254" dir="1" index="3" bw="8" slack="0"/>
</pin_list>
<bind>
<opcode="bitconcatenate(1004) " fcode="bitconcatenate"/>
<opset="tmp_43/16 "/>
</bind>
</comp>

<comp id="1257" class="1004" name="tmp_43_cast_fu_1257">
<pin_list>
<pin id="1258" dir="0" index="0" bw="8" slack="0"/>
<pin id="1259" dir="1" index="1" bw="64" slack="0"/>
</pin_list>
<bind>
<opcode="zext(34) " fcode="zext"/>
<opset="tmp_43_cast/16 "/>
</bind>
</comp>

<comp id="1262" class="1004" name="tmp_44_fu_1262">
<pin_list>
<pin id="1263" dir="0" index="0" bw="8" slack="0"/>
<pin id="1264" dir="0" index="1" bw="3" slack="15"/>
<pin id="1265" dir="0" index="2" bw="1" slack="0"/>
<pin id="1266" dir="1" index="3" bw="8" slack="0"/>
</pin_list>
<bind>
<opcode="bitconcatenate(1004) " fcode="bitconcatenate"/>
<opset="tmp_44/16 "/>
</bind>
</comp>

<comp id="1269" class="1004" name="tmp_44_cast_fu_1269">
<pin_list>
<pin id="1270" dir="0" index="0" bw="8" slack="0"/>
<pin id="1271" dir="1" index="1" bw="64" slack="0"/>
</pin_list>
<bind>
<opcode="zext(34) " fcode="zext"/>
<opset="tmp_44_cast/16 "/>
</bind>
</comp>

<comp id="1274" class="1004" name="empty_fu_1274">
<pin_list>
<pin id="1275" dir="0" index="0" bw="32" slack="15"/>
<pin id="1276" dir="1" index="1" bw="32" slack="0"/>
</pin_list>
<bind>
<opcode="bitcast(44) " fcode="bitcast"/>
<opset="empty/17 "/>
</bind>
</comp>

<comp id="1278" class="1004" name="empty_199_fu_1278">
<pin_list>
<pin id="1279" dir="0" index="0" bw="32" slack="15"/>
<pin id="1280" dir="1" index="1" bw="32" slack="0"/>
</pin_list>
<bind>
<opcode="bitcast(44) " fcode="bitcast"/>
<opset="empty_199/17 "/>
</bind>
</comp>

<comp id="1282" class="1004" name="empty_200_fu_1282">
<pin_list>
<pin id="1283" dir="0" index="0" bw="32" slack="14"/>
<pin id="1284" dir="1" index="1" bw="32" slack="0"/>
</pin_list>
<bind>
<opcode="bitcast(44) " fcode="bitcast"/>
<opset="empty_200/17 "/>
</bind>
</comp>

<comp id="1286" class="1004" name="empty_201_fu_1286">
<pin_list>
<pin id="1287" dir="0" index="0" bw="32" slack="14"/>
<pin id="1288" dir="1" index="1" bw="32" slack="0"/>
</pin_list>
<bind>
<opcode="bitcast(44) " fcode="bitcast"/>
<opset="empty_201/17 "/>
</bind>
</comp>

<comp id="1290" class="1004" name="empty_202_fu_1290">
<pin_list>
<pin id="1291" dir="0" index="0" bw="32" slack="13"/>
<pin id="1292" dir="1" index="1" bw="32" slack="0"/>
</pin_list>
<bind>
<opcode="bitcast(44) " fcode="bitcast"/>
<opset="empty_202/17 "/>
</bind>
</comp>

<comp id="1294" class="1004" name="empty_203_fu_1294">
<pin_list>
<pin id="1295" dir="0" index="0" bw="32" slack="13"/>
<pin id="1296" dir="1" index="1" bw="32" slack="0"/>
</pin_list>
<bind>
<opcode="bitcast(44) " fcode="bitcast"/>
<opset="empty_203/17 "/>
</bind>
</comp>

<comp id="1298" class="1004" name="empty_204_fu_1298">
<pin_list>
<pin id="1299" dir="0" index="0" bw="32" slack="12"/>
<pin id="1300" dir="1" index="1" bw="32" slack="0"/>
</pin_list>
<bind>
<opcode="bitcast(44) " fcode="bitcast"/>
<opset="empty_204/17 "/>
</bind>
</comp>

<comp id="1302" class="1004" name="empty_205_fu_1302">
<pin_list>
<pin id="1303" dir="0" index="0" bw="32" slack="12"/>
<pin id="1304" dir="1" index="1" bw="32" slack="0"/>
</pin_list>
<bind>
<opcode="bitcast(44) " fcode="bitcast"/>
<opset="empty_205/17 "/>
</bind>
</comp>

<comp id="1306" class="1004" name="empty_206_fu_1306">
<pin_list>
<pin id="1307" dir="0" index="0" bw="32" slack="11"/>
<pin id="1308" dir="1" index="1" bw="32" slack="0"/>
</pin_list>
<bind>
<opcode="bitcast(44) " fcode="bitcast"/>
<opset="empty_206/17 "/>
</bind>
</comp>

<comp id="1310" class="1004" name="empty_207_fu_1310">
<pin_list>
<pin id="1311" dir="0" index="0" bw="32" slack="11"/>
<pin id="1312" dir="1" index="1" bw="32" slack="0"/>
</pin_list>
<bind>
<opcode="bitcast(44) " fcode="bitcast"/>
<opset="empty_207/17 "/>
</bind>
</comp>

<comp id="1314" class="1004" name="empty_208_fu_1314">
<pin_list>
<pin id="1315" dir="0" index="0" bw="32" slack="10"/>
<pin id="1316" dir="1" index="1" bw="32" slack="0"/>
</pin_list>
<bind>
<opcode="bitcast(44) " fcode="bitcast"/>
<opset="empty_208/17 "/>
</bind>
</comp>

<comp id="1318" class="1004" name="empty_209_fu_1318">
<pin_list>
<pin id="1319" dir="0" index="0" bw="32" slack="10"/>
<pin id="1320" dir="1" index="1" bw="32" slack="0"/>
</pin_list>
<bind>
<opcode="bitcast(44) " fcode="bitcast"/>
<opset="empty_209/17 "/>
</bind>
</comp>

<comp id="1322" class="1004" name="empty_210_fu_1322">
<pin_list>
<pin id="1323" dir="0" index="0" bw="32" slack="9"/>
<pin id="1324" dir="1" index="1" bw="32" slack="0"/>
</pin_list>
<bind>
<opcode="bitcast(44) " fcode="bitcast"/>
<opset="empty_210/17 "/>
</bind>
</comp>

<comp id="1326" class="1004" name="empty_211_fu_1326">
<pin_list>
<pin id="1327" dir="0" index="0" bw="32" slack="9"/>
<pin id="1328" dir="1" index="1" bw="32" slack="0"/>
</pin_list>
<bind>
<opcode="bitcast(44) " fcode="bitcast"/>
<opset="empty_211/17 "/>
</bind>
</comp>

<comp id="1330" class="1004" name="empty_212_fu_1330">
<pin_list>
<pin id="1331" dir="0" index="0" bw="32" slack="8"/>
<pin id="1332" dir="1" index="1" bw="32" slack="0"/>
</pin_list>
<bind>
<opcode="bitcast(44) " fcode="bitcast"/>
<opset="empty_212/17 "/>
</bind>
</comp>

<comp id="1334" class="1004" name="empty_213_fu_1334">
<pin_list>
<pin id="1335" dir="0" index="0" bw="32" slack="8"/>
<pin id="1336" dir="1" index="1" bw="32" slack="0"/>
</pin_list>
<bind>
<opcode="bitcast(44) " fcode="bitcast"/>
<opset="empty_213/17 "/>
</bind>
</comp>

<comp id="1338" class="1004" name="empty_214_fu_1338">
<pin_list>
<pin id="1339" dir="0" index="0" bw="32" slack="7"/>
<pin id="1340" dir="1" index="1" bw="32" slack="0"/>
</pin_list>
<bind>
<opcode="bitcast(44) " fcode="bitcast"/>
<opset="empty_214/17 "/>
</bind>
</comp>

<comp id="1342" class="1004" name="empty_215_fu_1342">
<pin_list>
<pin id="1343" dir="0" index="0" bw="32" slack="7"/>
<pin id="1344" dir="1" index="1" bw="32" slack="0"/>
</pin_list>
<bind>
<opcode="bitcast(44) " fcode="bitcast"/>
<opset="empty_215/17 "/>
</bind>
</comp>

<comp id="1346" class="1004" name="empty_216_fu_1346">
<pin_list>
<pin id="1347" dir="0" index="0" bw="32" slack="6"/>
<pin id="1348" dir="1" index="1" bw="32" slack="0"/>
</pin_list>
<bind>
<opcode="bitcast(44) " fcode="bitcast"/>
<opset="empty_216/17 "/>
</bind>
</comp>

<comp id="1350" class="1004" name="empty_217_fu_1350">
<pin_list>
<pin id="1351" dir="0" index="0" bw="32" slack="6"/>
<pin id="1352" dir="1" index="1" bw="32" slack="0"/>
</pin_list>
<bind>
<opcode="bitcast(44) " fcode="bitcast"/>
<opset="empty_217/17 "/>
</bind>
</comp>

<comp id="1354" class="1004" name="empty_218_fu_1354">
<pin_list>
<pin id="1355" dir="0" index="0" bw="32" slack="5"/>
<pin id="1356" dir="1" index="1" bw="32" slack="0"/>
</pin_list>
<bind>
<opcode="bitcast(44) " fcode="bitcast"/>
<opset="empty_218/17 "/>
</bind>
</comp>

<comp id="1358" class="1004" name="empty_219_fu_1358">
<pin_list>
<pin id="1359" dir="0" index="0" bw="32" slack="5"/>
<pin id="1360" dir="1" index="1" bw="32" slack="0"/>
</pin_list>
<bind>
<opcode="bitcast(44) " fcode="bitcast"/>
<opset="empty_219/17 "/>
</bind>
</comp>

<comp id="1362" class="1004" name="empty_220_fu_1362">
<pin_list>
<pin id="1363" dir="0" index="0" bw="32" slack="4"/>
<pin id="1364" dir="1" index="1" bw="32" slack="0"/>
</pin_list>
<bind>
<opcode="bitcast(44) " fcode="bitcast"/>
<opset="empty_220/17 "/>
</bind>
</comp>

<comp id="1366" class="1004" name="empty_221_fu_1366">
<pin_list>
<pin id="1367" dir="0" index="0" bw="32" slack="4"/>
<pin id="1368" dir="1" index="1" bw="32" slack="0"/>
</pin_list>
<bind>
<opcode="bitcast(44) " fcode="bitcast"/>
<opset="empty_221/17 "/>
</bind>
</comp>

<comp id="1370" class="1004" name="empty_222_fu_1370">
<pin_list>
<pin id="1371" dir="0" index="0" bw="32" slack="3"/>
<pin id="1372" dir="1" index="1" bw="32" slack="0"/>
</pin_list>
<bind>
<opcode="bitcast(44) " fcode="bitcast"/>
<opset="empty_222/17 "/>
</bind>
</comp>

<comp id="1374" class="1004" name="empty_223_fu_1374">
<pin_list>
<pin id="1375" dir="0" index="0" bw="32" slack="3"/>
<pin id="1376" dir="1" index="1" bw="32" slack="0"/>
</pin_list>
<bind>
<opcode="bitcast(44) " fcode="bitcast"/>
<opset="empty_223/17 "/>
</bind>
</comp>

<comp id="1378" class="1004" name="empty_224_fu_1378">
<pin_list>
<pin id="1379" dir="0" index="0" bw="32" slack="2"/>
<pin id="1380" dir="1" index="1" bw="32" slack="0"/>
</pin_list>
<bind>
<opcode="bitcast(44) " fcode="bitcast"/>
<opset="empty_224/17 "/>
</bind>
</comp>

<comp id="1382" class="1004" name="empty_225_fu_1382">
<pin_list>
<pin id="1383" dir="0" index="0" bw="32" slack="2"/>
<pin id="1384" dir="1" index="1" bw="32" slack="0"/>
</pin_list>
<bind>
<opcode="bitcast(44) " fcode="bitcast"/>
<opset="empty_225/17 "/>
</bind>
</comp>

<comp id="1386" class="1004" name="empty_226_fu_1386">
<pin_list>
<pin id="1387" dir="0" index="0" bw="32" slack="1"/>
<pin id="1388" dir="1" index="1" bw="32" slack="0"/>
</pin_list>
<bind>
<opcode="bitcast(44) " fcode="bitcast"/>
<opset="empty_226/17 "/>
</bind>
</comp>

<comp id="1390" class="1004" name="empty_227_fu_1390">
<pin_list>
<pin id="1391" dir="0" index="0" bw="32" slack="1"/>
<pin id="1392" dir="1" index="1" bw="32" slack="0"/>
</pin_list>
<bind>
<opcode="bitcast(44) " fcode="bitcast"/>
<opset="empty_227/17 "/>
</bind>
</comp>

<comp id="1394" class="1004" name="empty_228_fu_1394">
<pin_list>
<pin id="1395" dir="0" index="0" bw="32" slack="0"/>
<pin id="1396" dir="1" index="1" bw="32" slack="0"/>
</pin_list>
<bind>
<opcode="bitcast(44) " fcode="bitcast"/>
<opset="empty_228/17 "/>
</bind>
</comp>

<comp id="1399" class="1004" name="empty_229_fu_1399">
<pin_list>
<pin id="1400" dir="0" index="0" bw="32" slack="0"/>
<pin id="1401" dir="1" index="1" bw="32" slack="0"/>
</pin_list>
<bind>
<opcode="bitcast(44) " fcode="bitcast"/>
<opset="empty_229/17 "/>
</bind>
</comp>

<comp id="1404" class="1004" name="empty_230_fu_1404">
<pin_list>
<pin id="1405" dir="0" index="0" bw="32" slack="15"/>
<pin id="1406" dir="1" index="1" bw="32" slack="0"/>
</pin_list>
<bind>
<opcode="bitcast(44) " fcode="bitcast"/>
<opset="empty_230/17 "/>
</bind>
</comp>

<comp id="1408" class="1004" name="empty_231_fu_1408">
<pin_list>
<pin id="1409" dir="0" index="0" bw="32" slack="15"/>
<pin id="1410" dir="1" index="1" bw="32" slack="0"/>
</pin_list>
<bind>
<opcode="bitcast(44) " fcode="bitcast"/>
<opset="empty_231/17 "/>
</bind>
</comp>

<comp id="1412" class="1004" name="empty_232_fu_1412">
<pin_list>
<pin id="1413" dir="0" index="0" bw="32" slack="14"/>
<pin id="1414" dir="1" index="1" bw="32" slack="0"/>
</pin_list>
<bind>
<opcode="bitcast(44) " fcode="bitcast"/>
<opset="empty_232/17 "/>
</bind>
</comp>

<comp id="1416" class="1004" name="empty_233_fu_1416">
<pin_list>
<pin id="1417" dir="0" index="0" bw="32" slack="14"/>
<pin id="1418" dir="1" index="1" bw="32" slack="0"/>
</pin_list>
<bind>
<opcode="bitcast(44) " fcode="bitcast"/>
<opset="empty_233/17 "/>
</bind>
</comp>

<comp id="1420" class="1004" name="empty_234_fu_1420">
<pin_list>
<pin id="1421" dir="0" index="0" bw="32" slack="13"/>
<pin id="1422" dir="1" index="1" bw="32" slack="0"/>
</pin_list>
<bind>
<opcode="bitcast(44) " fcode="bitcast"/>
<opset="empty_234/17 "/>
</bind>
</comp>

<comp id="1424" class="1004" name="empty_235_fu_1424">
<pin_list>
<pin id="1425" dir="0" index="0" bw="32" slack="13"/>
<pin id="1426" dir="1" index="1" bw="32" slack="0"/>
</pin_list>
<bind>
<opcode="bitcast(44) " fcode="bitcast"/>
<opset="empty_235/17 "/>
</bind>
</comp>

<comp id="1428" class="1004" name="empty_236_fu_1428">
<pin_list>
<pin id="1429" dir="0" index="0" bw="32" slack="12"/>
<pin id="1430" dir="1" index="1" bw="32" slack="0"/>
</pin_list>
<bind>
<opcode="bitcast(44) " fcode="bitcast"/>
<opset="empty_236/17 "/>
</bind>
</comp>

<comp id="1432" class="1004" name="empty_237_fu_1432">
<pin_list>
<pin id="1433" dir="0" index="0" bw="32" slack="12"/>
<pin id="1434" dir="1" index="1" bw="32" slack="0"/>
</pin_list>
<bind>
<opcode="bitcast(44) " fcode="bitcast"/>
<opset="empty_237/17 "/>
</bind>
</comp>

<comp id="1436" class="1004" name="empty_238_fu_1436">
<pin_list>
<pin id="1437" dir="0" index="0" bw="32" slack="11"/>
<pin id="1438" dir="1" index="1" bw="32" slack="0"/>
</pin_list>
<bind>
<opcode="bitcast(44) " fcode="bitcast"/>
<opset="empty_238/17 "/>
</bind>
</comp>

<comp id="1440" class="1004" name="empty_239_fu_1440">
<pin_list>
<pin id="1441" dir="0" index="0" bw="32" slack="11"/>
<pin id="1442" dir="1" index="1" bw="32" slack="0"/>
</pin_list>
<bind>
<opcode="bitcast(44) " fcode="bitcast"/>
<opset="empty_239/17 "/>
</bind>
</comp>

<comp id="1444" class="1004" name="empty_240_fu_1444">
<pin_list>
<pin id="1445" dir="0" index="0" bw="32" slack="10"/>
<pin id="1446" dir="1" index="1" bw="32" slack="0"/>
</pin_list>
<bind>
<opcode="bitcast(44) " fcode="bitcast"/>
<opset="empty_240/17 "/>
</bind>
</comp>

<comp id="1448" class="1004" name="empty_241_fu_1448">
<pin_list>
<pin id="1449" dir="0" index="0" bw="32" slack="10"/>
<pin id="1450" dir="1" index="1" bw="32" slack="0"/>
</pin_list>
<bind>
<opcode="bitcast(44) " fcode="bitcast"/>
<opset="empty_241/17 "/>
</bind>
</comp>

<comp id="1452" class="1004" name="empty_242_fu_1452">
<pin_list>
<pin id="1453" dir="0" index="0" bw="32" slack="9"/>
<pin id="1454" dir="1" index="1" bw="32" slack="0"/>
</pin_list>
<bind>
<opcode="bitcast(44) " fcode="bitcast"/>
<opset="empty_242/17 "/>
</bind>
</comp>

<comp id="1456" class="1004" name="empty_243_fu_1456">
<pin_list>
<pin id="1457" dir="0" index="0" bw="32" slack="9"/>
<pin id="1458" dir="1" index="1" bw="32" slack="0"/>
</pin_list>
<bind>
<opcode="bitcast(44) " fcode="bitcast"/>
<opset="empty_243/17 "/>
</bind>
</comp>

<comp id="1460" class="1004" name="empty_244_fu_1460">
<pin_list>
<pin id="1461" dir="0" index="0" bw="32" slack="8"/>
<pin id="1462" dir="1" index="1" bw="32" slack="0"/>
</pin_list>
<bind>
<opcode="bitcast(44) " fcode="bitcast"/>
<opset="empty_244/17 "/>
</bind>
</comp>

<comp id="1464" class="1004" name="empty_245_fu_1464">
<pin_list>
<pin id="1465" dir="0" index="0" bw="32" slack="8"/>
<pin id="1466" dir="1" index="1" bw="32" slack="0"/>
</pin_list>
<bind>
<opcode="bitcast(44) " fcode="bitcast"/>
<opset="empty_245/17 "/>
</bind>
</comp>

<comp id="1468" class="1004" name="empty_246_fu_1468">
<pin_list>
<pin id="1469" dir="0" index="0" bw="32" slack="7"/>
<pin id="1470" dir="1" index="1" bw="32" slack="0"/>
</pin_list>
<bind>
<opcode="bitcast(44) " fcode="bitcast"/>
<opset="empty_246/17 "/>
</bind>
</comp>

<comp id="1472" class="1004" name="empty_247_fu_1472">
<pin_list>
<pin id="1473" dir="0" index="0" bw="32" slack="7"/>
<pin id="1474" dir="1" index="1" bw="32" slack="0"/>
</pin_list>
<bind>
<opcode="bitcast(44) " fcode="bitcast"/>
<opset="empty_247/17 "/>
</bind>
</comp>

<comp id="1476" class="1004" name="empty_248_fu_1476">
<pin_list>
<pin id="1477" dir="0" index="0" bw="32" slack="6"/>
<pin id="1478" dir="1" index="1" bw="32" slack="0"/>
</pin_list>
<bind>
<opcode="bitcast(44) " fcode="bitcast"/>
<opset="empty_248/17 "/>
</bind>
</comp>

<comp id="1480" class="1004" name="empty_249_fu_1480">
<pin_list>
<pin id="1481" dir="0" index="0" bw="32" slack="6"/>
<pin id="1482" dir="1" index="1" bw="32" slack="0"/>
</pin_list>
<bind>
<opcode="bitcast(44) " fcode="bitcast"/>
<opset="empty_249/17 "/>
</bind>
</comp>

<comp id="1484" class="1004" name="empty_250_fu_1484">
<pin_list>
<pin id="1485" dir="0" index="0" bw="32" slack="5"/>
<pin id="1486" dir="1" index="1" bw="32" slack="0"/>
</pin_list>
<bind>
<opcode="bitcast(44) " fcode="bitcast"/>
<opset="empty_250/17 "/>
</bind>
</comp>

<comp id="1488" class="1004" name="empty_251_fu_1488">
<pin_list>
<pin id="1489" dir="0" index="0" bw="32" slack="5"/>
<pin id="1490" dir="1" index="1" bw="32" slack="0"/>
</pin_list>
<bind>
<opcode="bitcast(44) " fcode="bitcast"/>
<opset="empty_251/17 "/>
</bind>
</comp>

<comp id="1492" class="1004" name="empty_252_fu_1492">
<pin_list>
<pin id="1493" dir="0" index="0" bw="32" slack="4"/>
<pin id="1494" dir="1" index="1" bw="32" slack="0"/>
</pin_list>
<bind>
<opcode="bitcast(44) " fcode="bitcast"/>
<opset="empty_252/17 "/>
</bind>
</comp>

<comp id="1496" class="1004" name="empty_253_fu_1496">
<pin_list>
<pin id="1497" dir="0" index="0" bw="32" slack="4"/>
<pin id="1498" dir="1" index="1" bw="32" slack="0"/>
</pin_list>
<bind>
<opcode="bitcast(44) " fcode="bitcast"/>
<opset="empty_253/17 "/>
</bind>
</comp>

<comp id="1500" class="1004" name="empty_254_fu_1500">
<pin_list>
<pin id="1501" dir="0" index="0" bw="32" slack="3"/>
<pin id="1502" dir="1" index="1" bw="32" slack="0"/>
</pin_list>
<bind>
<opcode="bitcast(44) " fcode="bitcast"/>
<opset="empty_254/17 "/>
</bind>
</comp>

<comp id="1504" class="1004" name="empty_255_fu_1504">
<pin_list>
<pin id="1505" dir="0" index="0" bw="32" slack="3"/>
<pin id="1506" dir="1" index="1" bw="32" slack="0"/>
</pin_list>
<bind>
<opcode="bitcast(44) " fcode="bitcast"/>
<opset="empty_255/17 "/>
</bind>
</comp>

<comp id="1508" class="1004" name="empty_256_fu_1508">
<pin_list>
<pin id="1509" dir="0" index="0" bw="32" slack="2"/>
<pin id="1510" dir="1" index="1" bw="32" slack="0"/>
</pin_list>
<bind>
<opcode="bitcast(44) " fcode="bitcast"/>
<opset="empty_256/17 "/>
</bind>
</comp>

<comp id="1512" class="1004" name="empty_257_fu_1512">
<pin_list>
<pin id="1513" dir="0" index="0" bw="32" slack="2"/>
<pin id="1514" dir="1" index="1" bw="32" slack="0"/>
</pin_list>
<bind>
<opcode="bitcast(44) " fcode="bitcast"/>
<opset="empty_257/17 "/>
</bind>
</comp>

<comp id="1516" class="1004" name="empty_258_fu_1516">
<pin_list>
<pin id="1517" dir="0" index="0" bw="32" slack="1"/>
<pin id="1518" dir="1" index="1" bw="32" slack="0"/>
</pin_list>
<bind>
<opcode="bitcast(44) " fcode="bitcast"/>
<opset="empty_258/17 "/>
</bind>
</comp>

<comp id="1520" class="1004" name="empty_259_fu_1520">
<pin_list>
<pin id="1521" dir="0" index="0" bw="32" slack="1"/>
<pin id="1522" dir="1" index="1" bw="32" slack="0"/>
</pin_list>
<bind>
<opcode="bitcast(44) " fcode="bitcast"/>
<opset="empty_259/17 "/>
</bind>
</comp>

<comp id="1524" class="1004" name="empty_260_fu_1524">
<pin_list>
<pin id="1525" dir="0" index="0" bw="32" slack="0"/>
<pin id="1526" dir="1" index="1" bw="32" slack="0"/>
</pin_list>
<bind>
<opcode="bitcast(44) " fcode="bitcast"/>
<opset="empty_260/17 "/>
</bind>
</comp>

<comp id="1529" class="1004" name="empty_261_fu_1529">
<pin_list>
<pin id="1530" dir="0" index="0" bw="32" slack="0"/>
<pin id="1531" dir="1" index="1" bw="32" slack="0"/>
</pin_list>
<bind>
<opcode="bitcast(44) " fcode="bitcast"/>
<opset="empty_261/17 "/>
</bind>
</comp>

<comp id="1534" class="1005" name="x1_read_reg_1534">
<pin_list>
<pin id="1535" dir="0" index="0" bw="3" slack="1"/>
<pin id="1536" dir="1" index="1" bw="3" slack="1"/>
</pin_list>
<bind>
<opset="x1_read "/>
</bind>
</comp>

<comp id="1568" class="1005" name="x_addr_reg_1568">
<pin_list>
<pin id="1569" dir="0" index="0" bw="8" slack="1"/>
<pin id="1570" dir="1" index="1" bw="8" slack="1"/>
</pin_list>
<bind>
<opset="x_addr "/>
</bind>
</comp>

<comp id="1573" class="1005" name="x_addr_1_reg_1573">
<pin_list>
<pin id="1574" dir="0" index="0" bw="8" slack="1"/>
<pin id="1575" dir="1" index="1" bw="8" slack="1"/>
</pin_list>
<bind>
<opset="x_addr_1 "/>
</bind>
</comp>

<comp id="1578" class="1005" name="h_addr_reg_1578">
<pin_list>
<pin id="1579" dir="0" index="0" bw="5" slack="1"/>
<pin id="1580" dir="1" index="1" bw="5" slack="1"/>
</pin_list>
<bind>
<opset="h_addr "/>
</bind>
</comp>

<comp id="1583" class="1005" name="h_addr_1_reg_1583">
<pin_list>
<pin id="1584" dir="0" index="0" bw="5" slack="1"/>
<pin id="1585" dir="1" index="1" bw="5" slack="1"/>
</pin_list>
<bind>
<opset="h_addr_1 "/>
</bind>
</comp>

<comp id="1588" class="1005" name="x_addr_2_reg_1588">
<pin_list>
<pin id="1589" dir="0" index="0" bw="8" slack="1"/>
<pin id="1590" dir="1" index="1" bw="8" slack="1"/>
</pin_list>
<bind>
<opset="x_addr_2 "/>
</bind>
</comp>

<comp id="1593" class="1005" name="x_addr_3_reg_1593">
<pin_list>
<pin id="1594" dir="0" index="0" bw="8" slack="1"/>
<pin id="1595" dir="1" index="1" bw="8" slack="1"/>
</pin_list>
<bind>
<opset="x_addr_3 "/>
</bind>
</comp>

<comp id="1598" class="1005" name="x_load_reg_1598">
<pin_list>
<pin id="1599" dir="0" index="0" bw="32" slack="15"/>
<pin id="1600" dir="1" index="1" bw="32" slack="15"/>
</pin_list>
<bind>
<opset="x_load "/>
</bind>
</comp>

<comp id="1603" class="1005" name="x_load_1_reg_1603">
<pin_list>
<pin id="1604" dir="0" index="0" bw="32" slack="15"/>
<pin id="1605" dir="1" index="1" bw="32" slack="15"/>
</pin_list>
<bind>
<opset="x_load_1 "/>
</bind>
</comp>

<comp id="1608" class="1005" name="h_load_reg_1608">
<pin_list>
<pin id="1609" dir="0" index="0" bw="32" slack="15"/>
<pin id="1610" dir="1" index="1" bw="32" slack="15"/>
</pin_list>
<bind>
<opset="h_load "/>
</bind>
</comp>

<comp id="1613" class="1005" name="h_load_1_reg_1613">
<pin_list>
<pin id="1614" dir="0" index="0" bw="32" slack="15"/>
<pin id="1615" dir="1" index="1" bw="32" slack="15"/>
</pin_list>
<bind>
<opset="h_load_1 "/>
</bind>
</comp>

<comp id="1618" class="1005" name="h_addr_2_reg_1618">
<pin_list>
<pin id="1619" dir="0" index="0" bw="5" slack="1"/>
<pin id="1620" dir="1" index="1" bw="5" slack="1"/>
</pin_list>
<bind>
<opset="h_addr_2 "/>
</bind>
</comp>

<comp id="1623" class="1005" name="h_addr_3_reg_1623">
<pin_list>
<pin id="1624" dir="0" index="0" bw="5" slack="1"/>
<pin id="1625" dir="1" index="1" bw="5" slack="1"/>
</pin_list>
<bind>
<opset="h_addr_3 "/>
</bind>
</comp>

<comp id="1628" class="1005" name="x_addr_4_reg_1628">
<pin_list>
<pin id="1629" dir="0" index="0" bw="8" slack="1"/>
<pin id="1630" dir="1" index="1" bw="8" slack="1"/>
</pin_list>
<bind>
<opset="x_addr_4 "/>
</bind>
</comp>

<comp id="1633" class="1005" name="x_addr_5_reg_1633">
<pin_list>
<pin id="1634" dir="0" index="0" bw="8" slack="1"/>
<pin id="1635" dir="1" index="1" bw="8" slack="1"/>
</pin_list>
<bind>
<opset="x_addr_5 "/>
</bind>
</comp>

<comp id="1638" class="1005" name="x_load_2_reg_1638">
<pin_list>
<pin id="1639" dir="0" index="0" bw="32" slack="14"/>
<pin id="1640" dir="1" index="1" bw="32" slack="14"/>
</pin_list>
<bind>
<opset="x_load_2 "/>
</bind>
</comp>

<comp id="1643" class="1005" name="x_load_3_reg_1643">
<pin_list>
<pin id="1644" dir="0" index="0" bw="32" slack="14"/>
<pin id="1645" dir="1" index="1" bw="32" slack="14"/>
</pin_list>
<bind>
<opset="x_load_3 "/>
</bind>
</comp>

<comp id="1648" class="1005" name="h_load_2_reg_1648">
<pin_list>
<pin id="1649" dir="0" index="0" bw="32" slack="14"/>
<pin id="1650" dir="1" index="1" bw="32" slack="14"/>
</pin_list>
<bind>
<opset="h_load_2 "/>
</bind>
</comp>

<comp id="1653" class="1005" name="h_load_3_reg_1653">
<pin_list>
<pin id="1654" dir="0" index="0" bw="32" slack="14"/>
<pin id="1655" dir="1" index="1" bw="32" slack="14"/>
</pin_list>
<bind>
<opset="h_load_3 "/>
</bind>
</comp>

<comp id="1658" class="1005" name="h_addr_4_reg_1658">
<pin_list>
<pin id="1659" dir="0" index="0" bw="5" slack="1"/>
<pin id="1660" dir="1" index="1" bw="5" slack="1"/>
</pin_list>
<bind>
<opset="h_addr_4 "/>
</bind>
</comp>

<comp id="1663" class="1005" name="h_addr_5_reg_1663">
<pin_list>
<pin id="1664" dir="0" index="0" bw="5" slack="1"/>
<pin id="1665" dir="1" index="1" bw="5" slack="1"/>
</pin_list>
<bind>
<opset="h_addr_5 "/>
</bind>
</comp>

<comp id="1668" class="1005" name="x_addr_6_reg_1668">
<pin_list>
<pin id="1669" dir="0" index="0" bw="8" slack="1"/>
<pin id="1670" dir="1" index="1" bw="8" slack="1"/>
</pin_list>
<bind>
<opset="x_addr_6 "/>
</bind>
</comp>

<comp id="1673" class="1005" name="x_addr_7_reg_1673">
<pin_list>
<pin id="1674" dir="0" index="0" bw="8" slack="1"/>
<pin id="1675" dir="1" index="1" bw="8" slack="1"/>
</pin_list>
<bind>
<opset="x_addr_7 "/>
</bind>
</comp>

<comp id="1678" class="1005" name="x_load_4_reg_1678">
<pin_list>
<pin id="1679" dir="0" index="0" bw="32" slack="13"/>
<pin id="1680" dir="1" index="1" bw="32" slack="13"/>
</pin_list>
<bind>
<opset="x_load_4 "/>
</bind>
</comp>

<comp id="1683" class="1005" name="x_load_5_reg_1683">
<pin_list>
<pin id="1684" dir="0" index="0" bw="32" slack="13"/>
<pin id="1685" dir="1" index="1" bw="32" slack="13"/>
</pin_list>
<bind>
<opset="x_load_5 "/>
</bind>
</comp>

<comp id="1688" class="1005" name="h_load_4_reg_1688">
<pin_list>
<pin id="1689" dir="0" index="0" bw="32" slack="13"/>
<pin id="1690" dir="1" index="1" bw="32" slack="13"/>
</pin_list>
<bind>
<opset="h_load_4 "/>
</bind>
</comp>

<comp id="1693" class="1005" name="h_load_5_reg_1693">
<pin_list>
<pin id="1694" dir="0" index="0" bw="32" slack="13"/>
<pin id="1695" dir="1" index="1" bw="32" slack="13"/>
</pin_list>
<bind>
<opset="h_load_5 "/>
</bind>
</comp>

<comp id="1698" class="1005" name="h_addr_6_reg_1698">
<pin_list>
<pin id="1699" dir="0" index="0" bw="5" slack="1"/>
<pin id="1700" dir="1" index="1" bw="5" slack="1"/>
</pin_list>
<bind>
<opset="h_addr_6 "/>
</bind>
</comp>

<comp id="1703" class="1005" name="h_addr_7_reg_1703">
<pin_list>
<pin id="1704" dir="0" index="0" bw="5" slack="1"/>
<pin id="1705" dir="1" index="1" bw="5" slack="1"/>
</pin_list>
<bind>
<opset="h_addr_7 "/>
</bind>
</comp>

<comp id="1708" class="1005" name="x_addr_8_reg_1708">
<pin_list>
<pin id="1709" dir="0" index="0" bw="8" slack="1"/>
<pin id="1710" dir="1" index="1" bw="8" slack="1"/>
</pin_list>
<bind>
<opset="x_addr_8 "/>
</bind>
</comp>

<comp id="1713" class="1005" name="x_addr_9_reg_1713">
<pin_list>
<pin id="1714" dir="0" index="0" bw="8" slack="1"/>
<pin id="1715" dir="1" index="1" bw="8" slack="1"/>
</pin_list>
<bind>
<opset="x_addr_9 "/>
</bind>
</comp>

<comp id="1718" class="1005" name="x_load_6_reg_1718">
<pin_list>
<pin id="1719" dir="0" index="0" bw="32" slack="12"/>
<pin id="1720" dir="1" index="1" bw="32" slack="12"/>
</pin_list>
<bind>
<opset="x_load_6 "/>
</bind>
</comp>

<comp id="1723" class="1005" name="x_load_7_reg_1723">
<pin_list>
<pin id="1724" dir="0" index="0" bw="32" slack="12"/>
<pin id="1725" dir="1" index="1" bw="32" slack="12"/>
</pin_list>
<bind>
<opset="x_load_7 "/>
</bind>
</comp>

<comp id="1728" class="1005" name="h_load_6_reg_1728">
<pin_list>
<pin id="1729" dir="0" index="0" bw="32" slack="12"/>
<pin id="1730" dir="1" index="1" bw="32" slack="12"/>
</pin_list>
<bind>
<opset="h_load_6 "/>
</bind>
</comp>

<comp id="1733" class="1005" name="h_load_7_reg_1733">
<pin_list>
<pin id="1734" dir="0" index="0" bw="32" slack="12"/>
<pin id="1735" dir="1" index="1" bw="32" slack="12"/>
</pin_list>
<bind>
<opset="h_load_7 "/>
</bind>
</comp>

<comp id="1738" class="1005" name="h_addr_8_reg_1738">
<pin_list>
<pin id="1739" dir="0" index="0" bw="5" slack="1"/>
<pin id="1740" dir="1" index="1" bw="5" slack="1"/>
</pin_list>
<bind>
<opset="h_addr_8 "/>
</bind>
</comp>

<comp id="1743" class="1005" name="h_addr_9_reg_1743">
<pin_list>
<pin id="1744" dir="0" index="0" bw="5" slack="1"/>
<pin id="1745" dir="1" index="1" bw="5" slack="1"/>
</pin_list>
<bind>
<opset="h_addr_9 "/>
</bind>
</comp>

<comp id="1748" class="1005" name="x_addr_10_reg_1748">
<pin_list>
<pin id="1749" dir="0" index="0" bw="8" slack="1"/>
<pin id="1750" dir="1" index="1" bw="8" slack="1"/>
</pin_list>
<bind>
<opset="x_addr_10 "/>
</bind>
</comp>

<comp id="1753" class="1005" name="x_addr_11_reg_1753">
<pin_list>
<pin id="1754" dir="0" index="0" bw="8" slack="1"/>
<pin id="1755" dir="1" index="1" bw="8" slack="1"/>
</pin_list>
<bind>
<opset="x_addr_11 "/>
</bind>
</comp>

<comp id="1758" class="1005" name="x_load_8_reg_1758">
<pin_list>
<pin id="1759" dir="0" index="0" bw="32" slack="11"/>
<pin id="1760" dir="1" index="1" bw="32" slack="11"/>
</pin_list>
<bind>
<opset="x_load_8 "/>
</bind>
</comp>

<comp id="1763" class="1005" name="x_load_9_reg_1763">
<pin_list>
<pin id="1764" dir="0" index="0" bw="32" slack="11"/>
<pin id="1765" dir="1" index="1" bw="32" slack="11"/>
</pin_list>
<bind>
<opset="x_load_9 "/>
</bind>
</comp>

<comp id="1768" class="1005" name="h_load_8_reg_1768">
<pin_list>
<pin id="1769" dir="0" index="0" bw="32" slack="11"/>
<pin id="1770" dir="1" index="1" bw="32" slack="11"/>
</pin_list>
<bind>
<opset="h_load_8 "/>
</bind>
</comp>

<comp id="1773" class="1005" name="h_load_9_reg_1773">
<pin_list>
<pin id="1774" dir="0" index="0" bw="32" slack="11"/>
<pin id="1775" dir="1" index="1" bw="32" slack="11"/>
</pin_list>
<bind>
<opset="h_load_9 "/>
</bind>
</comp>

<comp id="1778" class="1005" name="h_addr_10_reg_1778">
<pin_list>
<pin id="1779" dir="0" index="0" bw="5" slack="1"/>
<pin id="1780" dir="1" index="1" bw="5" slack="1"/>
</pin_list>
<bind>
<opset="h_addr_10 "/>
</bind>
</comp>

<comp id="1783" class="1005" name="h_addr_11_reg_1783">
<pin_list>
<pin id="1784" dir="0" index="0" bw="5" slack="1"/>
<pin id="1785" dir="1" index="1" bw="5" slack="1"/>
</pin_list>
<bind>
<opset="h_addr_11 "/>
</bind>
</comp>

<comp id="1788" class="1005" name="x_addr_12_reg_1788">
<pin_list>
<pin id="1789" dir="0" index="0" bw="8" slack="1"/>
<pin id="1790" dir="1" index="1" bw="8" slack="1"/>
</pin_list>
<bind>
<opset="x_addr_12 "/>
</bind>
</comp>

<comp id="1793" class="1005" name="x_addr_13_reg_1793">
<pin_list>
<pin id="1794" dir="0" index="0" bw="8" slack="1"/>
<pin id="1795" dir="1" index="1" bw="8" slack="1"/>
</pin_list>
<bind>
<opset="x_addr_13 "/>
</bind>
</comp>

<comp id="1798" class="1005" name="x_load_10_reg_1798">
<pin_list>
<pin id="1799" dir="0" index="0" bw="32" slack="10"/>
<pin id="1800" dir="1" index="1" bw="32" slack="10"/>
</pin_list>
<bind>
<opset="x_load_10 "/>
</bind>
</comp>

<comp id="1803" class="1005" name="x_load_11_reg_1803">
<pin_list>
<pin id="1804" dir="0" index="0" bw="32" slack="10"/>
<pin id="1805" dir="1" index="1" bw="32" slack="10"/>
</pin_list>
<bind>
<opset="x_load_11 "/>
</bind>
</comp>

<comp id="1808" class="1005" name="h_load_10_reg_1808">
<pin_list>
<pin id="1809" dir="0" index="0" bw="32" slack="10"/>
<pin id="1810" dir="1" index="1" bw="32" slack="10"/>
</pin_list>
<bind>
<opset="h_load_10 "/>
</bind>
</comp>

<comp id="1813" class="1005" name="h_load_11_reg_1813">
<pin_list>
<pin id="1814" dir="0" index="0" bw="32" slack="10"/>
<pin id="1815" dir="1" index="1" bw="32" slack="10"/>
</pin_list>
<bind>
<opset="h_load_11 "/>
</bind>
</comp>

<comp id="1818" class="1005" name="h_addr_12_reg_1818">
<pin_list>
<pin id="1819" dir="0" index="0" bw="5" slack="1"/>
<pin id="1820" dir="1" index="1" bw="5" slack="1"/>
</pin_list>
<bind>
<opset="h_addr_12 "/>
</bind>
</comp>

<comp id="1823" class="1005" name="h_addr_13_reg_1823">
<pin_list>
<pin id="1824" dir="0" index="0" bw="5" slack="1"/>
<pin id="1825" dir="1" index="1" bw="5" slack="1"/>
</pin_list>
<bind>
<opset="h_addr_13 "/>
</bind>
</comp>

<comp id="1828" class="1005" name="x_addr_14_reg_1828">
<pin_list>
<pin id="1829" dir="0" index="0" bw="8" slack="1"/>
<pin id="1830" dir="1" index="1" bw="8" slack="1"/>
</pin_list>
<bind>
<opset="x_addr_14 "/>
</bind>
</comp>

<comp id="1833" class="1005" name="x_addr_15_reg_1833">
<pin_list>
<pin id="1834" dir="0" index="0" bw="8" slack="1"/>
<pin id="1835" dir="1" index="1" bw="8" slack="1"/>
</pin_list>
<bind>
<opset="x_addr_15 "/>
</bind>
</comp>

<comp id="1838" class="1005" name="x_load_12_reg_1838">
<pin_list>
<pin id="1839" dir="0" index="0" bw="32" slack="9"/>
<pin id="1840" dir="1" index="1" bw="32" slack="9"/>
</pin_list>
<bind>
<opset="x_load_12 "/>
</bind>
</comp>

<comp id="1843" class="1005" name="x_load_13_reg_1843">
<pin_list>
<pin id="1844" dir="0" index="0" bw="32" slack="9"/>
<pin id="1845" dir="1" index="1" bw="32" slack="9"/>
</pin_list>
<bind>
<opset="x_load_13 "/>
</bind>
</comp>

<comp id="1848" class="1005" name="h_load_12_reg_1848">
<pin_list>
<pin id="1849" dir="0" index="0" bw="32" slack="9"/>
<pin id="1850" dir="1" index="1" bw="32" slack="9"/>
</pin_list>
<bind>
<opset="h_load_12 "/>
</bind>
</comp>

<comp id="1853" class="1005" name="h_load_13_reg_1853">
<pin_list>
<pin id="1854" dir="0" index="0" bw="32" slack="9"/>
<pin id="1855" dir="1" index="1" bw="32" slack="9"/>
</pin_list>
<bind>
<opset="h_load_13 "/>
</bind>
</comp>

<comp id="1858" class="1005" name="h_addr_14_reg_1858">
<pin_list>
<pin id="1859" dir="0" index="0" bw="5" slack="1"/>
<pin id="1860" dir="1" index="1" bw="5" slack="1"/>
</pin_list>
<bind>
<opset="h_addr_14 "/>
</bind>
</comp>

<comp id="1863" class="1005" name="h_addr_15_reg_1863">
<pin_list>
<pin id="1864" dir="0" index="0" bw="5" slack="1"/>
<pin id="1865" dir="1" index="1" bw="5" slack="1"/>
</pin_list>
<bind>
<opset="h_addr_15 "/>
</bind>
</comp>

<comp id="1868" class="1005" name="x_addr_16_reg_1868">
<pin_list>
<pin id="1869" dir="0" index="0" bw="8" slack="1"/>
<pin id="1870" dir="1" index="1" bw="8" slack="1"/>
</pin_list>
<bind>
<opset="x_addr_16 "/>
</bind>
</comp>

<comp id="1873" class="1005" name="x_addr_17_reg_1873">
<pin_list>
<pin id="1874" dir="0" index="0" bw="8" slack="1"/>
<pin id="1875" dir="1" index="1" bw="8" slack="1"/>
</pin_list>
<bind>
<opset="x_addr_17 "/>
</bind>
</comp>

<comp id="1878" class="1005" name="x_load_14_reg_1878">
<pin_list>
<pin id="1879" dir="0" index="0" bw="32" slack="8"/>
<pin id="1880" dir="1" index="1" bw="32" slack="8"/>
</pin_list>
<bind>
<opset="x_load_14 "/>
</bind>
</comp>

<comp id="1883" class="1005" name="x_load_15_reg_1883">
<pin_list>
<pin id="1884" dir="0" index="0" bw="32" slack="8"/>
<pin id="1885" dir="1" index="1" bw="32" slack="8"/>
</pin_list>
<bind>
<opset="x_load_15 "/>
</bind>
</comp>

<comp id="1888" class="1005" name="h_load_14_reg_1888">
<pin_list>
<pin id="1889" dir="0" index="0" bw="32" slack="8"/>
<pin id="1890" dir="1" index="1" bw="32" slack="8"/>
</pin_list>
<bind>
<opset="h_load_14 "/>
</bind>
</comp>

<comp id="1893" class="1005" name="h_load_15_reg_1893">
<pin_list>
<pin id="1894" dir="0" index="0" bw="32" slack="8"/>
<pin id="1895" dir="1" index="1" bw="32" slack="8"/>
</pin_list>
<bind>
<opset="h_load_15 "/>
</bind>
</comp>

<comp id="1898" class="1005" name="h_addr_16_reg_1898">
<pin_list>
<pin id="1899" dir="0" index="0" bw="5" slack="1"/>
<pin id="1900" dir="1" index="1" bw="5" slack="1"/>
</pin_list>
<bind>
<opset="h_addr_16 "/>
</bind>
</comp>

<comp id="1903" class="1005" name="h_addr_17_reg_1903">
<pin_list>
<pin id="1904" dir="0" index="0" bw="5" slack="1"/>
<pin id="1905" dir="1" index="1" bw="5" slack="1"/>
</pin_list>
<bind>
<opset="h_addr_17 "/>
</bind>
</comp>

<comp id="1908" class="1005" name="x_addr_18_reg_1908">
<pin_list>
<pin id="1909" dir="0" index="0" bw="8" slack="1"/>
<pin id="1910" dir="1" index="1" bw="8" slack="1"/>
</pin_list>
<bind>
<opset="x_addr_18 "/>
</bind>
</comp>

<comp id="1913" class="1005" name="x_addr_19_reg_1913">
<pin_list>
<pin id="1914" dir="0" index="0" bw="8" slack="1"/>
<pin id="1915" dir="1" index="1" bw="8" slack="1"/>
</pin_list>
<bind>
<opset="x_addr_19 "/>
</bind>
</comp>

<comp id="1918" class="1005" name="x_load_16_reg_1918">
<pin_list>
<pin id="1919" dir="0" index="0" bw="32" slack="7"/>
<pin id="1920" dir="1" index="1" bw="32" slack="7"/>
</pin_list>
<bind>
<opset="x_load_16 "/>
</bind>
</comp>

<comp id="1923" class="1005" name="x_load_17_reg_1923">
<pin_list>
<pin id="1924" dir="0" index="0" bw="32" slack="7"/>
<pin id="1925" dir="1" index="1" bw="32" slack="7"/>
</pin_list>
<bind>
<opset="x_load_17 "/>
</bind>
</comp>

<comp id="1928" class="1005" name="h_load_16_reg_1928">
<pin_list>
<pin id="1929" dir="0" index="0" bw="32" slack="7"/>
<pin id="1930" dir="1" index="1" bw="32" slack="7"/>
</pin_list>
<bind>
<opset="h_load_16 "/>
</bind>
</comp>

<comp id="1933" class="1005" name="h_load_17_reg_1933">
<pin_list>
<pin id="1934" dir="0" index="0" bw="32" slack="7"/>
<pin id="1935" dir="1" index="1" bw="32" slack="7"/>
</pin_list>
<bind>
<opset="h_load_17 "/>
</bind>
</comp>

<comp id="1938" class="1005" name="h_addr_18_reg_1938">
<pin_list>
<pin id="1939" dir="0" index="0" bw="5" slack="1"/>
<pin id="1940" dir="1" index="1" bw="5" slack="1"/>
</pin_list>
<bind>
<opset="h_addr_18 "/>
</bind>
</comp>

<comp id="1943" class="1005" name="h_addr_19_reg_1943">
<pin_list>
<pin id="1944" dir="0" index="0" bw="5" slack="1"/>
<pin id="1945" dir="1" index="1" bw="5" slack="1"/>
</pin_list>
<bind>
<opset="h_addr_19 "/>
</bind>
</comp>

<comp id="1948" class="1005" name="x_addr_20_reg_1948">
<pin_list>
<pin id="1949" dir="0" index="0" bw="8" slack="1"/>
<pin id="1950" dir="1" index="1" bw="8" slack="1"/>
</pin_list>
<bind>
<opset="x_addr_20 "/>
</bind>
</comp>

<comp id="1953" class="1005" name="x_addr_21_reg_1953">
<pin_list>
<pin id="1954" dir="0" index="0" bw="8" slack="1"/>
<pin id="1955" dir="1" index="1" bw="8" slack="1"/>
</pin_list>
<bind>
<opset="x_addr_21 "/>
</bind>
</comp>

<comp id="1958" class="1005" name="x_load_18_reg_1958">
<pin_list>
<pin id="1959" dir="0" index="0" bw="32" slack="6"/>
<pin id="1960" dir="1" index="1" bw="32" slack="6"/>
</pin_list>
<bind>
<opset="x_load_18 "/>
</bind>
</comp>

<comp id="1963" class="1005" name="x_load_19_reg_1963">
<pin_list>
<pin id="1964" dir="0" index="0" bw="32" slack="6"/>
<pin id="1965" dir="1" index="1" bw="32" slack="6"/>
</pin_list>
<bind>
<opset="x_load_19 "/>
</bind>
</comp>

<comp id="1968" class="1005" name="h_load_18_reg_1968">
<pin_list>
<pin id="1969" dir="0" index="0" bw="32" slack="6"/>
<pin id="1970" dir="1" index="1" bw="32" slack="6"/>
</pin_list>
<bind>
<opset="h_load_18 "/>
</bind>
</comp>

<comp id="1973" class="1005" name="h_load_19_reg_1973">
<pin_list>
<pin id="1974" dir="0" index="0" bw="32" slack="6"/>
<pin id="1975" dir="1" index="1" bw="32" slack="6"/>
</pin_list>
<bind>
<opset="h_load_19 "/>
</bind>
</comp>

<comp id="1978" class="1005" name="h_addr_20_reg_1978">
<pin_list>
<pin id="1979" dir="0" index="0" bw="5" slack="1"/>
<pin id="1980" dir="1" index="1" bw="5" slack="1"/>
</pin_list>
<bind>
<opset="h_addr_20 "/>
</bind>
</comp>

<comp id="1983" class="1005" name="h_addr_21_reg_1983">
<pin_list>
<pin id="1984" dir="0" index="0" bw="5" slack="1"/>
<pin id="1985" dir="1" index="1" bw="5" slack="1"/>
</pin_list>
<bind>
<opset="h_addr_21 "/>
</bind>
</comp>

<comp id="1988" class="1005" name="x_addr_22_reg_1988">
<pin_list>
<pin id="1989" dir="0" index="0" bw="8" slack="1"/>
<pin id="1990" dir="1" index="1" bw="8" slack="1"/>
</pin_list>
<bind>
<opset="x_addr_22 "/>
</bind>
</comp>

<comp id="1993" class="1005" name="x_addr_23_reg_1993">
<pin_list>
<pin id="1994" dir="0" index="0" bw="8" slack="1"/>
<pin id="1995" dir="1" index="1" bw="8" slack="1"/>
</pin_list>
<bind>
<opset="x_addr_23 "/>
</bind>
</comp>

<comp id="1998" class="1005" name="x_load_20_reg_1998">
<pin_list>
<pin id="1999" dir="0" index="0" bw="32" slack="5"/>
<pin id="2000" dir="1" index="1" bw="32" slack="5"/>
</pin_list>
<bind>
<opset="x_load_20 "/>
</bind>
</comp>

<comp id="2003" class="1005" name="x_load_21_reg_2003">
<pin_list>
<pin id="2004" dir="0" index="0" bw="32" slack="5"/>
<pin id="2005" dir="1" index="1" bw="32" slack="5"/>
</pin_list>
<bind>
<opset="x_load_21 "/>
</bind>
</comp>

<comp id="2008" class="1005" name="h_load_20_reg_2008">
<pin_list>
<pin id="2009" dir="0" index="0" bw="32" slack="5"/>
<pin id="2010" dir="1" index="1" bw="32" slack="5"/>
</pin_list>
<bind>
<opset="h_load_20 "/>
</bind>
</comp>

<comp id="2013" class="1005" name="h_load_21_reg_2013">
<pin_list>
<pin id="2014" dir="0" index="0" bw="32" slack="5"/>
<pin id="2015" dir="1" index="1" bw="32" slack="5"/>
</pin_list>
<bind>
<opset="h_load_21 "/>
</bind>
</comp>

<comp id="2018" class="1005" name="h_addr_22_reg_2018">
<pin_list>
<pin id="2019" dir="0" index="0" bw="5" slack="1"/>
<pin id="2020" dir="1" index="1" bw="5" slack="1"/>
</pin_list>
<bind>
<opset="h_addr_22 "/>
</bind>
</comp>

<comp id="2023" class="1005" name="h_addr_23_reg_2023">
<pin_list>
<pin id="2024" dir="0" index="0" bw="5" slack="1"/>
<pin id="2025" dir="1" index="1" bw="5" slack="1"/>
</pin_list>
<bind>
<opset="h_addr_23 "/>
</bind>
</comp>

<comp id="2028" class="1005" name="x_addr_24_reg_2028">
<pin_list>
<pin id="2029" dir="0" index="0" bw="8" slack="1"/>
<pin id="2030" dir="1" index="1" bw="8" slack="1"/>
</pin_list>
<bind>
<opset="x_addr_24 "/>
</bind>
</comp>

<comp id="2033" class="1005" name="x_addr_25_reg_2033">
<pin_list>
<pin id="2034" dir="0" index="0" bw="8" slack="1"/>
<pin id="2035" dir="1" index="1" bw="8" slack="1"/>
</pin_list>
<bind>
<opset="x_addr_25 "/>
</bind>
</comp>

<comp id="2038" class="1005" name="x_load_22_reg_2038">
<pin_list>
<pin id="2039" dir="0" index="0" bw="32" slack="4"/>
<pin id="2040" dir="1" index="1" bw="32" slack="4"/>
</pin_list>
<bind>
<opset="x_load_22 "/>
</bind>
</comp>

<comp id="2043" class="1005" name="x_load_23_reg_2043">
<pin_list>
<pin id="2044" dir="0" index="0" bw="32" slack="4"/>
<pin id="2045" dir="1" index="1" bw="32" slack="4"/>
</pin_list>
<bind>
<opset="x_load_23 "/>
</bind>
</comp>

<comp id="2048" class="1005" name="h_load_22_reg_2048">
<pin_list>
<pin id="2049" dir="0" index="0" bw="32" slack="4"/>
<pin id="2050" dir="1" index="1" bw="32" slack="4"/>
</pin_list>
<bind>
<opset="h_load_22 "/>
</bind>
</comp>

<comp id="2053" class="1005" name="h_load_23_reg_2053">
<pin_list>
<pin id="2054" dir="0" index="0" bw="32" slack="4"/>
<pin id="2055" dir="1" index="1" bw="32" slack="4"/>
</pin_list>
<bind>
<opset="h_load_23 "/>
</bind>
</comp>

<comp id="2058" class="1005" name="h_addr_24_reg_2058">
<pin_list>
<pin id="2059" dir="0" index="0" bw="5" slack="1"/>
<pin id="2060" dir="1" index="1" bw="5" slack="1"/>
</pin_list>
<bind>
<opset="h_addr_24 "/>
</bind>
</comp>

<comp id="2063" class="1005" name="h_addr_25_reg_2063">
<pin_list>
<pin id="2064" dir="0" index="0" bw="5" slack="1"/>
<pin id="2065" dir="1" index="1" bw="5" slack="1"/>
</pin_list>
<bind>
<opset="h_addr_25 "/>
</bind>
</comp>

<comp id="2068" class="1005" name="x_addr_26_reg_2068">
<pin_list>
<pin id="2069" dir="0" index="0" bw="8" slack="1"/>
<pin id="2070" dir="1" index="1" bw="8" slack="1"/>
</pin_list>
<bind>
<opset="x_addr_26 "/>
</bind>
</comp>

<comp id="2073" class="1005" name="x_addr_27_reg_2073">
<pin_list>
<pin id="2074" dir="0" index="0" bw="8" slack="1"/>
<pin id="2075" dir="1" index="1" bw="8" slack="1"/>
</pin_list>
<bind>
<opset="x_addr_27 "/>
</bind>
</comp>

<comp id="2078" class="1005" name="x_load_24_reg_2078">
<pin_list>
<pin id="2079" dir="0" index="0" bw="32" slack="3"/>
<pin id="2080" dir="1" index="1" bw="32" slack="3"/>
</pin_list>
<bind>
<opset="x_load_24 "/>
</bind>
</comp>

<comp id="2083" class="1005" name="x_load_25_reg_2083">
<pin_list>
<pin id="2084" dir="0" index="0" bw="32" slack="3"/>
<pin id="2085" dir="1" index="1" bw="32" slack="3"/>
</pin_list>
<bind>
<opset="x_load_25 "/>
</bind>
</comp>

<comp id="2088" class="1005" name="h_load_24_reg_2088">
<pin_list>
<pin id="2089" dir="0" index="0" bw="32" slack="3"/>
<pin id="2090" dir="1" index="1" bw="32" slack="3"/>
</pin_list>
<bind>
<opset="h_load_24 "/>
</bind>
</comp>

<comp id="2093" class="1005" name="h_load_25_reg_2093">
<pin_list>
<pin id="2094" dir="0" index="0" bw="32" slack="3"/>
<pin id="2095" dir="1" index="1" bw="32" slack="3"/>
</pin_list>
<bind>
<opset="h_load_25 "/>
</bind>
</comp>

<comp id="2098" class="1005" name="h_addr_26_reg_2098">
<pin_list>
<pin id="2099" dir="0" index="0" bw="5" slack="1"/>
<pin id="2100" dir="1" index="1" bw="5" slack="1"/>
</pin_list>
<bind>
<opset="h_addr_26 "/>
</bind>
</comp>

<comp id="2103" class="1005" name="h_addr_27_reg_2103">
<pin_list>
<pin id="2104" dir="0" index="0" bw="5" slack="1"/>
<pin id="2105" dir="1" index="1" bw="5" slack="1"/>
</pin_list>
<bind>
<opset="h_addr_27 "/>
</bind>
</comp>

<comp id="2108" class="1005" name="x_addr_28_reg_2108">
<pin_list>
<pin id="2109" dir="0" index="0" bw="8" slack="1"/>
<pin id="2110" dir="1" index="1" bw="8" slack="1"/>
</pin_list>
<bind>
<opset="x_addr_28 "/>
</bind>
</comp>

<comp id="2113" class="1005" name="x_addr_29_reg_2113">
<pin_list>
<pin id="2114" dir="0" index="0" bw="8" slack="1"/>
<pin id="2115" dir="1" index="1" bw="8" slack="1"/>
</pin_list>
<bind>
<opset="x_addr_29 "/>
</bind>
</comp>

<comp id="2118" class="1005" name="x_load_26_reg_2118">
<pin_list>
<pin id="2119" dir="0" index="0" bw="32" slack="2"/>
<pin id="2120" dir="1" index="1" bw="32" slack="2"/>
</pin_list>
<bind>
<opset="x_load_26 "/>
</bind>
</comp>

<comp id="2123" class="1005" name="x_load_27_reg_2123">
<pin_list>
<pin id="2124" dir="0" index="0" bw="32" slack="2"/>
<pin id="2125" dir="1" index="1" bw="32" slack="2"/>
</pin_list>
<bind>
<opset="x_load_27 "/>
</bind>
</comp>

<comp id="2128" class="1005" name="h_load_26_reg_2128">
<pin_list>
<pin id="2129" dir="0" index="0" bw="32" slack="2"/>
<pin id="2130" dir="1" index="1" bw="32" slack="2"/>
</pin_list>
<bind>
<opset="h_load_26 "/>
</bind>
</comp>

<comp id="2133" class="1005" name="h_load_27_reg_2133">
<pin_list>
<pin id="2134" dir="0" index="0" bw="32" slack="2"/>
<pin id="2135" dir="1" index="1" bw="32" slack="2"/>
</pin_list>
<bind>
<opset="h_load_27 "/>
</bind>
</comp>

<comp id="2138" class="1005" name="h_addr_28_reg_2138">
<pin_list>
<pin id="2139" dir="0" index="0" bw="5" slack="1"/>
<pin id="2140" dir="1" index="1" bw="5" slack="1"/>
</pin_list>
<bind>
<opset="h_addr_28 "/>
</bind>
</comp>

<comp id="2143" class="1005" name="h_addr_29_reg_2143">
<pin_list>
<pin id="2144" dir="0" index="0" bw="5" slack="1"/>
<pin id="2145" dir="1" index="1" bw="5" slack="1"/>
</pin_list>
<bind>
<opset="h_addr_29 "/>
</bind>
</comp>

<comp id="2148" class="1005" name="x_addr_30_reg_2148">
<pin_list>
<pin id="2149" dir="0" index="0" bw="8" slack="1"/>
<pin id="2150" dir="1" index="1" bw="8" slack="1"/>
</pin_list>
<bind>
<opset="x_addr_30 "/>
</bind>
</comp>

<comp id="2153" class="1005" name="x_addr_31_reg_2153">
<pin_list>
<pin id="2154" dir="0" index="0" bw="8" slack="1"/>
<pin id="2155" dir="1" index="1" bw="8" slack="1"/>
</pin_list>
<bind>
<opset="x_addr_31 "/>
</bind>
</comp>

<comp id="2158" class="1005" name="x_load_28_reg_2158">
<pin_list>
<pin id="2159" dir="0" index="0" bw="32" slack="1"/>
<pin id="2160" dir="1" index="1" bw="32" slack="1"/>
</pin_list>
<bind>
<opset="x_load_28 "/>
</bind>
</comp>

<comp id="2163" class="1005" name="x_load_29_reg_2163">
<pin_list>
<pin id="2164" dir="0" index="0" bw="32" slack="1"/>
<pin id="2165" dir="1" index="1" bw="32" slack="1"/>
</pin_list>
<bind>
<opset="x_load_29 "/>
</bind>
</comp>

<comp id="2168" class="1005" name="h_load_28_reg_2168">
<pin_list>
<pin id="2169" dir="0" index="0" bw="32" slack="1"/>
<pin id="2170" dir="1" index="1" bw="32" slack="1"/>
</pin_list>
<bind>
<opset="h_load_28 "/>
</bind>
</comp>

<comp id="2173" class="1005" name="h_load_29_reg_2173">
<pin_list>
<pin id="2174" dir="0" index="0" bw="32" slack="1"/>
<pin id="2175" dir="1" index="1" bw="32" slack="1"/>
</pin_list>
<bind>
<opset="h_load_29 "/>
</bind>
</comp>

<comp id="2178" class="1005" name="h_addr_30_reg_2178">
<pin_list>
<pin id="2179" dir="0" index="0" bw="5" slack="1"/>
<pin id="2180" dir="1" index="1" bw="5" slack="1"/>
</pin_list>
<bind>
<opset="h_addr_30 "/>
</bind>
</comp>

<comp id="2183" class="1005" name="h_addr_31_reg_2183">
<pin_list>
<pin id="2184" dir="0" index="0" bw="5" slack="1"/>
<pin id="2185" dir="1" index="1" bw="5" slack="1"/>
</pin_list>
<bind>
<opset="h_addr_31 "/>
</bind>
</comp>

<comp id="2188" class="1005" name="empty_reg_2188">
<pin_list>
<pin id="2189" dir="0" index="0" bw="32" slack="1"/>
<pin id="2190" dir="1" index="1" bw="32" slack="1"/>
</pin_list>
<bind>
<opset="empty "/>
</bind>
</comp>

<comp id="2193" class="1005" name="empty_199_reg_2193">
<pin_list>
<pin id="2194" dir="0" index="0" bw="32" slack="1"/>
<pin id="2195" dir="1" index="1" bw="32" slack="1"/>
</pin_list>
<bind>
<opset="empty_199 "/>
</bind>
</comp>

<comp id="2198" class="1005" name="empty_200_reg_2198">
<pin_list>
<pin id="2199" dir="0" index="0" bw="32" slack="1"/>
<pin id="2200" dir="1" index="1" bw="32" slack="1"/>
</pin_list>
<bind>
<opset="empty_200 "/>
</bind>
</comp>

<comp id="2203" class="1005" name="empty_201_reg_2203">
<pin_list>
<pin id="2204" dir="0" index="0" bw="32" slack="1"/>
<pin id="2205" dir="1" index="1" bw="32" slack="1"/>
</pin_list>
<bind>
<opset="empty_201 "/>
</bind>
</comp>

<comp id="2208" class="1005" name="empty_202_reg_2208">
<pin_list>
<pin id="2209" dir="0" index="0" bw="32" slack="1"/>
<pin id="2210" dir="1" index="1" bw="32" slack="1"/>
</pin_list>
<bind>
<opset="empty_202 "/>
</bind>
</comp>

<comp id="2213" class="1005" name="empty_203_reg_2213">
<pin_list>
<pin id="2214" dir="0" index="0" bw="32" slack="1"/>
<pin id="2215" dir="1" index="1" bw="32" slack="1"/>
</pin_list>
<bind>
<opset="empty_203 "/>
</bind>
</comp>

<comp id="2218" class="1005" name="empty_204_reg_2218">
<pin_list>
<pin id="2219" dir="0" index="0" bw="32" slack="1"/>
<pin id="2220" dir="1" index="1" bw="32" slack="1"/>
</pin_list>
<bind>
<opset="empty_204 "/>
</bind>
</comp>

<comp id="2223" class="1005" name="empty_205_reg_2223">
<pin_list>
<pin id="2224" dir="0" index="0" bw="32" slack="1"/>
<pin id="2225" dir="1" index="1" bw="32" slack="1"/>
</pin_list>
<bind>
<opset="empty_205 "/>
</bind>
</comp>

<comp id="2228" class="1005" name="empty_206_reg_2228">
<pin_list>
<pin id="2229" dir="0" index="0" bw="32" slack="1"/>
<pin id="2230" dir="1" index="1" bw="32" slack="1"/>
</pin_list>
<bind>
<opset="empty_206 "/>
</bind>
</comp>

<comp id="2233" class="1005" name="empty_207_reg_2233">
<pin_list>
<pin id="2234" dir="0" index="0" bw="32" slack="1"/>
<pin id="2235" dir="1" index="1" bw="32" slack="1"/>
</pin_list>
<bind>
<opset="empty_207 "/>
</bind>
</comp>

<comp id="2238" class="1005" name="empty_208_reg_2238">
<pin_list>
<pin id="2239" dir="0" index="0" bw="32" slack="1"/>
<pin id="2240" dir="1" index="1" bw="32" slack="1"/>
</pin_list>
<bind>
<opset="empty_208 "/>
</bind>
</comp>

<comp id="2243" class="1005" name="empty_209_reg_2243">
<pin_list>
<pin id="2244" dir="0" index="0" bw="32" slack="1"/>
<pin id="2245" dir="1" index="1" bw="32" slack="1"/>
</pin_list>
<bind>
<opset="empty_209 "/>
</bind>
</comp>

<comp id="2248" class="1005" name="empty_210_reg_2248">
<pin_list>
<pin id="2249" dir="0" index="0" bw="32" slack="1"/>
<pin id="2250" dir="1" index="1" bw="32" slack="1"/>
</pin_list>
<bind>
<opset="empty_210 "/>
</bind>
</comp>

<comp id="2253" class="1005" name="empty_211_reg_2253">
<pin_list>
<pin id="2254" dir="0" index="0" bw="32" slack="1"/>
<pin id="2255" dir="1" index="1" bw="32" slack="1"/>
</pin_list>
<bind>
<opset="empty_211 "/>
</bind>
</comp>

<comp id="2258" class="1005" name="empty_212_reg_2258">
<pin_list>
<pin id="2259" dir="0" index="0" bw="32" slack="1"/>
<pin id="2260" dir="1" index="1" bw="32" slack="1"/>
</pin_list>
<bind>
<opset="empty_212 "/>
</bind>
</comp>

<comp id="2263" class="1005" name="empty_213_reg_2263">
<pin_list>
<pin id="2264" dir="0" index="0" bw="32" slack="1"/>
<pin id="2265" dir="1" index="1" bw="32" slack="1"/>
</pin_list>
<bind>
<opset="empty_213 "/>
</bind>
</comp>

<comp id="2268" class="1005" name="empty_214_reg_2268">
<pin_list>
<pin id="2269" dir="0" index="0" bw="32" slack="1"/>
<pin id="2270" dir="1" index="1" bw="32" slack="1"/>
</pin_list>
<bind>
<opset="empty_214 "/>
</bind>
</comp>

<comp id="2273" class="1005" name="empty_215_reg_2273">
<pin_list>
<pin id="2274" dir="0" index="0" bw="32" slack="1"/>
<pin id="2275" dir="1" index="1" bw="32" slack="1"/>
</pin_list>
<bind>
<opset="empty_215 "/>
</bind>
</comp>

<comp id="2278" class="1005" name="empty_216_reg_2278">
<pin_list>
<pin id="2279" dir="0" index="0" bw="32" slack="1"/>
<pin id="2280" dir="1" index="1" bw="32" slack="1"/>
</pin_list>
<bind>
<opset="empty_216 "/>
</bind>
</comp>

<comp id="2283" class="1005" name="empty_217_reg_2283">
<pin_list>
<pin id="2284" dir="0" index="0" bw="32" slack="1"/>
<pin id="2285" dir="1" index="1" bw="32" slack="1"/>
</pin_list>
<bind>
<opset="empty_217 "/>
</bind>
</comp>

<comp id="2288" class="1005" name="empty_218_reg_2288">
<pin_list>
<pin id="2289" dir="0" index="0" bw="32" slack="1"/>
<pin id="2290" dir="1" index="1" bw="32" slack="1"/>
</pin_list>
<bind>
<opset="empty_218 "/>
</bind>
</comp>

<comp id="2293" class="1005" name="empty_219_reg_2293">
<pin_list>
<pin id="2294" dir="0" index="0" bw="32" slack="1"/>
<pin id="2295" dir="1" index="1" bw="32" slack="1"/>
</pin_list>
<bind>
<opset="empty_219 "/>
</bind>
</comp>

<comp id="2298" class="1005" name="empty_220_reg_2298">
<pin_list>
<pin id="2299" dir="0" index="0" bw="32" slack="1"/>
<pin id="2300" dir="1" index="1" bw="32" slack="1"/>
</pin_list>
<bind>
<opset="empty_220 "/>
</bind>
</comp>

<comp id="2303" class="1005" name="empty_221_reg_2303">
<pin_list>
<pin id="2304" dir="0" index="0" bw="32" slack="1"/>
<pin id="2305" dir="1" index="1" bw="32" slack="1"/>
</pin_list>
<bind>
<opset="empty_221 "/>
</bind>
</comp>

<comp id="2308" class="1005" name="empty_222_reg_2308">
<pin_list>
<pin id="2309" dir="0" index="0" bw="32" slack="1"/>
<pin id="2310" dir="1" index="1" bw="32" slack="1"/>
</pin_list>
<bind>
<opset="empty_222 "/>
</bind>
</comp>

<comp id="2313" class="1005" name="empty_223_reg_2313">
<pin_list>
<pin id="2314" dir="0" index="0" bw="32" slack="1"/>
<pin id="2315" dir="1" index="1" bw="32" slack="1"/>
</pin_list>
<bind>
<opset="empty_223 "/>
</bind>
</comp>

<comp id="2318" class="1005" name="empty_224_reg_2318">
<pin_list>
<pin id="2319" dir="0" index="0" bw="32" slack="1"/>
<pin id="2320" dir="1" index="1" bw="32" slack="1"/>
</pin_list>
<bind>
<opset="empty_224 "/>
</bind>
</comp>

<comp id="2323" class="1005" name="empty_225_reg_2323">
<pin_list>
<pin id="2324" dir="0" index="0" bw="32" slack="1"/>
<pin id="2325" dir="1" index="1" bw="32" slack="1"/>
</pin_list>
<bind>
<opset="empty_225 "/>
</bind>
</comp>

<comp id="2328" class="1005" name="empty_226_reg_2328">
<pin_list>
<pin id="2329" dir="0" index="0" bw="32" slack="1"/>
<pin id="2330" dir="1" index="1" bw="32" slack="1"/>
</pin_list>
<bind>
<opset="empty_226 "/>
</bind>
</comp>

<comp id="2333" class="1005" name="empty_227_reg_2333">
<pin_list>
<pin id="2334" dir="0" index="0" bw="32" slack="1"/>
<pin id="2335" dir="1" index="1" bw="32" slack="1"/>
</pin_list>
<bind>
<opset="empty_227 "/>
</bind>
</comp>

<comp id="2338" class="1005" name="empty_228_reg_2338">
<pin_list>
<pin id="2339" dir="0" index="0" bw="32" slack="1"/>
<pin id="2340" dir="1" index="1" bw="32" slack="1"/>
</pin_list>
<bind>
<opset="empty_228 "/>
</bind>
</comp>

<comp id="2343" class="1005" name="empty_229_reg_2343">
<pin_list>
<pin id="2344" dir="0" index="0" bw="32" slack="1"/>
<pin id="2345" dir="1" index="1" bw="32" slack="1"/>
</pin_list>
<bind>
<opset="empty_229 "/>
</bind>
</comp>

<comp id="2348" class="1005" name="empty_230_reg_2348">
<pin_list>
<pin id="2349" dir="0" index="0" bw="32" slack="1"/>
<pin id="2350" dir="1" index="1" bw="32" slack="1"/>
</pin_list>
<bind>
<opset="empty_230 "/>
</bind>
</comp>

<comp id="2353" class="1005" name="empty_231_reg_2353">
<pin_list>
<pin id="2354" dir="0" index="0" bw="32" slack="1"/>
<pin id="2355" dir="1" index="1" bw="32" slack="1"/>
</pin_list>
<bind>
<opset="empty_231 "/>
</bind>
</comp>

<comp id="2358" class="1005" name="empty_232_reg_2358">
<pin_list>
<pin id="2359" dir="0" index="0" bw="32" slack="1"/>
<pin id="2360" dir="1" index="1" bw="32" slack="1"/>
</pin_list>
<bind>
<opset="empty_232 "/>
</bind>
</comp>

<comp id="2363" class="1005" name="empty_233_reg_2363">
<pin_list>
<pin id="2364" dir="0" index="0" bw="32" slack="1"/>
<pin id="2365" dir="1" index="1" bw="32" slack="1"/>
</pin_list>
<bind>
<opset="empty_233 "/>
</bind>
</comp>

<comp id="2368" class="1005" name="empty_234_reg_2368">
<pin_list>
<pin id="2369" dir="0" index="0" bw="32" slack="1"/>
<pin id="2370" dir="1" index="1" bw="32" slack="1"/>
</pin_list>
<bind>
<opset="empty_234 "/>
</bind>
</comp>

<comp id="2373" class="1005" name="empty_235_reg_2373">
<pin_list>
<pin id="2374" dir="0" index="0" bw="32" slack="1"/>
<pin id="2375" dir="1" index="1" bw="32" slack="1"/>
</pin_list>
<bind>
<opset="empty_235 "/>
</bind>
</comp>

<comp id="2378" class="1005" name="empty_236_reg_2378">
<pin_list>
<pin id="2379" dir="0" index="0" bw="32" slack="1"/>
<pin id="2380" dir="1" index="1" bw="32" slack="1"/>
</pin_list>
<bind>
<opset="empty_236 "/>
</bind>
</comp>

<comp id="2383" class="1005" name="empty_237_reg_2383">
<pin_list>
<pin id="2384" dir="0" index="0" bw="32" slack="1"/>
<pin id="2385" dir="1" index="1" bw="32" slack="1"/>
</pin_list>
<bind>
<opset="empty_237 "/>
</bind>
</comp>

<comp id="2388" class="1005" name="empty_238_reg_2388">
<pin_list>
<pin id="2389" dir="0" index="0" bw="32" slack="1"/>
<pin id="2390" dir="1" index="1" bw="32" slack="1"/>
</pin_list>
<bind>
<opset="empty_238 "/>
</bind>
</comp>

<comp id="2393" class="1005" name="empty_239_reg_2393">
<pin_list>
<pin id="2394" dir="0" index="0" bw="32" slack="1"/>
<pin id="2395" dir="1" index="1" bw="32" slack="1"/>
</pin_list>
<bind>
<opset="empty_239 "/>
</bind>
</comp>

<comp id="2398" class="1005" name="empty_240_reg_2398">
<pin_list>
<pin id="2399" dir="0" index="0" bw="32" slack="1"/>
<pin id="2400" dir="1" index="1" bw="32" slack="1"/>
</pin_list>
<bind>
<opset="empty_240 "/>
</bind>
</comp>

<comp id="2403" class="1005" name="empty_241_reg_2403">
<pin_list>
<pin id="2404" dir="0" index="0" bw="32" slack="1"/>
<pin id="2405" dir="1" index="1" bw="32" slack="1"/>
</pin_list>
<bind>
<opset="empty_241 "/>
</bind>
</comp>

<comp id="2408" class="1005" name="empty_242_reg_2408">
<pin_list>
<pin id="2409" dir="0" index="0" bw="32" slack="1"/>
<pin id="2410" dir="1" index="1" bw="32" slack="1"/>
</pin_list>
<bind>
<opset="empty_242 "/>
</bind>
</comp>

<comp id="2413" class="1005" name="empty_243_reg_2413">
<pin_list>
<pin id="2414" dir="0" index="0" bw="32" slack="1"/>
<pin id="2415" dir="1" index="1" bw="32" slack="1"/>
</pin_list>
<bind>
<opset="empty_243 "/>
</bind>
</comp>

<comp id="2418" class="1005" name="empty_244_reg_2418">
<pin_list>
<pin id="2419" dir="0" index="0" bw="32" slack="1"/>
<pin id="2420" dir="1" index="1" bw="32" slack="1"/>
</pin_list>
<bind>
<opset="empty_244 "/>
</bind>
</comp>

<comp id="2423" class="1005" name="empty_245_reg_2423">
<pin_list>
<pin id="2424" dir="0" index="0" bw="32" slack="1"/>
<pin id="2425" dir="1" index="1" bw="32" slack="1"/>
</pin_list>
<bind>
<opset="empty_245 "/>
</bind>
</comp>

<comp id="2428" class="1005" name="empty_246_reg_2428">
<pin_list>
<pin id="2429" dir="0" index="0" bw="32" slack="1"/>
<pin id="2430" dir="1" index="1" bw="32" slack="1"/>
</pin_list>
<bind>
<opset="empty_246 "/>
</bind>
</comp>

<comp id="2433" class="1005" name="empty_247_reg_2433">
<pin_list>
<pin id="2434" dir="0" index="0" bw="32" slack="1"/>
<pin id="2435" dir="1" index="1" bw="32" slack="1"/>
</pin_list>
<bind>
<opset="empty_247 "/>
</bind>
</comp>

<comp id="2438" class="1005" name="empty_248_reg_2438">
<pin_list>
<pin id="2439" dir="0" index="0" bw="32" slack="1"/>
<pin id="2440" dir="1" index="1" bw="32" slack="1"/>
</pin_list>
<bind>
<opset="empty_248 "/>
</bind>
</comp>

<comp id="2443" class="1005" name="empty_249_reg_2443">
<pin_list>
<pin id="2444" dir="0" index="0" bw="32" slack="1"/>
<pin id="2445" dir="1" index="1" bw="32" slack="1"/>
</pin_list>
<bind>
<opset="empty_249 "/>
</bind>
</comp>

<comp id="2448" class="1005" name="empty_250_reg_2448">
<pin_list>
<pin id="2449" dir="0" index="0" bw="32" slack="1"/>
<pin id="2450" dir="1" index="1" bw="32" slack="1"/>
</pin_list>
<bind>
<opset="empty_250 "/>
</bind>
</comp>

<comp id="2453" class="1005" name="empty_251_reg_2453">
<pin_list>
<pin id="2454" dir="0" index="0" bw="32" slack="1"/>
<pin id="2455" dir="1" index="1" bw="32" slack="1"/>
</pin_list>
<bind>
<opset="empty_251 "/>
</bind>
</comp>

<comp id="2458" class="1005" name="empty_252_reg_2458">
<pin_list>
<pin id="2459" dir="0" index="0" bw="32" slack="1"/>
<pin id="2460" dir="1" index="1" bw="32" slack="1"/>
</pin_list>
<bind>
<opset="empty_252 "/>
</bind>
</comp>

<comp id="2463" class="1005" name="empty_253_reg_2463">
<pin_list>
<pin id="2464" dir="0" index="0" bw="32" slack="1"/>
<pin id="2465" dir="1" index="1" bw="32" slack="1"/>
</pin_list>
<bind>
<opset="empty_253 "/>
</bind>
</comp>

<comp id="2468" class="1005" name="empty_254_reg_2468">
<pin_list>
<pin id="2469" dir="0" index="0" bw="32" slack="1"/>
<pin id="2470" dir="1" index="1" bw="32" slack="1"/>
</pin_list>
<bind>
<opset="empty_254 "/>
</bind>
</comp>

<comp id="2473" class="1005" name="empty_255_reg_2473">
<pin_list>
<pin id="2474" dir="0" index="0" bw="32" slack="1"/>
<pin id="2475" dir="1" index="1" bw="32" slack="1"/>
</pin_list>
<bind>
<opset="empty_255 "/>
</bind>
</comp>

<comp id="2478" class="1005" name="empty_256_reg_2478">
<pin_list>
<pin id="2479" dir="0" index="0" bw="32" slack="1"/>
<pin id="2480" dir="1" index="1" bw="32" slack="1"/>
</pin_list>
<bind>
<opset="empty_256 "/>
</bind>
</comp>

<comp id="2483" class="1005" name="empty_257_reg_2483">
<pin_list>
<pin id="2484" dir="0" index="0" bw="32" slack="1"/>
<pin id="2485" dir="1" index="1" bw="32" slack="1"/>
</pin_list>
<bind>
<opset="empty_257 "/>
</bind>
</comp>

<comp id="2488" class="1005" name="empty_258_reg_2488">
<pin_list>
<pin id="2489" dir="0" index="0" bw="32" slack="1"/>
<pin id="2490" dir="1" index="1" bw="32" slack="1"/>
</pin_list>
<bind>
<opset="empty_258 "/>
</bind>
</comp>

<comp id="2493" class="1005" name="empty_259_reg_2493">
<pin_list>
<pin id="2494" dir="0" index="0" bw="32" slack="1"/>
<pin id="2495" dir="1" index="1" bw="32" slack="1"/>
</pin_list>
<bind>
<opset="empty_259 "/>
</bind>
</comp>

<comp id="2498" class="1005" name="empty_260_reg_2498">
<pin_list>
<pin id="2499" dir="0" index="0" bw="32" slack="1"/>
<pin id="2500" dir="1" index="1" bw="32" slack="1"/>
</pin_list>
<bind>
<opset="empty_260 "/>
</bind>
</comp>

<comp id="2503" class="1005" name="empty_261_reg_2503">
<pin_list>
<pin id="2504" dir="0" index="0" bw="32" slack="1"/>
<pin id="2505" dir="1" index="1" bw="32" slack="1"/>
</pin_list>
<bind>
<opset="empty_261 "/>
</bind>
</comp>

</comp_list>

<net_list>
<net id="187"><net_src comp="48" pin="0"/><net_sink comp="184" pin=0"/></net>

<net id="191"><net_src comp="48" pin="0"/><net_sink comp="188" pin=0"/></net>

<net id="195"><net_src comp="48" pin="0"/><net_sink comp="192" pin=0"/></net>

<net id="199"><net_src comp="48" pin="0"/><net_sink comp="196" pin=0"/></net>

<net id="204"><net_src comp="38" pin="0"/><net_sink comp="200" pin=0"/></net>

<net id="205"><net_src comp="26" pin="0"/><net_sink comp="200" pin=1"/></net>

<net id="211"><net_src comp="24" pin="0"/><net_sink comp="206" pin=0"/></net>

<net id="212"><net_src comp="44" pin="0"/><net_sink comp="206" pin=1"/></net>

<net id="218"><net_src comp="24" pin="0"/><net_sink comp="213" pin=0"/></net>

<net id="219"><net_src comp="44" pin="0"/><net_sink comp="213" pin=1"/></net>

<net id="229"><net_src comp="206" pin="3"/><net_sink comp="220" pin=2"/></net>

<net id="230"><net_src comp="213" pin="3"/><net_sink comp="220" pin=0"/></net>

<net id="236"><net_src comp="28" pin="0"/><net_sink comp="231" pin=0"/></net>

<net id="237"><net_src comp="44" pin="0"/><net_sink comp="231" pin=1"/></net>

<net id="238"><net_src comp="44" pin="0"/><net_sink comp="231" pin=2"/></net>

<net id="248"><net_src comp="231" pin="3"/><net_sink comp="239" pin=2"/></net>

<net id="254"><net_src comp="28" pin="0"/><net_sink comp="249" pin=0"/></net>

<net id="255"><net_src comp="44" pin="0"/><net_sink comp="249" pin=1"/></net>

<net id="256"><net_src comp="48" pin="0"/><net_sink comp="249" pin=2"/></net>

<net id="257"><net_src comp="249" pin="3"/><net_sink comp="239" pin=0"/></net>

<net id="263"><net_src comp="24" pin="0"/><net_sink comp="258" pin=0"/></net>

<net id="264"><net_src comp="44" pin="0"/><net_sink comp="258" pin=1"/></net>

<net id="270"><net_src comp="24" pin="0"/><net_sink comp="265" pin=0"/></net>

<net id="271"><net_src comp="44" pin="0"/><net_sink comp="265" pin=1"/></net>

<net id="272"><net_src comp="258" pin="3"/><net_sink comp="220" pin=2"/></net>

<net id="273"><net_src comp="265" pin="3"/><net_sink comp="220" pin=0"/></net>

<net id="279"><net_src comp="28" pin="0"/><net_sink comp="274" pin=0"/></net>

<net id="280"><net_src comp="44" pin="0"/><net_sink comp="274" pin=1"/></net>

<net id="281"><net_src comp="54" pin="0"/><net_sink comp="274" pin=2"/></net>

<net id="282"><net_src comp="274" pin="3"/><net_sink comp="239" pin=2"/></net>

<net id="288"><net_src comp="28" pin="0"/><net_sink comp="283" pin=0"/></net>

<net id="289"><net_src comp="44" pin="0"/><net_sink comp="283" pin=1"/></net>

<net id="290"><net_src comp="56" pin="0"/><net_sink comp="283" pin=2"/></net>

<net id="291"><net_src comp="283" pin="3"/><net_sink comp="239" pin=0"/></net>

<net id="297"><net_src comp="24" pin="0"/><net_sink comp="292" pin=0"/></net>

<net id="298"><net_src comp="44" pin="0"/><net_sink comp="292" pin=1"/></net>

<net id="304"><net_src comp="24" pin="0"/><net_sink comp="299" pin=0"/></net>

<net id="305"><net_src comp="44" pin="0"/><net_sink comp="299" pin=1"/></net>

<net id="306"><net_src comp="292" pin="3"/><net_sink comp="220" pin=2"/></net>

<net id="307"><net_src comp="299" pin="3"/><net_sink comp="220" pin=0"/></net>

<net id="313"><net_src comp="28" pin="0"/><net_sink comp="308" pin=0"/></net>

<net id="314"><net_src comp="44" pin="0"/><net_sink comp="308" pin=1"/></net>

<net id="315"><net_src comp="62" pin="0"/><net_sink comp="308" pin=2"/></net>

<net id="316"><net_src comp="308" pin="3"/><net_sink comp="239" pin=2"/></net>

<net id="322"><net_src comp="28" pin="0"/><net_sink comp="317" pin=0"/></net>

<net id="323"><net_src comp="44" pin="0"/><net_sink comp="317" pin=1"/></net>

<net id="324"><net_src comp="64" pin="0"/><net_sink comp="317" pin=2"/></net>

<net id="325"><net_src comp="317" pin="3"/><net_sink comp="239" pin=0"/></net>

<net id="331"><net_src comp="24" pin="0"/><net_sink comp="326" pin=0"/></net>

<net id="332"><net_src comp="44" pin="0"/><net_sink comp="326" pin=1"/></net>

<net id="338"><net_src comp="24" pin="0"/><net_sink comp="333" pin=0"/></net>

<net id="339"><net_src comp="44" pin="0"/><net_sink comp="333" pin=1"/></net>

<net id="340"><net_src comp="326" pin="3"/><net_sink comp="220" pin=2"/></net>

<net id="341"><net_src comp="333" pin="3"/><net_sink comp="220" pin=0"/></net>

<net id="347"><net_src comp="28" pin="0"/><net_sink comp="342" pin=0"/></net>

<net id="348"><net_src comp="44" pin="0"/><net_sink comp="342" pin=1"/></net>

<net id="349"><net_src comp="70" pin="0"/><net_sink comp="342" pin=2"/></net>

<net id="350"><net_src comp="342" pin="3"/><net_sink comp="239" pin=2"/></net>

<net id="356"><net_src comp="28" pin="0"/><net_sink comp="351" pin=0"/></net>

<net id="357"><net_src comp="44" pin="0"/><net_sink comp="351" pin=1"/></net>

<net id="358"><net_src comp="72" pin="0"/><net_sink comp="351" pin=2"/></net>

<net id="359"><net_src comp="351" pin="3"/><net_sink comp="239" pin=0"/></net>

<net id="365"><net_src comp="24" pin="0"/><net_sink comp="360" pin=0"/></net>

<net id="366"><net_src comp="44" pin="0"/><net_sink comp="360" pin=1"/></net>

<net id="372"><net_src comp="24" pin="0"/><net_sink comp="367" pin=0"/></net>

<net id="373"><net_src comp="44" pin="0"/><net_sink comp="367" pin=1"/></net>

<net id="374"><net_src comp="360" pin="3"/><net_sink comp="220" pin=2"/></net>

<net id="375"><net_src comp="367" pin="3"/><net_sink comp="220" pin=0"/></net>

<net id="381"><net_src comp="28" pin="0"/><net_sink comp="376" pin=0"/></net>

<net id="382"><net_src comp="44" pin="0"/><net_sink comp="376" pin=1"/></net>

<net id="383"><net_src comp="78" pin="0"/><net_sink comp="376" pin=2"/></net>

<net id="384"><net_src comp="376" pin="3"/><net_sink comp="239" pin=2"/></net>

<net id="390"><net_src comp="28" pin="0"/><net_sink comp="385" pin=0"/></net>

<net id="391"><net_src comp="44" pin="0"/><net_sink comp="385" pin=1"/></net>

<net id="392"><net_src comp="80" pin="0"/><net_sink comp="385" pin=2"/></net>

<net id="393"><net_src comp="385" pin="3"/><net_sink comp="239" pin=0"/></net>

<net id="399"><net_src comp="24" pin="0"/><net_sink comp="394" pin=0"/></net>

<net id="400"><net_src comp="44" pin="0"/><net_sink comp="394" pin=1"/></net>

<net id="406"><net_src comp="24" pin="0"/><net_sink comp="401" pin=0"/></net>

<net id="407"><net_src comp="44" pin="0"/><net_sink comp="401" pin=1"/></net>

<net id="408"><net_src comp="394" pin="3"/><net_sink comp="220" pin=2"/></net>

<net id="409"><net_src comp="401" pin="3"/><net_sink comp="220" pin=0"/></net>

<net id="415"><net_src comp="28" pin="0"/><net_sink comp="410" pin=0"/></net>

<net id="416"><net_src comp="44" pin="0"/><net_sink comp="410" pin=1"/></net>

<net id="417"><net_src comp="86" pin="0"/><net_sink comp="410" pin=2"/></net>

<net id="418"><net_src comp="410" pin="3"/><net_sink comp="239" pin=2"/></net>

<net id="424"><net_src comp="28" pin="0"/><net_sink comp="419" pin=0"/></net>

<net id="425"><net_src comp="44" pin="0"/><net_sink comp="419" pin=1"/></net>

<net id="426"><net_src comp="88" pin="0"/><net_sink comp="419" pin=2"/></net>

<net id="427"><net_src comp="419" pin="3"/><net_sink comp="239" pin=0"/></net>

<net id="433"><net_src comp="24" pin="0"/><net_sink comp="428" pin=0"/></net>

<net id="434"><net_src comp="44" pin="0"/><net_sink comp="428" pin=1"/></net>

<net id="440"><net_src comp="24" pin="0"/><net_sink comp="435" pin=0"/></net>

<net id="441"><net_src comp="44" pin="0"/><net_sink comp="435" pin=1"/></net>

<net id="442"><net_src comp="428" pin="3"/><net_sink comp="220" pin=2"/></net>

<net id="443"><net_src comp="435" pin="3"/><net_sink comp="220" pin=0"/></net>

<net id="449"><net_src comp="28" pin="0"/><net_sink comp="444" pin=0"/></net>

<net id="450"><net_src comp="44" pin="0"/><net_sink comp="444" pin=1"/></net>

<net id="451"><net_src comp="94" pin="0"/><net_sink comp="444" pin=2"/></net>

<net id="452"><net_src comp="444" pin="3"/><net_sink comp="239" pin=2"/></net>

<net id="458"><net_src comp="28" pin="0"/><net_sink comp="453" pin=0"/></net>

<net id="459"><net_src comp="44" pin="0"/><net_sink comp="453" pin=1"/></net>

<net id="460"><net_src comp="96" pin="0"/><net_sink comp="453" pin=2"/></net>

<net id="461"><net_src comp="453" pin="3"/><net_sink comp="239" pin=0"/></net>

<net id="467"><net_src comp="24" pin="0"/><net_sink comp="462" pin=0"/></net>

<net id="468"><net_src comp="44" pin="0"/><net_sink comp="462" pin=1"/></net>

<net id="474"><net_src comp="24" pin="0"/><net_sink comp="469" pin=0"/></net>

<net id="475"><net_src comp="44" pin="0"/><net_sink comp="469" pin=1"/></net>

<net id="476"><net_src comp="462" pin="3"/><net_sink comp="220" pin=2"/></net>

<net id="477"><net_src comp="469" pin="3"/><net_sink comp="220" pin=0"/></net>

<net id="483"><net_src comp="28" pin="0"/><net_sink comp="478" pin=0"/></net>

<net id="484"><net_src comp="44" pin="0"/><net_sink comp="478" pin=1"/></net>

<net id="485"><net_src comp="102" pin="0"/><net_sink comp="478" pin=2"/></net>

<net id="486"><net_src comp="478" pin="3"/><net_sink comp="239" pin=2"/></net>

<net id="492"><net_src comp="28" pin="0"/><net_sink comp="487" pin=0"/></net>

<net id="493"><net_src comp="44" pin="0"/><net_sink comp="487" pin=1"/></net>

<net id="494"><net_src comp="104" pin="0"/><net_sink comp="487" pin=2"/></net>

<net id="495"><net_src comp="487" pin="3"/><net_sink comp="239" pin=0"/></net>

<net id="501"><net_src comp="24" pin="0"/><net_sink comp="496" pin=0"/></net>

<net id="502"><net_src comp="44" pin="0"/><net_sink comp="496" pin=1"/></net>

<net id="508"><net_src comp="24" pin="0"/><net_sink comp="503" pin=0"/></net>

<net id="509"><net_src comp="44" pin="0"/><net_sink comp="503" pin=1"/></net>

<net id="510"><net_src comp="496" pin="3"/><net_sink comp="220" pin=2"/></net>

<net id="511"><net_src comp="503" pin="3"/><net_sink comp="220" pin=0"/></net>

<net id="517"><net_src comp="28" pin="0"/><net_sink comp="512" pin=0"/></net>

<net id="518"><net_src comp="44" pin="0"/><net_sink comp="512" pin=1"/></net>

<net id="519"><net_src comp="110" pin="0"/><net_sink comp="512" pin=2"/></net>

<net id="520"><net_src comp="512" pin="3"/><net_sink comp="239" pin=2"/></net>

<net id="526"><net_src comp="28" pin="0"/><net_sink comp="521" pin=0"/></net>

<net id="527"><net_src comp="44" pin="0"/><net_sink comp="521" pin=1"/></net>

<net id="528"><net_src comp="112" pin="0"/><net_sink comp="521" pin=2"/></net>

<net id="529"><net_src comp="521" pin="3"/><net_sink comp="239" pin=0"/></net>

<net id="535"><net_src comp="24" pin="0"/><net_sink comp="530" pin=0"/></net>

<net id="536"><net_src comp="44" pin="0"/><net_sink comp="530" pin=1"/></net>

<net id="542"><net_src comp="24" pin="0"/><net_sink comp="537" pin=0"/></net>

<net id="543"><net_src comp="44" pin="0"/><net_sink comp="537" pin=1"/></net>

<net id="544"><net_src comp="530" pin="3"/><net_sink comp="220" pin=2"/></net>

<net id="545"><net_src comp="537" pin="3"/><net_sink comp="220" pin=0"/></net>

<net id="551"><net_src comp="28" pin="0"/><net_sink comp="546" pin=0"/></net>

<net id="552"><net_src comp="44" pin="0"/><net_sink comp="546" pin=1"/></net>

<net id="553"><net_src comp="118" pin="0"/><net_sink comp="546" pin=2"/></net>

<net id="554"><net_src comp="546" pin="3"/><net_sink comp="239" pin=2"/></net>

<net id="560"><net_src comp="28" pin="0"/><net_sink comp="555" pin=0"/></net>

<net id="561"><net_src comp="44" pin="0"/><net_sink comp="555" pin=1"/></net>

<net id="562"><net_src comp="120" pin="0"/><net_sink comp="555" pin=2"/></net>

<net id="563"><net_src comp="555" pin="3"/><net_sink comp="239" pin=0"/></net>

<net id="569"><net_src comp="24" pin="0"/><net_sink comp="564" pin=0"/></net>

<net id="570"><net_src comp="44" pin="0"/><net_sink comp="564" pin=1"/></net>

<net id="576"><net_src comp="24" pin="0"/><net_sink comp="571" pin=0"/></net>

<net id="577"><net_src comp="44" pin="0"/><net_sink comp="571" pin=1"/></net>

<net id="578"><net_src comp="564" pin="3"/><net_sink comp="220" pin=2"/></net>

<net id="579"><net_src comp="571" pin="3"/><net_sink comp="220" pin=0"/></net>

<net id="585"><net_src comp="28" pin="0"/><net_sink comp="580" pin=0"/></net>

<net id="586"><net_src comp="44" pin="0"/><net_sink comp="580" pin=1"/></net>

<net id="587"><net_src comp="126" pin="0"/><net_sink comp="580" pin=2"/></net>

<net id="588"><net_src comp="580" pin="3"/><net_sink comp="239" pin=2"/></net>

<net id="594"><net_src comp="28" pin="0"/><net_sink comp="589" pin=0"/></net>

<net id="595"><net_src comp="44" pin="0"/><net_sink comp="589" pin=1"/></net>

<net id="596"><net_src comp="128" pin="0"/><net_sink comp="589" pin=2"/></net>

<net id="597"><net_src comp="589" pin="3"/><net_sink comp="239" pin=0"/></net>

<net id="603"><net_src comp="24" pin="0"/><net_sink comp="598" pin=0"/></net>

<net id="604"><net_src comp="44" pin="0"/><net_sink comp="598" pin=1"/></net>

<net id="610"><net_src comp="24" pin="0"/><net_sink comp="605" pin=0"/></net>

<net id="611"><net_src comp="44" pin="0"/><net_sink comp="605" pin=1"/></net>

<net id="612"><net_src comp="598" pin="3"/><net_sink comp="220" pin=2"/></net>

<net id="613"><net_src comp="605" pin="3"/><net_sink comp="220" pin=0"/></net>

<net id="619"><net_src comp="28" pin="0"/><net_sink comp="614" pin=0"/></net>

<net id="620"><net_src comp="44" pin="0"/><net_sink comp="614" pin=1"/></net>

<net id="621"><net_src comp="134" pin="0"/><net_sink comp="614" pin=2"/></net>

<net id="622"><net_src comp="614" pin="3"/><net_sink comp="239" pin=2"/></net>

<net id="628"><net_src comp="28" pin="0"/><net_sink comp="623" pin=0"/></net>

<net id="629"><net_src comp="44" pin="0"/><net_sink comp="623" pin=1"/></net>

<net id="630"><net_src comp="136" pin="0"/><net_sink comp="623" pin=2"/></net>

<net id="631"><net_src comp="623" pin="3"/><net_sink comp="239" pin=0"/></net>

<net id="637"><net_src comp="24" pin="0"/><net_sink comp="632" pin=0"/></net>

<net id="638"><net_src comp="44" pin="0"/><net_sink comp="632" pin=1"/></net>

<net id="644"><net_src comp="24" pin="0"/><net_sink comp="639" pin=0"/></net>

<net id="645"><net_src comp="44" pin="0"/><net_sink comp="639" pin=1"/></net>

<net id="646"><net_src comp="632" pin="3"/><net_sink comp="220" pin=2"/></net>

<net id="647"><net_src comp="639" pin="3"/><net_sink comp="220" pin=0"/></net>

<net id="653"><net_src comp="28" pin="0"/><net_sink comp="648" pin=0"/></net>

<net id="654"><net_src comp="44" pin="0"/><net_sink comp="648" pin=1"/></net>

<net id="655"><net_src comp="142" pin="0"/><net_sink comp="648" pin=2"/></net>

<net id="656"><net_src comp="648" pin="3"/><net_sink comp="239" pin=2"/></net>

<net id="662"><net_src comp="28" pin="0"/><net_sink comp="657" pin=0"/></net>

<net id="663"><net_src comp="44" pin="0"/><net_sink comp="657" pin=1"/></net>

<net id="664"><net_src comp="144" pin="0"/><net_sink comp="657" pin=2"/></net>

<net id="665"><net_src comp="657" pin="3"/><net_sink comp="239" pin=0"/></net>

<net id="671"><net_src comp="24" pin="0"/><net_sink comp="666" pin=0"/></net>

<net id="672"><net_src comp="44" pin="0"/><net_sink comp="666" pin=1"/></net>

<net id="678"><net_src comp="24" pin="0"/><net_sink comp="673" pin=0"/></net>

<net id="679"><net_src comp="44" pin="0"/><net_sink comp="673" pin=1"/></net>

<net id="680"><net_src comp="666" pin="3"/><net_sink comp="220" pin=2"/></net>

<net id="681"><net_src comp="673" pin="3"/><net_sink comp="220" pin=0"/></net>

<net id="687"><net_src comp="28" pin="0"/><net_sink comp="682" pin=0"/></net>

<net id="688"><net_src comp="44" pin="0"/><net_sink comp="682" pin=1"/></net>

<net id="689"><net_src comp="150" pin="0"/><net_sink comp="682" pin=2"/></net>

<net id="690"><net_src comp="682" pin="3"/><net_sink comp="239" pin=2"/></net>

<net id="696"><net_src comp="28" pin="0"/><net_sink comp="691" pin=0"/></net>

<net id="697"><net_src comp="44" pin="0"/><net_sink comp="691" pin=1"/></net>

<net id="698"><net_src comp="152" pin="0"/><net_sink comp="691" pin=2"/></net>

<net id="699"><net_src comp="691" pin="3"/><net_sink comp="239" pin=0"/></net>

<net id="705"><net_src comp="24" pin="0"/><net_sink comp="700" pin=0"/></net>

<net id="706"><net_src comp="44" pin="0"/><net_sink comp="700" pin=1"/></net>

<net id="712"><net_src comp="24" pin="0"/><net_sink comp="707" pin=0"/></net>

<net id="713"><net_src comp="44" pin="0"/><net_sink comp="707" pin=1"/></net>

<net id="714"><net_src comp="700" pin="3"/><net_sink comp="220" pin=2"/></net>

<net id="715"><net_src comp="707" pin="3"/><net_sink comp="220" pin=0"/></net>

<net id="721"><net_src comp="28" pin="0"/><net_sink comp="716" pin=0"/></net>

<net id="722"><net_src comp="44" pin="0"/><net_sink comp="716" pin=1"/></net>

<net id="723"><net_src comp="158" pin="0"/><net_sink comp="716" pin=2"/></net>

<net id="724"><net_src comp="716" pin="3"/><net_sink comp="239" pin=2"/></net>

<net id="730"><net_src comp="28" pin="0"/><net_sink comp="725" pin=0"/></net>

<net id="731"><net_src comp="44" pin="0"/><net_sink comp="725" pin=1"/></net>

<net id="732"><net_src comp="160" pin="0"/><net_sink comp="725" pin=2"/></net>

<net id="733"><net_src comp="725" pin="3"/><net_sink comp="239" pin=0"/></net>

<net id="739"><net_src comp="24" pin="0"/><net_sink comp="734" pin=0"/></net>

<net id="740"><net_src comp="44" pin="0"/><net_sink comp="734" pin=1"/></net>

<net id="746"><net_src comp="24" pin="0"/><net_sink comp="741" pin=0"/></net>

<net id="747"><net_src comp="44" pin="0"/><net_sink comp="741" pin=1"/></net>

<net id="748"><net_src comp="734" pin="3"/><net_sink comp="220" pin=2"/></net>

<net id="749"><net_src comp="741" pin="3"/><net_sink comp="220" pin=0"/></net>

<net id="755"><net_src comp="28" pin="0"/><net_sink comp="750" pin=0"/></net>

<net id="756"><net_src comp="44" pin="0"/><net_sink comp="750" pin=1"/></net>

<net id="757"><net_src comp="166" pin="0"/><net_sink comp="750" pin=2"/></net>

<net id="758"><net_src comp="750" pin="3"/><net_sink comp="239" pin=2"/></net>

<net id="764"><net_src comp="28" pin="0"/><net_sink comp="759" pin=0"/></net>

<net id="765"><net_src comp="44" pin="0"/><net_sink comp="759" pin=1"/></net>

<net id="766"><net_src comp="168" pin="0"/><net_sink comp="759" pin=2"/></net>

<net id="767"><net_src comp="759" pin="3"/><net_sink comp="239" pin=0"/></net>

<net id="854"><net_src comp="170" pin="0"/><net_sink comp="768" pin=0"/></net>

<net id="855"><net_src comp="0" pin="0"/><net_sink comp="768" pin=1"/></net>

<net id="856"><net_src comp="2" pin="0"/><net_sink comp="768" pin=2"/></net>

<net id="857"><net_src comp="6" pin="0"/><net_sink comp="768" pin=3"/></net>

<net id="858"><net_src comp="8" pin="0"/><net_sink comp="768" pin=4"/></net>

<net id="859"><net_src comp="12" pin="0"/><net_sink comp="768" pin=5"/></net>

<net id="860"><net_src comp="14" pin="0"/><net_sink comp="768" pin=6"/></net>

<net id="861"><net_src comp="18" pin="0"/><net_sink comp="768" pin=7"/></net>

<net id="862"><net_src comp="20" pin="0"/><net_sink comp="768" pin=8"/></net>

<net id="863"><net_src comp="4" pin="0"/><net_sink comp="768" pin=9"/></net>

<net id="864"><net_src comp="10" pin="0"/><net_sink comp="768" pin=75"/></net>

<net id="865"><net_src comp="16" pin="0"/><net_sink comp="768" pin=77"/></net>

<net id="866"><net_src comp="22" pin="0"/><net_sink comp="768" pin=79"/></net>

<net id="867"><net_src comp="32" pin="0"/><net_sink comp="768" pin=81"/></net>

<net id="868"><net_src comp="34" pin="0"/><net_sink comp="768" pin=82"/></net>

<net id="869"><net_src comp="36" pin="0"/><net_sink comp="768" pin=83"/></net>

<net id="882"><net_src comp="172" pin="0"/><net_sink comp="870" pin=0"/></net>

<net id="883"><net_src comp="30" pin="0"/><net_sink comp="870" pin=2"/></net>

<net id="884"><net_src comp="28" pin="0"/><net_sink comp="870" pin=6"/></net>

<net id="885"><net_src comp="32" pin="0"/><net_sink comp="870" pin=7"/></net>

<net id="886"><net_src comp="34" pin="0"/><net_sink comp="870" pin=8"/></net>

<net id="887"><net_src comp="36" pin="0"/><net_sink comp="870" pin=9"/></net>

<net id="893"><net_src comp="40" pin="0"/><net_sink comp="888" pin=0"/></net>

<net id="894"><net_src comp="200" pin="2"/><net_sink comp="888" pin=1"/></net>

<net id="895"><net_src comp="42" pin="0"/><net_sink comp="888" pin=2"/></net>

<net id="899"><net_src comp="888" pin="3"/><net_sink comp="896" pin=0"/></net>

<net id="900"><net_src comp="896" pin="1"/><net_sink comp="206" pin=2"/></net>

<net id="906"><net_src comp="40" pin="0"/><net_sink comp="901" pin=0"/></net>

<net id="907"><net_src comp="200" pin="2"/><net_sink comp="901" pin=1"/></net>

<net id="908"><net_src comp="46" pin="0"/><net_sink comp="901" pin=2"/></net>

<net id="912"><net_src comp="901" pin="3"/><net_sink comp="909" pin=0"/></net>

<net id="913"><net_src comp="909" pin="1"/><net_sink comp="213" pin=2"/></net>

<net id="919"><net_src comp="40" pin="0"/><net_sink comp="914" pin=0"/></net>

<net id="920"><net_src comp="50" pin="0"/><net_sink comp="914" pin=2"/></net>

<net id="924"><net_src comp="914" pin="3"/><net_sink comp="921" pin=0"/></net>

<net id="925"><net_src comp="921" pin="1"/><net_sink comp="258" pin=2"/></net>

<net id="931"><net_src comp="40" pin="0"/><net_sink comp="926" pin=0"/></net>

<net id="932"><net_src comp="52" pin="0"/><net_sink comp="926" pin=2"/></net>

<net id="936"><net_src comp="926" pin="3"/><net_sink comp="933" pin=0"/></net>

<net id="937"><net_src comp="933" pin="1"/><net_sink comp="265" pin=2"/></net>

<net id="943"><net_src comp="40" pin="0"/><net_sink comp="938" pin=0"/></net>

<net id="944"><net_src comp="58" pin="0"/><net_sink comp="938" pin=2"/></net>

<net id="948"><net_src comp="938" pin="3"/><net_sink comp="945" pin=0"/></net>

<net id="949"><net_src comp="945" pin="1"/><net_sink comp="292" pin=2"/></net>

<net id="955"><net_src comp="40" pin="0"/><net_sink comp="950" pin=0"/></net>

<net id="956"><net_src comp="60" pin="0"/><net_sink comp="950" pin=2"/></net>

<net id="960"><net_src comp="950" pin="3"/><net_sink comp="957" pin=0"/></net>

<net id="961"><net_src comp="957" pin="1"/><net_sink comp="299" pin=2"/></net>

<net id="967"><net_src comp="40" pin="0"/><net_sink comp="962" pin=0"/></net>

<net id="968"><net_src comp="66" pin="0"/><net_sink comp="962" pin=2"/></net>

<net id="972"><net_src comp="962" pin="3"/><net_sink comp="969" pin=0"/></net>

<net id="973"><net_src comp="969" pin="1"/><net_sink comp="326" pin=2"/></net>

<net id="979"><net_src comp="40" pin="0"/><net_sink comp="974" pin=0"/></net>

<net id="980"><net_src comp="68" pin="0"/><net_sink comp="974" pin=2"/></net>

<net id="984"><net_src comp="974" pin="3"/><net_sink comp="981" pin=0"/></net>

<net id="985"><net_src comp="981" pin="1"/><net_sink comp="333" pin=2"/></net>

<net id="991"><net_src comp="40" pin="0"/><net_sink comp="986" pin=0"/></net>

<net id="992"><net_src comp="74" pin="0"/><net_sink comp="986" pin=2"/></net>

<net id="996"><net_src comp="986" pin="3"/><net_sink comp="993" pin=0"/></net>

<net id="997"><net_src comp="993" pin="1"/><net_sink comp="360" pin=2"/></net>

<net id="1003"><net_src comp="40" pin="0"/><net_sink comp="998" pin=0"/></net>

<net id="1004"><net_src comp="76" pin="0"/><net_sink comp="998" pin=2"/></net>

<net id="1008"><net_src comp="998" pin="3"/><net_sink comp="1005" pin=0"/></net>

<net id="1009"><net_src comp="1005" pin="1"/><net_sink comp="367" pin=2"/></net>

<net id="1015"><net_src comp="40" pin="0"/><net_sink comp="1010" pin=0"/></net>

<net id="1016"><net_src comp="82" pin="0"/><net_sink comp="1010" pin=2"/></net>

<net id="1020"><net_src comp="1010" pin="3"/><net_sink comp="1017" pin=0"/></net>

<net id="1021"><net_src comp="1017" pin="1"/><net_sink comp="394" pin=2"/></net>

<net id="1027"><net_src comp="40" pin="0"/><net_sink comp="1022" pin=0"/></net>

<net id="1028"><net_src comp="84" pin="0"/><net_sink comp="1022" pin=2"/></net>

<net id="1032"><net_src comp="1022" pin="3"/><net_sink comp="1029" pin=0"/></net>

<net id="1033"><net_src comp="1029" pin="1"/><net_sink comp="401" pin=2"/></net>

<net id="1039"><net_src comp="40" pin="0"/><net_sink comp="1034" pin=0"/></net>

<net id="1040"><net_src comp="90" pin="0"/><net_sink comp="1034" pin=2"/></net>

<net id="1044"><net_src comp="1034" pin="3"/><net_sink comp="1041" pin=0"/></net>

<net id="1045"><net_src comp="1041" pin="1"/><net_sink comp="428" pin=2"/></net>

<net id="1051"><net_src comp="40" pin="0"/><net_sink comp="1046" pin=0"/></net>

<net id="1052"><net_src comp="92" pin="0"/><net_sink comp="1046" pin=2"/></net>

<net id="1056"><net_src comp="1046" pin="3"/><net_sink comp="1053" pin=0"/></net>

<net id="1057"><net_src comp="1053" pin="1"/><net_sink comp="435" pin=2"/></net>

<net id="1063"><net_src comp="40" pin="0"/><net_sink comp="1058" pin=0"/></net>

<net id="1064"><net_src comp="98" pin="0"/><net_sink comp="1058" pin=2"/></net>

<net id="1068"><net_src comp="1058" pin="3"/><net_sink comp="1065" pin=0"/></net>

<net id="1069"><net_src comp="1065" pin="1"/><net_sink comp="462" pin=2"/></net>

<net id="1075"><net_src comp="40" pin="0"/><net_sink comp="1070" pin=0"/></net>

<net id="1076"><net_src comp="100" pin="0"/><net_sink comp="1070" pin=2"/></net>

<net id="1080"><net_src comp="1070" pin="3"/><net_sink comp="1077" pin=0"/></net>

<net id="1081"><net_src comp="1077" pin="1"/><net_sink comp="469" pin=2"/></net>

<net id="1087"><net_src comp="40" pin="0"/><net_sink comp="1082" pin=0"/></net>

<net id="1088"><net_src comp="106" pin="0"/><net_sink comp="1082" pin=2"/></net>

<net id="1092"><net_src comp="1082" pin="3"/><net_sink comp="1089" pin=0"/></net>

<net id="1093"><net_src comp="1089" pin="1"/><net_sink comp="496" pin=2"/></net>

<net id="1099"><net_src comp="40" pin="0"/><net_sink comp="1094" pin=0"/></net>

<net id="1100"><net_src comp="108" pin="0"/><net_sink comp="1094" pin=2"/></net>

<net id="1104"><net_src comp="1094" pin="3"/><net_sink comp="1101" pin=0"/></net>

<net id="1105"><net_src comp="1101" pin="1"/><net_sink comp="503" pin=2"/></net>

<net id="1111"><net_src comp="40" pin="0"/><net_sink comp="1106" pin=0"/></net>

<net id="1112"><net_src comp="114" pin="0"/><net_sink comp="1106" pin=2"/></net>

<net id="1116"><net_src comp="1106" pin="3"/><net_sink comp="1113" pin=0"/></net>

<net id="1117"><net_src comp="1113" pin="1"/><net_sink comp="530" pin=2"/></net>

<net id="1123"><net_src comp="40" pin="0"/><net_sink comp="1118" pin=0"/></net>

<net id="1124"><net_src comp="116" pin="0"/><net_sink comp="1118" pin=2"/></net>

<net id="1128"><net_src comp="1118" pin="3"/><net_sink comp="1125" pin=0"/></net>

<net id="1129"><net_src comp="1125" pin="1"/><net_sink comp="537" pin=2"/></net>

<net id="1135"><net_src comp="40" pin="0"/><net_sink comp="1130" pin=0"/></net>

<net id="1136"><net_src comp="122" pin="0"/><net_sink comp="1130" pin=2"/></net>

<net id="1140"><net_src comp="1130" pin="3"/><net_sink comp="1137" pin=0"/></net>

<net id="1141"><net_src comp="1137" pin="1"/><net_sink comp="564" pin=2"/></net>

<net id="1147"><net_src comp="40" pin="0"/><net_sink comp="1142" pin=0"/></net>

<net id="1148"><net_src comp="124" pin="0"/><net_sink comp="1142" pin=2"/></net>

<net id="1152"><net_src comp="1142" pin="3"/><net_sink comp="1149" pin=0"/></net>

<net id="1153"><net_src comp="1149" pin="1"/><net_sink comp="571" pin=2"/></net>

<net id="1159"><net_src comp="40" pin="0"/><net_sink comp="1154" pin=0"/></net>

<net id="1160"><net_src comp="130" pin="0"/><net_sink comp="1154" pin=2"/></net>

<net id="1164"><net_src comp="1154" pin="3"/><net_sink comp="1161" pin=0"/></net>

<net id="1165"><net_src comp="1161" pin="1"/><net_sink comp="598" pin=2"/></net>

<net id="1171"><net_src comp="40" pin="0"/><net_sink comp="1166" pin=0"/></net>

<net id="1172"><net_src comp="132" pin="0"/><net_sink comp="1166" pin=2"/></net>

<net id="1176"><net_src comp="1166" pin="3"/><net_sink comp="1173" pin=0"/></net>

<net id="1177"><net_src comp="1173" pin="1"/><net_sink comp="605" pin=2"/></net>

<net id="1183"><net_src comp="40" pin="0"/><net_sink comp="1178" pin=0"/></net>

<net id="1184"><net_src comp="138" pin="0"/><net_sink comp="1178" pin=2"/></net>

<net id="1188"><net_src comp="1178" pin="3"/><net_sink comp="1185" pin=0"/></net>

<net id="1189"><net_src comp="1185" pin="1"/><net_sink comp="632" pin=2"/></net>

<net id="1195"><net_src comp="40" pin="0"/><net_sink comp="1190" pin=0"/></net>

<net id="1196"><net_src comp="140" pin="0"/><net_sink comp="1190" pin=2"/></net>

<net id="1200"><net_src comp="1190" pin="3"/><net_sink comp="1197" pin=0"/></net>

<net id="1201"><net_src comp="1197" pin="1"/><net_sink comp="639" pin=2"/></net>

<net id="1207"><net_src comp="40" pin="0"/><net_sink comp="1202" pin=0"/></net>

<net id="1208"><net_src comp="146" pin="0"/><net_sink comp="1202" pin=2"/></net>

<net id="1212"><net_src comp="1202" pin="3"/><net_sink comp="1209" pin=0"/></net>

<net id="1213"><net_src comp="1209" pin="1"/><net_sink comp="666" pin=2"/></net>

<net id="1219"><net_src comp="40" pin="0"/><net_sink comp="1214" pin=0"/></net>

<net id="1220"><net_src comp="148" pin="0"/><net_sink comp="1214" pin=2"/></net>

<net id="1224"><net_src comp="1214" pin="3"/><net_sink comp="1221" pin=0"/></net>

<net id="1225"><net_src comp="1221" pin="1"/><net_sink comp="673" pin=2"/></net>

<net id="1231"><net_src comp="40" pin="0"/><net_sink comp="1226" pin=0"/></net>

<net id="1232"><net_src comp="154" pin="0"/><net_sink comp="1226" pin=2"/></net>

<net id="1236"><net_src comp="1226" pin="3"/><net_sink comp="1233" pin=0"/></net>

<net id="1237"><net_src comp="1233" pin="1"/><net_sink comp="700" pin=2"/></net>

<net id="1243"><net_src comp="40" pin="0"/><net_sink comp="1238" pin=0"/></net>

<net id="1244"><net_src comp="156" pin="0"/><net_sink comp="1238" pin=2"/></net>

<net id="1248"><net_src comp="1238" pin="3"/><net_sink comp="1245" pin=0"/></net>

<net id="1249"><net_src comp="1245" pin="1"/><net_sink comp="707" pin=2"/></net>

<net id="1255"><net_src comp="40" pin="0"/><net_sink comp="1250" pin=0"/></net>

<net id="1256"><net_src comp="162" pin="0"/><net_sink comp="1250" pin=2"/></net>

<net id="1260"><net_src comp="1250" pin="3"/><net_sink comp="1257" pin=0"/></net>

<net id="1261"><net_src comp="1257" pin="1"/><net_sink comp="734" pin=2"/></net>

<net id="1267"><net_src comp="40" pin="0"/><net_sink comp="1262" pin=0"/></net>

<net id="1268"><net_src comp="164" pin="0"/><net_sink comp="1262" pin=2"/></net>

<net id="1272"><net_src comp="1262" pin="3"/><net_sink comp="1269" pin=0"/></net>

<net id="1273"><net_src comp="1269" pin="1"/><net_sink comp="741" pin=2"/></net>

<net id="1277"><net_src comp="1274" pin="1"/><net_sink comp="768" pin=10"/></net>

<net id="1281"><net_src comp="1278" pin="1"/><net_sink comp="768" pin=11"/></net>

<net id="1285"><net_src comp="1282" pin="1"/><net_sink comp="768" pin=12"/></net>

<net id="1289"><net_src comp="1286" pin="1"/><net_sink comp="768" pin=13"/></net>

<net id="1293"><net_src comp="1290" pin="1"/><net_sink comp="768" pin=14"/></net>

<net id="1297"><net_src comp="1294" pin="1"/><net_sink comp="768" pin=15"/></net>

<net id="1301"><net_src comp="1298" pin="1"/><net_sink comp="768" pin=16"/></net>

<net id="1305"><net_src comp="1302" pin="1"/><net_sink comp="768" pin=17"/></net>

<net id="1309"><net_src comp="1306" pin="1"/><net_sink comp="768" pin=18"/></net>

<net id="1313"><net_src comp="1310" pin="1"/><net_sink comp="768" pin=19"/></net>

<net id="1317"><net_src comp="1314" pin="1"/><net_sink comp="768" pin=20"/></net>

<net id="1321"><net_src comp="1318" pin="1"/><net_sink comp="768" pin=21"/></net>

<net id="1325"><net_src comp="1322" pin="1"/><net_sink comp="768" pin=22"/></net>

<net id="1329"><net_src comp="1326" pin="1"/><net_sink comp="768" pin=23"/></net>

<net id="1333"><net_src comp="1330" pin="1"/><net_sink comp="768" pin=24"/></net>

<net id="1337"><net_src comp="1334" pin="1"/><net_sink comp="768" pin=25"/></net>

<net id="1341"><net_src comp="1338" pin="1"/><net_sink comp="768" pin=26"/></net>

<net id="1345"><net_src comp="1342" pin="1"/><net_sink comp="768" pin=27"/></net>

<net id="1349"><net_src comp="1346" pin="1"/><net_sink comp="768" pin=28"/></net>

<net id="1353"><net_src comp="1350" pin="1"/><net_sink comp="768" pin=29"/></net>

<net id="1357"><net_src comp="1354" pin="1"/><net_sink comp="768" pin=30"/></net>

<net id="1361"><net_src comp="1358" pin="1"/><net_sink comp="768" pin=31"/></net>

<net id="1365"><net_src comp="1362" pin="1"/><net_sink comp="768" pin=32"/></net>

<net id="1369"><net_src comp="1366" pin="1"/><net_sink comp="768" pin=33"/></net>

<net id="1373"><net_src comp="1370" pin="1"/><net_sink comp="768" pin=34"/></net>

<net id="1377"><net_src comp="1374" pin="1"/><net_sink comp="768" pin=35"/></net>

<net id="1381"><net_src comp="1378" pin="1"/><net_sink comp="768" pin=36"/></net>

<net id="1385"><net_src comp="1382" pin="1"/><net_sink comp="768" pin=37"/></net>

<net id="1389"><net_src comp="1386" pin="1"/><net_sink comp="768" pin=38"/></net>

<net id="1393"><net_src comp="1390" pin="1"/><net_sink comp="768" pin=39"/></net>

<net id="1397"><net_src comp="220" pin="7"/><net_sink comp="1394" pin=0"/></net>

<net id="1398"><net_src comp="1394" pin="1"/><net_sink comp="768" pin=40"/></net>

<net id="1402"><net_src comp="220" pin="3"/><net_sink comp="1399" pin=0"/></net>

<net id="1403"><net_src comp="1399" pin="1"/><net_sink comp="768" pin=41"/></net>

<net id="1407"><net_src comp="1404" pin="1"/><net_sink comp="768" pin=42"/></net>

<net id="1411"><net_src comp="1408" pin="1"/><net_sink comp="768" pin=43"/></net>

<net id="1415"><net_src comp="1412" pin="1"/><net_sink comp="768" pin=44"/></net>

<net id="1419"><net_src comp="1416" pin="1"/><net_sink comp="768" pin=45"/></net>

<net id="1423"><net_src comp="1420" pin="1"/><net_sink comp="768" pin=46"/></net>

<net id="1427"><net_src comp="1424" pin="1"/><net_sink comp="768" pin=47"/></net>

<net id="1431"><net_src comp="1428" pin="1"/><net_sink comp="768" pin=48"/></net>

<net id="1435"><net_src comp="1432" pin="1"/><net_sink comp="768" pin=49"/></net>

<net id="1439"><net_src comp="1436" pin="1"/><net_sink comp="768" pin=50"/></net>

<net id="1443"><net_src comp="1440" pin="1"/><net_sink comp="768" pin=51"/></net>

<net id="1447"><net_src comp="1444" pin="1"/><net_sink comp="768" pin=52"/></net>

<net id="1451"><net_src comp="1448" pin="1"/><net_sink comp="768" pin=53"/></net>

<net id="1455"><net_src comp="1452" pin="1"/><net_sink comp="768" pin=54"/></net>

<net id="1459"><net_src comp="1456" pin="1"/><net_sink comp="768" pin=55"/></net>

<net id="1463"><net_src comp="1460" pin="1"/><net_sink comp="768" pin=56"/></net>

<net id="1467"><net_src comp="1464" pin="1"/><net_sink comp="768" pin=57"/></net>

<net id="1471"><net_src comp="1468" pin="1"/><net_sink comp="768" pin=58"/></net>

<net id="1475"><net_src comp="1472" pin="1"/><net_sink comp="768" pin=59"/></net>

<net id="1479"><net_src comp="1476" pin="1"/><net_sink comp="768" pin=60"/></net>

<net id="1483"><net_src comp="1480" pin="1"/><net_sink comp="768" pin=61"/></net>

<net id="1487"><net_src comp="1484" pin="1"/><net_sink comp="768" pin=62"/></net>

<net id="1491"><net_src comp="1488" pin="1"/><net_sink comp="768" pin=63"/></net>

<net id="1495"><net_src comp="1492" pin="1"/><net_sink comp="768" pin=64"/></net>

<net id="1499"><net_src comp="1496" pin="1"/><net_sink comp="768" pin=65"/></net>

<net id="1503"><net_src comp="1500" pin="1"/><net_sink comp="768" pin=66"/></net>

<net id="1507"><net_src comp="1504" pin="1"/><net_sink comp="768" pin=67"/></net>

<net id="1511"><net_src comp="1508" pin="1"/><net_sink comp="768" pin=68"/></net>

<net id="1515"><net_src comp="1512" pin="1"/><net_sink comp="768" pin=69"/></net>

<net id="1519"><net_src comp="1516" pin="1"/><net_sink comp="768" pin=70"/></net>

<net id="1523"><net_src comp="1520" pin="1"/><net_sink comp="768" pin=71"/></net>

<net id="1527"><net_src comp="239" pin="7"/><net_sink comp="1524" pin=0"/></net>

<net id="1528"><net_src comp="1524" pin="1"/><net_sink comp="768" pin=72"/></net>

<net id="1532"><net_src comp="239" pin="3"/><net_sink comp="1529" pin=0"/></net>

<net id="1533"><net_src comp="1529" pin="1"/><net_sink comp="768" pin=73"/></net>

<net id="1537"><net_src comp="200" pin="2"/><net_sink comp="1534" pin=0"/></net>

<net id="1538"><net_src comp="1534" pin="1"/><net_sink comp="914" pin=1"/></net>

<net id="1539"><net_src comp="1534" pin="1"/><net_sink comp="926" pin=1"/></net>

<net id="1540"><net_src comp="1534" pin="1"/><net_sink comp="938" pin=1"/></net>

<net id="1541"><net_src comp="1534" pin="1"/><net_sink comp="950" pin=1"/></net>

<net id="1542"><net_src comp="1534" pin="1"/><net_sink comp="962" pin=1"/></net>

<net id="1543"><net_src comp="1534" pin="1"/><net_sink comp="974" pin=1"/></net>

<net id="1544"><net_src comp="1534" pin="1"/><net_sink comp="986" pin=1"/></net>

<net id="1545"><net_src comp="1534" pin="1"/><net_sink comp="998" pin=1"/></net>

<net id="1546"><net_src comp="1534" pin="1"/><net_sink comp="1010" pin=1"/></net>

<net id="1547"><net_src comp="1534" pin="1"/><net_sink comp="1022" pin=1"/></net>

<net id="1548"><net_src comp="1534" pin="1"/><net_sink comp="1034" pin=1"/></net>

<net id="1549"><net_src comp="1534" pin="1"/><net_sink comp="1046" pin=1"/></net>

<net id="1550"><net_src comp="1534" pin="1"/><net_sink comp="1058" pin=1"/></net>

<net id="1551"><net_src comp="1534" pin="1"/><net_sink comp="1070" pin=1"/></net>

<net id="1552"><net_src comp="1534" pin="1"/><net_sink comp="1082" pin=1"/></net>

<net id="1553"><net_src comp="1534" pin="1"/><net_sink comp="1094" pin=1"/></net>

<net id="1554"><net_src comp="1534" pin="1"/><net_sink comp="1106" pin=1"/></net>

<net id="1555"><net_src comp="1534" pin="1"/><net_sink comp="1118" pin=1"/></net>

<net id="1556"><net_src comp="1534" pin="1"/><net_sink comp="1130" pin=1"/></net>

<net id="1557"><net_src comp="1534" pin="1"/><net_sink comp="1142" pin=1"/></net>

<net id="1558"><net_src comp="1534" pin="1"/><net_sink comp="1154" pin=1"/></net>

<net id="1559"><net_src comp="1534" pin="1"/><net_sink comp="1166" pin=1"/></net>

<net id="1560"><net_src comp="1534" pin="1"/><net_sink comp="1178" pin=1"/></net>

<net id="1561"><net_src comp="1534" pin="1"/><net_sink comp="1190" pin=1"/></net>

<net id="1562"><net_src comp="1534" pin="1"/><net_sink comp="1202" pin=1"/></net>

<net id="1563"><net_src comp="1534" pin="1"/><net_sink comp="1214" pin=1"/></net>

<net id="1564"><net_src comp="1534" pin="1"/><net_sink comp="1226" pin=1"/></net>

<net id="1565"><net_src comp="1534" pin="1"/><net_sink comp="1238" pin=1"/></net>

<net id="1566"><net_src comp="1534" pin="1"/><net_sink comp="1250" pin=1"/></net>

<net id="1567"><net_src comp="1534" pin="1"/><net_sink comp="1262" pin=1"/></net>

<net id="1571"><net_src comp="206" pin="3"/><net_sink comp="1568" pin=0"/></net>

<net id="1572"><net_src comp="1568" pin="1"/><net_sink comp="220" pin=2"/></net>

<net id="1576"><net_src comp="213" pin="3"/><net_sink comp="1573" pin=0"/></net>

<net id="1577"><net_src comp="1573" pin="1"/><net_sink comp="220" pin=0"/></net>

<net id="1581"><net_src comp="231" pin="3"/><net_sink comp="1578" pin=0"/></net>

<net id="1582"><net_src comp="1578" pin="1"/><net_sink comp="239" pin=2"/></net>

<net id="1586"><net_src comp="249" pin="3"/><net_sink comp="1583" pin=0"/></net>

<net id="1587"><net_src comp="1583" pin="1"/><net_sink comp="239" pin=0"/></net>

<net id="1591"><net_src comp="258" pin="3"/><net_sink comp="1588" pin=0"/></net>

<net id="1592"><net_src comp="1588" pin="1"/><net_sink comp="220" pin=2"/></net>

<net id="1596"><net_src comp="265" pin="3"/><net_sink comp="1593" pin=0"/></net>

<net id="1597"><net_src comp="1593" pin="1"/><net_sink comp="220" pin=0"/></net>

<net id="1601"><net_src comp="220" pin="7"/><net_sink comp="1598" pin=0"/></net>

<net id="1602"><net_src comp="1598" pin="1"/><net_sink comp="1274" pin=0"/></net>

<net id="1606"><net_src comp="220" pin="3"/><net_sink comp="1603" pin=0"/></net>

<net id="1607"><net_src comp="1603" pin="1"/><net_sink comp="1278" pin=0"/></net>

<net id="1611"><net_src comp="239" pin="7"/><net_sink comp="1608" pin=0"/></net>

<net id="1612"><net_src comp="1608" pin="1"/><net_sink comp="1404" pin=0"/></net>

<net id="1616"><net_src comp="239" pin="3"/><net_sink comp="1613" pin=0"/></net>

<net id="1617"><net_src comp="1613" pin="1"/><net_sink comp="1408" pin=0"/></net>

<net id="1621"><net_src comp="274" pin="3"/><net_sink comp="1618" pin=0"/></net>

<net id="1622"><net_src comp="1618" pin="1"/><net_sink comp="239" pin=2"/></net>

<net id="1626"><net_src comp="283" pin="3"/><net_sink comp="1623" pin=0"/></net>

<net id="1627"><net_src comp="1623" pin="1"/><net_sink comp="239" pin=0"/></net>

<net id="1631"><net_src comp="292" pin="3"/><net_sink comp="1628" pin=0"/></net>

<net id="1632"><net_src comp="1628" pin="1"/><net_sink comp="220" pin=2"/></net>

<net id="1636"><net_src comp="299" pin="3"/><net_sink comp="1633" pin=0"/></net>

<net id="1637"><net_src comp="1633" pin="1"/><net_sink comp="220" pin=0"/></net>

<net id="1641"><net_src comp="220" pin="7"/><net_sink comp="1638" pin=0"/></net>

<net id="1642"><net_src comp="1638" pin="1"/><net_sink comp="1282" pin=0"/></net>

<net id="1646"><net_src comp="220" pin="3"/><net_sink comp="1643" pin=0"/></net>

<net id="1647"><net_src comp="1643" pin="1"/><net_sink comp="1286" pin=0"/></net>

<net id="1651"><net_src comp="239" pin="7"/><net_sink comp="1648" pin=0"/></net>

<net id="1652"><net_src comp="1648" pin="1"/><net_sink comp="1412" pin=0"/></net>

<net id="1656"><net_src comp="239" pin="3"/><net_sink comp="1653" pin=0"/></net>

<net id="1657"><net_src comp="1653" pin="1"/><net_sink comp="1416" pin=0"/></net>

<net id="1661"><net_src comp="308" pin="3"/><net_sink comp="1658" pin=0"/></net>

<net id="1662"><net_src comp="1658" pin="1"/><net_sink comp="239" pin=2"/></net>

<net id="1666"><net_src comp="317" pin="3"/><net_sink comp="1663" pin=0"/></net>

<net id="1667"><net_src comp="1663" pin="1"/><net_sink comp="239" pin=0"/></net>

<net id="1671"><net_src comp="326" pin="3"/><net_sink comp="1668" pin=0"/></net>

<net id="1672"><net_src comp="1668" pin="1"/><net_sink comp="220" pin=2"/></net>

<net id="1676"><net_src comp="333" pin="3"/><net_sink comp="1673" pin=0"/></net>

<net id="1677"><net_src comp="1673" pin="1"/><net_sink comp="220" pin=0"/></net>

<net id="1681"><net_src comp="220" pin="7"/><net_sink comp="1678" pin=0"/></net>

<net id="1682"><net_src comp="1678" pin="1"/><net_sink comp="1290" pin=0"/></net>

<net id="1686"><net_src comp="220" pin="3"/><net_sink comp="1683" pin=0"/></net>

<net id="1687"><net_src comp="1683" pin="1"/><net_sink comp="1294" pin=0"/></net>

<net id="1691"><net_src comp="239" pin="7"/><net_sink comp="1688" pin=0"/></net>

<net id="1692"><net_src comp="1688" pin="1"/><net_sink comp="1420" pin=0"/></net>

<net id="1696"><net_src comp="239" pin="3"/><net_sink comp="1693" pin=0"/></net>

<net id="1697"><net_src comp="1693" pin="1"/><net_sink comp="1424" pin=0"/></net>

<net id="1701"><net_src comp="342" pin="3"/><net_sink comp="1698" pin=0"/></net>

<net id="1702"><net_src comp="1698" pin="1"/><net_sink comp="239" pin=2"/></net>

<net id="1706"><net_src comp="351" pin="3"/><net_sink comp="1703" pin=0"/></net>

<net id="1707"><net_src comp="1703" pin="1"/><net_sink comp="239" pin=0"/></net>

<net id="1711"><net_src comp="360" pin="3"/><net_sink comp="1708" pin=0"/></net>

<net id="1712"><net_src comp="1708" pin="1"/><net_sink comp="220" pin=2"/></net>

<net id="1716"><net_src comp="367" pin="3"/><net_sink comp="1713" pin=0"/></net>

<net id="1717"><net_src comp="1713" pin="1"/><net_sink comp="220" pin=0"/></net>

<net id="1721"><net_src comp="220" pin="7"/><net_sink comp="1718" pin=0"/></net>

<net id="1722"><net_src comp="1718" pin="1"/><net_sink comp="1298" pin=0"/></net>

<net id="1726"><net_src comp="220" pin="3"/><net_sink comp="1723" pin=0"/></net>

<net id="1727"><net_src comp="1723" pin="1"/><net_sink comp="1302" pin=0"/></net>

<net id="1731"><net_src comp="239" pin="7"/><net_sink comp="1728" pin=0"/></net>

<net id="1732"><net_src comp="1728" pin="1"/><net_sink comp="1428" pin=0"/></net>

<net id="1736"><net_src comp="239" pin="3"/><net_sink comp="1733" pin=0"/></net>

<net id="1737"><net_src comp="1733" pin="1"/><net_sink comp="1432" pin=0"/></net>

<net id="1741"><net_src comp="376" pin="3"/><net_sink comp="1738" pin=0"/></net>

<net id="1742"><net_src comp="1738" pin="1"/><net_sink comp="239" pin=2"/></net>

<net id="1746"><net_src comp="385" pin="3"/><net_sink comp="1743" pin=0"/></net>

<net id="1747"><net_src comp="1743" pin="1"/><net_sink comp="239" pin=0"/></net>

<net id="1751"><net_src comp="394" pin="3"/><net_sink comp="1748" pin=0"/></net>

<net id="1752"><net_src comp="1748" pin="1"/><net_sink comp="220" pin=2"/></net>

<net id="1756"><net_src comp="401" pin="3"/><net_sink comp="1753" pin=0"/></net>

<net id="1757"><net_src comp="1753" pin="1"/><net_sink comp="220" pin=0"/></net>

<net id="1761"><net_src comp="220" pin="7"/><net_sink comp="1758" pin=0"/></net>

<net id="1762"><net_src comp="1758" pin="1"/><net_sink comp="1306" pin=0"/></net>

<net id="1766"><net_src comp="220" pin="3"/><net_sink comp="1763" pin=0"/></net>

<net id="1767"><net_src comp="1763" pin="1"/><net_sink comp="1310" pin=0"/></net>

<net id="1771"><net_src comp="239" pin="7"/><net_sink comp="1768" pin=0"/></net>

<net id="1772"><net_src comp="1768" pin="1"/><net_sink comp="1436" pin=0"/></net>

<net id="1776"><net_src comp="239" pin="3"/><net_sink comp="1773" pin=0"/></net>

<net id="1777"><net_src comp="1773" pin="1"/><net_sink comp="1440" pin=0"/></net>

<net id="1781"><net_src comp="410" pin="3"/><net_sink comp="1778" pin=0"/></net>

<net id="1782"><net_src comp="1778" pin="1"/><net_sink comp="239" pin=2"/></net>

<net id="1786"><net_src comp="419" pin="3"/><net_sink comp="1783" pin=0"/></net>

<net id="1787"><net_src comp="1783" pin="1"/><net_sink comp="239" pin=0"/></net>

<net id="1791"><net_src comp="428" pin="3"/><net_sink comp="1788" pin=0"/></net>

<net id="1792"><net_src comp="1788" pin="1"/><net_sink comp="220" pin=2"/></net>

<net id="1796"><net_src comp="435" pin="3"/><net_sink comp="1793" pin=0"/></net>

<net id="1797"><net_src comp="1793" pin="1"/><net_sink comp="220" pin=0"/></net>

<net id="1801"><net_src comp="220" pin="7"/><net_sink comp="1798" pin=0"/></net>

<net id="1802"><net_src comp="1798" pin="1"/><net_sink comp="1314" pin=0"/></net>

<net id="1806"><net_src comp="220" pin="3"/><net_sink comp="1803" pin=0"/></net>

<net id="1807"><net_src comp="1803" pin="1"/><net_sink comp="1318" pin=0"/></net>

<net id="1811"><net_src comp="239" pin="7"/><net_sink comp="1808" pin=0"/></net>

<net id="1812"><net_src comp="1808" pin="1"/><net_sink comp="1444" pin=0"/></net>

<net id="1816"><net_src comp="239" pin="3"/><net_sink comp="1813" pin=0"/></net>

<net id="1817"><net_src comp="1813" pin="1"/><net_sink comp="1448" pin=0"/></net>

<net id="1821"><net_src comp="444" pin="3"/><net_sink comp="1818" pin=0"/></net>

<net id="1822"><net_src comp="1818" pin="1"/><net_sink comp="239" pin=2"/></net>

<net id="1826"><net_src comp="453" pin="3"/><net_sink comp="1823" pin=0"/></net>

<net id="1827"><net_src comp="1823" pin="1"/><net_sink comp="239" pin=0"/></net>

<net id="1831"><net_src comp="462" pin="3"/><net_sink comp="1828" pin=0"/></net>

<net id="1832"><net_src comp="1828" pin="1"/><net_sink comp="220" pin=2"/></net>

<net id="1836"><net_src comp="469" pin="3"/><net_sink comp="1833" pin=0"/></net>

<net id="1837"><net_src comp="1833" pin="1"/><net_sink comp="220" pin=0"/></net>

<net id="1841"><net_src comp="220" pin="7"/><net_sink comp="1838" pin=0"/></net>

<net id="1842"><net_src comp="1838" pin="1"/><net_sink comp="1322" pin=0"/></net>

<net id="1846"><net_src comp="220" pin="3"/><net_sink comp="1843" pin=0"/></net>

<net id="1847"><net_src comp="1843" pin="1"/><net_sink comp="1326" pin=0"/></net>

<net id="1851"><net_src comp="239" pin="7"/><net_sink comp="1848" pin=0"/></net>

<net id="1852"><net_src comp="1848" pin="1"/><net_sink comp="1452" pin=0"/></net>

<net id="1856"><net_src comp="239" pin="3"/><net_sink comp="1853" pin=0"/></net>

<net id="1857"><net_src comp="1853" pin="1"/><net_sink comp="1456" pin=0"/></net>

<net id="1861"><net_src comp="478" pin="3"/><net_sink comp="1858" pin=0"/></net>

<net id="1862"><net_src comp="1858" pin="1"/><net_sink comp="239" pin=2"/></net>

<net id="1866"><net_src comp="487" pin="3"/><net_sink comp="1863" pin=0"/></net>

<net id="1867"><net_src comp="1863" pin="1"/><net_sink comp="239" pin=0"/></net>

<net id="1871"><net_src comp="496" pin="3"/><net_sink comp="1868" pin=0"/></net>

<net id="1872"><net_src comp="1868" pin="1"/><net_sink comp="220" pin=2"/></net>

<net id="1876"><net_src comp="503" pin="3"/><net_sink comp="1873" pin=0"/></net>

<net id="1877"><net_src comp="1873" pin="1"/><net_sink comp="220" pin=0"/></net>

<net id="1881"><net_src comp="220" pin="7"/><net_sink comp="1878" pin=0"/></net>

<net id="1882"><net_src comp="1878" pin="1"/><net_sink comp="1330" pin=0"/></net>

<net id="1886"><net_src comp="220" pin="3"/><net_sink comp="1883" pin=0"/></net>

<net id="1887"><net_src comp="1883" pin="1"/><net_sink comp="1334" pin=0"/></net>

<net id="1891"><net_src comp="239" pin="7"/><net_sink comp="1888" pin=0"/></net>

<net id="1892"><net_src comp="1888" pin="1"/><net_sink comp="1460" pin=0"/></net>

<net id="1896"><net_src comp="239" pin="3"/><net_sink comp="1893" pin=0"/></net>

<net id="1897"><net_src comp="1893" pin="1"/><net_sink comp="1464" pin=0"/></net>

<net id="1901"><net_src comp="512" pin="3"/><net_sink comp="1898" pin=0"/></net>

<net id="1902"><net_src comp="1898" pin="1"/><net_sink comp="239" pin=2"/></net>

<net id="1906"><net_src comp="521" pin="3"/><net_sink comp="1903" pin=0"/></net>

<net id="1907"><net_src comp="1903" pin="1"/><net_sink comp="239" pin=0"/></net>

<net id="1911"><net_src comp="530" pin="3"/><net_sink comp="1908" pin=0"/></net>

<net id="1912"><net_src comp="1908" pin="1"/><net_sink comp="220" pin=2"/></net>

<net id="1916"><net_src comp="537" pin="3"/><net_sink comp="1913" pin=0"/></net>

<net id="1917"><net_src comp="1913" pin="1"/><net_sink comp="220" pin=0"/></net>

<net id="1921"><net_src comp="220" pin="7"/><net_sink comp="1918" pin=0"/></net>

<net id="1922"><net_src comp="1918" pin="1"/><net_sink comp="1338" pin=0"/></net>

<net id="1926"><net_src comp="220" pin="3"/><net_sink comp="1923" pin=0"/></net>

<net id="1927"><net_src comp="1923" pin="1"/><net_sink comp="1342" pin=0"/></net>

<net id="1931"><net_src comp="239" pin="7"/><net_sink comp="1928" pin=0"/></net>

<net id="1932"><net_src comp="1928" pin="1"/><net_sink comp="1468" pin=0"/></net>

<net id="1936"><net_src comp="239" pin="3"/><net_sink comp="1933" pin=0"/></net>

<net id="1937"><net_src comp="1933" pin="1"/><net_sink comp="1472" pin=0"/></net>

<net id="1941"><net_src comp="546" pin="3"/><net_sink comp="1938" pin=0"/></net>

<net id="1942"><net_src comp="1938" pin="1"/><net_sink comp="239" pin=2"/></net>

<net id="1946"><net_src comp="555" pin="3"/><net_sink comp="1943" pin=0"/></net>

<net id="1947"><net_src comp="1943" pin="1"/><net_sink comp="239" pin=0"/></net>

<net id="1951"><net_src comp="564" pin="3"/><net_sink comp="1948" pin=0"/></net>

<net id="1952"><net_src comp="1948" pin="1"/><net_sink comp="220" pin=2"/></net>

<net id="1956"><net_src comp="571" pin="3"/><net_sink comp="1953" pin=0"/></net>

<net id="1957"><net_src comp="1953" pin="1"/><net_sink comp="220" pin=0"/></net>

<net id="1961"><net_src comp="220" pin="7"/><net_sink comp="1958" pin=0"/></net>

<net id="1962"><net_src comp="1958" pin="1"/><net_sink comp="1346" pin=0"/></net>

<net id="1966"><net_src comp="220" pin="3"/><net_sink comp="1963" pin=0"/></net>

<net id="1967"><net_src comp="1963" pin="1"/><net_sink comp="1350" pin=0"/></net>

<net id="1971"><net_src comp="239" pin="7"/><net_sink comp="1968" pin=0"/></net>

<net id="1972"><net_src comp="1968" pin="1"/><net_sink comp="1476" pin=0"/></net>

<net id="1976"><net_src comp="239" pin="3"/><net_sink comp="1973" pin=0"/></net>

<net id="1977"><net_src comp="1973" pin="1"/><net_sink comp="1480" pin=0"/></net>

<net id="1981"><net_src comp="580" pin="3"/><net_sink comp="1978" pin=0"/></net>

<net id="1982"><net_src comp="1978" pin="1"/><net_sink comp="239" pin=2"/></net>

<net id="1986"><net_src comp="589" pin="3"/><net_sink comp="1983" pin=0"/></net>

<net id="1987"><net_src comp="1983" pin="1"/><net_sink comp="239" pin=0"/></net>

<net id="1991"><net_src comp="598" pin="3"/><net_sink comp="1988" pin=0"/></net>

<net id="1992"><net_src comp="1988" pin="1"/><net_sink comp="220" pin=2"/></net>

<net id="1996"><net_src comp="605" pin="3"/><net_sink comp="1993" pin=0"/></net>

<net id="1997"><net_src comp="1993" pin="1"/><net_sink comp="220" pin=0"/></net>

<net id="2001"><net_src comp="220" pin="7"/><net_sink comp="1998" pin=0"/></net>

<net id="2002"><net_src comp="1998" pin="1"/><net_sink comp="1354" pin=0"/></net>

<net id="2006"><net_src comp="220" pin="3"/><net_sink comp="2003" pin=0"/></net>

<net id="2007"><net_src comp="2003" pin="1"/><net_sink comp="1358" pin=0"/></net>

<net id="2011"><net_src comp="239" pin="7"/><net_sink comp="2008" pin=0"/></net>

<net id="2012"><net_src comp="2008" pin="1"/><net_sink comp="1484" pin=0"/></net>

<net id="2016"><net_src comp="239" pin="3"/><net_sink comp="2013" pin=0"/></net>

<net id="2017"><net_src comp="2013" pin="1"/><net_sink comp="1488" pin=0"/></net>

<net id="2021"><net_src comp="614" pin="3"/><net_sink comp="2018" pin=0"/></net>

<net id="2022"><net_src comp="2018" pin="1"/><net_sink comp="239" pin=2"/></net>

<net id="2026"><net_src comp="623" pin="3"/><net_sink comp="2023" pin=0"/></net>

<net id="2027"><net_src comp="2023" pin="1"/><net_sink comp="239" pin=0"/></net>

<net id="2031"><net_src comp="632" pin="3"/><net_sink comp="2028" pin=0"/></net>

<net id="2032"><net_src comp="2028" pin="1"/><net_sink comp="220" pin=2"/></net>

<net id="2036"><net_src comp="639" pin="3"/><net_sink comp="2033" pin=0"/></net>

<net id="2037"><net_src comp="2033" pin="1"/><net_sink comp="220" pin=0"/></net>

<net id="2041"><net_src comp="220" pin="7"/><net_sink comp="2038" pin=0"/></net>

<net id="2042"><net_src comp="2038" pin="1"/><net_sink comp="1362" pin=0"/></net>

<net id="2046"><net_src comp="220" pin="3"/><net_sink comp="2043" pin=0"/></net>

<net id="2047"><net_src comp="2043" pin="1"/><net_sink comp="1366" pin=0"/></net>

<net id="2051"><net_src comp="239" pin="7"/><net_sink comp="2048" pin=0"/></net>

<net id="2052"><net_src comp="2048" pin="1"/><net_sink comp="1492" pin=0"/></net>

<net id="2056"><net_src comp="239" pin="3"/><net_sink comp="2053" pin=0"/></net>

<net id="2057"><net_src comp="2053" pin="1"/><net_sink comp="1496" pin=0"/></net>

<net id="2061"><net_src comp="648" pin="3"/><net_sink comp="2058" pin=0"/></net>

<net id="2062"><net_src comp="2058" pin="1"/><net_sink comp="239" pin=2"/></net>

<net id="2066"><net_src comp="657" pin="3"/><net_sink comp="2063" pin=0"/></net>

<net id="2067"><net_src comp="2063" pin="1"/><net_sink comp="239" pin=0"/></net>

<net id="2071"><net_src comp="666" pin="3"/><net_sink comp="2068" pin=0"/></net>

<net id="2072"><net_src comp="2068" pin="1"/><net_sink comp="220" pin=2"/></net>

<net id="2076"><net_src comp="673" pin="3"/><net_sink comp="2073" pin=0"/></net>

<net id="2077"><net_src comp="2073" pin="1"/><net_sink comp="220" pin=0"/></net>

<net id="2081"><net_src comp="220" pin="7"/><net_sink comp="2078" pin=0"/></net>

<net id="2082"><net_src comp="2078" pin="1"/><net_sink comp="1370" pin=0"/></net>

<net id="2086"><net_src comp="220" pin="3"/><net_sink comp="2083" pin=0"/></net>

<net id="2087"><net_src comp="2083" pin="1"/><net_sink comp="1374" pin=0"/></net>

<net id="2091"><net_src comp="239" pin="7"/><net_sink comp="2088" pin=0"/></net>

<net id="2092"><net_src comp="2088" pin="1"/><net_sink comp="1500" pin=0"/></net>

<net id="2096"><net_src comp="239" pin="3"/><net_sink comp="2093" pin=0"/></net>

<net id="2097"><net_src comp="2093" pin="1"/><net_sink comp="1504" pin=0"/></net>

<net id="2101"><net_src comp="682" pin="3"/><net_sink comp="2098" pin=0"/></net>

<net id="2102"><net_src comp="2098" pin="1"/><net_sink comp="239" pin=2"/></net>

<net id="2106"><net_src comp="691" pin="3"/><net_sink comp="2103" pin=0"/></net>

<net id="2107"><net_src comp="2103" pin="1"/><net_sink comp="239" pin=0"/></net>

<net id="2111"><net_src comp="700" pin="3"/><net_sink comp="2108" pin=0"/></net>

<net id="2112"><net_src comp="2108" pin="1"/><net_sink comp="220" pin=2"/></net>

<net id="2116"><net_src comp="707" pin="3"/><net_sink comp="2113" pin=0"/></net>

<net id="2117"><net_src comp="2113" pin="1"/><net_sink comp="220" pin=0"/></net>

<net id="2121"><net_src comp="220" pin="7"/><net_sink comp="2118" pin=0"/></net>

<net id="2122"><net_src comp="2118" pin="1"/><net_sink comp="1378" pin=0"/></net>

<net id="2126"><net_src comp="220" pin="3"/><net_sink comp="2123" pin=0"/></net>

<net id="2127"><net_src comp="2123" pin="1"/><net_sink comp="1382" pin=0"/></net>

<net id="2131"><net_src comp="239" pin="7"/><net_sink comp="2128" pin=0"/></net>

<net id="2132"><net_src comp="2128" pin="1"/><net_sink comp="1508" pin=0"/></net>

<net id="2136"><net_src comp="239" pin="3"/><net_sink comp="2133" pin=0"/></net>

<net id="2137"><net_src comp="2133" pin="1"/><net_sink comp="1512" pin=0"/></net>

<net id="2141"><net_src comp="716" pin="3"/><net_sink comp="2138" pin=0"/></net>

<net id="2142"><net_src comp="2138" pin="1"/><net_sink comp="239" pin=2"/></net>

<net id="2146"><net_src comp="725" pin="3"/><net_sink comp="2143" pin=0"/></net>

<net id="2147"><net_src comp="2143" pin="1"/><net_sink comp="239" pin=0"/></net>

<net id="2151"><net_src comp="734" pin="3"/><net_sink comp="2148" pin=0"/></net>

<net id="2152"><net_src comp="2148" pin="1"/><net_sink comp="220" pin=2"/></net>

<net id="2156"><net_src comp="741" pin="3"/><net_sink comp="2153" pin=0"/></net>

<net id="2157"><net_src comp="2153" pin="1"/><net_sink comp="220" pin=0"/></net>

<net id="2161"><net_src comp="220" pin="7"/><net_sink comp="2158" pin=0"/></net>

<net id="2162"><net_src comp="2158" pin="1"/><net_sink comp="1386" pin=0"/></net>

<net id="2166"><net_src comp="220" pin="3"/><net_sink comp="2163" pin=0"/></net>

<net id="2167"><net_src comp="2163" pin="1"/><net_sink comp="1390" pin=0"/></net>

<net id="2171"><net_src comp="239" pin="7"/><net_sink comp="2168" pin=0"/></net>

<net id="2172"><net_src comp="2168" pin="1"/><net_sink comp="1516" pin=0"/></net>

<net id="2176"><net_src comp="239" pin="3"/><net_sink comp="2173" pin=0"/></net>

<net id="2177"><net_src comp="2173" pin="1"/><net_sink comp="1520" pin=0"/></net>

<net id="2181"><net_src comp="750" pin="3"/><net_sink comp="2178" pin=0"/></net>

<net id="2182"><net_src comp="2178" pin="1"/><net_sink comp="239" pin=2"/></net>

<net id="2186"><net_src comp="759" pin="3"/><net_sink comp="2183" pin=0"/></net>

<net id="2187"><net_src comp="2183" pin="1"/><net_sink comp="239" pin=0"/></net>

<net id="2191"><net_src comp="1274" pin="1"/><net_sink comp="2188" pin=0"/></net>

<net id="2192"><net_src comp="2188" pin="1"/><net_sink comp="768" pin=10"/></net>

<net id="2196"><net_src comp="1278" pin="1"/><net_sink comp="2193" pin=0"/></net>

<net id="2197"><net_src comp="2193" pin="1"/><net_sink comp="768" pin=11"/></net>

<net id="2201"><net_src comp="1282" pin="1"/><net_sink comp="2198" pin=0"/></net>

<net id="2202"><net_src comp="2198" pin="1"/><net_sink comp="768" pin=12"/></net>

<net id="2206"><net_src comp="1286" pin="1"/><net_sink comp="2203" pin=0"/></net>

<net id="2207"><net_src comp="2203" pin="1"/><net_sink comp="768" pin=13"/></net>

<net id="2211"><net_src comp="1290" pin="1"/><net_sink comp="2208" pin=0"/></net>

<net id="2212"><net_src comp="2208" pin="1"/><net_sink comp="768" pin=14"/></net>

<net id="2216"><net_src comp="1294" pin="1"/><net_sink comp="2213" pin=0"/></net>

<net id="2217"><net_src comp="2213" pin="1"/><net_sink comp="768" pin=15"/></net>

<net id="2221"><net_src comp="1298" pin="1"/><net_sink comp="2218" pin=0"/></net>

<net id="2222"><net_src comp="2218" pin="1"/><net_sink comp="768" pin=16"/></net>

<net id="2226"><net_src comp="1302" pin="1"/><net_sink comp="2223" pin=0"/></net>

<net id="2227"><net_src comp="2223" pin="1"/><net_sink comp="768" pin=17"/></net>

<net id="2231"><net_src comp="1306" pin="1"/><net_sink comp="2228" pin=0"/></net>

<net id="2232"><net_src comp="2228" pin="1"/><net_sink comp="768" pin=18"/></net>

<net id="2236"><net_src comp="1310" pin="1"/><net_sink comp="2233" pin=0"/></net>

<net id="2237"><net_src comp="2233" pin="1"/><net_sink comp="768" pin=19"/></net>

<net id="2241"><net_src comp="1314" pin="1"/><net_sink comp="2238" pin=0"/></net>

<net id="2242"><net_src comp="2238" pin="1"/><net_sink comp="768" pin=20"/></net>

<net id="2246"><net_src comp="1318" pin="1"/><net_sink comp="2243" pin=0"/></net>

<net id="2247"><net_src comp="2243" pin="1"/><net_sink comp="768" pin=21"/></net>

<net id="2251"><net_src comp="1322" pin="1"/><net_sink comp="2248" pin=0"/></net>

<net id="2252"><net_src comp="2248" pin="1"/><net_sink comp="768" pin=22"/></net>

<net id="2256"><net_src comp="1326" pin="1"/><net_sink comp="2253" pin=0"/></net>

<net id="2257"><net_src comp="2253" pin="1"/><net_sink comp="768" pin=23"/></net>

<net id="2261"><net_src comp="1330" pin="1"/><net_sink comp="2258" pin=0"/></net>

<net id="2262"><net_src comp="2258" pin="1"/><net_sink comp="768" pin=24"/></net>

<net id="2266"><net_src comp="1334" pin="1"/><net_sink comp="2263" pin=0"/></net>

<net id="2267"><net_src comp="2263" pin="1"/><net_sink comp="768" pin=25"/></net>

<net id="2271"><net_src comp="1338" pin="1"/><net_sink comp="2268" pin=0"/></net>

<net id="2272"><net_src comp="2268" pin="1"/><net_sink comp="768" pin=26"/></net>

<net id="2276"><net_src comp="1342" pin="1"/><net_sink comp="2273" pin=0"/></net>

<net id="2277"><net_src comp="2273" pin="1"/><net_sink comp="768" pin=27"/></net>

<net id="2281"><net_src comp="1346" pin="1"/><net_sink comp="2278" pin=0"/></net>

<net id="2282"><net_src comp="2278" pin="1"/><net_sink comp="768" pin=28"/></net>

<net id="2286"><net_src comp="1350" pin="1"/><net_sink comp="2283" pin=0"/></net>

<net id="2287"><net_src comp="2283" pin="1"/><net_sink comp="768" pin=29"/></net>

<net id="2291"><net_src comp="1354" pin="1"/><net_sink comp="2288" pin=0"/></net>

<net id="2292"><net_src comp="2288" pin="1"/><net_sink comp="768" pin=30"/></net>

<net id="2296"><net_src comp="1358" pin="1"/><net_sink comp="2293" pin=0"/></net>

<net id="2297"><net_src comp="2293" pin="1"/><net_sink comp="768" pin=31"/></net>

<net id="2301"><net_src comp="1362" pin="1"/><net_sink comp="2298" pin=0"/></net>

<net id="2302"><net_src comp="2298" pin="1"/><net_sink comp="768" pin=32"/></net>

<net id="2306"><net_src comp="1366" pin="1"/><net_sink comp="2303" pin=0"/></net>

<net id="2307"><net_src comp="2303" pin="1"/><net_sink comp="768" pin=33"/></net>

<net id="2311"><net_src comp="1370" pin="1"/><net_sink comp="2308" pin=0"/></net>

<net id="2312"><net_src comp="2308" pin="1"/><net_sink comp="768" pin=34"/></net>

<net id="2316"><net_src comp="1374" pin="1"/><net_sink comp="2313" pin=0"/></net>

<net id="2317"><net_src comp="2313" pin="1"/><net_sink comp="768" pin=35"/></net>

<net id="2321"><net_src comp="1378" pin="1"/><net_sink comp="2318" pin=0"/></net>

<net id="2322"><net_src comp="2318" pin="1"/><net_sink comp="768" pin=36"/></net>

<net id="2326"><net_src comp="1382" pin="1"/><net_sink comp="2323" pin=0"/></net>

<net id="2327"><net_src comp="2323" pin="1"/><net_sink comp="768" pin=37"/></net>

<net id="2331"><net_src comp="1386" pin="1"/><net_sink comp="2328" pin=0"/></net>

<net id="2332"><net_src comp="2328" pin="1"/><net_sink comp="768" pin=38"/></net>

<net id="2336"><net_src comp="1390" pin="1"/><net_sink comp="2333" pin=0"/></net>

<net id="2337"><net_src comp="2333" pin="1"/><net_sink comp="768" pin=39"/></net>

<net id="2341"><net_src comp="1394" pin="1"/><net_sink comp="2338" pin=0"/></net>

<net id="2342"><net_src comp="2338" pin="1"/><net_sink comp="768" pin=40"/></net>

<net id="2346"><net_src comp="1399" pin="1"/><net_sink comp="2343" pin=0"/></net>

<net id="2347"><net_src comp="2343" pin="1"/><net_sink comp="768" pin=41"/></net>

<net id="2351"><net_src comp="1404" pin="1"/><net_sink comp="2348" pin=0"/></net>

<net id="2352"><net_src comp="2348" pin="1"/><net_sink comp="768" pin=42"/></net>

<net id="2356"><net_src comp="1408" pin="1"/><net_sink comp="2353" pin=0"/></net>

<net id="2357"><net_src comp="2353" pin="1"/><net_sink comp="768" pin=43"/></net>

<net id="2361"><net_src comp="1412" pin="1"/><net_sink comp="2358" pin=0"/></net>

<net id="2362"><net_src comp="2358" pin="1"/><net_sink comp="768" pin=44"/></net>

<net id="2366"><net_src comp="1416" pin="1"/><net_sink comp="2363" pin=0"/></net>

<net id="2367"><net_src comp="2363" pin="1"/><net_sink comp="768" pin=45"/></net>

<net id="2371"><net_src comp="1420" pin="1"/><net_sink comp="2368" pin=0"/></net>

<net id="2372"><net_src comp="2368" pin="1"/><net_sink comp="768" pin=46"/></net>

<net id="2376"><net_src comp="1424" pin="1"/><net_sink comp="2373" pin=0"/></net>

<net id="2377"><net_src comp="2373" pin="1"/><net_sink comp="768" pin=47"/></net>

<net id="2381"><net_src comp="1428" pin="1"/><net_sink comp="2378" pin=0"/></net>

<net id="2382"><net_src comp="2378" pin="1"/><net_sink comp="768" pin=48"/></net>

<net id="2386"><net_src comp="1432" pin="1"/><net_sink comp="2383" pin=0"/></net>

<net id="2387"><net_src comp="2383" pin="1"/><net_sink comp="768" pin=49"/></net>

<net id="2391"><net_src comp="1436" pin="1"/><net_sink comp="2388" pin=0"/></net>

<net id="2392"><net_src comp="2388" pin="1"/><net_sink comp="768" pin=50"/></net>

<net id="2396"><net_src comp="1440" pin="1"/><net_sink comp="2393" pin=0"/></net>

<net id="2397"><net_src comp="2393" pin="1"/><net_sink comp="768" pin=51"/></net>

<net id="2401"><net_src comp="1444" pin="1"/><net_sink comp="2398" pin=0"/></net>

<net id="2402"><net_src comp="2398" pin="1"/><net_sink comp="768" pin=52"/></net>

<net id="2406"><net_src comp="1448" pin="1"/><net_sink comp="2403" pin=0"/></net>

<net id="2407"><net_src comp="2403" pin="1"/><net_sink comp="768" pin=53"/></net>

<net id="2411"><net_src comp="1452" pin="1"/><net_sink comp="2408" pin=0"/></net>

<net id="2412"><net_src comp="2408" pin="1"/><net_sink comp="768" pin=54"/></net>

<net id="2416"><net_src comp="1456" pin="1"/><net_sink comp="2413" pin=0"/></net>

<net id="2417"><net_src comp="2413" pin="1"/><net_sink comp="768" pin=55"/></net>

<net id="2421"><net_src comp="1460" pin="1"/><net_sink comp="2418" pin=0"/></net>

<net id="2422"><net_src comp="2418" pin="1"/><net_sink comp="768" pin=56"/></net>

<net id="2426"><net_src comp="1464" pin="1"/><net_sink comp="2423" pin=0"/></net>

<net id="2427"><net_src comp="2423" pin="1"/><net_sink comp="768" pin=57"/></net>

<net id="2431"><net_src comp="1468" pin="1"/><net_sink comp="2428" pin=0"/></net>

<net id="2432"><net_src comp="2428" pin="1"/><net_sink comp="768" pin=58"/></net>

<net id="2436"><net_src comp="1472" pin="1"/><net_sink comp="2433" pin=0"/></net>

<net id="2437"><net_src comp="2433" pin="1"/><net_sink comp="768" pin=59"/></net>

<net id="2441"><net_src comp="1476" pin="1"/><net_sink comp="2438" pin=0"/></net>

<net id="2442"><net_src comp="2438" pin="1"/><net_sink comp="768" pin=60"/></net>

<net id="2446"><net_src comp="1480" pin="1"/><net_sink comp="2443" pin=0"/></net>

<net id="2447"><net_src comp="2443" pin="1"/><net_sink comp="768" pin=61"/></net>

<net id="2451"><net_src comp="1484" pin="1"/><net_sink comp="2448" pin=0"/></net>

<net id="2452"><net_src comp="2448" pin="1"/><net_sink comp="768" pin=62"/></net>

<net id="2456"><net_src comp="1488" pin="1"/><net_sink comp="2453" pin=0"/></net>

<net id="2457"><net_src comp="2453" pin="1"/><net_sink comp="768" pin=63"/></net>

<net id="2461"><net_src comp="1492" pin="1"/><net_sink comp="2458" pin=0"/></net>

<net id="2462"><net_src comp="2458" pin="1"/><net_sink comp="768" pin=64"/></net>

<net id="2466"><net_src comp="1496" pin="1"/><net_sink comp="2463" pin=0"/></net>

<net id="2467"><net_src comp="2463" pin="1"/><net_sink comp="768" pin=65"/></net>

<net id="2471"><net_src comp="1500" pin="1"/><net_sink comp="2468" pin=0"/></net>

<net id="2472"><net_src comp="2468" pin="1"/><net_sink comp="768" pin=66"/></net>

<net id="2476"><net_src comp="1504" pin="1"/><net_sink comp="2473" pin=0"/></net>

<net id="2477"><net_src comp="2473" pin="1"/><net_sink comp="768" pin=67"/></net>

<net id="2481"><net_src comp="1508" pin="1"/><net_sink comp="2478" pin=0"/></net>

<net id="2482"><net_src comp="2478" pin="1"/><net_sink comp="768" pin=68"/></net>

<net id="2486"><net_src comp="1512" pin="1"/><net_sink comp="2483" pin=0"/></net>

<net id="2487"><net_src comp="2483" pin="1"/><net_sink comp="768" pin=69"/></net>

<net id="2491"><net_src comp="1516" pin="1"/><net_sink comp="2488" pin=0"/></net>

<net id="2492"><net_src comp="2488" pin="1"/><net_sink comp="768" pin=70"/></net>

<net id="2496"><net_src comp="1520" pin="1"/><net_sink comp="2493" pin=0"/></net>

<net id="2497"><net_src comp="2493" pin="1"/><net_sink comp="768" pin=71"/></net>

<net id="2501"><net_src comp="1524" pin="1"/><net_sink comp="2498" pin=0"/></net>

<net id="2502"><net_src comp="2498" pin="1"/><net_sink comp="768" pin=72"/></net>

<net id="2506"><net_src comp="1529" pin="1"/><net_sink comp="2503" pin=0"/></net>

<net id="2507"><net_src comp="2503" pin="1"/><net_sink comp="768" pin=73"/></net>

</net_list>

</model> 
---------------- Datapath Model END ------------------

* FSMD analyzer results:
  - Output states:
	Port: h | {19 20 }
	Port: c | {19 20 }
 - Input state : 
	Port: LSTM_step : W_f | {17 18 }
	Port: LSTM_step : U_f | {17 18 }
	Port: LSTM_step : b_f | {17 18 }
	Port: LSTM_step : W_i | {17 18 }
	Port: LSTM_step : U_i | {17 18 }
	Port: LSTM_step : b_i | {17 18 }
	Port: LSTM_step : W_g | {17 18 }
	Port: LSTM_step : U_g | {17 18 }
	Port: LSTM_step : b_g | {17 18 }
	Port: LSTM_step : W_o | {17 18 }
	Port: LSTM_step : U_o | {17 18 }
	Port: LSTM_step : b_o | {17 18 }
	Port: LSTM_step : x | {1 2 3 4 5 6 7 8 9 10 11 12 13 14 15 16 17 }
	Port: LSTM_step : x1 | {1 }
	Port: LSTM_step : h | {1 2 3 4 5 6 7 8 9 10 11 12 13 14 15 16 17 }
	Port: LSTM_step : c | {19 20 }
	Port: LSTM_step : table_exp_Z1_ap_ufixed_58_1_ap_q_mode_5_ap_o_mode_3_0_array | {17 18 19 20 }
	Port: LSTM_step : table_f_Z3_ap_ufixed_59_0_ap_q_mode_5_ap_o_mode_3_0_array | {17 18 19 20 }
	Port: LSTM_step : table_f_Z2_ap_ufixed_59_0_ap_q_mode_5_ap_o_mode_3_0_array | {17 18 19 20 }
  - Chain level:
	State 1
		tmp_13_cast : 1
		x_addr : 2
		tmp_14_cast : 1
		x_addr_1 : 2
		x_load : 3
		x_load_1 : 3
		h_load : 1
		h_load_1 : 1
	State 2
		tmp_15_cast : 1
		x_addr_2 : 2
		tmp_16_cast : 1
		x_addr_3 : 2
		x_load_2 : 3
		x_load_3 : 3
		h_load_2 : 1
		h_load_3 : 1
	State 3
		tmp_17_cast : 1
		x_addr_4 : 2
		tmp_18_cast : 1
		x_addr_5 : 2
		x_load_4 : 3
		x_load_5 : 3
		h_load_4 : 1
		h_load_5 : 1
	State 4
		tmp_19_cast : 1
		x_addr_6 : 2
		tmp_20_cast : 1
		x_addr_7 : 2
		x_load_6 : 3
		x_load_7 : 3
		h_load_6 : 1
		h_load_7 : 1
	State 5
		tmp_21_cast : 1
		x_addr_8 : 2
		tmp_22_cast : 1
		x_addr_9 : 2
		x_load_8 : 3
		x_load_9 : 3
		h_load_8 : 1
		h_load_9 : 1
	State 6
		tmp_23_cast : 1
		x_addr_10 : 2
		tmp_24_cast : 1
		x_addr_11 : 2
		x_load_10 : 3
		x_load_11 : 3
		h_load_10 : 1
		h_load_11 : 1
	State 7
		tmp_25_cast : 1
		x_addr_12 : 2
		tmp_26_cast : 1
		x_addr_13 : 2
		x_load_12 : 3
		x_load_13 : 3
		h_load_12 : 1
		h_load_13 : 1
	State 8
		tmp_27_cast : 1
		x_addr_14 : 2
		tmp_28_cast : 1
		x_addr_15 : 2
		x_load_14 : 3
		x_load_15 : 3
		h_load_14 : 1
		h_load_15 : 1
	State 9
		tmp_29_cast : 1
		x_addr_16 : 2
		tmp_30_cast : 1
		x_addr_17 : 2
		x_load_16 : 3
		x_load_17 : 3
		h_load_16 : 1
		h_load_17 : 1
	State 10
		tmp_31_cast : 1
		x_addr_18 : 2
		tmp_32_cast : 1
		x_addr_19 : 2
		x_load_18 : 3
		x_load_19 : 3
		h_load_18 : 1
		h_load_19 : 1
	State 11
		tmp_33_cast : 1
		x_addr_20 : 2
		tmp_34_cast : 1
		x_addr_21 : 2
		x_load_20 : 3
		x_load_21 : 3
		h_load_20 : 1
		h_load_21 : 1
	State 12
		tmp_35_cast : 1
		x_addr_22 : 2
		tmp_36_cast : 1
		x_addr_23 : 2
		x_load_22 : 3
		x_load_23 : 3
		h_load_22 : 1
		h_load_23 : 1
	State 13
		tmp_37_cast : 1
		x_addr_24 : 2
		tmp_38_cast : 1
		x_addr_25 : 2
		x_load_24 : 3
		x_load_25 : 3
		h_load_24 : 1
		h_load_25 : 1
	State 14
		tmp_39_cast : 1
		x_addr_26 : 2
		tmp_40_cast : 1
		x_addr_27 : 2
		x_load_26 : 3
		x_load_27 : 3
		h_load_26 : 1
		h_load_27 : 1
	State 15
		tmp_41_cast : 1
		x_addr_28 : 2
		tmp_42_cast : 1
		x_addr_29 : 2
		x_load_28 : 3
		x_load_29 : 3
		h_load_28 : 1
		h_load_29 : 1
	State 16
		tmp_43_cast : 1
		x_addr_30 : 2
		tmp_44_cast : 1
		x_addr_31 : 2
		x_load_30 : 3
		x_load_31 : 3
		h_load_30 : 1
		h_load_31 : 1
	State 17
		empty_228 : 1
		empty_229 : 1
		empty_260 : 1
		empty_261 : 1
		call_ln0 : 2
	State 18
	State 19
	State 20


============================================================
+ Verbose Summary: Datapath Resource usage 
============================================================

* Functional unit list:
|----------|--------------------------------------|---------|---------|---------|---------|
| Operation|            Functional Unit           |   DSP   |  Delay  |    FF   |   LUT   |
|----------|--------------------------------------|---------|---------|---------|---------|
|   call   |  grp_LSTM_step_Pipeline_GATES_fu_768 |   134   | 242.783 |  36397  |  26538  |
|          | grp_LSTM_step_Pipeline_UPDATE_fu_870 |    56   | 38.3506 |   6213  |   8010  |
|----------|--------------------------------------|---------|---------|---------|---------|
|   read   |          x1_read_read_fu_200         |    0    |    0    |    0    |    0    |
|----------|--------------------------------------|---------|---------|---------|---------|
|          |             tmp_13_fu_888            |    0    |    0    |    0    |    0    |
|          |             tmp_14_fu_901            |    0    |    0    |    0    |    0    |
|          |             tmp_15_fu_914            |    0    |    0    |    0    |    0    |
|          |             tmp_16_fu_926            |    0    |    0    |    0    |    0    |
|          |             tmp_17_fu_938            |    0    |    0    |    0    |    0    |
|          |             tmp_18_fu_950            |    0    |    0    |    0    |    0    |
|          |             tmp_19_fu_962            |    0    |    0    |    0    |    0    |
|          |             tmp_20_fu_974            |    0    |    0    |    0    |    0    |
|          |             tmp_21_fu_986            |    0    |    0    |    0    |    0    |
|          |             tmp_22_fu_998            |    0    |    0    |    0    |    0    |
|          |            tmp_23_fu_1010            |    0    |    0    |    0    |    0    |
|          |            tmp_24_fu_1022            |    0    |    0    |    0    |    0    |
|          |            tmp_25_fu_1034            |    0    |    0    |    0    |    0    |
|          |            tmp_26_fu_1046            |    0    |    0    |    0    |    0    |
|          |            tmp_27_fu_1058            |    0    |    0    |    0    |    0    |
|bitconcatenate|            tmp_28_fu_1070            |    0    |    0    |    0    |    0    |
|          |            tmp_29_fu_1082            |    0    |    0    |    0    |    0    |
|          |            tmp_30_fu_1094            |    0    |    0    |    0    |    0    |
|          |            tmp_31_fu_1106            |    0    |    0    |    0    |    0    |
|          |            tmp_32_fu_1118            |    0    |    0    |    0    |    0    |
|          |            tmp_33_fu_1130            |    0    |    0    |    0    |    0    |
|          |            tmp_34_fu_1142            |    0    |    0    |    0    |    0    |
|          |            tmp_35_fu_1154            |    0    |    0    |    0    |    0    |
|          |            tmp_36_fu_1166            |    0    |    0    |    0    |    0    |
|          |            tmp_37_fu_1178            |    0    |    0    |    0    |    0    |
|          |            tmp_38_fu_1190            |    0    |    0    |    0    |    0    |
|          |            tmp_39_fu_1202            |    0    |    0    |    0    |    0    |
|          |            tmp_40_fu_1214            |    0    |    0    |    0    |    0    |
|          |            tmp_41_fu_1226            |    0    |    0    |    0    |    0    |
|          |            tmp_42_fu_1238            |    0    |    0    |    0    |    0    |
|          |            tmp_43_fu_1250            |    0    |    0    |    0    |    0    |
|          |            tmp_44_fu_1262            |    0    |    0    |    0    |    0    |
|----------|--------------------------------------|---------|---------|---------|---------|
|          |          tmp_13_cast_fu_896          |    0    |    0    |    0    |    0    |
|          |          tmp_14_cast_fu_909          |    0    |    0    |    0    |    0    |
|          |          tmp_15_cast_fu_921          |    0    |    0    |    0    |    0    |
|          |          tmp_16_cast_fu_933          |    0    |    0    |    0    |    0    |
|          |          tmp_17_cast_fu_945          |    0    |    0    |    0    |    0    |
|          |          tmp_18_cast_fu_957          |    0    |    0    |    0    |    0    |
|          |          tmp_19_cast_fu_969          |    0    |    0    |    0    |    0    |
|          |          tmp_20_cast_fu_981          |    0    |    0    |    0    |    0    |
|          |          tmp_21_cast_fu_993          |    0    |    0    |    0    |    0    |
|          |          tmp_22_cast_fu_1005         |    0    |    0    |    0    |    0    |
|          |          tmp_23_cast_fu_1017         |    0    |    0    |    0    |    0    |
|          |          tmp_24_cast_fu_1029         |    0    |    0    |    0    |    0    |
|          |          tmp_25_cast_fu_1041         |    0    |    0    |    0    |    0    |
|          |          tmp_26_cast_fu_1053         |    0    |    0    |    0    |    0    |
|          |          tmp_27_cast_fu_1065         |    0    |    0    |    0    |    0    |
|   zext   |          tmp_28_cast_fu_1077         |    0    |    0    |    0    |    0    |
|          |          tmp_29_cast_fu_1089         |    0    |    0    |    0    |    0    |
|          |          tmp_30_cast_fu_1101         |    0    |    0    |    0    |    0    |
|          |          tmp_31_cast_fu_1113         |    0    |    0    |    0    |    0    |
|          |          tmp_32_cast_fu_1125         |    0    |    0    |    0    |    0    |
|          |          tmp_33_cast_fu_1137         |    0    |    0    |    0    |    0    |
|          |          tmp_34_cast_fu_1149         |    0    |    0    |    0    |    0    |
|          |          tmp_35_cast_fu_1161         |    0    |    0    |    0    |    0    |
|          |          tmp_36_cast_fu_1173         |    0    |    0    |    0    |    0    |
|          |          tmp_37_cast_fu_1185         |    0    |    0    |    0    |    0    |
|          |          tmp_38_cast_fu_1197         |    0    |    0    |    0    |    0    |
|          |          tmp_39_cast_fu_1209         |    0    |    0    |    0    |    0    |
|          |          tmp_40_cast_fu_1221         |    0    |    0    |    0    |    0    |
|          |          tmp_41_cast_fu_1233         |    0    |    0    |    0    |    0    |
|          |          tmp_42_cast_fu_1245         |    0    |    0    |    0    |    0    |
|          |          tmp_43_cast_fu_1257         |    0    |    0    |    0    |    0    |
|          |          tmp_44_cast_fu_1269         |    0    |    0    |    0    |    0    |
|----------|--------------------------------------|---------|---------|---------|---------|
|   Total  |                                      |   190   | 281.133 |  42610  |  34548  |
|----------|--------------------------------------|---------|---------|---------|---------|

Memories:
+----+--------+--------+--------+--------+
|    |  BRAM  |   FF   |   LUT  |  URAM  |
+----+--------+--------+--------+--------+
|  f |    1   |    0   |    0   |    0   |
|  g |    1   |    0   |    0   |    0   |
|  i |    1   |    0   |    0   |    0   |
|  o |    1   |    0   |    0   |    0   |
+----+--------+--------+--------+--------+
|Total|    4   |    0   |    0   |    0   |
+----+--------+--------+--------+--------+

* Register list:
+------------------+--------+
|                  |   FF   |
+------------------+--------+
|empty_199_reg_2193|   32   |
|empty_200_reg_2198|   32   |
|empty_201_reg_2203|   32   |
|empty_202_reg_2208|   32   |
|empty_203_reg_2213|   32   |
|empty_204_reg_2218|   32   |
|empty_205_reg_2223|   32   |
|empty_206_reg_2228|   32   |
|empty_207_reg_2233|   32   |
|empty_208_reg_2238|   32   |
|empty_209_reg_2243|   32   |
|empty_210_reg_2248|   32   |
|empty_211_reg_2253|   32   |
|empty_212_reg_2258|   32   |
|empty_213_reg_2263|   32   |
|empty_214_reg_2268|   32   |
|empty_215_reg_2273|   32   |
|empty_216_reg_2278|   32   |
|empty_217_reg_2283|   32   |
|empty_218_reg_2288|   32   |
|empty_219_reg_2293|   32   |
|empty_220_reg_2298|   32   |
|empty_221_reg_2303|   32   |
|empty_222_reg_2308|   32   |
|empty_223_reg_2313|   32   |
|empty_224_reg_2318|   32   |
|empty_225_reg_2323|   32   |
|empty_226_reg_2328|   32   |
|empty_227_reg_2333|   32   |
|empty_228_reg_2338|   32   |
|empty_229_reg_2343|   32   |
|empty_230_reg_2348|   32   |
|empty_231_reg_2353|   32   |
|empty_232_reg_2358|   32   |
|empty_233_reg_2363|   32   |
|empty_234_reg_2368|   32   |
|empty_235_reg_2373|   32   |
|empty_236_reg_2378|   32   |
|empty_237_reg_2383|   32   |
|empty_238_reg_2388|   32   |
|empty_239_reg_2393|   32   |
|empty_240_reg_2398|   32   |
|empty_241_reg_2403|   32   |
|empty_242_reg_2408|   32   |
|empty_243_reg_2413|   32   |
|empty_244_reg_2418|   32   |
|empty_245_reg_2423|   32   |
|empty_246_reg_2428|   32   |
|empty_247_reg_2433|   32   |
|empty_248_reg_2438|   32   |
|empty_249_reg_2443|   32   |
|empty_250_reg_2448|   32   |
|empty_251_reg_2453|   32   |
|empty_252_reg_2458|   32   |
|empty_253_reg_2463|   32   |
|empty_254_reg_2468|   32   |
|empty_255_reg_2473|   32   |
|empty_256_reg_2478|   32   |
|empty_257_reg_2483|   32   |
|empty_258_reg_2488|   32   |
|empty_259_reg_2493|   32   |
|empty_260_reg_2498|   32   |
|empty_261_reg_2503|   32   |
|  empty_reg_2188  |   32   |
|h_addr_10_reg_1778|    5   |
|h_addr_11_reg_1783|    5   |
|h_addr_12_reg_1818|    5   |
|h_addr_13_reg_1823|    5   |
|h_addr_14_reg_1858|    5   |
|h_addr_15_reg_1863|    5   |
|h_addr_16_reg_1898|    5   |
|h_addr_17_reg_1903|    5   |
|h_addr_18_reg_1938|    5   |
|h_addr_19_reg_1943|    5   |
| h_addr_1_reg_1583|    5   |
|h_addr_20_reg_1978|    5   |
|h_addr_21_reg_1983|    5   |
|h_addr_22_reg_2018|    5   |
|h_addr_23_reg_2023|    5   |
|h_addr_24_reg_2058|    5   |
|h_addr_25_reg_2063|    5   |
|h_addr_26_reg_2098|    5   |
|h_addr_27_reg_2103|    5   |
|h_addr_28_reg_2138|    5   |
|h_addr_29_reg_2143|    5   |
| h_addr_2_reg_1618|    5   |
|h_addr_30_reg_2178|    5   |
|h_addr_31_reg_2183|    5   |
| h_addr_3_reg_1623|    5   |
| h_addr_4_reg_1658|    5   |
| h_addr_5_reg_1663|    5   |
| h_addr_6_reg_1698|    5   |
| h_addr_7_reg_1703|    5   |
| h_addr_8_reg_1738|    5   |
| h_addr_9_reg_1743|    5   |
|  h_addr_reg_1578 |    5   |
|h_load_10_reg_1808|   32   |
|h_load_11_reg_1813|   32   |
|h_load_12_reg_1848|   32   |
|h_load_13_reg_1853|   32   |
|h_load_14_reg_1888|   32   |
|h_load_15_reg_1893|   32   |
|h_load_16_reg_1928|   32   |
|h_load_17_reg_1933|   32   |
|h_load_18_reg_1968|   32   |
|h_load_19_reg_1973|   32   |
| h_load_1_reg_1613|   32   |
|h_load_20_reg_2008|   32   |
|h_load_21_reg_2013|   32   |
|h_load_22_reg_2048|   32   |
|h_load_23_reg_2053|   32   |
|h_load_24_reg_2088|   32   |
|h_load_25_reg_2093|   32   |
|h_load_26_reg_2128|   32   |
|h_load_27_reg_2133|   32   |
|h_load_28_reg_2168|   32   |
|h_load_29_reg_2173|   32   |
| h_load_2_reg_1648|   32   |
| h_load_3_reg_1653|   32   |
| h_load_4_reg_1688|   32   |
| h_load_5_reg_1693|   32   |
| h_load_6_reg_1728|   32   |
| h_load_7_reg_1733|   32   |
| h_load_8_reg_1768|   32   |
| h_load_9_reg_1773|   32   |
|  h_load_reg_1608 |   32   |
| x1_read_reg_1534 |    3   |
|x_addr_10_reg_1748|    8   |
|x_addr_11_reg_1753|    8   |
|x_addr_12_reg_1788|    8   |
|x_addr_13_reg_1793|    8   |
|x_addr_14_reg_1828|    8   |
|x_addr_15_reg_1833|    8   |
|x_addr_16_reg_1868|    8   |
|x_addr_17_reg_1873|    8   |
|x_addr_18_reg_1908|    8   |
|x_addr_19_reg_1913|    8   |
| x_addr_1_reg_1573|    8   |
|x_addr_20_reg_1948|    8   |
|x_addr_21_reg_1953|    8   |
|x_addr_22_reg_1988|    8   |
|x_addr_23_reg_1993|    8   |
|x_addr_24_reg_2028|    8   |
|x_addr_25_reg_2033|    8   |
|x_addr_26_reg_2068|    8   |
|x_addr_27_reg_2073|    8   |
|x_addr_28_reg_2108|    8   |
|x_addr_29_reg_2113|    8   |
| x_addr_2_reg_1588|    8   |
|x_addr_30_reg_2148|    8   |
|x_addr_31_reg_2153|    8   |
| x_addr_3_reg_1593|    8   |
| x_addr_4_reg_1628|    8   |
| x_addr_5_reg_1633|    8   |
| x_addr_6_reg_1668|    8   |
| x_addr_7_reg_1673|    8   |
| x_addr_8_reg_1708|    8   |
| x_addr_9_reg_1713|    8   |
|  x_addr_reg_1568 |    8   |
|x_load_10_reg_1798|   32   |
|x_load_11_reg_1803|   32   |
|x_load_12_reg_1838|   32   |
|x_load_13_reg_1843|   32   |
|x_load_14_reg_1878|   32   |
|x_load_15_reg_1883|   32   |
|x_load_16_reg_1918|   32   |
|x_load_17_reg_1923|   32   |
|x_load_18_reg_1958|   32   |
|x_load_19_reg_1963|   32   |
| x_load_1_reg_1603|   32   |
|x_load_20_reg_1998|   32   |
|x_load_21_reg_2003|   32   |
|x_load_22_reg_2038|   32   |
|x_load_23_reg_2043|   32   |
|x_load_24_reg_2078|   32   |
|x_load_25_reg_2083|   32   |
|x_load_26_reg_2118|   32   |
|x_load_27_reg_2123|   32   |
|x_load_28_reg_2158|   32   |
|x_load_29_reg_2163|   32   |
| x_load_2_reg_1638|   32   |
| x_load_3_reg_1643|   32   |
| x_load_4_reg_1678|   32   |
| x_load_5_reg_1683|   32   |
| x_load_6_reg_1718|   32   |
| x_load_7_reg_1723|   32   |
| x_load_8_reg_1758|   32   |
| x_load_9_reg_1763|   32   |
|  x_load_reg_1598 |   32   |
+------------------+--------+
|       Total      |  4387  |
+------------------+--------+

* Multiplexer (MUX) list: 
|-------------------------------------|------|------|------|--------||---------||---------||---------|
|                 Comp                |  Pin | Size |  BW  | S x BW ||  Delay  ||    FF   ||   LUT   |
|-------------------------------------|------|------|------|--------||---------||---------||---------|
|          grp_access_fu_220          |  p0  |  32  |   8  |   256  ||    0    ||   142   |
|          grp_access_fu_220          |  p2  |  32  |   0  |    0   ||    0    ||   142   |
|          grp_access_fu_239          |  p0  |  32  |   5  |   160  ||    0    ||   142   |
|          grp_access_fu_239          |  p2  |  32  |   0  |    0   ||    0    ||   142   |
| grp_LSTM_step_Pipeline_GATES_fu_768 |  p10 |   2  |  32  |   64   ||    0    ||    9    |
| grp_LSTM_step_Pipeline_GATES_fu_768 |  p11 |   2  |  32  |   64   ||    0    ||    9    |
| grp_LSTM_step_Pipeline_GATES_fu_768 |  p12 |   2  |  32  |   64   ||    0    ||    9    |
| grp_LSTM_step_Pipeline_GATES_fu_768 |  p13 |   2  |  32  |   64   ||    0    ||    9    |
| grp_LSTM_step_Pipeline_GATES_fu_768 |  p14 |   2  |  32  |   64   ||    0    ||    9    |
| grp_LSTM_step_Pipeline_GATES_fu_768 |  p15 |   2  |  32  |   64   ||    0    ||    9    |
| grp_LSTM_step_Pipeline_GATES_fu_768 |  p16 |   2  |  32  |   64   ||    0    ||    9    |
| grp_LSTM_step_Pipeline_GATES_fu_768 |  p17 |   2  |  32  |   64   ||    0    ||    9    |
| grp_LSTM_step_Pipeline_GATES_fu_768 |  p18 |   2  |  32  |   64   ||    0    ||    9    |
| grp_LSTM_step_Pipeline_GATES_fu_768 |  p19 |   2  |  32  |   64   ||    0    ||    9    |
| grp_LSTM_step_Pipeline_GATES_fu_768 |  p20 |   2  |  32  |   64   ||    0    ||    9    |
| grp_LSTM_step_Pipeline_GATES_fu_768 |  p21 |   2  |  32  |   64   ||    0    ||    9    |
| grp_LSTM_step_Pipeline_GATES_fu_768 |  p22 |   2  |  32  |   64   ||    0    ||    9    |
| grp_LSTM_step_Pipeline_GATES_fu_768 |  p23 |   2  |  32  |   64   ||    0    ||    9    |
| grp_LSTM_step_Pipeline_GATES_fu_768 |  p24 |   2  |  32  |   64   ||    0    ||    9    |
| grp_LSTM_step_Pipeline_GATES_fu_768 |  p25 |   2  |  32  |   64   ||    0    ||    9    |
| grp_LSTM_step_Pipeline_GATES_fu_768 |  p26 |   2  |  32  |   64   ||    0    ||    9    |
| grp_LSTM_step_Pipeline_GATES_fu_768 |  p27 |   2  |  32  |   64   ||    0    ||    9    |
| grp_LSTM_step_Pipeline_GATES_fu_768 |  p28 |   2  |  32  |   64   ||    0    ||    9    |
| grp_LSTM_step_Pipeline_GATES_fu_768 |  p29 |   2  |  32  |   64   ||    0    ||    9    |
| grp_LSTM_step_Pipeline_GATES_fu_768 |  p30 |   2  |  32  |   64   ||    0    ||    9    |
| grp_LSTM_step_Pipeline_GATES_fu_768 |  p31 |   2  |  32  |   64   ||    0    ||    9    |
| grp_LSTM_step_Pipeline_GATES_fu_768 |  p32 |   2  |  32  |   64   ||    0    ||    9    |
| grp_LSTM_step_Pipeline_GATES_fu_768 |  p33 |   2  |  32  |   64   ||    0    ||    9    |
| grp_LSTM_step_Pipeline_GATES_fu_768 |  p34 |   2  |  32  |   64   ||    0    ||    9    |
| grp_LSTM_step_Pipeline_GATES_fu_768 |  p35 |   2  |  32  |   64   ||    0    ||    9    |
| grp_LSTM_step_Pipeline_GATES_fu_768 |  p36 |   2  |  32  |   64   ||    0    ||    9    |
| grp_LSTM_step_Pipeline_GATES_fu_768 |  p37 |   2  |  32  |   64   ||    0    ||    9    |
| grp_LSTM_step_Pipeline_GATES_fu_768 |  p38 |   2  |  32  |   64   ||    0    ||    9    |
| grp_LSTM_step_Pipeline_GATES_fu_768 |  p39 |   2  |  32  |   64   ||    0    ||    9    |
| grp_LSTM_step_Pipeline_GATES_fu_768 |  p40 |   2  |  32  |   64   ||    0    ||    9    |
| grp_LSTM_step_Pipeline_GATES_fu_768 |  p41 |   2  |  32  |   64   ||    0    ||    9    |
| grp_LSTM_step_Pipeline_GATES_fu_768 |  p42 |   2  |  32  |   64   ||    0    ||    9    |
| grp_LSTM_step_Pipeline_GATES_fu_768 |  p43 |   2  |  32  |   64   ||    0    ||    9    |
| grp_LSTM_step_Pipeline_GATES_fu_768 |  p44 |   2  |  32  |   64   ||    0    ||    9    |
| grp_LSTM_step_Pipeline_GATES_fu_768 |  p45 |   2  |  32  |   64   ||    0    ||    9    |
| grp_LSTM_step_Pipeline_GATES_fu_768 |  p46 |   2  |  32  |   64   ||    0    ||    9    |
| grp_LSTM_step_Pipeline_GATES_fu_768 |  p47 |   2  |  32  |   64   ||    0    ||    9    |
| grp_LSTM_step_Pipeline_GATES_fu_768 |  p48 |   2  |  32  |   64   ||    0    ||    9    |
| grp_LSTM_step_Pipeline_GATES_fu_768 |  p49 |   2  |  32  |   64   ||    0    ||    9    |
| grp_LSTM_step_Pipeline_GATES_fu_768 |  p50 |   2  |  32  |   64   ||    0    ||    9    |
| grp_LSTM_step_Pipeline_GATES_fu_768 |  p51 |   2  |  32  |   64   ||    0    ||    9    |
| grp_LSTM_step_Pipeline_GATES_fu_768 |  p52 |   2  |  32  |   64   ||    0    ||    9    |
| grp_LSTM_step_Pipeline_GATES_fu_768 |  p53 |   2  |  32  |   64   ||    0    ||    9    |
| grp_LSTM_step_Pipeline_GATES_fu_768 |  p54 |   2  |  32  |   64   ||    0    ||    9    |
| grp_LSTM_step_Pipeline_GATES_fu_768 |  p55 |   2  |  32  |   64   ||    0    ||    9    |
| grp_LSTM_step_Pipeline_GATES_fu_768 |  p56 |   2  |  32  |   64   ||    0    ||    9    |
| grp_LSTM_step_Pipeline_GATES_fu_768 |  p57 |   2  |  32  |   64   ||    0    ||    9    |
| grp_LSTM_step_Pipeline_GATES_fu_768 |  p58 |   2  |  32  |   64   ||    0    ||    9    |
| grp_LSTM_step_Pipeline_GATES_fu_768 |  p59 |   2  |  32  |   64   ||    0    ||    9    |
| grp_LSTM_step_Pipeline_GATES_fu_768 |  p60 |   2  |  32  |   64   ||    0    ||    9    |
| grp_LSTM_step_Pipeline_GATES_fu_768 |  p61 |   2  |  32  |   64   ||    0    ||    9    |
| grp_LSTM_step_Pipeline_GATES_fu_768 |  p62 |   2  |  32  |   64   ||    0    ||    9    |
| grp_LSTM_step_Pipeline_GATES_fu_768 |  p63 |   2  |  32  |   64   ||    0    ||    9    |
| grp_LSTM_step_Pipeline_GATES_fu_768 |  p64 |   2  |  32  |   64   ||    0    ||    9    |
| grp_LSTM_step_Pipeline_GATES_fu_768 |  p65 |   2  |  32  |   64   ||    0    ||    9    |
| grp_LSTM_step_Pipeline_GATES_fu_768 |  p66 |   2  |  32  |   64   ||    0    ||    9    |
| grp_LSTM_step_Pipeline_GATES_fu_768 |  p67 |   2  |  32  |   64   ||    0    ||    9    |
| grp_LSTM_step_Pipeline_GATES_fu_768 |  p68 |   2  |  32  |   64   ||    0    ||    9    |
| grp_LSTM_step_Pipeline_GATES_fu_768 |  p69 |   2  |  32  |   64   ||    0    ||    9    |
| grp_LSTM_step_Pipeline_GATES_fu_768 |  p70 |   2  |  32  |   64   ||    0    ||    9    |
| grp_LSTM_step_Pipeline_GATES_fu_768 |  p71 |   2  |  32  |   64   ||    0    ||    9    |
| grp_LSTM_step_Pipeline_GATES_fu_768 |  p72 |   2  |  32  |   64   ||    0    ||    9    |
| grp_LSTM_step_Pipeline_GATES_fu_768 |  p73 |   2  |  32  |   64   ||    0    ||    9    |
|-------------------------------------|------|------|------|--------||---------||---------||---------|
|                Total                |      |      |      |  4512  || 114.452 ||    0    ||   1144  |
|-------------------------------------|------|------|------|--------||---------||---------||---------|



* Summary:
+-----------+--------+--------+--------+--------+--------+--------+
|           |  BRAM  |   DSP  |  Delay |   FF   |   LUT  |  URAM  |
+-----------+--------+--------+--------+--------+--------+--------+
|  Function |    -   |   190  |   281  |  42610 |  34548 |    -   |
|   Memory  |    4   |    -   |    -   |    0   |    0   |    0   |
|Multiplexer|    -   |    -   |   114  |    0   |  1144  |    -   |
|  Register |    -   |    -   |    -   |  4387  |    -   |    -   |
+-----------+--------+--------+--------+--------+--------+--------+
|   Total   |    4   |   190  |   395  |  46997 |  35692 |    0   |
+-----------+--------+--------+--------+--------+--------+--------+
