Execute       source -notrace -encoding utf-8 C:/Xilinx/2025.1/Vitis/tps/tcl/tcl8.6/clock.tcl 
Execute         source -encoding utf-8 C:/Xilinx/2025.1/Vitis/tps/tcl/tcl8/8.5/msgcat-1.6.1.tm 
Execute           source C:/Xilinx/2025.1/Vitis/tps/tcl/tcllib2.0/0compatibility/pkgIndex.tcl 
Execute           source C:/Xilinx/2025.1/Vitis/tps/tcl/tcllib2.0/amazon-s3/pkgIndex.tcl 
Execute           source C:/Xilinx/2025.1/Vitis/tps/tcl/tcllib2.0/asn/pkgIndex.tcl 
Execute           source C:/Xilinx/2025.1/Vitis/tps/tcl/tcllib2.0/base32/pkgIndex.tcl 
Execute           source C:/Xilinx/2025.1/Vitis/tps/tcl/tcllib2.0/base64/pkgIndex.tcl 
Execute           source C:/Xilinx/2025.1/Vitis/tps/tcl/tcllib2.0/bee/pkgIndex.tcl 
Execute           source C:/Xilinx/2025.1/Vitis/tps/tcl/tcllib2.0/bench/pkgIndex.tcl 
Execute           source C:/Xilinx/2025.1/Vitis/tps/tcl/tcllib2.0/bibtex/pkgIndex.tcl 
Execute           source C:/Xilinx/2025.1/Vitis/tps/tcl/tcllib2.0/cache/pkgIndex.tcl 
Execute           source C:/Xilinx/2025.1/Vitis/tps/tcl/tcllib2.0/clay/pkgIndex.tcl 
Execute           source C:/Xilinx/2025.1/Vitis/tps/tcl/tcllib2.0/clock/pkgIndex.tcl 
Execute           source C:/Xilinx/2025.1/Vitis/tps/tcl/tcllib2.0/cmdline/pkgIndex.tcl 
Execute           source C:/Xilinx/2025.1/Vitis/tps/tcl/tcllib2.0/comm/pkgIndex.tcl 
Execute           source C:/Xilinx/2025.1/Vitis/tps/tcl/tcllib2.0/control/pkgIndex.tcl 
Execute           source C:/Xilinx/2025.1/Vitis/tps/tcl/tcllib2.0/coroutine/pkgIndex.tcl 
Execute           source C:/Xilinx/2025.1/Vitis/tps/tcl/tcllib2.0/counter/pkgIndex.tcl 
Execute           source C:/Xilinx/2025.1/Vitis/tps/tcl/tcllib2.0/crc/pkgIndex.tcl 
Execute           source C:/Xilinx/2025.1/Vitis/tps/tcl/tcllib2.0/cron/pkgIndex.tcl 
Execute           source C:/Xilinx/2025.1/Vitis/tps/tcl/tcllib2.0/csv/pkgIndex.tcl 
Execute           source C:/Xilinx/2025.1/Vitis/tps/tcl/tcllib2.0/debug/pkgIndex.tcl 
Execute           source C:/Xilinx/2025.1/Vitis/tps/tcl/tcllib2.0/defer/pkgIndex.tcl 
Execute           source C:/Xilinx/2025.1/Vitis/tps/tcl/tcllib2.0/dicttool/pkgIndex.tcl 
Execute           source C:/Xilinx/2025.1/Vitis/tps/tcl/tcllib2.0/dns/pkgIndex.tcl 
Execute           source C:/Xilinx/2025.1/Vitis/tps/tcl/tcllib2.0/docstrip/pkgIndex.tcl 
Execute           source C:/Xilinx/2025.1/Vitis/tps/tcl/tcllib2.0/doctools/pkgIndex.tcl 
Execute           source C:/Xilinx/2025.1/Vitis/tps/tcl/tcllib2.0/doctools2base/pkgIndex.tcl 
Execute           source C:/Xilinx/2025.1/Vitis/tps/tcl/tcllib2.0/doctools2idx/pkgIndex.tcl 
Execute           source C:/Xilinx/2025.1/Vitis/tps/tcl/tcllib2.0/doctools2toc/pkgIndex.tcl 
Execute           source C:/Xilinx/2025.1/Vitis/tps/tcl/tcllib2.0/dtplite/pkgIndex.tcl 
Execute           source C:/Xilinx/2025.1/Vitis/tps/tcl/tcllib2.0/fileutil/pkgIndex.tcl 
Execute           source C:/Xilinx/2025.1/Vitis/tps/tcl/tcllib2.0/ftp/pkgIndex.tcl 
Execute           source C:/Xilinx/2025.1/Vitis/tps/tcl/tcllib2.0/ftpd/pkgIndex.tcl 
Execute           source C:/Xilinx/2025.1/Vitis/tps/tcl/tcllib2.0/fumagic/pkgIndex.tcl 
Execute           source C:/Xilinx/2025.1/Vitis/tps/tcl/tcllib2.0/generator/pkgIndex.tcl 
Execute           source C:/Xilinx/2025.1/Vitis/tps/tcl/tcllib2.0/gpx/pkgIndex.tcl 
Execute           source C:/Xilinx/2025.1/Vitis/tps/tcl/tcllib2.0/grammar_aycock/pkgIndex.tcl 
Execute           source C:/Xilinx/2025.1/Vitis/tps/tcl/tcllib2.0/grammar_fa/pkgIndex.tcl 
Execute           source C:/Xilinx/2025.1/Vitis/tps/tcl/tcllib2.0/grammar_me/pkgIndex.tcl 
Execute           source C:/Xilinx/2025.1/Vitis/tps/tcl/tcllib2.0/grammar_peg/pkgIndex.tcl 
Execute           source C:/Xilinx/2025.1/Vitis/tps/tcl/tcllib2.0/hook/pkgIndex.tcl 
Execute           source C:/Xilinx/2025.1/Vitis/tps/tcl/tcllib2.0/html/pkgIndex.tcl 
Execute           source C:/Xilinx/2025.1/Vitis/tps/tcl/tcllib2.0/htmlparse/pkgIndex.tcl 
Execute           source C:/Xilinx/2025.1/Vitis/tps/tcl/tcllib2.0/http/pkgIndex.tcl 
Execute           source C:/Xilinx/2025.1/Vitis/tps/tcl/tcllib2.0/httpd/pkgIndex.tcl 
Execute           source C:/Xilinx/2025.1/Vitis/tps/tcl/tcllib2.0/httpwget/pkgIndex.tcl 
Execute           source C:/Xilinx/2025.1/Vitis/tps/tcl/tcllib2.0/ident/pkgIndex.tcl 
Execute           source C:/Xilinx/2025.1/Vitis/tps/tcl/tcllib2.0/imap4/pkgIndex.tcl 
Execute           source C:/Xilinx/2025.1/Vitis/tps/tcl/tcllib2.0/inifile/pkgIndex.tcl 
Execute           source C:/Xilinx/2025.1/Vitis/tps/tcl/tcllib2.0/interp/pkgIndex.tcl 
Execute           source C:/Xilinx/2025.1/Vitis/tps/tcl/tcllib2.0/irc/pkgIndex.tcl 
Execute           source C:/Xilinx/2025.1/Vitis/tps/tcl/tcllib2.0/javascript/pkgIndex.tcl 
Execute           source C:/Xilinx/2025.1/Vitis/tps/tcl/tcllib2.0/jpeg/pkgIndex.tcl 
Execute           source C:/Xilinx/2025.1/Vitis/tps/tcl/tcllib2.0/json/pkgIndex.tcl 
Execute           source C:/Xilinx/2025.1/Vitis/tps/tcl/tcllib2.0/lambda/pkgIndex.tcl 
Execute           source C:/Xilinx/2025.1/Vitis/tps/tcl/tcllib2.0/lazyset/pkgIndex.tcl 
Execute           source C:/Xilinx/2025.1/Vitis/tps/tcl/tcllib2.0/ldap/pkgIndex.tcl 
Execute           source C:/Xilinx/2025.1/Vitis/tps/tcl/tcllib2.0/log/pkgIndex.tcl 
Execute           source C:/Xilinx/2025.1/Vitis/tps/tcl/tcllib2.0/map/pkgIndex.tcl 
Execute           source C:/Xilinx/2025.1/Vitis/tps/tcl/tcllib2.0/mapproj/pkgIndex.tcl 
Execute           source C:/Xilinx/2025.1/Vitis/tps/tcl/tcllib2.0/markdown/pkgIndex.tcl 
Execute           source C:/Xilinx/2025.1/Vitis/tps/tcl/tcllib2.0/math/pkgIndex.tcl 
Execute           source C:/Xilinx/2025.1/Vitis/tps/tcl/tcllib2.0/md4/pkgIndex.tcl 
Execute           source C:/Xilinx/2025.1/Vitis/tps/tcl/tcllib2.0/md5/pkgIndex.tcl 
Execute           source C:/Xilinx/2025.1/Vitis/tps/tcl/tcllib2.0/md5crypt/pkgIndex.tcl 
Execute           source C:/Xilinx/2025.1/Vitis/tps/tcl/tcllib2.0/mime/pkgIndex.tcl 
Execute           source C:/Xilinx/2025.1/Vitis/tps/tcl/tcllib2.0/mkdoc/pkgIndex.tcl 
Execute           source C:/Xilinx/2025.1/Vitis/tps/tcl/tcllib2.0/multiplexer/pkgIndex.tcl 
Execute           source C:/Xilinx/2025.1/Vitis/tps/tcl/tcllib2.0/namespacex/pkgIndex.tcl 
Execute           source C:/Xilinx/2025.1/Vitis/tps/tcl/tcllib2.0/ncgi/pkgIndex.tcl 
Execute           source C:/Xilinx/2025.1/Vitis/tps/tcl/tcllib2.0/nettool/pkgIndex.tcl 
Execute           source C:/Xilinx/2025.1/Vitis/tps/tcl/tcllib2.0/nmea/pkgIndex.tcl 
Execute           source C:/Xilinx/2025.1/Vitis/tps/tcl/tcllib2.0/nns/pkgIndex.tcl 
Execute           source C:/Xilinx/2025.1/Vitis/tps/tcl/tcllib2.0/nntp/pkgIndex.tcl 
Execute           source C:/Xilinx/2025.1/Vitis/tps/tcl/tcllib2.0/ntp/pkgIndex.tcl 
Execute           source C:/Xilinx/2025.1/Vitis/tps/tcl/tcllib2.0/oauth/pkgIndex.tcl 
Execute           source C:/Xilinx/2025.1/Vitis/tps/tcl/tcllib2.0/oodialect/pkgIndex.tcl 
Execute           source C:/Xilinx/2025.1/Vitis/tps/tcl/tcllib2.0/oometa/pkgIndex.tcl 
Execute           source C:/Xilinx/2025.1/Vitis/tps/tcl/tcllib2.0/ooutil/pkgIndex.tcl 
Execute           source C:/Xilinx/2025.1/Vitis/tps/tcl/tcllib2.0/otp/pkgIndex.tcl 
Execute           source C:/Xilinx/2025.1/Vitis/tps/tcl/tcllib2.0/page/pkgIndex.tcl 
Execute           source C:/Xilinx/2025.1/Vitis/tps/tcl/tcllib2.0/pluginmgr/pkgIndex.tcl 
Execute           source C:/Xilinx/2025.1/Vitis/tps/tcl/tcllib2.0/png/pkgIndex.tcl 
Execute           source C:/Xilinx/2025.1/Vitis/tps/tcl/tcllib2.0/pop3/pkgIndex.tcl 
Execute           source C:/Xilinx/2025.1/Vitis/tps/tcl/tcllib2.0/pop3d/pkgIndex.tcl 
Execute           source C:/Xilinx/2025.1/Vitis/tps/tcl/tcllib2.0/practcl/pkgIndex.tcl 
Execute           source C:/Xilinx/2025.1/Vitis/tps/tcl/tcllib2.0/processman/pkgIndex.tcl 
Execute           source C:/Xilinx/2025.1/Vitis/tps/tcl/tcllib2.0/profiler/pkgIndex.tcl 
Execute           source C:/Xilinx/2025.1/Vitis/tps/tcl/tcllib2.0/pt/pkgIndex.tcl 
Execute           source C:/Xilinx/2025.1/Vitis/tps/tcl/tcllib2.0/rcs/pkgIndex.tcl 
Execute           source C:/Xilinx/2025.1/Vitis/tps/tcl/tcllib2.0/report/pkgIndex.tcl 
Execute           source C:/Xilinx/2025.1/Vitis/tps/tcl/tcllib2.0/rest/pkgIndex.tcl 
Execute           source C:/Xilinx/2025.1/Vitis/tps/tcl/tcllib2.0/ripemd/pkgIndex.tcl 
Execute           source C:/Xilinx/2025.1/Vitis/tps/tcl/tcllib2.0/sasl/pkgIndex.tcl 
Execute           source C:/Xilinx/2025.1/Vitis/tps/tcl/tcllib2.0/sha1/pkgIndex.tcl 
Execute           source C:/Xilinx/2025.1/Vitis/tps/tcl/tcllib2.0/simulation/pkgIndex.tcl 
Execute           source C:/Xilinx/2025.1/Vitis/tps/tcl/tcllib2.0/smtpd/pkgIndex.tcl 
Execute           source C:/Xilinx/2025.1/Vitis/tps/tcl/tcllib2.0/snit/pkgIndex.tcl 
Execute           source C:/Xilinx/2025.1/Vitis/tps/tcl/tcllib2.0/soundex/pkgIndex.tcl 
Execute           source C:/Xilinx/2025.1/Vitis/tps/tcl/tcllib2.0/stooop/pkgIndex.tcl 
Execute           source C:/Xilinx/2025.1/Vitis/tps/tcl/tcllib2.0/string/pkgIndex.tcl 
Execute           source C:/Xilinx/2025.1/Vitis/tps/tcl/tcllib2.0/stringprep/pkgIndex.tcl 
Execute           source C:/Xilinx/2025.1/Vitis/tps/tcl/tcllib2.0/struct/pkgIndex.tcl 
Execute           source C:/Xilinx/2025.1/Vitis/tps/tcl/tcllib2.0/tar/pkgIndex.tcl 
Execute           source C:/Xilinx/2025.1/Vitis/tps/tcl/tcllib2.0/tepam/pkgIndex.tcl 
Execute           source C:/Xilinx/2025.1/Vitis/tps/tcl/tcllib2.0/term/pkgIndex.tcl 
Execute           source C:/Xilinx/2025.1/Vitis/tps/tcl/tcllib2.0/textutil/pkgIndex.tcl 
Execute           source C:/Xilinx/2025.1/Vitis/tps/tcl/tcllib2.0/tie/pkgIndex.tcl 
Execute           source C:/Xilinx/2025.1/Vitis/tps/tcl/tcllib2.0/tiff/pkgIndex.tcl 
Execute           source C:/Xilinx/2025.1/Vitis/tps/tcl/tcllib2.0/tool/pkgIndex.tcl 
Execute           source C:/Xilinx/2025.1/Vitis/tps/tcl/tcllib2.0/transfer/pkgIndex.tcl 
Execute           source C:/Xilinx/2025.1/Vitis/tps/tcl/tcllib2.0/treeql/pkgIndex.tcl 
Execute           source C:/Xilinx/2025.1/Vitis/tps/tcl/tcllib2.0/try/pkgIndex.tcl 
Execute           source C:/Xilinx/2025.1/Vitis/tps/tcl/tcllib2.0/udpcluster/pkgIndex.tcl 
Execute           source C:/Xilinx/2025.1/Vitis/tps/tcl/tcllib2.0/uev/pkgIndex.tcl 
Execute           source C:/Xilinx/2025.1/Vitis/tps/tcl/tcllib2.0/units/pkgIndex.tcl 
Execute           source C:/Xilinx/2025.1/Vitis/tps/tcl/tcllib2.0/uri/pkgIndex.tcl 
Execute           source C:/Xilinx/2025.1/Vitis/tps/tcl/tcllib2.0/uuid/pkgIndex.tcl 
Execute           source C:/Xilinx/2025.1/Vitis/tps/tcl/tcllib2.0/valtype/pkgIndex.tcl 
Execute           source C:/Xilinx/2025.1/Vitis/tps/tcl/tcllib2.0/virtchannel_base/pkgIndex.tcl 
Execute           source C:/Xilinx/2025.1/Vitis/tps/tcl/tcllib2.0/virtchannel_core/pkgIndex.tcl 
Execute           source C:/Xilinx/2025.1/Vitis/tps/tcl/tcllib2.0/virtchannel_transform/pkgIndex.tcl 
Execute           source C:/Xilinx/2025.1/Vitis/tps/tcl/tcllib2.0/websocket/pkgIndex.tcl 
Execute           source C:/Xilinx/2025.1/Vitis/tps/tcl/tcllib2.0/wip/pkgIndex.tcl 
Execute           source C:/Xilinx/2025.1/Vitis/tps/tcl/tcllib2.0/yaml/pkgIndex.tcl 
Execute           source C:/Xilinx/2025.1/Vitis/tps/tcl/tcllib2.0/zip/pkgIndex.tcl 
Execute           source C:/Xilinx/2025.1/Vitis/tps/tcl/tcllib2.0/pkgIndex.tcl 
Execute             source C:/Xilinx/2025.1/Vitis/tps/tcl/tcllib2.0/0compatibility/pkgIndex.tcl 
Execute             source C:/Xilinx/2025.1/Vitis/tps/tcl/tcllib2.0/amazon-s3/pkgIndex.tcl 
Execute             source C:/Xilinx/2025.1/Vitis/tps/tcl/tcllib2.0/asn/pkgIndex.tcl 
Execute             source C:/Xilinx/2025.1/Vitis/tps/tcl/tcllib2.0/base32/pkgIndex.tcl 
Execute             source C:/Xilinx/2025.1/Vitis/tps/tcl/tcllib2.0/base64/pkgIndex.tcl 
Execute             source C:/Xilinx/2025.1/Vitis/tps/tcl/tcllib2.0/bee/pkgIndex.tcl 
Execute             source C:/Xilinx/2025.1/Vitis/tps/tcl/tcllib2.0/bench/pkgIndex.tcl 
Execute             source C:/Xilinx/2025.1/Vitis/tps/tcl/tcllib2.0/bibtex/pkgIndex.tcl 
Execute             source C:/Xilinx/2025.1/Vitis/tps/tcl/tcllib2.0/cache/pkgIndex.tcl 
Execute             source C:/Xilinx/2025.1/Vitis/tps/tcl/tcllib2.0/clay/pkgIndex.tcl 
Execute             source C:/Xilinx/2025.1/Vitis/tps/tcl/tcllib2.0/clock/pkgIndex.tcl 
Execute             source C:/Xilinx/2025.1/Vitis/tps/tcl/tcllib2.0/cmdline/pkgIndex.tcl 
Execute             source C:/Xilinx/2025.1/Vitis/tps/tcl/tcllib2.0/comm/pkgIndex.tcl 
Execute             source C:/Xilinx/2025.1/Vitis/tps/tcl/tcllib2.0/control/pkgIndex.tcl 
Execute             source C:/Xilinx/2025.1/Vitis/tps/tcl/tcllib2.0/coroutine/pkgIndex.tcl 
Execute             source C:/Xilinx/2025.1/Vitis/tps/tcl/tcllib2.0/counter/pkgIndex.tcl 
Execute             source C:/Xilinx/2025.1/Vitis/tps/tcl/tcllib2.0/crc/pkgIndex.tcl 
Execute             source C:/Xilinx/2025.1/Vitis/tps/tcl/tcllib2.0/cron/pkgIndex.tcl 
Execute             source C:/Xilinx/2025.1/Vitis/tps/tcl/tcllib2.0/csv/pkgIndex.tcl 
Execute             source C:/Xilinx/2025.1/Vitis/tps/tcl/tcllib2.0/debug/pkgIndex.tcl 
Execute             source C:/Xilinx/2025.1/Vitis/tps/tcl/tcllib2.0/defer/pkgIndex.tcl 
Execute             source C:/Xilinx/2025.1/Vitis/tps/tcl/tcllib2.0/dicttool/pkgIndex.tcl 
Execute             source C:/Xilinx/2025.1/Vitis/tps/tcl/tcllib2.0/dns/pkgIndex.tcl 
Execute             source C:/Xilinx/2025.1/Vitis/tps/tcl/tcllib2.0/docstrip/pkgIndex.tcl 
Execute             source C:/Xilinx/2025.1/Vitis/tps/tcl/tcllib2.0/doctools/pkgIndex.tcl 
Execute             source C:/Xilinx/2025.1/Vitis/tps/tcl/tcllib2.0/doctools2base/pkgIndex.tcl 
Execute             source C:/Xilinx/2025.1/Vitis/tps/tcl/tcllib2.0/doctools2idx/pkgIndex.tcl 
Execute             source C:/Xilinx/2025.1/Vitis/tps/tcl/tcllib2.0/doctools2toc/pkgIndex.tcl 
Execute             source C:/Xilinx/2025.1/Vitis/tps/tcl/tcllib2.0/dtplite/pkgIndex.tcl 
Execute             source C:/Xilinx/2025.1/Vitis/tps/tcl/tcllib2.0/fileutil/pkgIndex.tcl 
Execute             source C:/Xilinx/2025.1/Vitis/tps/tcl/tcllib2.0/ftp/pkgIndex.tcl 
Execute             source C:/Xilinx/2025.1/Vitis/tps/tcl/tcllib2.0/ftpd/pkgIndex.tcl 
Execute             source C:/Xilinx/2025.1/Vitis/tps/tcl/tcllib2.0/fumagic/pkgIndex.tcl 
Execute             source C:/Xilinx/2025.1/Vitis/tps/tcl/tcllib2.0/generator/pkgIndex.tcl 
Execute             source C:/Xilinx/2025.1/Vitis/tps/tcl/tcllib2.0/gpx/pkgIndex.tcl 
Execute             source C:/Xilinx/2025.1/Vitis/tps/tcl/tcllib2.0/grammar_aycock/pkgIndex.tcl 
Execute             source C:/Xilinx/2025.1/Vitis/tps/tcl/tcllib2.0/grammar_fa/pkgIndex.tcl 
Execute             source C:/Xilinx/2025.1/Vitis/tps/tcl/tcllib2.0/grammar_me/pkgIndex.tcl 
Execute             source C:/Xilinx/2025.1/Vitis/tps/tcl/tcllib2.0/grammar_peg/pkgIndex.tcl 
Execute             source C:/Xilinx/2025.1/Vitis/tps/tcl/tcllib2.0/hook/pkgIndex.tcl 
Execute             source C:/Xilinx/2025.1/Vitis/tps/tcl/tcllib2.0/html/pkgIndex.tcl 
Execute             source C:/Xilinx/2025.1/Vitis/tps/tcl/tcllib2.0/htmlparse/pkgIndex.tcl 
Execute             source C:/Xilinx/2025.1/Vitis/tps/tcl/tcllib2.0/http/pkgIndex.tcl 
Execute             source C:/Xilinx/2025.1/Vitis/tps/tcl/tcllib2.0/httpd/pkgIndex.tcl 
Execute             source C:/Xilinx/2025.1/Vitis/tps/tcl/tcllib2.0/httpwget/pkgIndex.tcl 
Execute             source C:/Xilinx/2025.1/Vitis/tps/tcl/tcllib2.0/ident/pkgIndex.tcl 
Execute             source C:/Xilinx/2025.1/Vitis/tps/tcl/tcllib2.0/imap4/pkgIndex.tcl 
Execute             source C:/Xilinx/2025.1/Vitis/tps/tcl/tcllib2.0/inifile/pkgIndex.tcl 
Execute             source C:/Xilinx/2025.1/Vitis/tps/tcl/tcllib2.0/interp/pkgIndex.tcl 
Execute             source C:/Xilinx/2025.1/Vitis/tps/tcl/tcllib2.0/irc/pkgIndex.tcl 
Execute             source C:/Xilinx/2025.1/Vitis/tps/tcl/tcllib2.0/javascript/pkgIndex.tcl 
Execute             source C:/Xilinx/2025.1/Vitis/tps/tcl/tcllib2.0/jpeg/pkgIndex.tcl 
Execute             source C:/Xilinx/2025.1/Vitis/tps/tcl/tcllib2.0/json/pkgIndex.tcl 
Execute             source C:/Xilinx/2025.1/Vitis/tps/tcl/tcllib2.0/lambda/pkgIndex.tcl 
Execute             source C:/Xilinx/2025.1/Vitis/tps/tcl/tcllib2.0/lazyset/pkgIndex.tcl 
Execute             source C:/Xilinx/2025.1/Vitis/tps/tcl/tcllib2.0/ldap/pkgIndex.tcl 
Execute             source C:/Xilinx/2025.1/Vitis/tps/tcl/tcllib2.0/log/pkgIndex.tcl 
Execute             source C:/Xilinx/2025.1/Vitis/tps/tcl/tcllib2.0/map/pkgIndex.tcl 
Execute             source C:/Xilinx/2025.1/Vitis/tps/tcl/tcllib2.0/mapproj/pkgIndex.tcl 
Execute             source C:/Xilinx/2025.1/Vitis/tps/tcl/tcllib2.0/markdown/pkgIndex.tcl 
Execute             source C:/Xilinx/2025.1/Vitis/tps/tcl/tcllib2.0/math/pkgIndex.tcl 
Execute             source C:/Xilinx/2025.1/Vitis/tps/tcl/tcllib2.0/md4/pkgIndex.tcl 
Execute             source C:/Xilinx/2025.1/Vitis/tps/tcl/tcllib2.0/md5/pkgIndex.tcl 
Execute             source C:/Xilinx/2025.1/Vitis/tps/tcl/tcllib2.0/md5crypt/pkgIndex.tcl 
Execute             source C:/Xilinx/2025.1/Vitis/tps/tcl/tcllib2.0/mime/pkgIndex.tcl 
Execute             source C:/Xilinx/2025.1/Vitis/tps/tcl/tcllib2.0/mkdoc/pkgIndex.tcl 
Execute             source C:/Xilinx/2025.1/Vitis/tps/tcl/tcllib2.0/multiplexer/pkgIndex.tcl 
Execute             source C:/Xilinx/2025.1/Vitis/tps/tcl/tcllib2.0/namespacex/pkgIndex.tcl 
Execute             source C:/Xilinx/2025.1/Vitis/tps/tcl/tcllib2.0/ncgi/pkgIndex.tcl 
Execute             source C:/Xilinx/2025.1/Vitis/tps/tcl/tcllib2.0/nettool/pkgIndex.tcl 
Execute             source C:/Xilinx/2025.1/Vitis/tps/tcl/tcllib2.0/nmea/pkgIndex.tcl 
Execute             source C:/Xilinx/2025.1/Vitis/tps/tcl/tcllib2.0/nns/pkgIndex.tcl 
Execute             source C:/Xilinx/2025.1/Vitis/tps/tcl/tcllib2.0/nntp/pkgIndex.tcl 
Execute             source C:/Xilinx/2025.1/Vitis/tps/tcl/tcllib2.0/ntp/pkgIndex.tcl 
Execute             source C:/Xilinx/2025.1/Vitis/tps/tcl/tcllib2.0/oauth/pkgIndex.tcl 
Execute             source C:/Xilinx/2025.1/Vitis/tps/tcl/tcllib2.0/oodialect/pkgIndex.tcl 
Execute             source C:/Xilinx/2025.1/Vitis/tps/tcl/tcllib2.0/oometa/pkgIndex.tcl 
Execute             source C:/Xilinx/2025.1/Vitis/tps/tcl/tcllib2.0/ooutil/pkgIndex.tcl 
Execute             source C:/Xilinx/2025.1/Vitis/tps/tcl/tcllib2.0/otp/pkgIndex.tcl 
Execute             source C:/Xilinx/2025.1/Vitis/tps/tcl/tcllib2.0/page/pkgIndex.tcl 
Execute             source C:/Xilinx/2025.1/Vitis/tps/tcl/tcllib2.0/pluginmgr/pkgIndex.tcl 
Execute             source C:/Xilinx/2025.1/Vitis/tps/tcl/tcllib2.0/png/pkgIndex.tcl 
Execute             source C:/Xilinx/2025.1/Vitis/tps/tcl/tcllib2.0/pop3/pkgIndex.tcl 
Execute             source C:/Xilinx/2025.1/Vitis/tps/tcl/tcllib2.0/pop3d/pkgIndex.tcl 
Execute             source C:/Xilinx/2025.1/Vitis/tps/tcl/tcllib2.0/practcl/pkgIndex.tcl 
Execute             source C:/Xilinx/2025.1/Vitis/tps/tcl/tcllib2.0/processman/pkgIndex.tcl 
Execute             source C:/Xilinx/2025.1/Vitis/tps/tcl/tcllib2.0/profiler/pkgIndex.tcl 
Execute             source C:/Xilinx/2025.1/Vitis/tps/tcl/tcllib2.0/pt/pkgIndex.tcl 
Execute             source C:/Xilinx/2025.1/Vitis/tps/tcl/tcllib2.0/rcs/pkgIndex.tcl 
Execute             source C:/Xilinx/2025.1/Vitis/tps/tcl/tcllib2.0/report/pkgIndex.tcl 
Execute             source C:/Xilinx/2025.1/Vitis/tps/tcl/tcllib2.0/rest/pkgIndex.tcl 
Execute             source C:/Xilinx/2025.1/Vitis/tps/tcl/tcllib2.0/ripemd/pkgIndex.tcl 
Execute             source C:/Xilinx/2025.1/Vitis/tps/tcl/tcllib2.0/sasl/pkgIndex.tcl 
Execute             source C:/Xilinx/2025.1/Vitis/tps/tcl/tcllib2.0/sha1/pkgIndex.tcl 
Execute             source C:/Xilinx/2025.1/Vitis/tps/tcl/tcllib2.0/simulation/pkgIndex.tcl 
Execute             source C:/Xilinx/2025.1/Vitis/tps/tcl/tcllib2.0/smtpd/pkgIndex.tcl 
Execute             source C:/Xilinx/2025.1/Vitis/tps/tcl/tcllib2.0/snit/pkgIndex.tcl 
Execute             source C:/Xilinx/2025.1/Vitis/tps/tcl/tcllib2.0/soundex/pkgIndex.tcl 
Execute             source C:/Xilinx/2025.1/Vitis/tps/tcl/tcllib2.0/stooop/pkgIndex.tcl 
Execute             source C:/Xilinx/2025.1/Vitis/tps/tcl/tcllib2.0/string/pkgIndex.tcl 
Execute             source C:/Xilinx/2025.1/Vitis/tps/tcl/tcllib2.0/stringprep/pkgIndex.tcl 
Execute             source C:/Xilinx/2025.1/Vitis/tps/tcl/tcllib2.0/struct/pkgIndex.tcl 
Execute             source C:/Xilinx/2025.1/Vitis/tps/tcl/tcllib2.0/tar/pkgIndex.tcl 
Execute             source C:/Xilinx/2025.1/Vitis/tps/tcl/tcllib2.0/tepam/pkgIndex.tcl 
Execute             source C:/Xilinx/2025.1/Vitis/tps/tcl/tcllib2.0/term/pkgIndex.tcl 
Execute             source C:/Xilinx/2025.1/Vitis/tps/tcl/tcllib2.0/textutil/pkgIndex.tcl 
Execute             source C:/Xilinx/2025.1/Vitis/tps/tcl/tcllib2.0/tie/pkgIndex.tcl 
Execute             source C:/Xilinx/2025.1/Vitis/tps/tcl/tcllib2.0/tiff/pkgIndex.tcl 
Execute             source C:/Xilinx/2025.1/Vitis/tps/tcl/tcllib2.0/tool/pkgIndex.tcl 
Execute             source C:/Xilinx/2025.1/Vitis/tps/tcl/tcllib2.0/transfer/pkgIndex.tcl 
Execute             source C:/Xilinx/2025.1/Vitis/tps/tcl/tcllib2.0/treeql/pkgIndex.tcl 
Execute             source C:/Xilinx/2025.1/Vitis/tps/tcl/tcllib2.0/try/pkgIndex.tcl 
Execute             source C:/Xilinx/2025.1/Vitis/tps/tcl/tcllib2.0/udpcluster/pkgIndex.tcl 
Execute             source C:/Xilinx/2025.1/Vitis/tps/tcl/tcllib2.0/uev/pkgIndex.tcl 
Execute             source C:/Xilinx/2025.1/Vitis/tps/tcl/tcllib2.0/units/pkgIndex.tcl 
Execute             source C:/Xilinx/2025.1/Vitis/tps/tcl/tcllib2.0/uri/pkgIndex.tcl 
Execute             source C:/Xilinx/2025.1/Vitis/tps/tcl/tcllib2.0/uuid/pkgIndex.tcl 
Execute             source C:/Xilinx/2025.1/Vitis/tps/tcl/tcllib2.0/valtype/pkgIndex.tcl 
Execute             source C:/Xilinx/2025.1/Vitis/tps/tcl/tcllib2.0/virtchannel_base/pkgIndex.tcl 
Execute             source C:/Xilinx/2025.1/Vitis/tps/tcl/tcllib2.0/virtchannel_core/pkgIndex.tcl 
Execute             source C:/Xilinx/2025.1/Vitis/tps/tcl/tcllib2.0/virtchannel_transform/pkgIndex.tcl 
Execute             source C:/Xilinx/2025.1/Vitis/tps/tcl/tcllib2.0/websocket/pkgIndex.tcl 
Execute             source C:/Xilinx/2025.1/Vitis/tps/tcl/tcllib2.0/wip/pkgIndex.tcl 
Execute             source C:/Xilinx/2025.1/Vitis/tps/tcl/tcllib2.0/yaml/pkgIndex.tcl 
Execute             source C:/Xilinx/2025.1/Vitis/tps/tcl/tcllib2.0/zip/pkgIndex.tcl 
Execute           source C:/Xilinx/2025.1/Vitis/tps/tcl/tdom/pkgIndex.tcl 
Execute           source C:/Xilinx/2025.1/Vitis/tps/tcl/tcl8.6/opt0.4/pkgIndex.tcl 
Execute           source C:/Xilinx/2025.1/Vitis/tps/tcl/tcl8.6/pkgs/win/thread2.8.7/pkgIndex.tcl 
Command         ap_source done; 0.211 sec.
Execute         source C:/Xilinx/2025.1/Vitis/tps/tcl/tcllib2.0/0compatibility/pkgIndex.tcl 
Execute         source C:/Xilinx/2025.1/Vitis/tps/tcl/tcllib2.0/amazon-s3/pkgIndex.tcl 
Execute         source C:/Xilinx/2025.1/Vitis/tps/tcl/tcllib2.0/asn/pkgIndex.tcl 
Execute         source C:/Xilinx/2025.1/Vitis/tps/tcl/tcllib2.0/base32/pkgIndex.tcl 
Execute         source C:/Xilinx/2025.1/Vitis/tps/tcl/tcllib2.0/base64/pkgIndex.tcl 
Execute         source C:/Xilinx/2025.1/Vitis/tps/tcl/tcllib2.0/bee/pkgIndex.tcl 
Execute         source C:/Xilinx/2025.1/Vitis/tps/tcl/tcllib2.0/bench/pkgIndex.tcl 
Execute         source C:/Xilinx/2025.1/Vitis/tps/tcl/tcllib2.0/bibtex/pkgIndex.tcl 
Execute         source C:/Xilinx/2025.1/Vitis/tps/tcl/tcllib2.0/cache/pkgIndex.tcl 
Execute         source C:/Xilinx/2025.1/Vitis/tps/tcl/tcllib2.0/clay/pkgIndex.tcl 
Execute         source C:/Xilinx/2025.1/Vitis/tps/tcl/tcllib2.0/clock/pkgIndex.tcl 
Execute         source C:/Xilinx/2025.1/Vitis/tps/tcl/tcllib2.0/cmdline/pkgIndex.tcl 
Execute         source C:/Xilinx/2025.1/Vitis/tps/tcl/tcllib2.0/comm/pkgIndex.tcl 
Execute         source C:/Xilinx/2025.1/Vitis/tps/tcl/tcllib2.0/control/pkgIndex.tcl 
Execute         source C:/Xilinx/2025.1/Vitis/tps/tcl/tcllib2.0/coroutine/pkgIndex.tcl 
Execute         source C:/Xilinx/2025.1/Vitis/tps/tcl/tcllib2.0/counter/pkgIndex.tcl 
Execute         source C:/Xilinx/2025.1/Vitis/tps/tcl/tcllib2.0/crc/pkgIndex.tcl 
Execute         source C:/Xilinx/2025.1/Vitis/tps/tcl/tcllib2.0/cron/pkgIndex.tcl 
Execute         source C:/Xilinx/2025.1/Vitis/tps/tcl/tcllib2.0/csv/pkgIndex.tcl 
Execute         source C:/Xilinx/2025.1/Vitis/tps/tcl/tcllib2.0/debug/pkgIndex.tcl 
Execute         source C:/Xilinx/2025.1/Vitis/tps/tcl/tcllib2.0/defer/pkgIndex.tcl 
Execute         source C:/Xilinx/2025.1/Vitis/tps/tcl/tcllib2.0/dicttool/pkgIndex.tcl 
Execute         source C:/Xilinx/2025.1/Vitis/tps/tcl/tcllib2.0/dns/pkgIndex.tcl 
Execute         source C:/Xilinx/2025.1/Vitis/tps/tcl/tcllib2.0/docstrip/pkgIndex.tcl 
Execute         source C:/Xilinx/2025.1/Vitis/tps/tcl/tcllib2.0/doctools/pkgIndex.tcl 
Execute         source C:/Xilinx/2025.1/Vitis/tps/tcl/tcllib2.0/doctools2base/pkgIndex.tcl 
Execute         source C:/Xilinx/2025.1/Vitis/tps/tcl/tcllib2.0/doctools2idx/pkgIndex.tcl 
Execute         source C:/Xilinx/2025.1/Vitis/tps/tcl/tcllib2.0/doctools2toc/pkgIndex.tcl 
Execute         source C:/Xilinx/2025.1/Vitis/tps/tcl/tcllib2.0/dtplite/pkgIndex.tcl 
Execute         source C:/Xilinx/2025.1/Vitis/tps/tcl/tcllib2.0/fileutil/pkgIndex.tcl 
Execute         source C:/Xilinx/2025.1/Vitis/tps/tcl/tcllib2.0/ftp/pkgIndex.tcl 
Execute         source C:/Xilinx/2025.1/Vitis/tps/tcl/tcllib2.0/ftpd/pkgIndex.tcl 
Execute         source C:/Xilinx/2025.1/Vitis/tps/tcl/tcllib2.0/fumagic/pkgIndex.tcl 
Execute         source C:/Xilinx/2025.1/Vitis/tps/tcl/tcllib2.0/generator/pkgIndex.tcl 
Execute         source C:/Xilinx/2025.1/Vitis/tps/tcl/tcllib2.0/gpx/pkgIndex.tcl 
Execute         source C:/Xilinx/2025.1/Vitis/tps/tcl/tcllib2.0/grammar_aycock/pkgIndex.tcl 
Execute         source C:/Xilinx/2025.1/Vitis/tps/tcl/tcllib2.0/grammar_fa/pkgIndex.tcl 
Execute         source C:/Xilinx/2025.1/Vitis/tps/tcl/tcllib2.0/grammar_me/pkgIndex.tcl 
Execute         source C:/Xilinx/2025.1/Vitis/tps/tcl/tcllib2.0/grammar_peg/pkgIndex.tcl 
Execute         source C:/Xilinx/2025.1/Vitis/tps/tcl/tcllib2.0/hook/pkgIndex.tcl 
Execute         source C:/Xilinx/2025.1/Vitis/tps/tcl/tcllib2.0/html/pkgIndex.tcl 
Execute         source C:/Xilinx/2025.1/Vitis/tps/tcl/tcllib2.0/htmlparse/pkgIndex.tcl 
Execute         source C:/Xilinx/2025.1/Vitis/tps/tcl/tcllib2.0/http/pkgIndex.tcl 
Execute         source C:/Xilinx/2025.1/Vitis/tps/tcl/tcllib2.0/httpd/pkgIndex.tcl 
Execute         source C:/Xilinx/2025.1/Vitis/tps/tcl/tcllib2.0/httpwget/pkgIndex.tcl 
Execute         source C:/Xilinx/2025.1/Vitis/tps/tcl/tcllib2.0/ident/pkgIndex.tcl 
Execute         source C:/Xilinx/2025.1/Vitis/tps/tcl/tcllib2.0/imap4/pkgIndex.tcl 
Execute         source C:/Xilinx/2025.1/Vitis/tps/tcl/tcllib2.0/inifile/pkgIndex.tcl 
Execute         source C:/Xilinx/2025.1/Vitis/tps/tcl/tcllib2.0/interp/pkgIndex.tcl 
Execute         source C:/Xilinx/2025.1/Vitis/tps/tcl/tcllib2.0/irc/pkgIndex.tcl 
Execute         source C:/Xilinx/2025.1/Vitis/tps/tcl/tcllib2.0/javascript/pkgIndex.tcl 
Execute         source C:/Xilinx/2025.1/Vitis/tps/tcl/tcllib2.0/jpeg/pkgIndex.tcl 
Execute         source C:/Xilinx/2025.1/Vitis/tps/tcl/tcllib2.0/json/pkgIndex.tcl 
Execute         source C:/Xilinx/2025.1/Vitis/tps/tcl/tcllib2.0/lambda/pkgIndex.tcl 
Execute         source C:/Xilinx/2025.1/Vitis/tps/tcl/tcllib2.0/lazyset/pkgIndex.tcl 
Execute         source C:/Xilinx/2025.1/Vitis/tps/tcl/tcllib2.0/ldap/pkgIndex.tcl 
Execute         source C:/Xilinx/2025.1/Vitis/tps/tcl/tcllib2.0/log/pkgIndex.tcl 
Execute         source C:/Xilinx/2025.1/Vitis/tps/tcl/tcllib2.0/map/pkgIndex.tcl 
Execute         source C:/Xilinx/2025.1/Vitis/tps/tcl/tcllib2.0/mapproj/pkgIndex.tcl 
Execute         source C:/Xilinx/2025.1/Vitis/tps/tcl/tcllib2.0/markdown/pkgIndex.tcl 
Execute         source C:/Xilinx/2025.1/Vitis/tps/tcl/tcllib2.0/math/pkgIndex.tcl 
Execute         source C:/Xilinx/2025.1/Vitis/tps/tcl/tcllib2.0/md4/pkgIndex.tcl 
Execute         source C:/Xilinx/2025.1/Vitis/tps/tcl/tcllib2.0/md5/pkgIndex.tcl 
Execute         source C:/Xilinx/2025.1/Vitis/tps/tcl/tcllib2.0/md5crypt/pkgIndex.tcl 
Execute         source C:/Xilinx/2025.1/Vitis/tps/tcl/tcllib2.0/mime/pkgIndex.tcl 
Execute         source C:/Xilinx/2025.1/Vitis/tps/tcl/tcllib2.0/mkdoc/pkgIndex.tcl 
Execute         source C:/Xilinx/2025.1/Vitis/tps/tcl/tcllib2.0/multiplexer/pkgIndex.tcl 
Execute         source C:/Xilinx/2025.1/Vitis/tps/tcl/tcllib2.0/namespacex/pkgIndex.tcl 
Execute         source C:/Xilinx/2025.1/Vitis/tps/tcl/tcllib2.0/ncgi/pkgIndex.tcl 
Execute         source C:/Xilinx/2025.1/Vitis/tps/tcl/tcllib2.0/nettool/pkgIndex.tcl 
Execute         source C:/Xilinx/2025.1/Vitis/tps/tcl/tcllib2.0/nmea/pkgIndex.tcl 
Execute         source C:/Xilinx/2025.1/Vitis/tps/tcl/tcllib2.0/nns/pkgIndex.tcl 
Execute         source C:/Xilinx/2025.1/Vitis/tps/tcl/tcllib2.0/nntp/pkgIndex.tcl 
Execute         source C:/Xilinx/2025.1/Vitis/tps/tcl/tcllib2.0/ntp/pkgIndex.tcl 
Execute         source C:/Xilinx/2025.1/Vitis/tps/tcl/tcllib2.0/oauth/pkgIndex.tcl 
Execute         source C:/Xilinx/2025.1/Vitis/tps/tcl/tcllib2.0/oodialect/pkgIndex.tcl 
Execute         source C:/Xilinx/2025.1/Vitis/tps/tcl/tcllib2.0/oometa/pkgIndex.tcl 
Execute         source C:/Xilinx/2025.1/Vitis/tps/tcl/tcllib2.0/ooutil/pkgIndex.tcl 
Execute         source C:/Xilinx/2025.1/Vitis/tps/tcl/tcllib2.0/otp/pkgIndex.tcl 
Execute         source C:/Xilinx/2025.1/Vitis/tps/tcl/tcllib2.0/page/pkgIndex.tcl 
Execute         source C:/Xilinx/2025.1/Vitis/tps/tcl/tcllib2.0/pluginmgr/pkgIndex.tcl 
Execute         source C:/Xilinx/2025.1/Vitis/tps/tcl/tcllib2.0/png/pkgIndex.tcl 
Execute         source C:/Xilinx/2025.1/Vitis/tps/tcl/tcllib2.0/pop3/pkgIndex.tcl 
Execute         source C:/Xilinx/2025.1/Vitis/tps/tcl/tcllib2.0/pop3d/pkgIndex.tcl 
Execute         source C:/Xilinx/2025.1/Vitis/tps/tcl/tcllib2.0/practcl/pkgIndex.tcl 
Execute         source C:/Xilinx/2025.1/Vitis/tps/tcl/tcllib2.0/processman/pkgIndex.tcl 
Execute         source C:/Xilinx/2025.1/Vitis/tps/tcl/tcllib2.0/profiler/pkgIndex.tcl 
Execute         source C:/Xilinx/2025.1/Vitis/tps/tcl/tcllib2.0/pt/pkgIndex.tcl 
Execute         source C:/Xilinx/2025.1/Vitis/tps/tcl/tcllib2.0/rcs/pkgIndex.tcl 
Execute         source C:/Xilinx/2025.1/Vitis/tps/tcl/tcllib2.0/report/pkgIndex.tcl 
Execute         source C:/Xilinx/2025.1/Vitis/tps/tcl/tcllib2.0/rest/pkgIndex.tcl 
Execute         source C:/Xilinx/2025.1/Vitis/tps/tcl/tcllib2.0/ripemd/pkgIndex.tcl 
Execute         source C:/Xilinx/2025.1/Vitis/tps/tcl/tcllib2.0/sasl/pkgIndex.tcl 
Execute         source C:/Xilinx/2025.1/Vitis/tps/tcl/tcllib2.0/sha1/pkgIndex.tcl 
Execute         source C:/Xilinx/2025.1/Vitis/tps/tcl/tcllib2.0/simulation/pkgIndex.tcl 
Execute         source C:/Xilinx/2025.1/Vitis/tps/tcl/tcllib2.0/smtpd/pkgIndex.tcl 
Execute         source C:/Xilinx/2025.1/Vitis/tps/tcl/tcllib2.0/snit/pkgIndex.tcl 
Execute         source C:/Xilinx/2025.1/Vitis/tps/tcl/tcllib2.0/soundex/pkgIndex.tcl 
Execute         source C:/Xilinx/2025.1/Vitis/tps/tcl/tcllib2.0/stooop/pkgIndex.tcl 
Execute         source C:/Xilinx/2025.1/Vitis/tps/tcl/tcllib2.0/string/pkgIndex.tcl 
Execute         source C:/Xilinx/2025.1/Vitis/tps/tcl/tcllib2.0/stringprep/pkgIndex.tcl 
Execute         source C:/Xilinx/2025.1/Vitis/tps/tcl/tcllib2.0/struct/pkgIndex.tcl 
Execute         source C:/Xilinx/2025.1/Vitis/tps/tcl/tcllib2.0/tar/pkgIndex.tcl 
Execute         source C:/Xilinx/2025.1/Vitis/tps/tcl/tcllib2.0/tepam/pkgIndex.tcl 
Execute         source C:/Xilinx/2025.1/Vitis/tps/tcl/tcllib2.0/term/pkgIndex.tcl 
Execute         source C:/Xilinx/2025.1/Vitis/tps/tcl/tcllib2.0/textutil/pkgIndex.tcl 
Execute         source C:/Xilinx/2025.1/Vitis/tps/tcl/tcllib2.0/tie/pkgIndex.tcl 
Execute         source C:/Xilinx/2025.1/Vitis/tps/tcl/tcllib2.0/tiff/pkgIndex.tcl 
Execute         source C:/Xilinx/2025.1/Vitis/tps/tcl/tcllib2.0/tool/pkgIndex.tcl 
Execute         source C:/Xilinx/2025.1/Vitis/tps/tcl/tcllib2.0/transfer/pkgIndex.tcl 
Execute         source C:/Xilinx/2025.1/Vitis/tps/tcl/tcllib2.0/treeql/pkgIndex.tcl 
Execute         source C:/Xilinx/2025.1/Vitis/tps/tcl/tcllib2.0/try/pkgIndex.tcl 
Execute         source C:/Xilinx/2025.1/Vitis/tps/tcl/tcllib2.0/udpcluster/pkgIndex.tcl 
Execute         source C:/Xilinx/2025.1/Vitis/tps/tcl/tcllib2.0/uev/pkgIndex.tcl 
Execute         source C:/Xilinx/2025.1/Vitis/tps/tcl/tcllib2.0/units/pkgIndex.tcl 
Execute         source C:/Xilinx/2025.1/Vitis/tps/tcl/tcllib2.0/uri/pkgIndex.tcl 
Execute         source C:/Xilinx/2025.1/Vitis/tps/tcl/tcllib2.0/uuid/pkgIndex.tcl 
Execute         source C:/Xilinx/2025.1/Vitis/tps/tcl/tcllib2.0/valtype/pkgIndex.tcl 
Execute         source C:/Xilinx/2025.1/Vitis/tps/tcl/tcllib2.0/virtchannel_base/pkgIndex.tcl 
Execute         source C:/Xilinx/2025.1/Vitis/tps/tcl/tcllib2.0/virtchannel_core/pkgIndex.tcl 
Execute         source C:/Xilinx/2025.1/Vitis/tps/tcl/tcllib2.0/virtchannel_transform/pkgIndex.tcl 
Execute         source C:/Xilinx/2025.1/Vitis/tps/tcl/tcllib2.0/websocket/pkgIndex.tcl 
Execute         source C:/Xilinx/2025.1/Vitis/tps/tcl/tcllib2.0/wip/pkgIndex.tcl 
Execute         source C:/Xilinx/2025.1/Vitis/tps/tcl/tcllib2.0/yaml/pkgIndex.tcl 
Execute         source C:/Xilinx/2025.1/Vitis/tps/tcl/tcllib2.0/zip/pkgIndex.tcl 
Execute         source C:/Xilinx/2025.1/Vitis/tps/tcl/tcllib2.0/pkgIndex.tcl 
Execute           source C:/Xilinx/2025.1/Vitis/tps/tcl/tcllib2.0/0compatibility/pkgIndex.tcl 
Execute           source C:/Xilinx/2025.1/Vitis/tps/tcl/tcllib2.0/amazon-s3/pkgIndex.tcl 
Execute           source C:/Xilinx/2025.1/Vitis/tps/tcl/tcllib2.0/asn/pkgIndex.tcl 
Execute           source C:/Xilinx/2025.1/Vitis/tps/tcl/tcllib2.0/base32/pkgIndex.tcl 
Execute           source C:/Xilinx/2025.1/Vitis/tps/tcl/tcllib2.0/base64/pkgIndex.tcl 
Execute           source C:/Xilinx/2025.1/Vitis/tps/tcl/tcllib2.0/bee/pkgIndex.tcl 
Execute           source C:/Xilinx/2025.1/Vitis/tps/tcl/tcllib2.0/bench/pkgIndex.tcl 
Execute           source C:/Xilinx/2025.1/Vitis/tps/tcl/tcllib2.0/bibtex/pkgIndex.tcl 
Execute           source C:/Xilinx/2025.1/Vitis/tps/tcl/tcllib2.0/cache/pkgIndex.tcl 
Execute           source C:/Xilinx/2025.1/Vitis/tps/tcl/tcllib2.0/clay/pkgIndex.tcl 
Execute           source C:/Xilinx/2025.1/Vitis/tps/tcl/tcllib2.0/clock/pkgIndex.tcl 
Execute           source C:/Xilinx/2025.1/Vitis/tps/tcl/tcllib2.0/cmdline/pkgIndex.tcl 
Execute           source C:/Xilinx/2025.1/Vitis/tps/tcl/tcllib2.0/comm/pkgIndex.tcl 
Execute           source C:/Xilinx/2025.1/Vitis/tps/tcl/tcllib2.0/control/pkgIndex.tcl 
Execute           source C:/Xilinx/2025.1/Vitis/tps/tcl/tcllib2.0/coroutine/pkgIndex.tcl 
Execute           source C:/Xilinx/2025.1/Vitis/tps/tcl/tcllib2.0/counter/pkgIndex.tcl 
Execute           source C:/Xilinx/2025.1/Vitis/tps/tcl/tcllib2.0/crc/pkgIndex.tcl 
Execute           source C:/Xilinx/2025.1/Vitis/tps/tcl/tcllib2.0/cron/pkgIndex.tcl 
Execute           source C:/Xilinx/2025.1/Vitis/tps/tcl/tcllib2.0/csv/pkgIndex.tcl 
Execute           source C:/Xilinx/2025.1/Vitis/tps/tcl/tcllib2.0/debug/pkgIndex.tcl 
Execute           source C:/Xilinx/2025.1/Vitis/tps/tcl/tcllib2.0/defer/pkgIndex.tcl 
Execute           source C:/Xilinx/2025.1/Vitis/tps/tcl/tcllib2.0/dicttool/pkgIndex.tcl 
Execute           source C:/Xilinx/2025.1/Vitis/tps/tcl/tcllib2.0/dns/pkgIndex.tcl 
Execute           source C:/Xilinx/2025.1/Vitis/tps/tcl/tcllib2.0/docstrip/pkgIndex.tcl 
Execute           source C:/Xilinx/2025.1/Vitis/tps/tcl/tcllib2.0/doctools/pkgIndex.tcl 
Execute           source C:/Xilinx/2025.1/Vitis/tps/tcl/tcllib2.0/doctools2base/pkgIndex.tcl 
Execute           source C:/Xilinx/2025.1/Vitis/tps/tcl/tcllib2.0/doctools2idx/pkgIndex.tcl 
Execute           source C:/Xilinx/2025.1/Vitis/tps/tcl/tcllib2.0/doctools2toc/pkgIndex.tcl 
Execute           source C:/Xilinx/2025.1/Vitis/tps/tcl/tcllib2.0/dtplite/pkgIndex.tcl 
Execute           source C:/Xilinx/2025.1/Vitis/tps/tcl/tcllib2.0/fileutil/pkgIndex.tcl 
Execute           source C:/Xilinx/2025.1/Vitis/tps/tcl/tcllib2.0/ftp/pkgIndex.tcl 
Execute           source C:/Xilinx/2025.1/Vitis/tps/tcl/tcllib2.0/ftpd/pkgIndex.tcl 
Execute           source C:/Xilinx/2025.1/Vitis/tps/tcl/tcllib2.0/fumagic/pkgIndex.tcl 
Execute           source C:/Xilinx/2025.1/Vitis/tps/tcl/tcllib2.0/generator/pkgIndex.tcl 
Execute           source C:/Xilinx/2025.1/Vitis/tps/tcl/tcllib2.0/gpx/pkgIndex.tcl 
Execute           source C:/Xilinx/2025.1/Vitis/tps/tcl/tcllib2.0/grammar_aycock/pkgIndex.tcl 
Execute           source C:/Xilinx/2025.1/Vitis/tps/tcl/tcllib2.0/grammar_fa/pkgIndex.tcl 
Execute           source C:/Xilinx/2025.1/Vitis/tps/tcl/tcllib2.0/grammar_me/pkgIndex.tcl 
Execute           source C:/Xilinx/2025.1/Vitis/tps/tcl/tcllib2.0/grammar_peg/pkgIndex.tcl 
Execute           source C:/Xilinx/2025.1/Vitis/tps/tcl/tcllib2.0/hook/pkgIndex.tcl 
Execute           source C:/Xilinx/2025.1/Vitis/tps/tcl/tcllib2.0/html/pkgIndex.tcl 
Execute           source C:/Xilinx/2025.1/Vitis/tps/tcl/tcllib2.0/htmlparse/pkgIndex.tcl 
Execute           source C:/Xilinx/2025.1/Vitis/tps/tcl/tcllib2.0/http/pkgIndex.tcl 
Execute           source C:/Xilinx/2025.1/Vitis/tps/tcl/tcllib2.0/httpd/pkgIndex.tcl 
Execute           source C:/Xilinx/2025.1/Vitis/tps/tcl/tcllib2.0/httpwget/pkgIndex.tcl 
Execute           source C:/Xilinx/2025.1/Vitis/tps/tcl/tcllib2.0/ident/pkgIndex.tcl 
Execute           source C:/Xilinx/2025.1/Vitis/tps/tcl/tcllib2.0/imap4/pkgIndex.tcl 
Execute           source C:/Xilinx/2025.1/Vitis/tps/tcl/tcllib2.0/inifile/pkgIndex.tcl 
Execute           source C:/Xilinx/2025.1/Vitis/tps/tcl/tcllib2.0/interp/pkgIndex.tcl 
Execute           source C:/Xilinx/2025.1/Vitis/tps/tcl/tcllib2.0/irc/pkgIndex.tcl 
Execute           source C:/Xilinx/2025.1/Vitis/tps/tcl/tcllib2.0/javascript/pkgIndex.tcl 
Execute           source C:/Xilinx/2025.1/Vitis/tps/tcl/tcllib2.0/jpeg/pkgIndex.tcl 
Execute           source C:/Xilinx/2025.1/Vitis/tps/tcl/tcllib2.0/json/pkgIndex.tcl 
Execute           source C:/Xilinx/2025.1/Vitis/tps/tcl/tcllib2.0/lambda/pkgIndex.tcl 
Execute           source C:/Xilinx/2025.1/Vitis/tps/tcl/tcllib2.0/lazyset/pkgIndex.tcl 
Execute           source C:/Xilinx/2025.1/Vitis/tps/tcl/tcllib2.0/ldap/pkgIndex.tcl 
Execute           source C:/Xilinx/2025.1/Vitis/tps/tcl/tcllib2.0/log/pkgIndex.tcl 
Execute           source C:/Xilinx/2025.1/Vitis/tps/tcl/tcllib2.0/map/pkgIndex.tcl 
Execute           source C:/Xilinx/2025.1/Vitis/tps/tcl/tcllib2.0/mapproj/pkgIndex.tcl 
Execute           source C:/Xilinx/2025.1/Vitis/tps/tcl/tcllib2.0/markdown/pkgIndex.tcl 
Execute           source C:/Xilinx/2025.1/Vitis/tps/tcl/tcllib2.0/math/pkgIndex.tcl 
Execute           source C:/Xilinx/2025.1/Vitis/tps/tcl/tcllib2.0/md4/pkgIndex.tcl 
Execute           source C:/Xilinx/2025.1/Vitis/tps/tcl/tcllib2.0/md5/pkgIndex.tcl 
Execute           source C:/Xilinx/2025.1/Vitis/tps/tcl/tcllib2.0/md5crypt/pkgIndex.tcl 
Execute           source C:/Xilinx/2025.1/Vitis/tps/tcl/tcllib2.0/mime/pkgIndex.tcl 
Execute           source C:/Xilinx/2025.1/Vitis/tps/tcl/tcllib2.0/mkdoc/pkgIndex.tcl 
Execute           source C:/Xilinx/2025.1/Vitis/tps/tcl/tcllib2.0/multiplexer/pkgIndex.tcl 
Execute           source C:/Xilinx/2025.1/Vitis/tps/tcl/tcllib2.0/namespacex/pkgIndex.tcl 
Execute           source C:/Xilinx/2025.1/Vitis/tps/tcl/tcllib2.0/ncgi/pkgIndex.tcl 
Execute           source C:/Xilinx/2025.1/Vitis/tps/tcl/tcllib2.0/nettool/pkgIndex.tcl 
Execute           source C:/Xilinx/2025.1/Vitis/tps/tcl/tcllib2.0/nmea/pkgIndex.tcl 
Execute           source C:/Xilinx/2025.1/Vitis/tps/tcl/tcllib2.0/nns/pkgIndex.tcl 
Execute           source C:/Xilinx/2025.1/Vitis/tps/tcl/tcllib2.0/nntp/pkgIndex.tcl 
Execute           source C:/Xilinx/2025.1/Vitis/tps/tcl/tcllib2.0/ntp/pkgIndex.tcl 
Execute           source C:/Xilinx/2025.1/Vitis/tps/tcl/tcllib2.0/oauth/pkgIndex.tcl 
Execute           source C:/Xilinx/2025.1/Vitis/tps/tcl/tcllib2.0/oodialect/pkgIndex.tcl 
Execute           source C:/Xilinx/2025.1/Vitis/tps/tcl/tcllib2.0/oometa/pkgIndex.tcl 
Execute           source C:/Xilinx/2025.1/Vitis/tps/tcl/tcllib2.0/ooutil/pkgIndex.tcl 
Execute           source C:/Xilinx/2025.1/Vitis/tps/tcl/tcllib2.0/otp/pkgIndex.tcl 
Execute           source C:/Xilinx/2025.1/Vitis/tps/tcl/tcllib2.0/page/pkgIndex.tcl 
Execute           source C:/Xilinx/2025.1/Vitis/tps/tcl/tcllib2.0/pluginmgr/pkgIndex.tcl 
Execute           source C:/Xilinx/2025.1/Vitis/tps/tcl/tcllib2.0/png/pkgIndex.tcl 
Execute           source C:/Xilinx/2025.1/Vitis/tps/tcl/tcllib2.0/pop3/pkgIndex.tcl 
Execute           source C:/Xilinx/2025.1/Vitis/tps/tcl/tcllib2.0/pop3d/pkgIndex.tcl 
Execute           source C:/Xilinx/2025.1/Vitis/tps/tcl/tcllib2.0/practcl/pkgIndex.tcl 
Execute           source C:/Xilinx/2025.1/Vitis/tps/tcl/tcllib2.0/processman/pkgIndex.tcl 
Execute           source C:/Xilinx/2025.1/Vitis/tps/tcl/tcllib2.0/profiler/pkgIndex.tcl 
Execute           source C:/Xilinx/2025.1/Vitis/tps/tcl/tcllib2.0/pt/pkgIndex.tcl 
Execute           source C:/Xilinx/2025.1/Vitis/tps/tcl/tcllib2.0/rcs/pkgIndex.tcl 
Execute           source C:/Xilinx/2025.1/Vitis/tps/tcl/tcllib2.0/report/pkgIndex.tcl 
Execute           source C:/Xilinx/2025.1/Vitis/tps/tcl/tcllib2.0/rest/pkgIndex.tcl 
Execute           source C:/Xilinx/2025.1/Vitis/tps/tcl/tcllib2.0/ripemd/pkgIndex.tcl 
Execute           source C:/Xilinx/2025.1/Vitis/tps/tcl/tcllib2.0/sasl/pkgIndex.tcl 
Execute           source C:/Xilinx/2025.1/Vitis/tps/tcl/tcllib2.0/sha1/pkgIndex.tcl 
Execute           source C:/Xilinx/2025.1/Vitis/tps/tcl/tcllib2.0/simulation/pkgIndex.tcl 
Execute           source C:/Xilinx/2025.1/Vitis/tps/tcl/tcllib2.0/smtpd/pkgIndex.tcl 
Execute           source C:/Xilinx/2025.1/Vitis/tps/tcl/tcllib2.0/snit/pkgIndex.tcl 
Execute           source C:/Xilinx/2025.1/Vitis/tps/tcl/tcllib2.0/soundex/pkgIndex.tcl 
Execute           source C:/Xilinx/2025.1/Vitis/tps/tcl/tcllib2.0/stooop/pkgIndex.tcl 
Execute           source C:/Xilinx/2025.1/Vitis/tps/tcl/tcllib2.0/string/pkgIndex.tcl 
Execute           source C:/Xilinx/2025.1/Vitis/tps/tcl/tcllib2.0/stringprep/pkgIndex.tcl 
Execute           source C:/Xilinx/2025.1/Vitis/tps/tcl/tcllib2.0/struct/pkgIndex.tcl 
Execute           source C:/Xilinx/2025.1/Vitis/tps/tcl/tcllib2.0/tar/pkgIndex.tcl 
Execute           source C:/Xilinx/2025.1/Vitis/tps/tcl/tcllib2.0/tepam/pkgIndex.tcl 
Execute           source C:/Xilinx/2025.1/Vitis/tps/tcl/tcllib2.0/term/pkgIndex.tcl 
Execute           source C:/Xilinx/2025.1/Vitis/tps/tcl/tcllib2.0/textutil/pkgIndex.tcl 
Execute           source C:/Xilinx/2025.1/Vitis/tps/tcl/tcllib2.0/tie/pkgIndex.tcl 
Execute           source C:/Xilinx/2025.1/Vitis/tps/tcl/tcllib2.0/tiff/pkgIndex.tcl 
Execute           source C:/Xilinx/2025.1/Vitis/tps/tcl/tcllib2.0/tool/pkgIndex.tcl 
Execute           source C:/Xilinx/2025.1/Vitis/tps/tcl/tcllib2.0/transfer/pkgIndex.tcl 
Execute           source C:/Xilinx/2025.1/Vitis/tps/tcl/tcllib2.0/treeql/pkgIndex.tcl 
Execute           source C:/Xilinx/2025.1/Vitis/tps/tcl/tcllib2.0/try/pkgIndex.tcl 
Execute           source C:/Xilinx/2025.1/Vitis/tps/tcl/tcllib2.0/udpcluster/pkgIndex.tcl 
Execute           source C:/Xilinx/2025.1/Vitis/tps/tcl/tcllib2.0/uev/pkgIndex.tcl 
Execute           source C:/Xilinx/2025.1/Vitis/tps/tcl/tcllib2.0/units/pkgIndex.tcl 
Execute           source C:/Xilinx/2025.1/Vitis/tps/tcl/tcllib2.0/uri/pkgIndex.tcl 
Execute           source C:/Xilinx/2025.1/Vitis/tps/tcl/tcllib2.0/uuid/pkgIndex.tcl 
Execute           source C:/Xilinx/2025.1/Vitis/tps/tcl/tcllib2.0/valtype/pkgIndex.tcl 
Execute           source C:/Xilinx/2025.1/Vitis/tps/tcl/tcllib2.0/virtchannel_base/pkgIndex.tcl 
Execute           source C:/Xilinx/2025.1/Vitis/tps/tcl/tcllib2.0/virtchannel_core/pkgIndex.tcl 
Execute           source C:/Xilinx/2025.1/Vitis/tps/tcl/tcllib2.0/virtchannel_transform/pkgIndex.tcl 
Execute           source C:/Xilinx/2025.1/Vitis/tps/tcl/tcllib2.0/websocket/pkgIndex.tcl 
Execute           source C:/Xilinx/2025.1/Vitis/tps/tcl/tcllib2.0/wip/pkgIndex.tcl 
Execute           source C:/Xilinx/2025.1/Vitis/tps/tcl/tcllib2.0/yaml/pkgIndex.tcl 
Execute           source C:/Xilinx/2025.1/Vitis/tps/tcl/tcllib2.0/zip/pkgIndex.tcl 
Execute         source C:/Xilinx/2025.1/Vitis/tps/tcl/tdom/pkgIndex.tcl 
Execute         source C:/Xilinx/2025.1/Vitis/tps/tcl/tcl8.6/opt0.4/pkgIndex.tcl 
Execute         source C:/Xilinx/2025.1/Vitis/tps/tcl/tcl8.6/pkgs/win/thread2.8.7/pkgIndex.tcl 
Command       ap_source done; 0.423 sec.
INFO-FLOW: Workspace C:/Users/cocol/Ruby_Proj/workspace/conv1/conv1/hls opened at Wed Jul 22 22:06:10 -0400 2026
Execute       send_msg_by_id INFO @200-1505@%s%s default  vivado 
INFO: [HLS 200-1505] Using default flow_target 'vivado'
Execute       send_msg_by_id INFO @200-2174@%s%s component C:/Users/cocol/Ruby_Proj/workspace/conv1/hls_config.cfg 
INFO: [HLS 200-2174] Applying component config ini file C:/Users/cocol/Ruby_Proj/workspace/conv1/hls_config.cfg
Execute       apply_ini C:/Users/cocol/Ruby_Proj/workspace/conv1/hls_config.cfg 
Execute         send_msg_by_id INFO @200-1465@%s 'syn.file=conv1.cpp' from C:/Users/cocol/Ruby_Proj/workspace/conv1/hls_config.cfg(7) 
INFO: [HLS 200-1465] Applying config ini 'syn.file=conv1.cpp' from C:/Users/cocol/Ruby_Proj/workspace/conv1/hls_config.cfg(7)
Execute         add_files C:/Users/cocol/Ruby_Proj/workspace/conv1/conv1.cpp 
INFO: [HLS 200-10] Adding design file 'C:/Users/cocol/Ruby_Proj/workspace/conv1/conv1.cpp' to the project
Execute         send_msg_by_id INFO @200-1465@%s 'syn.cflags=-IC:/Users/cocol/Ruby_Proj/workspace/header' from C:/Users/cocol/Ruby_Proj/workspace/conv1/hls_config.cfg(12) 
INFO: [HLS 200-1465] Applying config ini 'syn.cflags=-IC:/Users/cocol/Ruby_Proj/workspace/header' from C:/Users/cocol/Ruby_Proj/workspace/conv1/hls_config.cfg(12)
Execute         add_files * -appendflags -cflags -IC:/Users/cocol/Ruby_Proj/workspace/header 
Execute         send_msg_by_id INFO @200-1465@%s 'syn.csimflags=-IC:\Users\cocol\Ruby_Proj\workspace\header' from C:/Users/cocol/Ruby_Proj/workspace/conv1/hls_config.cfg(13) 
INFO: [HLS 200-1465] Applying config ini 'syn.csimflags=-IC:\Users\cocol\Ruby_Proj\workspace\header' from C:/Users/cocol/Ruby_Proj/workspace/conv1/hls_config.cfg(13)
Execute         add_files * -appendflags -csimflags -IC:\Users\cocol\Ruby_Proj\workspace\header 
Execute         send_msg_by_id INFO @200-1465@%s 'tb.file=conv1TB.cpp' from C:/Users/cocol/Ruby_Proj/workspace/conv1/hls_config.cfg(8) 
INFO: [HLS 200-1465] Applying config ini 'tb.file=conv1TB.cpp' from C:/Users/cocol/Ruby_Proj/workspace/conv1/hls_config.cfg(8)
Execute         add_files -tb C:/Users/cocol/Ruby_Proj/workspace/conv1/conv1TB.cpp 
INFO: [HLS 200-10] Adding test bench file 'C:/Users/cocol/Ruby_Proj/workspace/conv1/conv1TB.cpp' to the project
Execute         send_msg_by_id INFO @200-1465@%s 'tb.file=./conv1_goldens' from C:/Users/cocol/Ruby_Proj/workspace/conv1/hls_config.cfg(9) 
INFO: [HLS 200-1465] Applying config ini 'tb.file=./conv1_goldens' from C:/Users/cocol/Ruby_Proj/workspace/conv1/hls_config.cfg(9)
Execute         add_files -tb C:/Users/cocol/Ruby_Proj/workspace/conv1/conv1_goldens 
INFO: [HLS 200-10] Adding test bench file 'C:/Users/cocol/Ruby_Proj/workspace/conv1/conv1_goldens' to the project
Execute         send_msg_by_id INFO @200-1465@%s 'tb.cflags=-IC:/Users/cocol/Ruby_Proj/workspace/header' from C:/Users/cocol/Ruby_Proj/workspace/conv1/hls_config.cfg(14) 
INFO: [HLS 200-1465] Applying config ini 'tb.cflags=-IC:/Users/cocol/Ruby_Proj/workspace/header' from C:/Users/cocol/Ruby_Proj/workspace/conv1/hls_config.cfg(14)
Execute         add_files -tb * -appendflags -cflags -IC:/Users/cocol/Ruby_Proj/workspace/header 
Execute         send_msg_by_id INFO @200-1465@%s 'syn.top=conv1_1d' from C:/Users/cocol/Ruby_Proj/workspace/conv1/hls_config.cfg(11) 
INFO: [HLS 200-1465] Applying config ini 'syn.top=conv1_1d' from C:/Users/cocol/Ruby_Proj/workspace/conv1/hls_config.cfg(11)
Execute         set_top conv1_1d 
Execute         send_msg_by_id INFO @200-1465@%s 'flow_target=vivado' from C:/Users/cocol/Ruby_Proj/workspace/conv1/hls_config.cfg(4) 
INFO: [HLS 200-1465] Applying config ini 'flow_target=vivado' from C:/Users/cocol/Ruby_Proj/workspace/conv1/hls_config.cfg(4)
Execute         send_msg_by_id INFO @200-1505@%s%s  vivado 
INFO: [HLS 200-1505] Using flow_target 'vivado'
Execute         send_msg_by_id INFO @200-1465@%s 'part=xc7z020clg400-1' from C:/Users/cocol/Ruby_Proj/workspace/conv1/hls_config.cfg(1) 
INFO: [HLS 200-1465] Applying config ini 'part=xc7z020clg400-1' from C:/Users/cocol/Ruby_Proj/workspace/conv1/hls_config.cfg(1)
Execute         set_part xc7z020clg400-1 
Execute           create_platform xc7z020clg400-1 -board  
DBG:HLSDevice: Trying to load device library: C:/Xilinx/2025.1/Vitis\lib\win64.o\xv_hlsvwrap.dll
DBG:HLSDevice: first parts/arch.xml in RDI_DATADIR: C:\Xilinx\2025.1\Vivado/data/parts/arch.xml
DBG:HLSDevice: init success
INFO: [HLS 200-1611] Setting target device to 'xc7z020-clg400-1'
Command           create_platform done; 1.031 sec.
Execute           source C:/Xilinx/2025.1/Vitis/common/technology/xilinx/common/xilinx.gen 
Execute             source C:/Xilinx/2025.1/Vitis/common/technology/xilinx/interface/plb46.gen 
Execute             source C:/Xilinx/2025.1/Vitis/common/technology/xilinx/interface/axi4.gen 
Execute             source C:/Xilinx/2025.1/Vitis/common/technology/xilinx/interface/nativeAXI4.gen 
Execute               source C:/Xilinx/2025.1/Vitis/common/technology/xilinx/interface/saxilite.gen 
Execute             source C:/Xilinx/2025.1/Vitis/common/technology/xilinx/scripts/xilinxcoregen.gen 
Execute             source C:/Xilinx/2025.1/Vitis/common/technology/xilinx/interface/XilEDKCoreGen.gen 
Execute             source C:/Xilinx/2025.1/Vitis/common/technology/xilinx/ip/dds_compiler.gen 
Execute             source C:/Xilinx/2025.1/Vitis/common/technology/xilinx/ip/util.gen 
Execute             source C:/Xilinx/2025.1/Vitis/common/technology/xilinx/ip/xfft.gen 
Execute             source C:/Xilinx/2025.1/Vitis/common/technology/xilinx/ip/xfir.gen 
Execute             source C:/Xilinx/2025.1/Vitis/common/technology/xilinx/DSP48/dsp48.gen 
Execute           ap_part_info -name xc7z020-clg400-1 -data info 
Execute           config_compile -quiet -complex-mul-dsp=0 
Command         set_part done; 1.114 sec.
Execute         send_msg_by_id INFO @200-1465@%s 'clock=12ns' from C:/Users/cocol/Ruby_Proj/workspace/conv1/hls_config.cfg(10) 
INFO: [HLS 200-1465] Applying config ini 'clock=12ns' from C:/Users/cocol/Ruby_Proj/workspace/conv1/hls_config.cfg(10)
Execute         create_clock -period 12ns 
Execute           ap_set_clock -name default -period 12 -unit ns -default=false 
INFO: [SYN 201-201] Setting up clock 'default' with a period of 12ns.
Execute         send_msg_by_id INFO @200-1465@%s 'package.output.format=ip_catalog' from C:/Users/cocol/Ruby_Proj/workspace/conv1/hls_config.cfg(5) 
INFO: [HLS 200-1465] Applying config ini 'package.output.format=ip_catalog' from C:/Users/cocol/Ruby_Proj/workspace/conv1/hls_config.cfg(5)
Execute         config_export -format=ip_catalog 
Command       apply_ini done; 1.172 sec.
Execute       write_component -config C:/Users/cocol/Ruby_Proj/workspace/conv1/hls_config.cfg 
Execute         send_msg_by_id INFO @200-2176@%s C:/Users/cocol/Ruby_Proj/workspace/conv1/conv1/vitis-comp.json 
INFO: [HLS 200-2176] Writing Vitis IDE component file C:/Users/cocol/Ruby_Proj/workspace/conv1/conv1/vitis-comp.json
Command     open_solution done; 1.653 sec.
Command   open_component done; 1.658 sec.
Execute   apply_ini C:/Users/cocol/Ruby_Proj/workspace/conv1/conv1/hls/config.cmdline -iscmdline 
Execute   ::AP::init_summary_file csynth 
Execute     AP::app_get_file_relativeroot [AP::app_get_root] {}
Execute   csynth_design 
Execute     ap_part_info -name xc7z020-clg400-1 -data info 
INFO-FLOW: run_clang exec: C:/Xilinx/2025.1/Vitis/win64/tools/clang-3.9-csynth/bin/xilinx-performance-pragma-detector conv1.cpp -- -fhls -IC:/Users/cocol/Ruby_Proj/workspace/header -D__VITIS_HLS__ -DAESL_SYN -D__SYNTHESIS__ -D__HLS_SYN__ -I C:/Xilinx/2025.1/Vitis/common/technology/autopilot -I C:/Xilinx/2025.1/Vitis/common/technology/autopilot/ap_sysc -include etc/autopilot_ssdm_op.h -D__DSP48E1__ -I /usr/include/x86_64-linux-gnu > C:/Users/cocol/Ruby_Proj/workspace/conv1/conv1/hls/.autopilot/db/conv1.cpp.xilinx-performance-pragma-detector.out.log 2> C:/Users/cocol/Ruby_Proj/workspace/conv1/conv1/hls/.autopilot/db/conv1.cpp.xilinx-performance-pragma-detector.err.log
INFO-FLOW: Running SLX 'csynth' proc: ::SLX::run_csynth
Execute     elaborate -effort=medium -skip_syncheck=0 -keep_printf=0 -skip_cdt=0 -skip_transform=0 -ng=0 -g=0 -from_csynth_design=1 
INFO: [HLS 200-111] Finished File checks and directory preparation: CPU user time: 1 seconds. CPU system time: 2 seconds. Elapsed time: 2.645 seconds; current allocated memory: 170.262 MB.
Execute       set_directive_top conv1_1d -name=conv1_1d 
INFO: [HLS 200-10] Analyzing design file 'conv1.cpp' ... 
INFO-FLOW: Compiling one TU...
INFO-FLOW: Handling conv1.cpp as C++
Execute       ap_part_info -name xc7z020-clg400-1 -data info 
INFO-FLOW: Running: GCC PP 39
INFO-FLOW: Source preprocessing
INFO-FLOW: run_clang exec: C:/Xilinx/2025.1/Vitis/win64/tools/clang-3.9-csynth/bin/clang conv1.cpp -foptimization-record-file=C:/Users/cocol/Ruby_Proj/workspace/conv1/conv1/hls/.autopilot/db/conv1.cpp.clang.diag.yml -mllvm -pass-remarks-missed=reflow|pasta|unroll|inline -mllvm -pass-remarks=reflow|pasta|unroll|inline -fno-limit-debug-info --sysroot C:/Xilinx/2025.1/Vitis/tps/mingw/8.3.0/win64.o/nt -fhls -fno-exceptions -insert-hls-directive=C:/Users/cocol/Ruby_Proj/workspace/conv1/conv1/hls/.autopilot/db/all.directive.json -E -IC:/Users/cocol/Ruby_Proj/workspace/header -fno-math-errno -c -emit-llvm -mllvm -disable-llvm-optzns -Werror=implicit-function-declaration -Werror=implicit-hls-streams -Werror=return-type -Wpragmas -Wunused-parameter -Wdump-hls-pragmas -Wno-error=dump-hls-pragmas -hls-clock-period=12 -fno-threadsafe-statics -fno-use-cxa-atexit -target fpga64-xilinx-mingw32 -fno-threadsafe-statics -fno-use-cxa-atexit -D__VITIS_HLS__ -DAESL_SYN -D__SYNTHESIS__ -D__HLS_SYN__ -I C:/Xilinx/2025.1/Vitis/common/technology/autopilot -I C:/Xilinx/2025.1/Vitis/common/technology/autopilot/ap_sysc -include etc/autopilot_ssdm_op.h -D__DSP48E1__ -I /usr/include/x86_64-linux-gnu -o C:/Users/cocol/Ruby_Proj/workspace/conv1/conv1/hls/.autopilot/db/conv1.pp.0.cpp {-hls-platform-db-name=C:/Xilinx/2025.1/Vitis\common/technology\xilinx/common/platform.db} -hls-platform-name=zynq_slow -device-resource-info=BRAM_280.000000_DSP_220.000000_FF_106400.000000_LUT_53200.000000_SLICE_13300.000000_URAM_0.000000 -device-name-info=xc7z020clg400-1 > C:/Users/cocol/Ruby_Proj/workspace/conv1/conv1/hls/.autopilot/db/conv1.cpp.clang.out.log 2> C:/Users/cocol/Ruby_Proj/workspace/conv1/conv1/hls/.autopilot/db/conv1.cpp.clang.err.log
INFO-FLOW: Done: GCC PP 39 time: 0.3 seconds per iteration
INFO-FLOW: Source syntax check for synthesis
INFO-FLOW: run_clang exec: C:/Xilinx/2025.1/Vitis/win64/tools/clang-3.9-csynth/bin/clang -foptimization-record-file=C:/Users/cocol/Ruby_Proj/workspace/conv1/conv1/hls/.autopilot/db/clang.diag.yml -mllvm -pass-remarks-missed=reflow|pasta|unroll|inline -mllvm -pass-remarks=reflow|pasta|unroll|inline -fsyntax-only -fhls -target fpga64-xilinx-linux-gnu C:/Users/cocol/Ruby_Proj/workspace/conv1/conv1/hls/.autopilot/db/conv1.pp.0.cpp {-hls-platform-db-name=C:/Xilinx/2025.1/Vitis\common/technology\xilinx/common/platform.db} -hls-platform-name=zynq_slow -device-resource-info=BRAM_280.000000_DSP_220.000000_FF_106400.000000_LUT_53200.000000_SLICE_13300.000000_URAM_0.000000 -device-name-info=xc7z020clg400-1 > C:/Users/cocol/Ruby_Proj/workspace/conv1/conv1/hls/.autopilot/db/clang.out.log 2> C:/Users/cocol/Ruby_Proj/workspace/conv1/conv1/hls/.autopilot/db/clang.err.log
Execute       clang_tidy xilinx-systemc-detector -desc systemc-detector C:/Users/cocol/Ruby_Proj/workspace/conv1/conv1/hls/.autopilot/db/conv1.pp.0.cpp  -target fpga  -directive=C:/Users/cocol/Ruby_Proj/workspace/conv1/conv1/hls/.autopilot/db/.systemc_flag 
INFO-FLOW: exec C:/Xilinx/2025.1/Vitis/win64/tools/clang-3.9-csynth/bin/clang-tidy -header-filter=.* --checks=-*,xilinx-systemc-detector -import-directive=C:/Users/cocol/Ruby_Proj/workspace/conv1/conv1/hls/.autopilot/db/.systemc_flag -fix-errors C:/Users/cocol/Ruby_Proj/workspace/conv1/conv1/hls/.autopilot/db/conv1.pp.0.cpp -- - -target fpga -fhls -ferror-limit=0
INFO-FLOW: Running: clang-tidy CDT preprocess 39
Execute       clang_tidy xilinx-directive2pragma -desc directive2pragma C:/Users/cocol/Ruby_Proj/workspace/conv1/conv1/hls/.autopilot/db/conv1.pp.0.cpp  -target fpga  -directive=C:/Users/cocol/Ruby_Proj/workspace/conv1/conv1/hls/.autopilot/db/all.directive.json 
INFO-FLOW: exec C:/Xilinx/2025.1/Vitis/win64/tools/clang-3.9-csynth/bin/clang-tidy -header-filter=.* --checks=-*,xilinx-directive2pragma -import-directive=C:/Users/cocol/Ruby_Proj/workspace/conv1/conv1/hls/.autopilot/db/all.directive.json -fix-errors C:/Users/cocol/Ruby_Proj/workspace/conv1/conv1/hls/.autopilot/db/conv1.pp.0.cpp -- - -target fpga -fhls -ferror-limit=0
Command       clang_tidy done; 0.125 sec.
INFO-FLOW: Done: clang-tidy CDT preprocess 39 time: 0.1 seconds per iteration
INFO-FLOW: Calling xilinx-label-all-loops ... 
INFO-FLOW: Calling xilinx-aggregate-on-hls-vector ... 
Execute       clang_tidy -errorcheck -desc loop-label xilinx-label-all-loops,xilinx-aggregate-on-hls-vector,,xilinx-warn-mayneed-no-ctor-attribute C:/Users/cocol/Ruby_Proj/workspace/conv1/conv1/hls/.autopilot/db/conv1.pp.0.cpp  -target fpga  
INFO-FLOW: run_clang exec: C:/Xilinx/2025.1/Vitis/win64/tools/clang-3.9-csynth/bin/clang-tidy -export-fixes=C:/Users/cocol/Ruby_Proj/workspace/conv1/conv1/hls/.autopilot/db/conv1.pp.0.cpp.clang-tidy.loop-label.diag.yml -header-filter=.* --checks=-*,xilinx-label-all-loops,xilinx-aggregate-on-hls-vector,,xilinx-warn-mayneed-no-ctor-attribute -fix-errors C:/Users/cocol/Ruby_Proj/workspace/conv1/conv1/hls/.autopilot/db/conv1.pp.0.cpp -- - -target fpga -fhls -ferror-limit=0 > C:/Users/cocol/Ruby_Proj/workspace/conv1/conv1/hls/.autopilot/db/conv1.pp.0.cpp.clang-tidy.loop-label.out.log 2> C:/Users/cocol/Ruby_Proj/workspace/conv1/conv1/hls/.autopilot/db/conv1.pp.0.cpp.clang-tidy.loop-label.err.log
Execute         source C:/Xilinx/2025.1/Vitis/tps/tcl/tcllib2.0/yaml/yaml.tcl 
Command       clang_tidy done; 0.195 sec.
INFO-FLOW: run_clang exec: C:/Xilinx/2025.1/Vitis/win64/tools/clang-3.9-csynth/bin/xilinx-dataflow-lawyer -export-fixes=C:/Users/cocol/Ruby_Proj/workspace/conv1/conv1/hls/.autopilot/db/conv1.pp.0.cpp.xilinx-dataflow-lawyer.diag.yml C:/Users/cocol/Ruby_Proj/workspace/conv1/conv1/hls/.autopilot/db/conv1.pp.0.cpp -- - -target fpga -fhls -ferror-limit=0 -fstrict-dataflow > C:/Users/cocol/Ruby_Proj/workspace/conv1/conv1/hls/.autopilot/db/conv1.pp.0.cpp.xilinx-dataflow-lawyer.out.log 2> C:/Users/cocol/Ruby_Proj/workspace/conv1/conv1/hls/.autopilot/db/conv1.pp.0.cpp.xilinx-dataflow-lawyer.err.log
Execute       ap_part_info -name xc7z020-clg400-1 -data info 
INFO-FLOW: compiling source code to llvm bc
INFO-FLOW: run_clang exec: C:/Xilinx/2025.1/Vitis/win64/tools/clang-3.9-csynth/bin/clang -foptimization-record-file=C:/Users/cocol/Ruby_Proj/workspace/conv1/conv1/hls/.autopilot/db/conv1.pp.0.cpp.clang.diag.yml -mllvm -pass-remarks-missed=reflow|pasta|unroll|inline -mllvm -pass-remarks=reflow|pasta|unroll|inline -fno-limit-debug-info -fhls -flto -fno-exceptions -Wno-error=c++11-narrowing -hls-emit-hint-scope C:/Users/cocol/Ruby_Proj/workspace/conv1/conv1/hls/.autopilot/db/conv1.pp.0.cpp -IC:/Users/cocol/Ruby_Proj/workspace/header -fno-math-errno -c -emit-llvm -mllvm -disable-llvm-optzns -Werror=implicit-function-declaration -Werror=implicit-hls-streams -Werror=return-type -Wpragmas -Wunused-parameter -Wdump-hls-pragmas -Wno-error=dump-hls-pragmas -hls-clock-period=12 -fno-threadsafe-statics -fno-use-cxa-atexit -target fpga64-xilinx-linux-gnu -D__VITIS_HLS__ -DAESL_SYN -D__SYNTHESIS__ -D__HLS_SYN__ -I C:/Xilinx/2025.1/Vitis/common/technology/autopilot -I C:/Xilinx/2025.1/Vitis/common/technology/autopilot/ap_sysc -include etc/autopilot_ssdm_op.h -D__DSP48E1__ -g -o C:/Users/cocol/Ruby_Proj/workspace/conv1/conv1/hls/.autopilot/db/conv1.bc {-hls-platform-db-name=C:/Xilinx/2025.1/Vitis\common/technology\xilinx/common/platform.db} -hls-platform-name=zynq_slow -device-resource-info=BRAM_280.000000_DSP_220.000000_FF_106400.000000_LUT_53200.000000_SLICE_13300.000000_URAM_0.000000 -device-name-info=xc7z020clg400-1 > C:/Users/cocol/Ruby_Proj/workspace/conv1/conv1/hls/.autopilot/db/conv1.pp.0.cpp.clang.out.log 2> C:/Users/cocol/Ruby_Proj/workspace/conv1/conv1/hls/.autopilot/db/conv1.pp.0.cpp.clang.err.log
INFO: [HLS 200-111] Finished Source Code Analysis and Preprocessing: CPU user time: 0 seconds. CPU system time: 0 seconds. Elapsed time: 1.521 seconds; current allocated memory: 172.566 MB.
INFO-FLOW: Linking Debug ...
INFO-FLOW: Linking dut bc code.
Execute       run_link_or_opt -out C:/Users/cocol/Ruby_Proj/workspace/conv1/conv1/hls/.autopilot/db/a.g.ld.0.bc -args  "C:/Users/cocol/Ruby_Proj/workspace/conv1/conv1/hls/.autopilot/db/conv1.g.bc"  
INFO-FLOW: run_clang exec: C:/Xilinx/2025.1/Vitis/win64/tools/clang-3.9-csynth/bin/llvm-link C:/Users/cocol/Ruby_Proj/workspace/conv1/conv1/hls/.autopilot/db/conv1.g.bc -o C:/Users/cocol/Ruby_Proj/workspace/conv1/conv1/hls/.autopilot/db/a.g.ld.0.bc > C:/Users/cocol/Ruby_Proj/workspace/conv1/conv1/hls/.autopilot/db/a.g.ld.0.bc.llvm-link.out.log 2> C:/Users/cocol/Ruby_Proj/workspace/conv1/conv1/hls/.autopilot/db/a.g.ld.0.bc.llvm-link.err.log
Execute       run_link_or_opt -opt -out C:/Users/cocol/Ruby_Proj/workspace/conv1/conv1/hls/.autopilot/db/a.g.ld.1.lower.bc -args C:/Users/cocol/Ruby_Proj/workspace/conv1/conv1/hls/.autopilot/db/a.g.ld.0.bc -reflow-lower-math-intrinsics 
INFO-FLOW: run_clang exec: C:/Xilinx/2025.1/Vitis/win64/tools/clang-3.9-csynth/bin/opt -pass-remarks-missed=reflow|pasta|unroll|inline -pass-remarks=reflow|pasta|unroll|inline -pass-remarks-output=C:/Users/cocol/Ruby_Proj/workspace/conv1/conv1/hls/.autopilot/db/a.g.ld.1.lower.bc.opt.diag.yml C:/Users/cocol/Ruby_Proj/workspace/conv1/conv1/hls/.autopilot/db/a.g.ld.0.bc -reflow-lower-math-intrinsics -o C:/Users/cocol/Ruby_Proj/workspace/conv1/conv1/hls/.autopilot/db/a.g.ld.1.lower.bc > C:/Users/cocol/Ruby_Proj/workspace/conv1/conv1/hls/.autopilot/db/a.g.ld.1.lower.bc.opt.out.log 2> C:/Users/cocol/Ruby_Proj/workspace/conv1/conv1/hls/.autopilot/db/a.g.ld.1.lower.bc.opt.err.log
INFO-FLOW: Running: gen_design_size_report post-opt
INFO-FLOW: Done: gen_design_size_report post-opt time: 0 seconds per iteration
INFO-FLOW: Linking math bc lib
Execute       run_link_or_opt -out C:/Users/cocol/Ruby_Proj/workspace/conv1/conv1/hls/.autopilot/db/a.g.ld.2.m1.bc -args C:/Users/cocol/Ruby_Proj/workspace/conv1/conv1/hls/.autopilot/db/a.g.ld.1.lower.bc -only-needed C:/Xilinx/2025.1/Vitis/win64/lib/libhlsm_39.bc C:/Xilinx/2025.1/Vitis/win64/lib/libhlsmc++_39.bc 
INFO-FLOW: run_clang exec: C:/Xilinx/2025.1/Vitis/win64/tools/clang-3.9-csynth/bin/llvm-link C:/Users/cocol/Ruby_Proj/workspace/conv1/conv1/hls/.autopilot/db/a.g.ld.1.lower.bc -only-needed C:/Xilinx/2025.1/Vitis/win64/lib/libhlsm_39.bc C:/Xilinx/2025.1/Vitis/win64/lib/libhlsmc++_39.bc -o C:/Users/cocol/Ruby_Proj/workspace/conv1/conv1/hls/.autopilot/db/a.g.ld.2.m1.bc > C:/Users/cocol/Ruby_Proj/workspace/conv1/conv1/hls/.autopilot/db/a.g.ld.2.m1.bc.llvm-link.out.log 2> C:/Users/cocol/Ruby_Proj/workspace/conv1/conv1/hls/.autopilot/db/a.g.ld.2.m1.bc.llvm-link.err.log
Command       run_link_or_opt done; 2.229 sec.
Execute       run_link_or_opt -opt -out C:/Users/cocol/Ruby_Proj/workspace/conv1/conv1/hls/.autopilot/db/a.g.ld.3.fpc.bc -args C:/Users/cocol/Ruby_Proj/workspace/conv1/conv1/hls/.autopilot/db/a.g.ld.2.m1.bc -reflow-globaldce -hls-top-function-name=conv1_1d -reflow-float-conversion 
INFO-FLOW: run_clang exec: C:/Xilinx/2025.1/Vitis/win64/tools/clang-3.9-csynth/bin/opt -pass-remarks-missed=reflow|pasta|unroll|inline -pass-remarks=reflow|pasta|unroll|inline -pass-remarks-output=C:/Users/cocol/Ruby_Proj/workspace/conv1/conv1/hls/.autopilot/db/a.g.ld.3.fpc.bc.opt.diag.yml C:/Users/cocol/Ruby_Proj/workspace/conv1/conv1/hls/.autopilot/db/a.g.ld.2.m1.bc -reflow-globaldce -hls-top-function-name=conv1_1d -reflow-float-conversion -o C:/Users/cocol/Ruby_Proj/workspace/conv1/conv1/hls/.autopilot/db/a.g.ld.3.fpc.bc > C:/Users/cocol/Ruby_Proj/workspace/conv1/conv1/hls/.autopilot/db/a.g.ld.3.fpc.bc.opt.out.log 2> C:/Users/cocol/Ruby_Proj/workspace/conv1/conv1/hls/.autopilot/db/a.g.ld.3.fpc.bc.opt.err.log
INFO-FLOW: Running: gen_design_size_report post-opt
INFO-FLOW: Done: gen_design_size_report post-opt time: 0 seconds per iteration
Command       run_link_or_opt done; 0.943 sec.
Execute       run_link_or_opt -out C:/Users/cocol/Ruby_Proj/workspace/conv1/conv1/hls/.autopilot/db/a.g.ld.4.m2.bc -args C:/Users/cocol/Ruby_Proj/workspace/conv1/conv1/hls/.autopilot/db/a.g.ld.3.fpc.bc -only-needed C:/Xilinx/2025.1/Vitis/win64/lib/libfloatconversion_39.bc 
INFO-FLOW: run_clang exec: C:/Xilinx/2025.1/Vitis/win64/tools/clang-3.9-csynth/bin/llvm-link C:/Users/cocol/Ruby_Proj/workspace/conv1/conv1/hls/.autopilot/db/a.g.ld.3.fpc.bc -only-needed C:/Xilinx/2025.1/Vitis/win64/lib/libfloatconversion_39.bc -o C:/Users/cocol/Ruby_Proj/workspace/conv1/conv1/hls/.autopilot/db/a.g.ld.4.m2.bc > C:/Users/cocol/Ruby_Proj/workspace/conv1/conv1/hls/.autopilot/db/a.g.ld.4.m2.bc.llvm-link.out.log 2> C:/Users/cocol/Ruby_Proj/workspace/conv1/conv1/hls/.autopilot/db/a.g.ld.4.m2.bc.llvm-link.err.log
Execute       run_link_or_opt -opt -out C:/Users/cocol/Ruby_Proj/workspace/conv1/conv1/hls/.autopilot/db/a.g.ld.5.gdce.bc -args C:/Users/cocol/Ruby_Proj/workspace/conv1/conv1/hls/.autopilot/db/a.g.ld.4.m2.bc -reflow-globaldce -hls-top-function-name=conv1_1d 
INFO-FLOW: run_clang exec: C:/Xilinx/2025.1/Vitis/win64/tools/clang-3.9-csynth/bin/opt -pass-remarks-missed=reflow|pasta|unroll|inline -pass-remarks=reflow|pasta|unroll|inline -pass-remarks-output=C:/Users/cocol/Ruby_Proj/workspace/conv1/conv1/hls/.autopilot/db/a.g.ld.5.gdce.bc.opt.diag.yml C:/Users/cocol/Ruby_Proj/workspace/conv1/conv1/hls/.autopilot/db/a.g.ld.4.m2.bc -reflow-globaldce -hls-top-function-name=conv1_1d -o C:/Users/cocol/Ruby_Proj/workspace/conv1/conv1/hls/.autopilot/db/a.g.ld.5.gdce.bc > C:/Users/cocol/Ruby_Proj/workspace/conv1/conv1/hls/.autopilot/db/a.g.ld.5.gdce.bc.opt.out.log 2> C:/Users/cocol/Ruby_Proj/workspace/conv1/conv1/hls/.autopilot/db/a.g.ld.5.gdce.bc.opt.err.log
INFO-FLOW: Running: gen_design_size_report post-opt
INFO-FLOW: Done: gen_design_size_report post-opt time: 0 seconds per iteration
Execute       send_msg_by_id INFO @200-777@%s Vivado 
INFO: [HLS 200-777] Using interface defaults for 'Vivado' flow target.
Execute       is_m_axi_addr64 
INFO-FLOW: Doing LTO.
INFO-FLOW: run_clang (background poll_ms 5000) exec: C:/Xilinx/2025.1/Vitis/win64/tools/clang-3.9-csynth/bin/clang -foptimization-record-file=C:/Users/cocol/Ruby_Proj/workspace/conv1/conv1/hls/.autopilot/db/a.g.ld.0.bc.clang.reflow.diag.yml -mllvm -pass-remarks-missed=reflow|pasta|unroll|inline -mllvm -pass-remarks=reflow|pasta|unroll|inline -fhls -mllvm -hls-top-function-name=conv1_1d -mllvm -hls-db-dir -mllvm C:/Users/cocol/Ruby_Proj/workspace/conv1/conv1/hls/.autopilot/db -emit-llvm -c -target fpga64-xilinx-none -mllvm -xcl-xmlinfo=C:/Users/cocol/Ruby_Proj/workspace/conv1/conv1/hls/.autopilot/db/kernel.internal.xml -mllvm -top-io-mapping-info=C:/Users/cocol/Ruby_Proj/workspace/conv1/conv1/hls/.autopilot/db/top-io-fe.xml -mllvm -hls-bitcode-version=3.1 -mllvm -reflow-enable-slave-interface-default-setting=true -mllvm -gen-kernel-xml=false -mllvm -default-maxi-offset=slave -mllvm -reflow-unroll-size-threshold=10000 -mllvm -reflow-unroll-cost-threshold=1000000 -mllvm -maxi-latency=0 -mllvm -hls-maxi-data-size-in-bits=8 -mllvm -hls-maxi-max-data-size-in-bits=1024 -mllvm -hls-max-widen-size-in-bits=0 -mllvm -xcl-kernel-max-mem-ports=0 -mllvm -maxi-read-trans=16 -mllvm -maxi-write-trans=16 -mllvm -maxi-read-burst-len=16 -mllvm -maxi-write-burst-len=16 -mllvm -reflow-enable-saxi-64bits=0 -mllvm -reflow-basic-block-instr-threshold=200000 -mllvm -reflow-auto-pipeline-threshold=64 -mllvm -reflow-enable-maxi-auto-id-channel=0 -mllvm -reflow-bdd-simplify-threshold=1048576 -mllvm -reflow-fanout-threshold=16 -mllvm -reflow-force-aggressive-unroll=0 -mllvm -reflow-aggressive-unroll-adjust-factor=1.000000 -mllvm -reflow-complete-threshold=4 -mllvm -reflow-array-promotion-threshold=64 -mllvm -reflow-enable-critical-path-for-performance=1 -mllvm -assume-maxi-align=1 -mllvm -reflow-enable-dataflow-strict-mode-checking=1 -ftime-report -mllvm -time-passes -mllvm -reflow-auto-array-partition-mode=default -mllvm -reflow-enable-auto-small-array-partition=true -mllvm -reflow-enable-auto-array-promotion=true -mllvm -reflow-enable-auto-array-partition-for-flatten=true -mllvm -reflow-enable-auto-parallel-performance-driven=true -mllvm -reflow-enable-partition-for-automation=true -mllvm -reflow-aggregate-bitwidth-threshold=4096 -mllvm -reflow-reserved-saxilite-registers=0 -mllvm -enable-reflow-auto-loop-pipeline -mllvm -reflow-max-unroll-threshold=409600 -mllvm -auto-unroll-tripcount-threshold=0 -mllvm -reflow-assume-no-address-wrap=true -mllvm -reflow-enable-occurrence-inference=true -mllvm -reflow-emit-hint-scope=true -mllvm -reflow-enable-codegen-with-if=true -mllvm -reflow-enable-dataflow-canon=true -mllvm -reflow-enable-dataflow-canon2=true -mllvm -reflow-dump-extra-complexity-metric=true -mllvm -hls -mllvm -disable-inlined-alloca-merging=true -mllvm -default-clock-period=12 -mllvm -use_read_first_ram_in_loop=1 -mllvm -default-clock-uncertainty=3.24 -x ir C:/Users/cocol/Ruby_Proj/workspace/conv1/conv1/hls/.autopilot/db/a.g.ld.5.gdce.bc -o C:/Users/cocol/Ruby_Proj/workspace/conv1/conv1/hls/.autopilot/db/a.g.lto.bc {-hls-platform-db-name=C:/Xilinx/2025.1/Vitis\common/technology\xilinx/common/platform.db} -hls-platform-name=zynq_slow -device-resource-info=BRAM_280.000000_DSP_220.000000_FF_106400.000000_LUT_53200.000000_SLICE_13300.000000_URAM_0.000000 -device-name-info=xc7z020clg400-1 2> C:/Users/cocol/Ruby_Proj/workspace/conv1/conv1/hls/.autopilot/db/a.g.ld.0.bc.clang.reflow.err.log bg_poll_cmd: ::AP::poll_clang_39_closed_source
Execute       send_msg_by_id INFO @200-1995@%s%s%s 70 Compile/Link (C:/Users/cocol/Ruby_Proj/workspace/conv1/conv1/hls/syn/report/csynth_design_size.rpt:2) 
INFO: [HLS 200-1995] There were 70 instructions in the design after the 'Compile/Link' phase of compilation. See the Design Size Report for more details (C:/Users/cocol/Ruby_Proj/workspace/conv1/conv1/hls/syn/report/csynth_design_size.rpt:2)
Execute       send_msg_by_id INFO @200-1995@%s%s%s 54 Unroll/Inline (step 1) (C:/Users/cocol/Ruby_Proj/workspace/conv1/conv1/hls/syn/report/csynth_design_size.rpt:2) 
INFO: [HLS 200-1995] There were 54 instructions in the design after the 'Unroll/Inline (step 1)' phase of compilation. See the Design Size Report for more details (C:/Users/cocol/Ruby_Proj/workspace/conv1/conv1/hls/syn/report/csynth_design_size.rpt:2)
Execute       send_msg_by_id INFO @200-1995@%s%s%s 46 Unroll/Inline (step 2) (C:/Users/cocol/Ruby_Proj/workspace/conv1/conv1/hls/syn/report/csynth_design_size.rpt:2) 
INFO: [HLS 200-1995] There were 46 instructions in the design after the 'Unroll/Inline (step 2)' phase of compilation. See the Design Size Report for more details (C:/Users/cocol/Ruby_Proj/workspace/conv1/conv1/hls/syn/report/csynth_design_size.rpt:2)
Execute       send_msg_by_id INFO @200-1995@%s%s%s 40 Unroll/Inline (step 3) (C:/Users/cocol/Ruby_Proj/workspace/conv1/conv1/hls/syn/report/csynth_design_size.rpt:2) 
INFO: [HLS 200-1995] There were 40 instructions in the design after the 'Unroll/Inline (step 3)' phase of compilation. See the Design Size Report for more details (C:/Users/cocol/Ruby_Proj/workspace/conv1/conv1/hls/syn/report/csynth_design_size.rpt:2)
Execute       send_msg_by_id INFO @200-1995@%s%s%s 40 Unroll/Inline (step 4) (C:/Users/cocol/Ruby_Proj/workspace/conv1/conv1/hls/syn/report/csynth_design_size.rpt:2) 
INFO: [HLS 200-1995] There were 40 instructions in the design after the 'Unroll/Inline (step 4)' phase of compilation. See the Design Size Report for more details (C:/Users/cocol/Ruby_Proj/workspace/conv1/conv1/hls/syn/report/csynth_design_size.rpt:2)
Execute       send_msg_by_id INFO @200-1995@%s%s%s 40 Array/Struct (step 1) (C:/Users/cocol/Ruby_Proj/workspace/conv1/conv1/hls/syn/report/csynth_design_size.rpt:2) 
INFO: [HLS 200-1995] There were 40 instructions in the design after the 'Array/Struct (step 1)' phase of compilation. See the Design Size Report for more details (C:/Users/cocol/Ruby_Proj/workspace/conv1/conv1/hls/syn/report/csynth_design_size.rpt:2)
Execute       send_msg_by_id INFO @200-1995@%s%s%s 40 Array/Struct (step 2) (C:/Users/cocol/Ruby_Proj/workspace/conv1/conv1/hls/syn/report/csynth_design_size.rpt:2) 
INFO: [HLS 200-1995] There were 40 instructions in the design after the 'Array/Struct (step 2)' phase of compilation. See the Design Size Report for more details (C:/Users/cocol/Ruby_Proj/workspace/conv1/conv1/hls/syn/report/csynth_design_size.rpt:2)
Execute       send_msg_by_id INFO @200-1995@%s%s%s 40 Array/Struct (step 3) (C:/Users/cocol/Ruby_Proj/workspace/conv1/conv1/hls/syn/report/csynth_design_size.rpt:2) 
INFO: [HLS 200-1995] There were 40 instructions in the design after the 'Array/Struct (step 3)' phase of compilation. See the Design Size Report for more details (C:/Users/cocol/Ruby_Proj/workspace/conv1/conv1/hls/syn/report/csynth_design_size.rpt:2)
Execute       send_msg_by_id INFO @200-1995@%s%s%s 40 Array/Struct (step 4) (C:/Users/cocol/Ruby_Proj/workspace/conv1/conv1/hls/syn/report/csynth_design_size.rpt:2) 
INFO: [HLS 200-1995] There were 40 instructions in the design after the 'Array/Struct (step 4)' phase of compilation. See the Design Size Report for more details (C:/Users/cocol/Ruby_Proj/workspace/conv1/conv1/hls/syn/report/csynth_design_size.rpt:2)
Execute       send_msg_by_id INFO @200-1995@%s%s%s 42 Array/Struct (step 5) (C:/Users/cocol/Ruby_Proj/workspace/conv1/conv1/hls/syn/report/csynth_design_size.rpt:2) 
INFO: [HLS 200-1995] There were 42 instructions in the design after the 'Array/Struct (step 5)' phase of compilation. See the Design Size Report for more details (C:/Users/cocol/Ruby_Proj/workspace/conv1/conv1/hls/syn/report/csynth_design_size.rpt:2)
Execute       send_msg_by_id INFO @200-1995@%s%s%s 42 Performance (step 1) (C:/Users/cocol/Ruby_Proj/workspace/conv1/conv1/hls/syn/report/csynth_design_size.rpt:2) 
INFO: [HLS 200-1995] There were 42 instructions in the design after the 'Performance (step 1)' phase of compilation. See the Design Size Report for more details (C:/Users/cocol/Ruby_Proj/workspace/conv1/conv1/hls/syn/report/csynth_design_size.rpt:2)
Execute       send_msg_by_id INFO @200-1995@%s%s%s 118 Performance (step 2) (C:/Users/cocol/Ruby_Proj/workspace/conv1/conv1/hls/syn/report/csynth_design_size.rpt:2) 
INFO: [HLS 200-1995] There were 118 instructions in the design after the 'Performance (step 2)' phase of compilation. See the Design Size Report for more details (C:/Users/cocol/Ruby_Proj/workspace/conv1/conv1/hls/syn/report/csynth_design_size.rpt:2)
Execute       send_msg_by_id INFO @200-1995@%s%s%s 118 Performance (step 3) (C:/Users/cocol/Ruby_Proj/workspace/conv1/conv1/hls/syn/report/csynth_design_size.rpt:2) 
INFO: [HLS 200-1995] There were 118 instructions in the design after the 'Performance (step 3)' phase of compilation. See the Design Size Report for more details (C:/Users/cocol/Ruby_Proj/workspace/conv1/conv1/hls/syn/report/csynth_design_size.rpt:2)
Execute       send_msg_by_id INFO @200-1995@%s%s%s 118 Performance (step 4) (C:/Users/cocol/Ruby_Proj/workspace/conv1/conv1/hls/syn/report/csynth_design_size.rpt:2) 
INFO: [HLS 200-1995] There were 118 instructions in the design after the 'Performance (step 4)' phase of compilation. See the Design Size Report for more details (C:/Users/cocol/Ruby_Proj/workspace/conv1/conv1/hls/syn/report/csynth_design_size.rpt:2)
Execute       send_msg_by_id INFO @200-1995@%s%s%s 148 HW Transforms (step 1) (C:/Users/cocol/Ruby_Proj/workspace/conv1/conv1/hls/syn/report/csynth_design_size.rpt:2) 
INFO: [HLS 200-1995] There were 148 instructions in the design after the 'HW Transforms (step 1)' phase of compilation. See the Design Size Report for more details (C:/Users/cocol/Ruby_Proj/workspace/conv1/conv1/hls/syn/report/csynth_design_size.rpt:2)
Execute       send_msg_by_id INFO @200-1995@%s%s%s 156 HW Transforms (step 2) (C:/Users/cocol/Ruby_Proj/workspace/conv1/conv1/hls/syn/report/csynth_design_size.rpt:2) 
INFO: [HLS 200-1995] There were 156 instructions in the design after the 'HW Transforms (step 2)' phase of compilation. See the Design Size Report for more details (C:/Users/cocol/Ruby_Proj/workspace/conv1/conv1/hls/syn/report/csynth_design_size.rpt:2)
INFO: [HLS 214-376] automatically set the pipeline for Loop< VITIS_LOOP_16_2> at conv1.cpp:16:26 
INFO: [HLS 214-291] Loop 'VITIS_LOOP_19_3' is marked as complete unroll implied by the pipeline pragma (conv1.cpp:19:30)
INFO: [HLS 214-291] Loop 'VITIS_LOOP_20_4' is marked as complete unroll implied by the pipeline pragma (conv1.cpp:20:34)
INFO: [HLS 214-186] Unrolling loop 'VITIS_LOOP_19_3' (conv1.cpp:19:30) in function 'conv1_1d' completely with a factor of 2 (conv1.cpp:9:0)
INFO: [HLS 214-186] Unrolling loop 'VITIS_LOOP_20_4' (conv1.cpp:20:34) in function 'conv1_1d' completely with a factor of 5 (conv1.cpp:9:0)
INFO-FLOW: DBG:PUTS: copy_raw_kernel_xml ap_link_39: kernel.xml not generated: C:/Users/cocol/Ruby_Proj/workspace/conv1/conv1/hls/.autopilot/db/kernel.internal.xml
INFO: [HLS 200-111] Finished Compiling Optimization and Transform: CPU user time: 0 seconds. CPU system time: 0 seconds. Elapsed time: 9.432 seconds; current allocated memory: 174.398 MB.
INFO: [HLS 200-111] Finished Checking Pragmas: CPU user time: 0 seconds. CPU system time: 0 seconds. Elapsed time: 0.008 seconds; current allocated memory: 174.398 MB.
Execute       opt_and_import_c a -opt_level=2 -skip_syncheck=0 -ng=0 -keep_printf=0 
Execute         cleanup_all_models 
INFO: [HLS 200-10] Starting code transformations ...
INFO-FLOW: Running Standard Transforms...
Execute         transform -hls -share-std-xform -demangle-name -inline-byval-memcpy -always-inline -promote-dbg-pointer -interface-preproc -mem2reg -scalarrepl -mem2reg -keep-read-access -instcombine -dce -promote-dbg-pointer -bitop-raise -loop-simplify -indvarspre -indvars -loop-simplify -constprop -instcombine -simplifycfg -indvars -simplifycfg -dce -globaldce -basicaa -simplifycfg -mem2reg -globalopt -global-constprop -deadargelim -instcombine -simplifycfg -scalarrepl -instcombine -reassociate -licm -simplifycfg -loop-simplify -indvars -instcombine -simplifycfg -mem2reg -loop-simplify -indvars -instcombine -gvn -gvn -instcombine -adce -break-crit-edges -simplifycfg -loop-delete -global-array-opt -dce -dse -adce -find-syn-modules -top conv1_1d -deadargelim -mem2reg -instcombine -dce -presyn-prepare -interface-preproc -syn-check -check-rec-only -find-region -simplifycfg -func-extr -function-inline -globaldce -mem2reg -instcombine -dce -gvn -globaldce -adce -adse -constprop -instcombine -bit-constprop -instcombine -dce -simplifycfg -bitop-raise -simplifycfg -dce -loop-delete -reassociate -globalopt -global-privatize -mem2reg -dce -global-constprop -pointer-simplify -constprop -dce -promote-dbg-pointer -norm-name C:/Users/cocol/Ruby_Proj/workspace/conv1/conv1/hls/.autopilot/db/a.g.0.bc -o C:/Users/cocol/Ruby_Proj/workspace/conv1/conv1/hls/.autopilot/db/a.g.1.bc -f -phase std-opt 
INFO: [HLS 200-111] Finished Standard Transforms: CPU user time: 0 seconds. CPU system time: 0 seconds. Elapsed time: 0.08 seconds; current allocated memory: 178.430 MB.
INFO: [HLS 200-10] Checking synthesizability ...
INFO-FLOW: Checking Synthesizability 1/2..
Execute         transform -hls -syn-check -check-rec-only -scalarrepl -norm-name -dce -mem2reg -instcombine -directive-preproc -mem2reg -dse -dce -dce -pag -array-normalize -instcombine -dce -array-seg-normalize -instcombine -dce -data-pack -instcombine -dce -inst-simplify -array-flatten -instcombine -dce -array-burst -dce -deadargelim -promote-global-argument -simplifycfg -mem2reg -globaldce -dce -deadargelim -dce -instcombine -function-inline -globaldce -dce -doublePtrSimplify -doublePtrElim -dce -doublePtrSimplify -promote-dbg-pointer -dce -scalarrepl -dse -adse -instcombine -ptrLegalization -simplifycfg -dce -instcombine -pointer-simplify -ptrArgReplace -dce -instcombine -resolve-double-ptr -scalarrepl -norm-name -dce -mem2reg -instcombine -ptrLegalization -simplifycfg -deadargelim -instcombine -dce -inst-simplify -directive-preproc -mem2reg -dse -dce -globaldce C:/Users/cocol/Ruby_Proj/workspace/conv1/conv1/hls/.autopilot/db/a.g.1.bc -o C:/Users/cocol/Ruby_Proj/workspace/conv1/conv1/hls/.autopilot/db/a.g.2.prechk.bc -f 
INFO-FLOW: Checking Synthesizability 2/2..
Execute         transform -syn-check C:/Users/cocol/Ruby_Proj/workspace/conv1/conv1/hls/.autopilot/db/a.g.2.prechk.bc -o C:/Users/cocol/Ruby_Proj/workspace/conv1/conv1/hls/.autopilot/db/a.g.2.bc -f -phase syn-check 
INFO: [HLS 200-111] Finished Checking Synthesizability: CPU user time: 0 seconds. CPU system time: 0 seconds. Elapsed time: 0.059 seconds; current allocated memory: 180.043 MB.
INFO-FLOW: Compiler optimizing ...
INFO-FLOW: Share syncheck's 1.bc for syn flow: copy C:/Users/cocol/Ruby_Proj/workspace/conv1/conv1/hls/.autopilot/db/a.g.1.bc to C:/Users/cocol/Ruby_Proj/workspace/conv1/conv1/hls/.autopilot/db/a.o.1.bc
INFO-FLOW: Presyn 1...
Execute         transform -hls -tmp C:/Users/cocol/Ruby_Proj/workspace/conv1/conv1/hls/.autopilot/db -interface-port-rename -directive-preproc -mem2reg -dse -dce -scalarrepl -norm-name -deadargelim -dce -hls-dead-arg-elim -deadargelim -mem2reg -instcombine -dce -simplifycfg -dce -resource-proc -clib-intrinsic-prepare -dce -func-buffer -dce -pag -array-normalize -func-legal -instcombine -gvn -constprop -dce -simplifycfg -mem2reg -globaldce -resolve-double-ptr -dce -deadargelim -dce -instcombine -ptrArgReplace -mem2reg -dce -array-seg-normalize -deadargelim -instcombine -dce -directive-preproc -mem2reg -dse -dce -pointer-simplify -dce -port-alignment -dce -interface-preproc -data-pack -instcombine -dce -basicaa -aggr-aa -aggrmodref-aa -aggr-aa -gvn -gvn -basicaa -aggr-aa -aggrmodref-aa -aggr-aa -dse -adse -adce -loop-simplify -indvars -instcombine -gvn -loop-simplify -mem2reg -dce -find-region -instcombine -inst-simplify -interface-preproc -cfgopt -instcombine -indvars -loop-simplify -loop-bound -constprop -instcombine -simplifycfg -indvars -simplifycfg -dce -globaldce -clean-region -attach-range -gvn -inst-simplify -constprop -simplifycfg -dce -pointer-simplify -dce -globalopt -constprop -dce -ptrArgReplace -mem2reg -simplifycfg -dce -instcombine -dce -array-transform-check -array-reshape -instcombine -simplifycfg -dce -ptrArgReplace -deadargelim -mem2reg -instcombine -simplifycfg -dce -indvars -loop-simplify -loop-bound -constprop -instcombine -simplifycfg -indvars -simplifycfg -dce -globaldce -basicaa -aggr-aa -aggrmodref-aa -aggr-aa -dse -duplicate-dataflow-processes -globaldce -instcombine -array-partition -prepare-dynamic-array-partition -instcombine -simplifycfg -dce -ptrArgReplace -global-constprop -deadargelim -mem2reg -func-legal -dce -global-constprop -deadargelim -mem2reg -simplifycfg -dce -merge-param -deadargelim -globalopt -constprop -dce -ptrArgReplace -mem2reg -simplifycfg -dce -mem-intrinsic-preproc -dce -global-internalize -global-privatize -mem2reg -globaldce -lcssa -loop-simplify -phi-select-elim -promote-global-argument -ptrArgReplace -mem2reg -dce -globalopt -mergereturn -simplify-global-access -mem2reg -dce -pointer-simplify -dce -basicaa -aggr-aa -aggrmodref-aa -aggr-aa -functionattrs -basicaa -aggr-aa -aggrmodref-aa -aggr-aa -gvn -gvn -basicaa -aggr-aa -aggrmodref-aa -aggr-aa -dse -adse -adce -dce -norm-name -basicaa -aggr-aa -aggrmodref-aa -aggr-aa -accesses-merge -function-inline -complex-op-raise -inst-simplify -globaldce -func-legal -dce -loop-bound -arraycheck -bitwidthmin2 -bitwidthmin2 -on-by-dataflow -loop-delete -instcombine -simplifycfg -globaldce -dce -gvn -deadargelim -dce -loop-simplify -clean-region -simplifycfg -propagate-stable-arguments -instcombine -simplifycfg -dce -globaldce -duplicate-dataflow-processes -stream-intrinsic-preproc -dce -check-ap-stream -loop-simplify -eliminate-keepreads -extract-dataflow-in-loop -loop-simplify -dce -gvn -deadargelim -dse -duplicate-dataflow-processes -check-dataflow-syntax -legalize-stream-variable -globaldce -extract-subproc -global-constprop -deadargelim -globaldce -legalize-global -dce -dead-channel-elimination -canonicalize-gep -globaldce -dce -gvn -hls-dead-arg-elim -deadargelim -canonicalize-dataflow -directive-preproc -dce -globaldce -scalar-preprocessing -scalar-propagation2 -scalar-stream -deadargelim -globaldce -mem2reg -check-dataflow-channels -function-stream -dce -globaldce -prop-fifo-spec -internal-stream-gen -canonicalize-gep -globaldce -dce -gvn -deadargelim -mergereturn -indvars -loop-simplify -instcombine -array-stream -array-seg-normalize -array-partition -clean-array-spec -func-legal -instcombine -simplifycfg -dce -bundle-memfifo-ops -deadargelim -directive-preproc -mem2reg -dse -dce -group-axi-access -licm -simplifycfg -dce -loop-delete -hls-display -norm-name C:/Users/cocol/Ruby_Proj/workspace/conv1/conv1/hls/.autopilot/db/a.o.1.bc -o C:/Users/cocol/Ruby_Proj/workspace/conv1/conv1/hls/.autopilot/db/a.o.1.tmp.bc -f 
INFO-FLOW: Presyn 2...
Execute         transform -hls -keep-callgraph -scalarrepl -mem2reg -port-alignment -attach-range -dce -pipe-mux-gen -indvars -loop-bound -inst-simplify -instcombine -dce -merge-array-access -mem2reg -dce -clean-region -mergereturn -if-conv -instcombine -dce -constprop -basicaa -aggr-aa -aggrmodref-aa -aggr-aa -gvn -gvn -basicaa -aggr-aa -aggrmodref-aa -aggr-aa -dse -adse -adce -scalarrepl -mem2reg -global-constprop -deadargelim -deadargelim -instcombine -dce -simplifycfg -ptrArgReplace -mem2reg -function-inline -globaldce -mem2reg -instcombine -dce -expr-balance -instcombine -dce -bitwidthmin2 -bitwidthmin2 -interface-preproc -directive-preproc -inst-rectify -instcombine -dce -basicaa -aggr-aa -aggrmodref-aa -aggr-aa -functionattrs -constprop -instcombine -bit-constprop -simplify-global-access -globalopt -globaldce -inst-simplify -instcombine -elimdeaddata -dce -loop-delete -simplifycfg -loop-simplify -barrier -norm-name C:/Users/cocol/Ruby_Proj/workspace/conv1/conv1/hls/.autopilot/db/a.o.1.tmp.bc -o C:/Users/cocol/Ruby_Proj/workspace/conv1/conv1/hls/.autopilot/db/a.o.2.bc -f -phase presyn 
INFO: [XFORM 203-401] Performing if-conversion on hyperblock from (conv1.cpp:17:20) to (conv1.cpp:16:26) in function 'conv1_1d'... converting 17 basic blocks.
INFO: [HLS 200-111] Finished Loop, function and other optimizations: CPU user time: 0 seconds. CPU system time: 0 seconds. Elapsed time: 0.09 seconds; current allocated memory: 201.508 MB.
Execute         transform -hls -auto-function-inline -globaldce -ptrArgReplace -mem2reg -dce -reset-lda -loop-simplify -indvars -aggr-aa -licm -loop-dep -loop-bound -licm -loop-simplify -loop-sink-hoist -flattenloopnest -array-flatten -gvn -instcombine -dce -array-map -dce -func-legal -gvn -adce -instcombine -cfgopt -simplifycfg-lite -loop-simplify -array-burst -promote-global-argument -dce -array-seg-normalize -basicaa -aggrmodref-aa -globalsmodref-aa -aggr-aa -gvn -gvn -basicaa -aggrmodref-aa -globalsmodref-aa -aggr-aa -dse -adse -adce -licm -inst-simplify -dce -globaldce -instcombine -array-stream -eliminate-keepreads -instcombine -dce -deadargelim -doublePtrSimplify -doublePtrElim -dce -doublePtrSimplify -promote-dbg-pointer -dce -scalarrepl -mem2reg -norm-name -mem2reg -instcombine -dse -adse -adce -ptrLegalization -dce -array-flatten -dce -instcombine -check-doubleptr -loop-rot -constprop -inst-simplify -cfgopt -simplifycfg-lite -loop-simplify -indvars -pointer-simplify -dce -loop-bound -loop-simplify -loop-preproc -constprop -global-constprop -gvn -mem2reg -instcombine -dce -loop-bound -loop-merge -dce -deadargelim -dce -canonicalize-dataflow -dce -deadargelim -globaldce -mem2reg -bram-byte-enable -inst-simplify -inst-rectify -instcombine -adce -deadargelim -load-elim -read-loop-dep -loop-simplify -loop-rewind-sink-hoist -loop-outline -hls-dead-arg-elim -directive-preproc -bitwidthmin2 -bitwidthmin2 -read-loop-dep -interface-preproc -directive-preproc -interface-gen -bram-byte-enable-spec-prop -mul2addshift -deadargelim -inst-simplify -dce -mem2reg -instcombine -gvn -dce -adse -loop-bound -instcombine -cfgopt -simplifycfg-lite -loop-simplify -clean-region -io-protocol -find-region -mem2reg -bitop-raise -complex-op-raise -inst-simplify -inst-rectify -instcombine -gvn -adce -deadargelim -float-op-raise -loop-simplify -phi-opt -bitop-raise -cfgopt -simplifycfg-lite -strip-dead-prototypes -interface-lower -bitop-lower -intrinsic-lower -auto-function-inline -basicaa -aggrmodref-aa -globalsmodref-aa -aggr-aa -inst-simplify -simplifycfg-lite -loop-simplify -mergereturn -inst-simplify -inst-rectify -globaldce -dce -load-elim -bitop-lower -float-op-raise -fma-raise -loop-rewind -pointer-simplify -dce -cfgopt -dce -loop-bound -loop-dep -read-loop-dep -dce -dyn-mem-reuse -dce -recurrence-min -dce -share-scalar-alloca -deadargelim -dce -check-stream -norm-name -legalize -inst-clarity -bitwidth -dce -validate-dataflow -dump-loop-dep-to-ir -check-all-ssdm -drop-inferred-ii -dump-complexity-metric C:/Users/cocol/Ruby_Proj/workspace/conv1/conv1/hls/.autopilot/db/a.o.2.bc -o C:/Users/cocol/Ruby_Proj/workspace/conv1/conv1/hls/.autopilot/db/a.o.3.bc -f -phase build-ssdm 
INFO: [HLS 200-2061] Successfully converted nested loops 'VITIS_LOOP_15_1'(conv1.cpp:15:22) and 'VITIS_LOOP_16_2'(conv1.cpp:16:26) in function 'conv1_1d' into perfectly nested loops.
INFO: [XFORM 203-541] Flattening a loop nest 'VITIS_LOOP_15_1' (conv1.cpp:15:22) in function 'conv1_1d'.
Execute           auto_get_db
INFO-FLOW: Building ssdm...
Execute         transform -hls -cdfg-build C:/Users/cocol/Ruby_Proj/workspace/conv1/conv1/hls/.autopilot/db/a.o.3.bc -o C:/Users/cocol/Ruby_Proj/workspace/conv1/conv1/hls/.autopilot/db/a.o.3.bc -f -phase build-ssdm 
INFO: [HLS 200-111] Finished Architecture Synthesis: CPU user time: 0 seconds. CPU system time: 0 seconds. Elapsed time: 0.074 seconds; current allocated memory: 201.523 MB.
INFO-FLOW: Finish building internal data model.
Command       opt_and_import_c done; 0.304 sec.
Command     elaborate done; 11.276 sec.
Execute     ap_eval exec zip -j C:/Users/cocol/Ruby_Proj/workspace/conv1/conv1/hls/.autopilot/db/dut.hcp $dbDir/a.o.3.bc $dbDir/${topname}.rtl_wrap.cfg.tcl $dbDir/apatb_${topname}.cpp $dbDir/apatb_${topname}_util.cpp $dbDir/apatb_${topname}_ir.ll $dbDir/mapper_${topname}.cpp $dbDir/top-io-fe.xml $dbDir/kernel.internal.xml $workdir/../hls.app 
Command     ap_eval done; 0.192 sec.
Execute     autosyn -from_csynth_design=1 
INFO: [HLS 200-10] Starting hardware synthesis ...
INFO-FLOW: Synthesizing C/C++ design ...
INFO: [HLS 200-10] Synthesizing 'conv1_1d' ...
Execute       ap_set_top_model conv1_1d 
Execute       get_model_list conv1_1d -filter all-wo-channel -topdown 
Execute       preproc_iomode -model conv1_1d 
Execute       get_model_list conv1_1d -filter all-wo-channel 
INFO-FLOW: Model list for configure: conv1_1d
INFO-FLOW: Configuring Module : conv1_1d ...
Execute       set_default_model conv1_1d 
Execute       apply_spec_resource_limit conv1_1d 
INFO-FLOW: Model list for preprocess: conv1_1d
INFO-FLOW: Preprocessing Module: conv1_1d ...
Execute       set_default_model conv1_1d 
Execute       cdfg_preprocess -model conv1_1d 
Execute       rtl_gen_preprocess conv1_1d 
INFO-FLOW: Model list for synthesis: conv1_1d
INFO: [HLS 200-10] ----------------------------------------------------------------
INFO: [HLS 200-42] -- Implementing module 'conv1_1d' 
INFO: [HLS 200-10] ----------------------------------------------------------------
Execute       set_default_model conv1_1d 
Execute       schedule -model conv1_1d 
INFO: [SCHED 204-11] Starting scheduling ...
INFO: [SCHED 204-61] Pipelining loop 'VITIS_LOOP_15_1_VITIS_LOOP_16_2'.
WARNING: [HLS 200-885] The II Violation in module 'conv1_1d' (loop 'VITIS_LOOP_15_1_VITIS_LOOP_16_2'): Unable to schedule 'load' operation 32 bit ('inputs_load_1', conv1.cpp:25) on array 'inputs' due to limited memory ports (II = 1). Please consider using a memory core with more ports or partitioning the array 'inputs'.
WARNING: [HLS 200-885] The II Violation in module 'conv1_1d' (loop 'VITIS_LOOP_15_1_VITIS_LOOP_16_2'): Unable to schedule 'load' operation 32 bit ('weights_load_3', conv1.cpp:15) on array 'weights' due to limited memory ports (II = 2). Please consider using a memory core with more ports or partitioning the array 'weights'.
WARNING: [HLS 200-885] The II Violation in module 'conv1_1d' (loop 'VITIS_LOOP_15_1_VITIS_LOOP_16_2'): Unable to schedule 'load' operation 32 bit ('weights_load_5', conv1.cpp:15) on array 'weights' due to limited memory ports (II = 3). Please consider using a memory core with more ports or partitioning the array 'weights'.
WARNING: [HLS 200-885] The II Violation in module 'conv1_1d' (loop 'VITIS_LOOP_15_1_VITIS_LOOP_16_2'): Unable to schedule 'load' operation 32 bit ('weights_load_7', conv1.cpp:15) on array 'weights' due to limited memory ports (II = 4). Please consider using a memory core with more ports or partitioning the array 'weights'.
INFO: [HLS 200-1470] Pipelining result : Target II = NA, Final II = 5, Depth = 62, loop 'VITIS_LOOP_15_1_VITIS_LOOP_16_2'
INFO: [SCHED 204-11] Finished scheduling.
Command       schedule done; 1.495 sec.
INFO: [HLS 200-111] Finished Scheduling: CPU user time: 1 seconds. CPU system time: 0 seconds. Elapsed time: 1.708 seconds; current allocated memory: 201.523 MB.
Execute       syn_report -verbosereport -o C:/Users/cocol/Ruby_Proj/workspace/conv1/conv1/hls/.autopilot/db/conv1_1d.verbose.sched.rpt 
Execute         list_part -family xc7z020-clg400-1 
Execute           ap_family_info -name xc7z020-clg400-1 -data names 
Execute           ap_part_info -quiet -name xc7z020-clg400-1 -data family 
INFO: [#UNDEF] Rewind delay = 5 for the pipelined loop 'VITIS_LOOP_15_1_VITIS_LOOP_16_2' to synchronize the reading of port 'weights' with ap_ready.
Execute       db_write -o C:/Users/cocol/Ruby_Proj/workspace/conv1/conv1/hls/.autopilot/db/conv1_1d.sched.adb -f 
INFO-FLOW: Finish scheduling conv1_1d.
Execute       set_default_model conv1_1d 
Execute       bind -model conv1_1d 
INFO: [BIND 205-100] Starting micro-architecture generation ...
INFO: [BIND 205-101] Performing variable lifetime analysis.
INFO: [BIND 205-101] Exploring resource sharing.
INFO: [BIND 205-101] Binding ...
INFO: [BIND 205-100] Finished micro-architecture generation.
INFO: [HLS 200-111] Finished Binding: CPU user time: 0 seconds. CPU system time: 0 seconds. Elapsed time: 0.122 seconds; current allocated memory: 201.523 MB.
Execute       syn_report -verbosereport -o C:/Users/cocol/Ruby_Proj/workspace/conv1/conv1/hls/.autopilot/db/conv1_1d.verbose.bind.rpt 
Execute         list_part -family xc7z020-clg400-1 
Execute           ap_family_info -name xc7z020-clg400-1 -data names 
Execute           ap_part_info -quiet -name xc7z020-clg400-1 -data family 
Execute       db_write -o C:/Users/cocol/Ruby_Proj/workspace/conv1/conv1/hls/.autopilot/db/conv1_1d.bind.adb -f 
INFO-FLOW: Finish binding conv1_1d.
Execute       get_model_list conv1_1d -filter all-wo-channel 
INFO-FLOW: Preprocessing for RTLGen ...
Execute       rtl_gen_preprocess conv1_1d 
INFO-FLOW: Model list for RTL generation: conv1_1d
INFO: [HLS 200-10] ----------------------------------------------------------------
INFO: [HLS 200-10] -- Generating RTL for module 'conv1_1d' 
INFO: [HLS 200-10] ----------------------------------------------------------------
Execute       create_rtl_model conv1_1d -top_prefix  -sub_prefix conv1_1d_ -mg_file C:/Users/cocol/Ruby_Proj/workspace/conv1/conv1/hls/.autopilot/db/conv1_1d.compgen.tcl 
INFO: [RTGEN 206-500] Setting interface mode on port 'conv1_1d/inputs' to 'ap_memory'.
INFO: [RTGEN 206-500] Setting interface mode on port 'conv1_1d/outputs' to 'ap_memory'.
INFO: [RTGEN 206-500] Setting interface mode on port 'conv1_1d/weights' to 'ap_memory'.
INFO: [RTGEN 206-500] Setting interface mode on port 'conv1_1d/bias' to 'ap_memory'.
INFO: [RTGEN 206-500] Setting interface mode on function 'conv1_1d' to 'ap_ctrl_hs'.
INFO: [HLS 200-1030] Apply Unified Pipeline Control on module 'conv1_1d' pipeline 'VITIS_LOOP_15_1_VITIS_LOOP_16_2' pipeline type 'loop pipeline'
INFO: [RTGEN 206-100] Generating core module 'fadd_32ns_32ns_32_5_full_dsp_1': 2 instance(s).
INFO: [RTGEN 206-100] Generating core module 'fmul_32ns_32ns_32_4_max_dsp_1': 2 instance(s).
INFO: [RTGEN 206-100] Finished creating RTL model for 'conv1_1d'.
INFO: [HLS 200-111] Finished Creating RTL model: CPU user time: 0 seconds. CPU system time: 0 seconds. Elapsed time: 0.164 seconds; current allocated memory: 204.438 MB.
Execute       source C:/Users/cocol/Ruby_Proj/workspace/conv1/conv1/hls/.autopilot/db/conv1_1d.rtl_wrap.cfg.tcl 
Execute       gen_rtl conv1_1d -istop -style xilinx -f -lang vhdl -o C:/Users/cocol/Ruby_Proj/workspace/conv1/conv1/hls/syn/vhdl/conv1_1d 
Execute       gen_rtl conv1_1d -istop -style xilinx -f -lang vlog -o C:/Users/cocol/Ruby_Proj/workspace/conv1/conv1/hls/syn/verilog/conv1_1d 
Execute       syn_report -csynth -model conv1_1d -o C:/Users/cocol/Ruby_Proj/workspace/conv1/conv1/hls/syn/report/conv1_1d_csynth.rpt 
Execute         list_part -family xc7z020-clg400-1 
Execute           ap_family_info -name xc7z020-clg400-1 -data names 
Execute           ap_part_info -quiet -name xc7z020-clg400-1 -data family 
Execute       syn_report -rtlxml -model conv1_1d -o C:/Users/cocol/Ruby_Proj/workspace/conv1/conv1/hls/syn/report/conv1_1d_csynth.xml 
Execute         list_part -family xc7z020-clg400-1 
Execute           ap_family_info -name xc7z020-clg400-1 -data names 
Execute           ap_part_info -quiet -name xc7z020-clg400-1 -data family 
Execute       syn_report -verbosereport -model conv1_1d -o C:/Users/cocol/Ruby_Proj/workspace/conv1/conv1/hls/.autopilot/db/conv1_1d.verbose.rpt 
Execute         list_part -family xc7z020-clg400-1 
Execute           ap_family_info -name xc7z020-clg400-1 -data names 
Execute           ap_part_info -quiet -name xc7z020-clg400-1 -data family 
Execute       db_write -model conv1_1d -f -o C:/Users/cocol/Ruby_Proj/workspace/conv1/conv1/hls/.autopilot/db/conv1_1d.adb 
Execute       db_write -model conv1_1d -bindview -o C:/Users/cocol/Ruby_Proj/workspace/conv1/conv1/hls/.autopilot/db/design.bindinfo.xml 
Execute       gen_tb_info conv1_1d -p C:/Users/cocol/Ruby_Proj/workspace/conv1/conv1/hls/.autopilot/db -o C:/Users/cocol/Ruby_Proj/workspace/conv1/conv1/hls/.autopilot/db/conv1_1d 
Execute       export_constraint_db -f -tool general -o C:/Users/cocol/Ruby_Proj/workspace/conv1/conv1/hls/.autopilot/db/conv1_1d.constraint.tcl 
Execute       syn_report -designview -model conv1_1d -o C:/Users/cocol/Ruby_Proj/workspace/conv1/conv1/hls/.autopilot/db/conv1_1d.design.xml 
Execute       syn_report -csynthDesign -model conv1_1d -o C:/Users/cocol/Ruby_Proj/workspace/conv1/conv1/hls/syn/report/csynth.rpt -MHOut C:/Users/cocol/Ruby_Proj/workspace/conv1/conv1/hls/.autopilot/db/kernel_module_hierarchy.tcl 
Execute         list_part -family xc7z020-clg400-1 
Execute           ap_family_info -name xc7z020-clg400-1 -data names 
Execute           ap_part_info -quiet -name xc7z020-clg400-1 -data family 
Execute       syn_report -wcfg -model conv1_1d -o C:/Users/cocol/Ruby_Proj/workspace/conv1/conv1/hls/.autopilot/db/conv1_1d_dataflow_ana.wcfg 
Execute       syn_report -protoinst -model conv1_1d -o C:/Users/cocol/Ruby_Proj/workspace/conv1/conv1/hls/.autopilot/db/conv1_1d.protoinst 
Execute       sc_get_clocks conv1_1d 
Execute       sc_get_portdomain conv1_1d 
INFO-FLOW: Model list for RTL component generation: conv1_1d
INFO-FLOW: Handling components in module [conv1_1d] ... 
Execute       source C:/Users/cocol/Ruby_Proj/workspace/conv1/conv1/hls/.autopilot/db/conv1_1d.compgen.tcl 
INFO-FLOW: Found component conv1_1d_fadd_32ns_32ns_32_5_full_dsp_1.
INFO-FLOW: Append model conv1_1d_fadd_32ns_32ns_32_5_full_dsp_1
INFO-FLOW: Found component conv1_1d_fmul_32ns_32ns_32_4_max_dsp_1.
INFO-FLOW: Append model conv1_1d_fmul_32ns_32ns_32_4_max_dsp_1
INFO-FLOW: Found component conv1_1d_flow_control_loop_delay_pipe.
INFO-FLOW: Append model conv1_1d_flow_control_loop_delay_pipe
INFO-FLOW: Append model conv1_1d
INFO-FLOW: Generating RTL model list ...
INFO-FLOW: All models in this session: conv1_1d_fadd_32ns_32ns_32_5_full_dsp_1 conv1_1d_fmul_32ns_32ns_32_4_max_dsp_1 conv1_1d_flow_control_loop_delay_pipe conv1_1d
INFO-FLOW: Generating C:/Users/cocol/Ruby_Proj/workspace/conv1/conv1/hls/.autopilot/db/autopilot.rtl.models.txt file...
INFO-FLOW: To file: write model conv1_1d_fadd_32ns_32ns_32_5_full_dsp_1
INFO-FLOW: To file: write model conv1_1d_fmul_32ns_32ns_32_4_max_dsp_1
INFO-FLOW: To file: write model conv1_1d_flow_control_loop_delay_pipe
INFO-FLOW: To file: write model conv1_1d
INFO-FLOW: Generating C:/Users/cocol/Ruby_Proj/workspace/conv1/conv1/hls/.autopilot/db/autopilot.rtl.models.tcl file...
INFO-FLOW: Finished generating RTL model list.


INFO-FLOW: RTL Generation done.
INFO-FLOW: CAS Generation done.
INFO-FLOW: CBC Generation done.
INFO-FLOW: DBG:PROC: ::AESL_AUTOMG::auto_generate_csynth_design
INFO-FLOW: DBG:PUTS: read_platform_lib C:/Users/cocol/Ruby_Proj/workspace/conv1/conv1/hls/.autopilot/db/global.setting.tcl
Execute       source C:/Xilinx/2025.1/Vitis/common/technology/generic/autopilot/common.gen 
Execute         source C:/Xilinx/2025.1/Vitis/common/technology/generic/autopilot/APCoreGen.gen 
Execute       source C:/Xilinx/2025.1/Vitis/common/technology/generic/autopilot/op.gen 
Execute       source C:/Xilinx/2025.1/Vitis/common/technology/generic/autopilot/op_simcore.gen 
Execute       source C:/Xilinx/2025.1/Vitis/common/technology/generic/autopilot/interface.gen 
Execute       source C:/Users/cocol/Ruby_Proj/workspace/conv1/conv1/hls/.autopilot/db/global.setting.tcl 
Execute       source C:/Xilinx/2025.1/Vitis/common/technology/xilinx/common/xilinx.gen 
Execute         source C:/Xilinx/2025.1/Vitis/common/technology/xilinx/interface/plb46.gen 
Execute         source C:/Xilinx/2025.1/Vitis/common/technology/xilinx/interface/axi4.gen 
Execute         source C:/Xilinx/2025.1/Vitis/common/technology/xilinx/interface/nativeAXI4.gen 
Execute           source C:/Xilinx/2025.1/Vitis/common/technology/xilinx/interface/saxilite.gen 
Execute         source C:/Xilinx/2025.1/Vitis/common/technology/xilinx/scripts/xilinxcoregen.gen 
Execute         source C:/Xilinx/2025.1/Vitis/common/technology/xilinx/interface/XilEDKCoreGen.gen 
Execute         source C:/Xilinx/2025.1/Vitis/common/technology/xilinx/ip/dds_compiler.gen 
Execute         source C:/Xilinx/2025.1/Vitis/common/technology/xilinx/ip/util.gen 
Execute         source C:/Xilinx/2025.1/Vitis/common/technology/xilinx/ip/xfft.gen 
Execute         source C:/Xilinx/2025.1/Vitis/common/technology/xilinx/ip/xfir.gen 
Execute         source C:/Xilinx/2025.1/Vitis/common/technology/xilinx/DSP48/dsp48.gen 
INFO-FLOW: DBG:PUTS:   using AESL_AUTOCG::g_clock_period=12.000 (was NA)
INFO-FLOW: DBG:PROC: ::AESL_AUTOMG::generate_ip_cores gen_sim_model='1' gen_fp_models='0' gen_for_export='0' dstSCDir='' dstVhdlDir='C:/Users/cocol/Ruby_Proj/workspace/conv1/conv1/hls/.autopilot/db/vhdl' dstVlogDir='C:/Users/cocol/Ruby_Proj/workspace/conv1/conv1/hls/.autopilot/db/vlog' tclDir='C:/Users/cocol/Ruby_Proj/workspace/conv1/conv1/hls/.autopilot/db' modelList='conv1_1d_fadd_32ns_32ns_32_5_full_dsp_1
conv1_1d_fmul_32ns_32ns_32_4_max_dsp_1
conv1_1d_flow_control_loop_delay_pipe
conv1_1d
' expOnly='0'
Execute       source C:/Users/cocol/Ruby_Proj/workspace/conv1/conv1/hls/.autopilot/db/global.setting.tcl 
Execute       ap_part_info -name xc7z020-clg400-1 -data names -quiet 
Execute       ap_part_info -name xc7z020-clg400-1 -data info -quiet 
Execute       source C:/Users/cocol/Ruby_Proj/workspace/conv1/conv1/hls/.autopilot/db/global.setting.tcl 
Execute       source C:/Users/cocol/Ruby_Proj/workspace/conv1/conv1/hls/.autopilot/db/global.setting.tcl 
Execute       source C:/Users/cocol/Ruby_Proj/workspace/conv1/conv1/hls/.autopilot/db/conv1_1d.compgen.tcl 
INFO: [HLS 200-111] Finished Generating all RTL models: CPU user time: 0 seconds. CPU system time: 1 seconds. Elapsed time: 1.027 seconds; current allocated memory: 212.016 MB.
INFO-FLOW: DBG:PROC: ::HLSREPORTS::create_csynth_xml bind_info_var='bind_info' RtlSubPrefix='conv1_1d_' outfile=''
INFO-FLOW: Running: create_csynth_xml read xml data
INFO-FLOW: Done: create_csynth_xml read xml data time: 0 seconds per iteration
INFO-FLOW: Running: create_csynth_xml bind info
INFO-FLOW: Done: create_csynth_xml bind info time: 0 seconds per iteration
INFO-FLOW: Running: create_csynth_xml config info
INFO-FLOW: Done: create_csynth_xml config info time: 1.1 seconds per iteration
INFO-FLOW: Running: create_csynth_xml write xml
INFO-FLOW: Done: create_csynth_xml write xml time: 0 seconds per iteration
INFO-FLOW: DBG:PUTS:      create_csynth_xml wrote csynth_xml=C:/Users/cocol/Ruby_Proj/workspace/conv1/conv1/hls/syn/report/csynth.xml
INFO-FLOW: DBG:PROC: ::AP::DESIGN_DATA::generate_json generate_bd_files='0' generate_xo_files='0' modelList='conv1_1d_fadd_32ns_32ns_32_5_full_dsp_1
conv1_1d_fmul_32ns_32ns_32_4_max_dsp_1
conv1_1d_flow_control_loop_delay_pipe
conv1_1d
' rtl_lang='both' bootstrap_tcl='false' outdir='' outfilename=''
Execute       source C:/Users/cocol/Ruby_Proj/workspace/conv1/conv1/hls/.autopilot/db/global.setting.tcl 
Execute       source C:/Users/cocol/Ruby_Proj/workspace/conv1/conv1/hls/.autopilot/db/global.setting.tcl 
Execute       source C:/Users/cocol/Ruby_Proj/workspace/conv1/conv1/hls/.autopilot/db/top-io-be.tcl 
Execute       source C:/Users/cocol/Ruby_Proj/workspace/conv1/conv1/hls/.autopilot/db/conv1_1d.tbgen.tcl 
Execute       source C:/Users/cocol/Ruby_Proj/workspace/conv1/conv1/hls/.autopilot/db/conv1_1d.rtl_wrap.cfg.tcl 
Execute       source C:/Users/cocol/Ruby_Proj/workspace/conv1/conv1/hls/.autopilot/db/conv1_1d.compgen.dataonly.tcl 
Execute       source C:/Users/cocol/Ruby_Proj/workspace/conv1/conv1/hls/.autopilot/db/conv1_1d.tbgen.tcl 
Execute       source C:/Users/cocol/Ruby_Proj/workspace/conv1/conv1/hls/.autopilot/db/global.setting.tcl 
Execute       ap_part_info -name xc7z020-clg400-1 -data names -quiet 
Execute       ap_part_info -name xc7z020-clg400-1 -data info -quiet 
Execute       source C:/Users/cocol/Ruby_Proj/workspace/conv1/conv1/hls/.autopilot/db/conv1_1d.constraint.tcl 
Execute       sc_get_clocks conv1_1d 
Execute       source C:/Users/cocol/Ruby_Proj/workspace/conv1/conv1/hls/.autopilot/db/global.setting.tcl 
Execute       source C:/Users/cocol/Ruby_Proj/workspace/conv1/conv1/hls/impl/misc/conv1_1d_fadd_32ns_32ns_32_5_full_dsp_1_ip.tcl 
Execute       source C:/Users/cocol/Ruby_Proj/workspace/conv1/conv1/hls/impl/misc/conv1_1d_fmul_32ns_32ns_32_4_max_dsp_1_ip.tcl 
INFO-FLOW: DBG:PROC: ::HLSREPORTS::add_csynth_report_sections bind_info_dict='adapter_nodes {} cache_nodes {} report_dict {TOPINST conv1_1d MODULE2INSTS {conv1_1d conv1_1d} INST2MODULE {conv1_1d conv1_1d} INSTDATA {conv1_1d {DEPTH 1 CHILDREN {}}} MODULEDATA {conv1_1d {BINDINFO {{BINDTYPE op ID {} IMPL fabric LATENCY 0 OPTYPE add PRAGMA {} RTLNAME add_ln15_fu_387_p2 SOURCE conv1.cpp:15 VARIABLE add_ln15 LOOP VITIS_LOOP_15_1_VITIS_LOOP_16_2 BUNDLEDNAME {} DSP 0 BRAM 0 URAM 0 STORAGESUBTYPE {} DISPNAME {bind_op add} VISIBLE true} {BINDTYPE op ID {} IMPL auto_sel LATENCY 0 OPTYPE select PRAGMA {} RTLNAME select_ln15_fu_393_p3 SOURCE conv1.cpp:15 VARIABLE select_ln15 LOOP VITIS_LOOP_15_1_VITIS_LOOP_16_2 BUNDLEDNAME {} DSP 0 BRAM 0 URAM 0 STORAGESUBTYPE {} DISPNAME {bind_op select} VISIBLE false} {BINDTYPE op ID {} IMPL auto_sel LATENCY 0 OPTYPE select PRAGMA {} RTLNAME oc_fu_401_p3 SOURCE conv1.cpp:15 VARIABLE oc LOOP VITIS_LOOP_15_1_VITIS_LOOP_16_2 BUNDLEDNAME {} DSP 0 BRAM 0 URAM 0 STORAGESUBTYPE {} DISPNAME {bind_op select} VISIBLE false} {BINDTYPE op ID {} IMPL fabric LATENCY 0 OPTYPE add PRAGMA {} RTLNAME empty_fu_495_p2 SOURCE conv1.cpp:15 VARIABLE empty LOOP VITIS_LOOP_15_1_VITIS_LOOP_16_2 BUNDLEDNAME {} DSP 0 BRAM 0 URAM 0 STORAGESUBTYPE {} DISPNAME {bind_op add} VISIBLE true} {BINDTYPE op ID {} IMPL fabric LATENCY 0 OPTYPE add PRAGMA {} RTLNAME empty_7_fu_560_p2 SOURCE conv1.cpp:15 VARIABLE empty_7 LOOP VITIS_LOOP_15_1_VITIS_LOOP_16_2 BUNDLEDNAME {} DSP 0 BRAM 0 URAM 0 STORAGESUBTYPE {} DISPNAME {bind_op add} VISIBLE true} {BINDTYPE op ID {} IMPL fabric LATENCY 0 OPTYPE add PRAGMA {} RTLNAME empty_8_fu_570_p2 SOURCE conv1.cpp:15 VARIABLE empty_8 LOOP VITIS_LOOP_15_1_VITIS_LOOP_16_2 BUNDLEDNAME {} DSP 0 BRAM 0 URAM 0 STORAGESUBTYPE {} DISPNAME {bind_op add} VISIBLE true} {BINDTYPE op ID {} IMPL fabric LATENCY 0 OPTYPE add PRAGMA {} RTLNAME empty_9_fu_608_p2 SOURCE conv1.cpp:15 VARIABLE empty_9 LOOP VITIS_LOOP_15_1_VITIS_LOOP_16_2 BUNDLEDNAME {} DSP 0 BRAM 0 URAM 0 STORAGESUBTYPE {} DISPNAME {bind_op add} VISIBLE true} {BINDTYPE op ID {} IMPL fabric LATENCY 0 OPTYPE add PRAGMA {} RTLNAME empty_10_fu_640_p2 SOURCE conv1.cpp:15 VARIABLE empty_10 LOOP VITIS_LOOP_15_1_VITIS_LOOP_16_2 BUNDLEDNAME {} DSP 0 BRAM 0 URAM 0 STORAGESUBTYPE {} DISPNAME {bind_op add} VISIBLE true} {BINDTYPE op ID {} IMPL fabric LATENCY 0 OPTYPE add PRAGMA {} RTLNAME empty_12_fu_730_p2 SOURCE conv1.cpp:15 VARIABLE empty_12 LOOP VITIS_LOOP_15_1_VITIS_LOOP_16_2 BUNDLEDNAME {} DSP 0 BRAM 0 URAM 0 STORAGESUBTYPE {} DISPNAME {bind_op add} VISIBLE true} {BINDTYPE op ID {} IMPL fabric LATENCY 0 OPTYPE add PRAGMA {} RTLNAME empty_13_fu_740_p2 SOURCE conv1.cpp:15 VARIABLE empty_13 LOOP VITIS_LOOP_15_1_VITIS_LOOP_16_2 BUNDLEDNAME {} DSP 0 BRAM 0 URAM 0 STORAGESUBTYPE {} DISPNAME {bind_op add} VISIBLE true} {BINDTYPE op ID {} IMPL fabric LATENCY 0 OPTYPE add PRAGMA {} RTLNAME empty_14_fu_828_p2 SOURCE conv1.cpp:15 VARIABLE empty_14 LOOP VITIS_LOOP_15_1_VITIS_LOOP_16_2 BUNDLEDNAME {} DSP 0 BRAM 0 URAM 0 STORAGESUBTYPE {} DISPNAME {bind_op add} VISIBLE true} {BINDTYPE op ID {} IMPL fabric LATENCY 0 OPTYPE add PRAGMA {} RTLNAME empty_15_fu_838_p2 SOURCE conv1.cpp:15 VARIABLE empty_15 LOOP VITIS_LOOP_15_1_VITIS_LOOP_16_2 BUNDLEDNAME {} DSP 0 BRAM 0 URAM 0 STORAGESUBTYPE {} DISPNAME {bind_op add} VISIBLE true} {BINDTYPE op ID {} IMPL auto LATENCY 0 OPTYPE xor PRAGMA {} RTLNAME xor_ln25_fu_665_p2 SOURCE conv1.cpp:25 VARIABLE xor_ln25 LOOP VITIS_LOOP_15_1_VITIS_LOOP_16_2 BUNDLEDNAME {} DSP 0 BRAM 0 URAM 0 STORAGESUBTYPE {} DISPNAME {bind_op xor} VISIBLE false} {BINDTYPE op ID {} IMPL fabric LATENCY 0 OPTYPE add PRAGMA {} RTLNAME add_ln29_fu_931_p2 SOURCE conv1.cpp:29 VARIABLE add_ln29 LOOP VITIS_LOOP_15_1_VITIS_LOOP_16_2 BUNDLEDNAME {} DSP 0 BRAM 0 URAM 0 STORAGESUBTYPE {} DISPNAME {bind_op add} VISIBLE true} {BINDTYPE op ID {} IMPL fabric LATENCY 0 OPTYPE add PRAGMA {} RTLNAME empty_26_fu_430_p2 SOURCE conv1.cpp:15 VARIABLE empty_26 LOOP VITIS_LOOP_15_1_VITIS_LOOP_16_2 BUNDLEDNAME {} DSP 0 BRAM 0 URAM 0 STORAGESUBTYPE {} DISPNAME {bind_op add} VISIBLE true} {BINDTYPE op ID {} IMPL fabric LATENCY 0 OPTYPE add PRAGMA {} RTLNAME add_ln25_fu_580_p2 SOURCE conv1.cpp:25 VARIABLE add_ln25 LOOP VITIS_LOOP_15_1_VITIS_LOOP_16_2 BUNDLEDNAME {} DSP 0 BRAM 0 URAM 0 STORAGESUBTYPE {} DISPNAME {bind_op add} VISIBLE true} {BINDTYPE op ID {} IMPL auto_sel LATENCY 0 OPTYPE select PRAGMA {} RTLNAME v_fu_686_p3 SOURCE conv1.cpp:25 VARIABLE v LOOP VITIS_LOOP_15_1_VITIS_LOOP_16_2 BUNDLEDNAME {} DSP 0 BRAM 0 URAM 0 STORAGESUBTYPE {} DISPNAME {bind_op select} VISIBLE false} {BINDTYPE op ID {} IMPL maxdsp LATENCY 3 OPTYPE fmul PRAGMA {} RTLNAME fmul_32ns_32ns_32_4_max_dsp_1_U3 SOURCE conv1.cpp:26 VARIABLE mul LOOP VITIS_LOOP_15_1_VITIS_LOOP_16_2 BUNDLEDNAME {} DSP 3 BRAM 0 URAM 0 STORAGESUBTYPE {} DISPNAME {bind_op fmul} VISIBLE true} {BINDTYPE op ID {} IMPL fulldsp LATENCY 4 OPTYPE fadd PRAGMA {} RTLNAME fadd_32ns_32ns_32_5_full_dsp_1_U1 SOURCE conv1.cpp:26 VARIABLE acc_1 LOOP VITIS_LOOP_15_1_VITIS_LOOP_16_2 BUNDLEDNAME {} DSP 2 BRAM 0 URAM 0 STORAGESUBTYPE {} DISPNAME {bind_op fadd} VISIBLE true} {BINDTYPE op ID {} IMPL fabric LATENCY 0 OPTYPE add PRAGMA {} RTLNAME add_ln24_fu_449_p2 SOURCE conv1.cpp:24 VARIABLE add_ln24 LOOP VITIS_LOOP_15_1_VITIS_LOOP_16_2 BUNDLEDNAME {} DSP 0 BRAM 0 URAM 0 STORAGESUBTYPE {} DISPNAME {bind_op add} VISIBLE true} {BINDTYPE op ID {} IMPL fabric LATENCY 0 OPTYPE add PRAGMA {} RTLNAME add_ln25_1_fu_694_p2 SOURCE conv1.cpp:25 VARIABLE add_ln25_1 LOOP VITIS_LOOP_15_1_VITIS_LOOP_16_2 BUNDLEDNAME {} DSP 0 BRAM 0 URAM 0 STORAGESUBTYPE {} DISPNAME {bind_op add} VISIBLE true} {BINDTYPE op ID {} IMPL auto_sel LATENCY 0 OPTYPE select PRAGMA {} RTLNAME v_1_fu_708_p3 SOURCE conv1.cpp:25 VARIABLE v_1 LOOP VITIS_LOOP_15_1_VITIS_LOOP_16_2 BUNDLEDNAME {} DSP 0 BRAM 0 URAM 0 STORAGESUBTYPE {} DISPNAME {bind_op select} VISIBLE false} {BINDTYPE op ID {} IMPL maxdsp LATENCY 3 OPTYPE fmul PRAGMA {} RTLNAME fmul_32ns_32ns_32_4_max_dsp_1_U4 SOURCE conv1.cpp:26 VARIABLE mul_s LOOP VITIS_LOOP_15_1_VITIS_LOOP_16_2 BUNDLEDNAME {} DSP 3 BRAM 0 URAM 0 STORAGESUBTYPE {} DISPNAME {bind_op fmul} VISIBLE true} {BINDTYPE op ID {} IMPL fulldsp LATENCY 4 OPTYPE fadd PRAGMA {} RTLNAME fadd_32ns_32ns_32_5_full_dsp_1_U2 SOURCE conv1.cpp:26 VARIABLE acc_2 LOOP VITIS_LOOP_15_1_VITIS_LOOP_16_2 BUNDLEDNAME {} DSP 2 BRAM 0 URAM 0 STORAGESUBTYPE {} DISPNAME {bind_op fadd} VISIBLE true} {BINDTYPE op ID {} IMPL maxdsp LATENCY 3 OPTYPE fmul PRAGMA {} RTLNAME fmul_32ns_32ns_32_4_max_dsp_1_U3 SOURCE conv1.cpp:26 VARIABLE mul_2 LOOP VITIS_LOOP_15_1_VITIS_LOOP_16_2 BUNDLEDNAME {} DSP 3 BRAM 0 URAM 0 STORAGESUBTYPE {} DISPNAME {bind_op fmul} VISIBLE true} {BINDTYPE op ID {} IMPL fulldsp LATENCY 4 OPTYPE fadd PRAGMA {} RTLNAME fadd_32ns_32ns_32_5_full_dsp_1_U1 SOURCE conv1.cpp:26 VARIABLE acc_3 LOOP VITIS_LOOP_15_1_VITIS_LOOP_16_2 BUNDLEDNAME {} DSP 2 BRAM 0 URAM 0 STORAGESUBTYPE {} DISPNAME {bind_op fadd} VISIBLE true} {BINDTYPE op ID {} IMPL fabric LATENCY 0 OPTYPE add PRAGMA {} RTLNAME o_fu_537_p2 SOURCE conv1.cpp:24 VARIABLE o LOOP VITIS_LOOP_15_1_VITIS_LOOP_16_2 BUNDLEDNAME {} DSP 0 BRAM 0 URAM 0 STORAGESUBTYPE {} DISPNAME {bind_op add} VISIBLE true} {BINDTYPE op ID {} IMPL fabric LATENCY 0 OPTYPE add PRAGMA {} RTLNAME add_ln25_2_fu_764_p2 SOURCE conv1.cpp:25 VARIABLE add_ln25_2 LOOP VITIS_LOOP_15_1_VITIS_LOOP_16_2 BUNDLEDNAME {} DSP 0 BRAM 0 URAM 0 STORAGESUBTYPE {} DISPNAME {bind_op add} VISIBLE true} {BINDTYPE op ID {} IMPL auto_sel LATENCY 0 OPTYPE select PRAGMA {} RTLNAME v_3_fu_777_p3 SOURCE conv1.cpp:25 VARIABLE v_3 LOOP VITIS_LOOP_15_1_VITIS_LOOP_16_2 BUNDLEDNAME {} DSP 0 BRAM 0 URAM 0 STORAGESUBTYPE {} DISPNAME {bind_op select} VISIBLE false} {BINDTYPE op ID {} IMPL maxdsp LATENCY 3 OPTYPE fmul PRAGMA {} RTLNAME fmul_32ns_32ns_32_4_max_dsp_1_U4 SOURCE conv1.cpp:26 VARIABLE mul_3 LOOP VITIS_LOOP_15_1_VITIS_LOOP_16_2 BUNDLEDNAME {} DSP 3 BRAM 0 URAM 0 STORAGESUBTYPE {} DISPNAME {bind_op fmul} VISIBLE true} {BINDTYPE op ID {} IMPL fulldsp LATENCY 4 OPTYPE fadd PRAGMA {} RTLNAME fadd_32ns_32ns_32_5_full_dsp_1_U2 SOURCE conv1.cpp:26 VARIABLE acc_4 LOOP VITIS_LOOP_15_1_VITIS_LOOP_16_2 BUNDLEDNAME {} DSP 2 BRAM 0 URAM 0 STORAGESUBTYPE {} DISPNAME {bind_op fadd} VISIBLE true} {BINDTYPE op ID {} IMPL fabric LATENCY 0 OPTYPE add PRAGMA {} RTLNAME add_ln24_2_fu_590_p2 SOURCE conv1.cpp:24 VARIABLE add_ln24_2 LOOP VITIS_LOOP_15_1_VITIS_LOOP_16_2 BUNDLEDNAME {} DSP 0 BRAM 0 URAM 0 STORAGESUBTYPE {} DISPNAME {bind_op add} VISIBLE true} {BINDTYPE op ID {} IMPL fabric LATENCY 0 OPTYPE add PRAGMA {} RTLNAME add_ln25_3_fu_785_p2 SOURCE conv1.cpp:25 VARIABLE add_ln25_3 LOOP VITIS_LOOP_15_1_VITIS_LOOP_16_2 BUNDLEDNAME {} DSP 0 BRAM 0 URAM 0 STORAGESUBTYPE {} DISPNAME {bind_op add} VISIBLE true} {BINDTYPE op ID {} IMPL auto_sel LATENCY 0 OPTYPE select PRAGMA {} RTLNAME v_4_fu_862_p3 SOURCE conv1.cpp:25 VARIABLE v_4 LOOP VITIS_LOOP_15_1_VITIS_LOOP_16_2 BUNDLEDNAME {} DSP 0 BRAM 0 URAM 0 STORAGESUBTYPE {} DISPNAME {bind_op select} VISIBLE false} {BINDTYPE op ID {} IMPL maxdsp LATENCY 3 OPTYPE fmul PRAGMA {} RTLNAME fmul_32ns_32ns_32_4_max_dsp_1_U3 SOURCE conv1.cpp:26 VARIABLE mul_4 LOOP VITIS_LOOP_15_1_VITIS_LOOP_16_2 BUNDLEDNAME {} DSP 3 BRAM 0 URAM 0 STORAGESUBTYPE {} DISPNAME {bind_op fmul} VISIBLE true} {BINDTYPE op ID {} IMPL fulldsp LATENCY 4 OPTYPE fadd PRAGMA {} RTLNAME fadd_32ns_32ns_32_5_full_dsp_1_U1 SOURCE conv1.cpp:26 VARIABLE acc_5 LOOP VITIS_LOOP_15_1_VITIS_LOOP_16_2 BUNDLEDNAME {} DSP 2 BRAM 0 URAM 0 STORAGESUBTYPE {} DISPNAME {bind_op fadd} VISIBLE true} {BINDTYPE op ID {} IMPL auto_sel LATENCY 0 OPTYPE select PRAGMA {} RTLNAME v_5_fu_720_p3 SOURCE conv1.cpp:25 VARIABLE v_5 LOOP VITIS_LOOP_15_1_VITIS_LOOP_16_2 BUNDLEDNAME {} DSP 0 BRAM 0 URAM 0 STORAGESUBTYPE {} DISPNAME {bind_op select} VISIBLE false} {BINDTYPE op ID {} IMPL maxdsp LATENCY 3 OPTYPE fmul PRAGMA {} RTLNAME fmul_32ns_32ns_32_4_max_dsp_1_U4 SOURCE conv1.cpp:26 VARIABLE mul_1 LOOP VITIS_LOOP_15_1_VITIS_LOOP_16_2 BUNDLEDNAME {} DSP 3 BRAM 0 URAM 0 STORAGESUBTYPE {} DISPNAME {bind_op fmul} VISIBLE true} {BINDTYPE op ID {} IMPL fulldsp LATENCY 4 OPTYPE fadd PRAGMA {} RTLNAME fadd_32ns_32ns_32_5_full_dsp_1_U2 SOURCE conv1.cpp:26 VARIABLE acc_6 LOOP VITIS_LOOP_15_1_VITIS_LOOP_16_2 BUNDLEDNAME {} DSP 2 BRAM 0 URAM 0 STORAGESUBTYPE {} DISPNAME {bind_op fadd} VISIBLE true} {BINDTYPE op ID {} IMPL auto_sel LATENCY 0 OPTYPE select PRAGMA {} RTLNAME v_6_fu_799_p3 SOURCE conv1.cpp:25 VARIABLE v_6 LOOP VITIS_LOOP_15_1_VITIS_LOOP_16_2 BUNDLEDNAME {} DSP 0 BRAM 0 URAM 0 STORAGESUBTYPE {} DISPNAME {bind_op select} VISIBLE false} {BINDTYPE op ID {} IMPL maxdsp LATENCY 3 OPTYPE fmul PRAGMA {} RTLNAME fmul_32ns_32ns_32_4_max_dsp_1_U3 SOURCE conv1.cpp:26 VARIABLE mul_1_1 LOOP VITIS_LOOP_15_1_VITIS_LOOP_16_2 BUNDLEDNAME {} DSP 3 BRAM 0 URAM 0 STORAGESUBTYPE {} DISPNAME {bind_op fmul} VISIBLE true} {BINDTYPE op ID {} IMPL fulldsp LATENCY 4 OPTYPE fadd PRAGMA {} RTLNAME fadd_32ns_32ns_32_5_full_dsp_1_U1 SOURCE conv1.cpp:26 VARIABLE acc_7 LOOP VITIS_LOOP_15_1_VITIS_LOOP_16_2 BUNDLEDNAME {} DSP 2 BRAM 0 URAM 0 STORAGESUBTYPE {} DISPNAME {bind_op fadd} VISIBLE true} {BINDTYPE op ID {} IMPL maxdsp LATENCY 3 OPTYPE fmul PRAGMA {} RTLNAME fmul_32ns_32ns_32_4_max_dsp_1_U4 SOURCE conv1.cpp:26 VARIABLE mul_1_2 LOOP VITIS_LOOP_15_1_VITIS_LOOP_16_2 BUNDLEDNAME {} DSP 3 BRAM 0 URAM 0 STORAGESUBTYPE {} DISPNAME {bind_op fmul} VISIBLE true} {BINDTYPE op ID {} IMPL fulldsp LATENCY 4 OPTYPE fadd PRAGMA {} RTLNAME fadd_32ns_32ns_32_5_full_dsp_1_U2 SOURCE conv1.cpp:26 VARIABLE acc_8 LOOP VITIS_LOOP_15_1_VITIS_LOOP_16_2 BUNDLEDNAME {} DSP 2 BRAM 0 URAM 0 STORAGESUBTYPE {} DISPNAME {bind_op fadd} VISIBLE true} {BINDTYPE op ID {} IMPL auto_sel LATENCY 0 OPTYPE select PRAGMA {} RTLNAME v_8_fu_874_p3 SOURCE conv1.cpp:25 VARIABLE v_8 LOOP VITIS_LOOP_15_1_VITIS_LOOP_16_2 BUNDLEDNAME {} DSP 0 BRAM 0 URAM 0 STORAGESUBTYPE {} DISPNAME {bind_op select} VISIBLE false} {BINDTYPE op ID {} IMPL maxdsp LATENCY 3 OPTYPE fmul PRAGMA {} RTLNAME fmul_32ns_32ns_32_4_max_dsp_1_U3 SOURCE conv1.cpp:26 VARIABLE mul_1_3 LOOP VITIS_LOOP_15_1_VITIS_LOOP_16_2 BUNDLEDNAME {} DSP 3 BRAM 0 URAM 0 STORAGESUBTYPE {} DISPNAME {bind_op fmul} VISIBLE true} {BINDTYPE op ID {} IMPL fulldsp LATENCY 4 OPTYPE fadd PRAGMA {} RTLNAME fadd_32ns_32ns_32_5_full_dsp_1_U1 SOURCE conv1.cpp:26 VARIABLE acc_9 LOOP VITIS_LOOP_15_1_VITIS_LOOP_16_2 BUNDLEDNAME {} DSP 2 BRAM 0 URAM 0 STORAGESUBTYPE {} DISPNAME {bind_op fadd} VISIBLE true} {BINDTYPE op ID {} IMPL auto_sel LATENCY 0 OPTYPE select PRAGMA {} RTLNAME v_9_fu_885_p3 SOURCE conv1.cpp:25 VARIABLE v_9 LOOP VITIS_LOOP_15_1_VITIS_LOOP_16_2 BUNDLEDNAME {} DSP 0 BRAM 0 URAM 0 STORAGESUBTYPE {} DISPNAME {bind_op select} VISIBLE false} {BINDTYPE op ID {} IMPL maxdsp LATENCY 3 OPTYPE fmul PRAGMA {} RTLNAME fmul_32ns_32ns_32_4_max_dsp_1_U4 SOURCE conv1.cpp:26 VARIABLE mul_1_4 LOOP VITIS_LOOP_15_1_VITIS_LOOP_16_2 BUNDLEDNAME {} DSP 3 BRAM 0 URAM 0 STORAGESUBTYPE {} DISPNAME {bind_op fmul} VISIBLE true} {BINDTYPE op ID {} IMPL fulldsp LATENCY 4 OPTYPE fadd PRAGMA {} RTLNAME fadd_32ns_32ns_32_5_full_dsp_1_U2 SOURCE conv1.cpp:26 VARIABLE acc_10 LOOP VITIS_LOOP_15_1_VITIS_LOOP_16_2 BUNDLEDNAME {} DSP 2 BRAM 0 URAM 0 STORAGESUBTYPE {} DISPNAME {bind_op fadd} VISIBLE true} {BINDTYPE op ID {} IMPL fabric LATENCY 0 OPTYPE add PRAGMA {} RTLNAME add_ln15_1_fu_806_p2 SOURCE conv1.cpp:15 VARIABLE add_ln15_1 LOOP VITIS_LOOP_15_1_VITIS_LOOP_16_2 BUNDLEDNAME {} DSP 0 BRAM 0 URAM 0 STORAGESUBTYPE {} DISPNAME {bind_op add} VISIBLE true} {BINDTYPE op ID {} IMPL auto LATENCY 0 OPTYPE seteq PRAGMA {} RTLNAME icmp_ln16_fu_812_p2 SOURCE conv1.cpp:16 VARIABLE icmp_ln16 LOOP VITIS_LOOP_15_1_VITIS_LOOP_16_2 BUNDLEDNAME {} DSP 0 BRAM 0 URAM 0 STORAGESUBTYPE {} DISPNAME {bind_op seteq} VISIBLE false} {BINDTYPE op ID {} IMPL auto LATENCY 0 OPTYPE seteq PRAGMA {} RTLNAME icmp_ln15_fu_817_p2 SOURCE conv1.cpp:15 VARIABLE icmp_ln15 LOOP VITIS_LOOP_15_1_VITIS_LOOP_16_2 BUNDLEDNAME {} DSP 0 BRAM 0 URAM 0 STORAGESUBTYPE {} DISPNAME {bind_op seteq} VISIBLE false}} AREA {DSP 10 BRAM 0 URAM 0}}}}'
INFO-FLOW: DBG:PUTS:      update_csynth_reports json2rpt_hw_sw_interfaces
INFO-FLOW: Running: gen_csynth_sec_pragma
INFO-FLOW: Done: gen_csynth_sec_pragma time: 0 seconds per iteration
INFO-FLOW: DBG:PUTS:      update_csynth_reports wrote xml
INFO-FLOW: DBG:PUTS:      update_csynth_reports appended to csynth rpt file
INFO: [HLS 200-111] Finished Updating report files: CPU user time: 1 seconds. CPU system time: 1 seconds. Elapsed time: 1.887 seconds; current allocated memory: 214.719 MB.
INFO: [VHDL 208-304] Generating VHDL RTL for conv1_1d.
INFO: [VLOG 209-307] Generating Verilog RTL for conv1_1d.
Execute       syn_report -model conv1_1d -printsummary 
INFO: [HLS 200-790] **** Loop Constraint Status: All loop constraints were NOT satisfied.
INFO: [HLS 200-789] **** Estimated Fmax: 118.71 MHz
Command     autosyn done; 4.719 sec.
Command   csynth_design done; 16.38 sec.
Execute   close_project 
Execute     close_solution 
Execute       cleanup_all 
Execute       cleanup_all 
