

================================================================
== Vitis HLS Report for 'conv2_1d'
================================================================
* Date:           Wed Jul 22 22:11:40 2026

* Version:        2025.1 (Build 6135595 on May 21 2025)
* Project:        conv2
* Solution:       hls (Vivado IP Flow Target)
* Product family: zynq
* Target device:  xc7z020-clg400-1


================================================================
== Performance Estimates
================================================================
+ Timing: 
    * Summary: 
    +--------+----------+----------+------------+
    |  Clock |  Target  | Estimated| Uncertainty|
    +--------+----------+----------+------------+
    |ap_clk  |  12.00 ns|  7.855 ns|     3.24 ns|
    +--------+----------+----------+------------+

+ Latency: 
    * Summary: 
    +---------+---------+----------+----------+-------+-------+-------------------------------------------------+
    |  Latency (cycles) |  Latency (absolute) |    Interval   |                     Pipeline                    |
    |   min   |   max   |    min   |    max   |  min  |  max  |                       Type                      |
    +---------+---------+----------+----------+-------+-------+-------------------------------------------------+
    |    12513|    12513|  0.150 ms|  0.150 ms|  12335|  12335|  loop auto-rewind stp (delay=47 clock cycles(s))|
    +---------+---------+----------+----------+-------+-------+-------------------------------------------------+

    + Detail: 
        * Instance: 
        N/A

        * Loop: 
        +-----------------------------------+---------+---------+----------+-----------+-----------+------+----------+
        |                                   |  Latency (cycles) | Iteration|  Initiation Interval  | Trip |          |
        |             Loop Name             |   min   |   max   |  Latency |  achieved |   target  | Count| Pipelined|
        +-----------------------------------+---------+---------+----------+-----------+-----------+------+----------+
        |- VITIS_LOOP_16_1_VITIS_LOOP_17_2  |    12511|    12511|       248|         24|          1|   512|       yes|
        +-----------------------------------+---------+---------+----------+-----------+-----------+------+----------+

============================================================
+ Verbose Summary: Synthesis Manager
============================================================
InlineROM: 1
ExposeGlobal: 0
============================================================
+ Verbose Summary: CDFG Model
============================================================
IsTopModel: 1
ResetActiveHigh: 1
IsCombinational: 2
IsDatapathOnly: 0
HasWiredReturn: 1
HasMFsm: 2
HasVarLatency: 1
IsPipeline: 0
IsRtlPipelined: 0
IsInstanceOverlapped: 0
IsDontTouch: 0
HasImplIP: 0
IsGatedGlobalClock: 0

+ Individual pipeline summary: 
  * Pipeline-0: initiation interval (II) = 24, depth = 248


============================================================
+ Verbose Summary: Schedule
============================================================
* Number of FSM states : 248
* Pipeline : 1
  Pipeline-0 : II = 24, D = 248, States = { 1 2 3 4 5 6 7 8 9 10 11 12 13 14 15 16 17 18 19 20 21 22 23 24 25 26 27 28 29 30 31 32 33 34 35 36 37 38 39 40 41 42 43 44 45 46 47 48 49 50 51 52 53 54 55 56 57 58 59 60 61 62 63 64 65 66 67 68 69 70 71 72 73 74 75 76 77 78 79 80 81 82 83 84 85 86 87 88 89 90 91 92 93 94 95 96 97 98 99 100 101 102 103 104 105 106 107 108 109 110 111 112 113 114 115 116 117 118 119 120 121 122 123 124 125 126 127 128 129 130 131 132 133 134 135 136 137 138 139 140 141 142 143 144 145 146 147 148 149 150 151 152 153 154 155 156 157 158 159 160 161 162 163 164 165 166 167 168 169 170 171 172 173 174 175 176 177 178 179 180 181 182 183 184 185 186 187 188 189 190 191 192 193 194 195 196 197 198 199 200 201 202 203 204 205 206 207 208 209 210 211 212 213 214 215 216 217 218 219 220 221 222 223 224 225 226 227 228 229 230 231 232 233 234 235 236 237 238 239 240 241 242 243 244 245 246 247 248 }
* Dataflow Pipeline: 0

* FSM state transitions: 
1 --> 2 
2 --> 3 
3 --> 4 
4 --> 5 
5 --> 6 
6 --> 7 
7 --> 8 
8 --> 9 
9 --> 10 
10 --> 11 
11 --> 12 
12 --> 13 
13 --> 14 
14 --> 15 
15 --> 16 
16 --> 17 
17 --> 18 
18 --> 19 
19 --> 20 
20 --> 21 
21 --> 22 
22 --> 23 
23 --> 24 
24 --> 25 
25 --> 26 
26 --> 27 
27 --> 28 
28 --> 29 
29 --> 30 
30 --> 31 
31 --> 32 
32 --> 33 
33 --> 34 
34 --> 35 
35 --> 36 
36 --> 37 
37 --> 38 
38 --> 39 
39 --> 40 
40 --> 41 
41 --> 42 
42 --> 43 
43 --> 44 
44 --> 45 
45 --> 46 
46 --> 47 
47 --> 48 
48 --> 49 
49 --> 50 
50 --> 51 
51 --> 52 
52 --> 53 
53 --> 54 
54 --> 55 
55 --> 56 
56 --> 57 
57 --> 58 
58 --> 59 
59 --> 60 
60 --> 61 
61 --> 62 
62 --> 63 
63 --> 64 
64 --> 65 
65 --> 66 
66 --> 67 
67 --> 68 
68 --> 69 
69 --> 70 
70 --> 71 
71 --> 72 
72 --> 73 
73 --> 74 
74 --> 75 
75 --> 76 
76 --> 77 
77 --> 78 
78 --> 79 
79 --> 80 
80 --> 81 
81 --> 82 
82 --> 83 
83 --> 84 
84 --> 85 
85 --> 86 
86 --> 87 
87 --> 88 
88 --> 89 
89 --> 90 
90 --> 91 
91 --> 92 
92 --> 93 
93 --> 94 
94 --> 95 
95 --> 96 
96 --> 97 
97 --> 98 
98 --> 99 
99 --> 100 
100 --> 101 
101 --> 102 
102 --> 103 
103 --> 104 
104 --> 105 
105 --> 106 
106 --> 107 
107 --> 108 
108 --> 109 
109 --> 110 
110 --> 111 
111 --> 112 
112 --> 113 
113 --> 114 
114 --> 115 
115 --> 116 
116 --> 117 
117 --> 118 
118 --> 119 
119 --> 120 
120 --> 121 
121 --> 122 
122 --> 123 
123 --> 124 
124 --> 125 
125 --> 126 
126 --> 127 
127 --> 128 
128 --> 129 
129 --> 130 
130 --> 131 
131 --> 132 
132 --> 133 
133 --> 134 
134 --> 135 
135 --> 136 
136 --> 137 
137 --> 138 
138 --> 139 
139 --> 140 
140 --> 141 
141 --> 142 
142 --> 143 
143 --> 144 
144 --> 145 
145 --> 146 
146 --> 147 
147 --> 148 
148 --> 149 
149 --> 150 
150 --> 151 
151 --> 152 
152 --> 153 
153 --> 154 
154 --> 155 
155 --> 156 
156 --> 157 
157 --> 158 
158 --> 159 
159 --> 160 
160 --> 161 
161 --> 162 
162 --> 163 
163 --> 164 
164 --> 165 
165 --> 166 
166 --> 167 
167 --> 168 
168 --> 169 
169 --> 170 
170 --> 171 
171 --> 172 
172 --> 173 
173 --> 174 
174 --> 175 
175 --> 176 
176 --> 177 
177 --> 178 
178 --> 179 
179 --> 180 
180 --> 181 
181 --> 182 
182 --> 183 
183 --> 184 
184 --> 185 
185 --> 186 
186 --> 187 
187 --> 188 
188 --> 189 
189 --> 190 
190 --> 191 
191 --> 192 
192 --> 193 
193 --> 194 
194 --> 195 
195 --> 196 
196 --> 197 
197 --> 198 
198 --> 199 
199 --> 200 
200 --> 201 
201 --> 202 
202 --> 203 
203 --> 204 
204 --> 205 
205 --> 206 
206 --> 207 
207 --> 208 
208 --> 209 
209 --> 210 
210 --> 211 
211 --> 212 
212 --> 213 
213 --> 214 
214 --> 215 
215 --> 216 
216 --> 217 
217 --> 218 
218 --> 219 
219 --> 220 
220 --> 221 
221 --> 222 
222 --> 223 
223 --> 224 
224 --> 225 
225 --> 226 
226 --> 227 
227 --> 228 
228 --> 229 
229 --> 230 
230 --> 231 
231 --> 232 
232 --> 233 
233 --> 234 
234 --> 235 
235 --> 236 
236 --> 237 
237 --> 238 
238 --> 239 
239 --> 240 
240 --> 241 
241 --> 242 
242 --> 243 
243 --> 244 
244 --> 245 
245 --> 246 
246 --> 247 
247 --> 248 
248 --> 

* FSM state operations: 

State 1 <SV = 0> <Delay = 7.85>
ST_1 : Operation 251 [1/1] (0.00ns)   --->   "%indvar_flatten1 = alloca i32 1"   --->   Operation 251 'alloca' 'indvar_flatten1' <Predicate = true> <Delay = 0.00>
ST_1 : Operation 252 [1/1] (0.00ns)   --->   "%oc2 = alloca i32 1"   --->   Operation 252 'alloca' 'oc2' <Predicate = true> <Delay = 0.00>
ST_1 : Operation 253 [1/1] (0.00ns)   --->   "%o3 = alloca i32 1"   --->   Operation 253 'alloca' 'o3' <Predicate = true> <Delay = 0.00>
ST_1 : Operation 254 [1/1] (0.00ns)   --->   "%spectopmodule_ln7 = spectopmodule void @_ssdm_op_SpecTopModule, void @empty_1" [conv2.cpp:7]   --->   Operation 254 'spectopmodule' 'spectopmodule_ln7' <Predicate = true> <Delay = 0.00>
ST_1 : Operation 255 [1/1] (0.00ns)   --->   "%specinterface_ln0 = specinterface void @_ssdm_op_SpecInterface, i32 %inputs, void @empty, i32 0, i32 0, void @empty_0, i32 4294967295, i32 0, void @empty_0, void @empty_0, void @empty_0, i32 0, i32 0, i32 0, i32 0, void @empty_0, void @empty_0, i32 4294967295, i32 0, i32 0"   --->   Operation 255 'specinterface' 'specinterface_ln0' <Predicate = true> <Delay = 0.00>
ST_1 : Operation 256 [1/1] (0.00ns)   --->   "%specbitsmap_ln0 = specbitsmap void @_ssdm_op_SpecBitsMap, i32 %inputs"   --->   Operation 256 'specbitsmap' 'specbitsmap_ln0' <Predicate = true> <Delay = 0.00>
ST_1 : Operation 257 [1/1] (0.00ns)   --->   "%specinterface_ln0 = specinterface void @_ssdm_op_SpecInterface, i32 %outputs, void @empty, i32 0, i32 0, void @empty_0, i32 4294967295, i32 0, void @empty_0, void @empty_0, void @empty_0, i32 0, i32 0, i32 0, i32 0, void @empty_0, void @empty_0, i32 4294967295, i32 0, i32 0"   --->   Operation 257 'specinterface' 'specinterface_ln0' <Predicate = true> <Delay = 0.00>
ST_1 : Operation 258 [1/1] (0.00ns)   --->   "%specbitsmap_ln0 = specbitsmap void @_ssdm_op_SpecBitsMap, i32 %outputs"   --->   Operation 258 'specbitsmap' 'specbitsmap_ln0' <Predicate = true> <Delay = 0.00>
ST_1 : Operation 259 [1/1] (0.00ns)   --->   "%specinterface_ln0 = specinterface void @_ssdm_op_SpecInterface, i32 %weights, void @empty, i32 0, i32 0, void @empty_0, i32 4294967295, i32 0, void @empty_0, void @empty_0, void @empty_0, i32 0, i32 0, i32 0, i32 0, void @empty_0, void @empty_0, i32 4294967295, i32 0, i32 0"   --->   Operation 259 'specinterface' 'specinterface_ln0' <Predicate = true> <Delay = 0.00>
ST_1 : Operation 260 [1/1] (0.00ns)   --->   "%specbitsmap_ln0 = specbitsmap void @_ssdm_op_SpecBitsMap, i32 %weights"   --->   Operation 260 'specbitsmap' 'specbitsmap_ln0' <Predicate = true> <Delay = 0.00>
ST_1 : Operation 261 [1/1] (0.00ns)   --->   "%specinterface_ln0 = specinterface void @_ssdm_op_SpecInterface, i32 %bias, void @empty, i32 0, i32 0, void @empty_0, i32 4294967295, i32 0, void @empty_0, void @empty_0, void @empty_0, i32 0, i32 0, i32 0, i32 0, void @empty_0, void @empty_0, i32 4294967295, i32 0, i32 0"   --->   Operation 261 'specinterface' 'specinterface_ln0' <Predicate = true> <Delay = 0.00>
ST_1 : Operation 262 [1/1] (0.00ns)   --->   "%specbitsmap_ln0 = specbitsmap void @_ssdm_op_SpecBitsMap, i32 %bias"   --->   Operation 262 'specbitsmap' 'specbitsmap_ln0' <Predicate = true> <Delay = 0.00>
ST_1 : Operation 263 [1/1] (1.58ns)   --->   "%store_ln0 = store i5 0, i5 %o3"   --->   Operation 263 'store' 'store_ln0' <Predicate = true> <Delay = 1.58>
ST_1 : Operation 264 [1/1] (1.58ns)   --->   "%store_ln0 = store i6 0, i6 %oc2"   --->   Operation 264 'store' 'store_ln0' <Predicate = true> <Delay = 1.58>
ST_1 : Operation 265 [1/1] (1.58ns)   --->   "%store_ln0 = store i9 0, i9 %indvar_flatten1"   --->   Operation 265 'store' 'store_ln0' <Predicate = true> <Delay = 1.58>
ST_1 : Operation 266 [1/1] (1.58ns)   --->   "%br_ln0 = br void %for.inc36"   --->   Operation 266 'br' 'br_ln0' <Predicate = true> <Delay = 1.58>
ST_1 : Operation 267 [1/1] (0.00ns)   --->   "%icmp_ln174 = phi i1 0, void %entry, i1 %icmp_ln17, void %for.inc36" [conv2.cpp:17]   --->   Operation 267 'phi' 'icmp_ln174' <Predicate = true> <Delay = 0.00>
ST_1 : Operation 268 [1/1] (0.00ns)   --->   "%oc2_load = load i6 %oc2" [conv2.cpp:16]   --->   Operation 268 'load' 'oc2_load' <Predicate = true> <Delay = 0.00>
ST_1 : Operation 269 [1/1] (0.00ns)   --->   "%o3_load = load i5 %o3" [conv2.cpp:16]   --->   Operation 269 'load' 'o3_load' <Predicate = true> <Delay = 0.00>
ST_1 : Operation 270 [1/1] (1.82ns)   --->   "%add_ln16 = add i6 %oc2_load, i6 1" [conv2.cpp:16]   --->   Operation 270 'add' 'add_ln16' <Predicate = true> <Delay = 1.82> <CoreInst = "Adder">   --->   Core 1 'Adder' <Latency = 0> <II = 1> <Delay = 1.82> <FuncUnit> <Opcode : 'add' 'sub'> <InPorts = 2> <OutPorts = 1>
ST_1 : Operation 271 [1/1] (1.21ns)   --->   "%select_ln16 = select i1 %icmp_ln174, i5 0, i5 %o3_load" [conv2.cpp:16]   --->   Operation 271 'select' 'select_ln16' <Predicate = true> <Delay = 1.21> <CoreInst = "Sel">   --->   Core 73 'Sel' <Latency = 0> <II = 1> <Delay = 1.21> <FuncUnit> <Opcode : 'select'> <InPorts = 3> <OutPorts = 1>
ST_1 : Operation 272 [1/1] (1.18ns)   --->   "%oc = select i1 %icmp_ln174, i6 %add_ln16, i6 %oc2_load" [conv2.cpp:16]   --->   Operation 272 'select' 'oc' <Predicate = true> <Delay = 1.18> <CoreInst = "Sel">   --->   Core 73 'Sel' <Latency = 0> <II = 1> <Delay = 1.18> <FuncUnit> <Opcode : 'select'> <InPorts = 3> <OutPorts = 1>
ST_1 : Operation 273 [1/1] (0.00ns)   --->   "%trunc_ln16 = trunc i6 %oc" [conv2.cpp:16]   --->   Operation 273 'trunc' 'trunc_ln16' <Predicate = true> <Delay = 0.00>
ST_1 : Operation 274 [1/1] (0.00ns)   --->   "%zext_ln16 = zext i6 %oc" [conv2.cpp:16]   --->   Operation 274 'zext' 'zext_ln16' <Predicate = true> <Delay = 0.00>
ST_1 : Operation 275 [1/1] (0.00ns)   --->   "%bias_addr = getelementptr i32 %bias, i64 0, i64 %zext_ln16" [conv2.cpp:16]   --->   Operation 275 'getelementptr' 'bias_addr' <Predicate = true> <Delay = 0.00>
ST_1 : Operation 276 [2/2] (3.25ns)   --->   "%bias_load = load i5 %bias_addr" [conv2.cpp:16]   --->   Operation 276 'load' 'bias_load' <Predicate = true> <Delay = 3.25> <CoreInst = "RAM">   --->   Core 81 'RAM' <Latency = 1> <II = 1> <Delay = 3.25> <Storage> <Opcode : 'load' 'store'> <Ports = 2> <Width = 32> <Depth = 32> <RAM>
ST_1 : Operation 277 [1/1] (0.00ns)   --->   "%zext_ln17 = zext i5 %select_ln16" [conv2.cpp:17]   --->   Operation 277 'zext' 'zext_ln17' <Predicate = true> <Delay = 0.00>
ST_1 : Operation 278 [1/1] (0.00ns)   --->   "%inputs_addr_1 = getelementptr i32 %inputs, i64 0, i64 %zext_ln17" [conv2.cpp:26]   --->   Operation 278 'getelementptr' 'inputs_addr_1' <Predicate = true> <Delay = 0.00>
ST_1 : Operation 279 [1/1] (0.00ns)   --->   "%bit_sel1 = bitselect i1 @_ssdm_op_BitSelect.i1.i5.i5, i5 %select_ln16, i5 4" [conv2.cpp:26]   --->   Operation 279 'bitselect' 'bit_sel1' <Predicate = true> <Delay = 0.00>
ST_1 : Operation 280 [1/1] (0.00ns)   --->   "%trunc_ln26 = trunc i5 %select_ln16" [conv2.cpp:26]   --->   Operation 280 'trunc' 'trunc_ln26' <Predicate = true> <Delay = 0.00>
ST_1 : Operation 281 [1/1] (1.78ns)   --->   "%empty_101 = add i5 %select_ln16, i5 31" [conv2.cpp:16]   --->   Operation 281 'add' 'empty_101' <Predicate = true> <Delay = 1.78> <CoreInst = "Adder">   --->   Core 1 'Adder' <Latency = 0> <II = 1> <Delay = 1.78> <FuncUnit> <Opcode : 'add' 'sub'> <InPorts = 2> <OutPorts = 1>
ST_1 : Operation 282 [1/1] (0.00ns)   --->   "%sext_ln26 = sext i5 %empty_101" [conv2.cpp:26]   --->   Operation 282 'sext' 'sext_ln26' <Predicate = true> <Delay = 0.00>
ST_1 : Operation 283 [1/1] (0.00ns)   --->   "%inputs_addr = getelementptr i32 %inputs, i64 0, i64 %sext_ln26" [conv2.cpp:26]   --->   Operation 283 'getelementptr' 'inputs_addr' <Predicate = true> <Delay = 0.00>
ST_1 : Operation 284 [1/1] (0.00ns)   --->   "%tmp_28 = bitselect i1 @_ssdm_op_BitSelect.i1.i5.i32, i5 %empty_101, i32 4" [conv2.cpp:26]   --->   Operation 284 'bitselect' 'tmp_28' <Predicate = true> <Delay = 0.00>
ST_1 : Operation 285 [2/2] (3.25ns)   --->   "%inputs_load = load i8 %inputs_addr" [conv2.cpp:26]   --->   Operation 285 'load' 'inputs_load' <Predicate = true> <Delay = 3.25> <CoreInst = "RAM">   --->   Core 81 'RAM' <Latency = 1> <II = 1> <Delay = 3.25> <Storage> <Opcode : 'load' 'store'> <Ports = 2> <Width = 32> <Depth = 256> <RAM>
ST_1 : Operation 286 [2/2] (3.25ns)   --->   "%inputs_load_1 = load i8 %inputs_addr_1" [conv2.cpp:26]   --->   Operation 286 'load' 'inputs_load_1' <Predicate = true> <Delay = 3.25> <CoreInst = "RAM">   --->   Core 81 'RAM' <Latency = 1> <II = 1> <Delay = 3.25> <Storage> <Opcode : 'load' 'store'> <Ports = 2> <Width = 32> <Depth = 256> <RAM>
ST_1 : Operation 287 [1/1] (1.58ns)   --->   "%store_ln16 = store i6 %oc, i6 %oc2" [conv2.cpp:16]   --->   Operation 287 'store' 'store_ln16' <Predicate = true> <Delay = 1.58>

State 2 <SV = 1> <Delay = 5.03>
ST_2 : Operation 288 [1/1] (0.00ns)   --->   "%p_shl1 = bitconcatenate i12 @_ssdm_op_BitConcatenate.i12.i6.i6, i6 %oc, i6 0" [conv2.cpp:16]   --->   Operation 288 'bitconcatenate' 'p_shl1' <Predicate = true> <Delay = 0.00>
ST_2 : Operation 289 [1/1] (0.00ns)   --->   "%tmp_1 = bitconcatenate i10 @_ssdm_op_BitConcatenate.i10.i6.i4, i6 %oc, i4 0" [conv2.cpp:16]   --->   Operation 289 'bitconcatenate' 'tmp_1' <Predicate = true> <Delay = 0.00>
ST_2 : Operation 290 [1/1] (0.00ns)   --->   "%p_shl238 = zext i10 %tmp_1" [conv2.cpp:16]   --->   Operation 290 'zext' 'p_shl238' <Predicate = true> <Delay = 0.00>
ST_2 : Operation 291 [1/1] (1.54ns)   --->   "%empty = sub i12 %p_shl1, i12 %p_shl238" [conv2.cpp:16]   --->   Operation 291 'sub' 'empty' <Predicate = true> <Delay = 1.54> <CoreInst = "Adder">   --->   Core 1 'Adder' <Latency = 0> <II = 1> <Delay = 1.54> <FuncUnit> <Opcode : 'add' 'sub'> <InPorts = 2> <OutPorts = 1>
ST_2 : Operation 292 [1/1] (0.00ns)   --->   "%p_cast30 = zext i12 %empty" [conv2.cpp:16]   --->   Operation 292 'zext' 'p_cast30' <Predicate = true> <Delay = 0.00>
ST_2 : Operation 293 [1/1] (0.00ns)   --->   "%weights_addr = getelementptr i32 %weights, i64 0, i64 %p_cast30" [conv2.cpp:16]   --->   Operation 293 'getelementptr' 'weights_addr' <Predicate = true> <Delay = 0.00>
ST_2 : Operation 294 [1/1] (0.00ns)   --->   "%tmp_1_cast = partselect i10 @_ssdm_op_PartSelect.i10.i12.i32.i32, i12 %empty, i32 1, i32 10" [conv2.cpp:16]   --->   Operation 294 'partselect' 'tmp_1_cast' <Predicate = true> <Delay = 0.00>
ST_2 : Operation 295 [1/1] (0.00ns)   --->   "%tmp_2 = bitconcatenate i11 @_ssdm_op_BitConcatenate.i11.i10.i1, i10 %tmp_1_cast, i1 1" [conv2.cpp:16]   --->   Operation 295 'bitconcatenate' 'tmp_2' <Predicate = true> <Delay = 0.00>
ST_2 : Operation 296 [1/1] (0.00ns)   --->   "%tmp_2_cast = zext i11 %tmp_2" [conv2.cpp:16]   --->   Operation 296 'zext' 'tmp_2_cast' <Predicate = true> <Delay = 0.00>
ST_2 : Operation 297 [1/1] (0.00ns)   --->   "%weights_addr_1 = getelementptr i32 %weights, i64 0, i64 %tmp_2_cast" [conv2.cpp:16]   --->   Operation 297 'getelementptr' 'weights_addr_1' <Predicate = true> <Delay = 0.00>
ST_2 : Operation 298 [1/1] (0.00ns)   --->   "%tmp_3_cast = partselect i9 @_ssdm_op_PartSelect.i9.i12.i32.i32, i12 %empty, i32 2, i32 10" [conv2.cpp:16]   --->   Operation 298 'partselect' 'tmp_3_cast' <Predicate = true> <Delay = 0.00>
ST_2 : Operation 299 [1/2] ( I:3.25ns O:3.25ns )   --->   "%bias_load = load i5 %bias_addr" [conv2.cpp:16]   --->   Operation 299 'load' 'bias_load' <Predicate = true> <Delay = 3.25> <CoreInst = "RAM">   --->   Core 81 'RAM' <Latency = 1> <II = 1> <Delay = 3.25> <Storage> <Opcode : 'load' 'store'> <Ports = 2> <Width = 32> <Depth = 32> <RAM>
ST_2 : Operation 300 [2/2] (3.25ns)   --->   "%weights_load = load i11 %weights_addr" [conv2.cpp:16]   --->   Operation 300 'load' 'weights_load' <Predicate = true> <Delay = 3.25> <CoreInst = "RAM">   --->   Core 81 'RAM' <Latency = 1> <II = 1> <Delay = 3.25> <Storage> <Opcode : 'load' 'store'> <Ports = 2> <Width = 32> <Depth = 1536> <RAM>
ST_2 : Operation 301 [2/2] (3.25ns)   --->   "%weights_load_1 = load i11 %weights_addr_1" [conv2.cpp:16]   --->   Operation 301 'load' 'weights_load_1' <Predicate = true> <Delay = 3.25> <CoreInst = "RAM">   --->   Core 81 'RAM' <Latency = 1> <II = 1> <Delay = 3.25> <Storage> <Opcode : 'load' 'store'> <Ports = 2> <Width = 32> <Depth = 1536> <RAM>
ST_2 : Operation 302 [1/1] (1.78ns)   --->   "%add_ln26_6 = add i5 %select_ln16, i5 15" [conv2.cpp:26]   --->   Operation 302 'add' 'add_ln26_6' <Predicate = (!tmp_28)> <Delay = 1.78> <CoreInst = "Adder">   --->   Core 1 'Adder' <Latency = 0> <II = 1> <Delay = 1.78> <FuncUnit> <Opcode : 'add' 'sub'> <InPorts = 2> <OutPorts = 1>
ST_2 : Operation 303 [1/1] (0.00ns)   --->   "%zext_ln26_20 = zext i5 %add_ln26_6" [conv2.cpp:26]   --->   Operation 303 'zext' 'zext_ln26_20' <Predicate = (!tmp_28)> <Delay = 0.00>
ST_2 : Operation 304 [1/1] (0.00ns)   --->   "%inputs_addr_3 = getelementptr i32 %inputs, i64 0, i64 %zext_ln26_20" [conv2.cpp:26]   --->   Operation 304 'getelementptr' 'inputs_addr_3' <Predicate = (!tmp_28)> <Delay = 0.00>
ST_2 : Operation 305 [1/2] ( I:3.25ns O:3.25ns )   --->   "%inputs_load = load i8 %inputs_addr" [conv2.cpp:26]   --->   Operation 305 'load' 'inputs_load' <Predicate = true> <Delay = 3.25> <CoreInst = "RAM">   --->   Core 81 'RAM' <Latency = 1> <II = 1> <Delay = 3.25> <Storage> <Opcode : 'load' 'store'> <Ports = 2> <Width = 32> <Depth = 256> <RAM>
ST_2 : Operation 306 [1/2] ( I:3.25ns O:3.25ns )   --->   "%inputs_load_1 = load i8 %inputs_addr_1" [conv2.cpp:26]   --->   Operation 306 'load' 'inputs_load_1' <Predicate = true> <Delay = 3.25> <CoreInst = "RAM">   --->   Core 81 'RAM' <Latency = 1> <II = 1> <Delay = 3.25> <Storage> <Opcode : 'load' 'store'> <Ports = 2> <Width = 32> <Depth = 256> <RAM>
ST_2 : Operation 307 [1/1] (1.78ns)   --->   "%o = add i5 %select_ln16, i5 1" [conv2.cpp:25]   --->   Operation 307 'add' 'o' <Predicate = true> <Delay = 1.78> <CoreInst = "Adder">   --->   Core 1 'Adder' <Latency = 0> <II = 1> <Delay = 1.78> <FuncUnit> <Opcode : 'add' 'sub'> <InPorts = 2> <OutPorts = 1>
ST_2 : Operation 308 [1/1] (0.00ns)   --->   "%zext_ln26 = zext i5 %o" [conv2.cpp:26]   --->   Operation 308 'zext' 'zext_ln26' <Predicate = true> <Delay = 0.00>
ST_2 : Operation 309 [1/1] (0.00ns)   --->   "%inputs_addr_2 = getelementptr i32 %inputs, i64 0, i64 %zext_ln26" [conv2.cpp:26]   --->   Operation 309 'getelementptr' 'inputs_addr_2' <Predicate = true> <Delay = 0.00>
ST_2 : Operation 310 [1/1] (0.00ns)   --->   "%tmp_29 = bitselect i1 @_ssdm_op_BitSelect.i1.i5.i32, i5 %o, i32 4" [conv2.cpp:26]   --->   Operation 310 'bitselect' 'tmp_29' <Predicate = true> <Delay = 0.00>
ST_2 : Operation 311 [2/2] (3.25ns)   --->   "%inputs_load_2 = load i8 %inputs_addr_2" [conv2.cpp:26]   --->   Operation 311 'load' 'inputs_load_2' <Predicate = true> <Delay = 3.25> <CoreInst = "RAM">   --->   Core 81 'RAM' <Latency = 1> <II = 1> <Delay = 3.25> <Storage> <Opcode : 'load' 'store'> <Ports = 2> <Width = 32> <Depth = 256> <RAM>
ST_2 : Operation 312 [2/2] (3.25ns)   --->   "%inputs_load_3 = load i8 %inputs_addr_3" [conv2.cpp:26]   --->   Operation 312 'load' 'inputs_load_3' <Predicate = (!tmp_28)> <Delay = 3.25> <CoreInst = "RAM">   --->   Core 81 'RAM' <Latency = 1> <II = 1> <Delay = 3.25> <Storage> <Opcode : 'load' 'store'> <Ports = 2> <Width = 32> <Depth = 256> <RAM>
ST_2 : Operation 313 [1/1] (1.58ns)   --->   "%store_ln25 = store i5 %o, i5 %o3" [conv2.cpp:25]   --->   Operation 313 'store' 'store_ln25' <Predicate = true> <Delay = 1.58>

State 3 <SV = 2> <Delay = 5.07>
ST_3 : Operation 314 [1/1] (0.00ns)   --->   "%tmp_5 = bitconcatenate i11 @_ssdm_op_BitConcatenate.i11.i9.i2, i9 %tmp_3_cast, i2 2" [conv2.cpp:16]   --->   Operation 314 'bitconcatenate' 'tmp_5' <Predicate = true> <Delay = 0.00>
ST_3 : Operation 315 [1/1] (0.00ns)   --->   "%tmp_5_cast = zext i11 %tmp_5" [conv2.cpp:16]   --->   Operation 315 'zext' 'tmp_5_cast' <Predicate = true> <Delay = 0.00>
ST_3 : Operation 316 [1/1] (0.00ns)   --->   "%weights_addr_2 = getelementptr i32 %weights, i64 0, i64 %tmp_5_cast" [conv2.cpp:16]   --->   Operation 316 'getelementptr' 'weights_addr_2' <Predicate = true> <Delay = 0.00>
ST_3 : Operation 317 [1/1] (0.00ns)   --->   "%tmp_6 = bitconcatenate i10 @_ssdm_op_BitConcatenate.i10.i6.i4, i6 %oc, i4 1" [conv2.cpp:16]   --->   Operation 317 'bitconcatenate' 'tmp_6' <Predicate = true> <Delay = 0.00>
ST_3 : Operation 318 [1/1] (0.00ns)   --->   "%tmp_6_cast = zext i10 %tmp_6" [conv2.cpp:16]   --->   Operation 318 'zext' 'tmp_6_cast' <Predicate = true> <Delay = 0.00>
ST_3 : Operation 319 [1/1] (0.00ns)   --->   "%p_shl2 = bitconcatenate i12 @_ssdm_op_BitConcatenate.i12.i6.i6, i6 %oc, i6 4" [conv2.cpp:16]   --->   Operation 319 'bitconcatenate' 'p_shl2' <Predicate = true> <Delay = 0.00>
ST_3 : Operation 320 [1/1] (1.54ns)   --->   "%empty_6 = sub i12 %p_shl2, i12 %tmp_6_cast" [conv2.cpp:16]   --->   Operation 320 'sub' 'empty_6' <Predicate = true> <Delay = 1.54> <CoreInst = "Adder">   --->   Core 1 'Adder' <Latency = 0> <II = 1> <Delay = 1.54> <FuncUnit> <Opcode : 'add' 'sub'> <InPorts = 2> <OutPorts = 1>
ST_3 : Operation 321 [1/1] (0.00ns)   --->   "%p_cast31 = zext i12 %empty_6" [conv2.cpp:16]   --->   Operation 321 'zext' 'p_cast31' <Predicate = true> <Delay = 0.00>
ST_3 : Operation 322 [1/1] (0.00ns)   --->   "%empty_7 = trunc i12 %empty_6" [conv2.cpp:16]   --->   Operation 322 'trunc' 'empty_7' <Predicate = true> <Delay = 0.00>
ST_3 : Operation 323 [1/1] (0.00ns)   --->   "%weights_addr_3 = getelementptr i32 %weights, i64 0, i64 %p_cast31" [conv2.cpp:16]   --->   Operation 323 'getelementptr' 'weights_addr_3' <Predicate = true> <Delay = 0.00>
ST_3 : Operation 324 [1/2] ( I:3.25ns O:3.25ns )   --->   "%weights_load = load i11 %weights_addr" [conv2.cpp:16]   --->   Operation 324 'load' 'weights_load' <Predicate = true> <Delay = 3.25> <CoreInst = "RAM">   --->   Core 81 'RAM' <Latency = 1> <II = 1> <Delay = 3.25> <Storage> <Opcode : 'load' 'store'> <Ports = 2> <Width = 32> <Depth = 1536> <RAM>
ST_3 : Operation 325 [1/2] ( I:3.25ns O:3.25ns )   --->   "%weights_load_1 = load i11 %weights_addr_1" [conv2.cpp:16]   --->   Operation 325 'load' 'weights_load_1' <Predicate = true> <Delay = 3.25> <CoreInst = "RAM">   --->   Core 81 'RAM' <Latency = 1> <II = 1> <Delay = 3.25> <Storage> <Opcode : 'load' 'store'> <Ports = 2> <Width = 32> <Depth = 1536> <RAM>
ST_3 : Operation 326 [2/2] (3.25ns)   --->   "%weights_load_2 = load i11 %weights_addr_2" [conv2.cpp:16]   --->   Operation 326 'load' 'weights_load_2' <Predicate = true> <Delay = 3.25> <CoreInst = "RAM">   --->   Core 81 'RAM' <Latency = 1> <II = 1> <Delay = 3.25> <Storage> <Opcode : 'load' 'store'> <Ports = 2> <Width = 32> <Depth = 1536> <RAM>
ST_3 : Operation 327 [2/2] (3.25ns)   --->   "%weights_load_3 = load i11 %weights_addr_3" [conv2.cpp:16]   --->   Operation 327 'load' 'weights_load_3' <Predicate = true> <Delay = 3.25> <CoreInst = "RAM">   --->   Core 81 'RAM' <Latency = 1> <II = 1> <Delay = 3.25> <Storage> <Opcode : 'load' 'store'> <Ports = 2> <Width = 32> <Depth = 1536> <RAM>
ST_3 : Operation 328 [1/1] (0.00ns)   --->   "%zext_ln26_4 = zext i5 %select_ln16" [conv2.cpp:26]   --->   Operation 328 'zext' 'zext_ln26_4' <Predicate = true> <Delay = 0.00>
ST_3 : Operation 329 [1/1] (1.82ns)   --->   "%add_ln26 = add i6 %zext_ln26_4, i6 16" [conv2.cpp:26]   --->   Operation 329 'add' 'add_ln26' <Predicate = true> <Delay = 1.82> <CoreInst = "Adder">   --->   Core 1 'Adder' <Latency = 0> <II = 1> <Delay = 1.82> <FuncUnit> <Opcode : 'add' 'sub'> <InPorts = 2> <OutPorts = 1>
ST_3 : Operation 330 [1/1] (0.00ns)   --->   "%zext_ln26_5 = zext i6 %add_ln26" [conv2.cpp:26]   --->   Operation 330 'zext' 'zext_ln26_5' <Predicate = true> <Delay = 0.00>
ST_3 : Operation 331 [1/1] (0.00ns)   --->   "%inputs_addr_4 = getelementptr i32 %inputs, i64 0, i64 %zext_ln26_5" [conv2.cpp:26]   --->   Operation 331 'getelementptr' 'inputs_addr_4' <Predicate = true> <Delay = 0.00>
ST_3 : Operation 332 [1/1] (0.00ns)   --->   "%zext_ln26_37 = zext i5 %o" [conv2.cpp:26]   --->   Operation 332 'zext' 'zext_ln26_37' <Predicate = true> <Delay = 0.00>
ST_3 : Operation 333 [1/1] (1.82ns)   --->   "%add_ln26_17 = add i6 %zext_ln26_37, i6 16" [conv2.cpp:26]   --->   Operation 333 'add' 'add_ln26_17' <Predicate = (!tmp_29)> <Delay = 1.82> <CoreInst = "Adder">   --->   Core 1 'Adder' <Latency = 0> <II = 1> <Delay = 1.82> <FuncUnit> <Opcode : 'add' 'sub'> <InPorts = 2> <OutPorts = 1>
ST_3 : Operation 334 [1/1] (0.00ns)   --->   "%zext_ln26_38 = zext i6 %add_ln26_17" [conv2.cpp:26]   --->   Operation 334 'zext' 'zext_ln26_38' <Predicate = (!tmp_29)> <Delay = 0.00>
ST_3 : Operation 335 [1/1] (0.00ns)   --->   "%inputs_addr_5 = getelementptr i32 %inputs, i64 0, i64 %zext_ln26_38" [conv2.cpp:26]   --->   Operation 335 'getelementptr' 'inputs_addr_5' <Predicate = (!tmp_29)> <Delay = 0.00>
ST_3 : Operation 336 [1/2] ( I:3.25ns O:3.25ns )   --->   "%inputs_load_2 = load i8 %inputs_addr_2" [conv2.cpp:26]   --->   Operation 336 'load' 'inputs_load_2' <Predicate = true> <Delay = 3.25> <CoreInst = "RAM">   --->   Core 81 'RAM' <Latency = 1> <II = 1> <Delay = 3.25> <Storage> <Opcode : 'load' 'store'> <Ports = 2> <Width = 32> <Depth = 256> <RAM>
ST_3 : Operation 337 [1/2] ( I:3.25ns O:3.25ns )   --->   "%inputs_load_3 = load i8 %inputs_addr_3" [conv2.cpp:26]   --->   Operation 337 'load' 'inputs_load_3' <Predicate = (!tmp_28)> <Delay = 3.25> <CoreInst = "RAM">   --->   Core 81 'RAM' <Latency = 1> <II = 1> <Delay = 3.25> <Storage> <Opcode : 'load' 'store'> <Ports = 2> <Width = 32> <Depth = 256> <RAM>
ST_3 : Operation 338 [2/2] (3.25ns)   --->   "%inputs_load_4 = load i8 %inputs_addr_4" [conv2.cpp:26]   --->   Operation 338 'load' 'inputs_load_4' <Predicate = true> <Delay = 3.25> <CoreInst = "RAM">   --->   Core 81 'RAM' <Latency = 1> <II = 1> <Delay = 3.25> <Storage> <Opcode : 'load' 'store'> <Ports = 2> <Width = 32> <Depth = 256> <RAM>
ST_3 : Operation 339 [2/2] (3.25ns)   --->   "%inputs_load_5 = load i8 %inputs_addr_5" [conv2.cpp:26]   --->   Operation 339 'load' 'inputs_load_5' <Predicate = (!tmp_29)> <Delay = 3.25> <CoreInst = "RAM">   --->   Core 81 'RAM' <Latency = 1> <II = 1> <Delay = 3.25> <Storage> <Opcode : 'load' 'store'> <Ports = 2> <Width = 32> <Depth = 256> <RAM>

State 4 <SV = 3> <Delay = 6.40>
ST_4 : Operation 340 [1/1] (1.63ns)   --->   "%empty_8 = add i11 %empty_7, i11 1" [conv2.cpp:16]   --->   Operation 340 'add' 'empty_8' <Predicate = true> <Delay = 1.63> <CoreInst = "Adder">   --->   Core 1 'Adder' <Latency = 0> <II = 1> <Delay = 1.63> <FuncUnit> <Opcode : 'add' 'sub'> <InPorts = 2> <OutPorts = 1>
ST_4 : Operation 341 [1/1] (0.00ns)   --->   "%p_cast32 = zext i11 %empty_8" [conv2.cpp:16]   --->   Operation 341 'zext' 'p_cast32' <Predicate = true> <Delay = 0.00>
ST_4 : Operation 342 [1/1] (0.00ns)   --->   "%weights_addr_4 = getelementptr i32 %weights, i64 0, i64 %p_cast32" [conv2.cpp:16]   --->   Operation 342 'getelementptr' 'weights_addr_4' <Predicate = true> <Delay = 0.00>
ST_4 : Operation 343 [1/1] (1.63ns)   --->   "%empty_9 = add i11 %empty_7, i11 2" [conv2.cpp:16]   --->   Operation 343 'add' 'empty_9' <Predicate = true> <Delay = 1.63> <CoreInst = "Adder">   --->   Core 1 'Adder' <Latency = 0> <II = 1> <Delay = 1.63> <FuncUnit> <Opcode : 'add' 'sub'> <InPorts = 2> <OutPorts = 1>
ST_4 : Operation 344 [1/1] (0.00ns)   --->   "%p_cast33 = zext i11 %empty_9" [conv2.cpp:16]   --->   Operation 344 'zext' 'p_cast33' <Predicate = true> <Delay = 0.00>
ST_4 : Operation 345 [1/1] (0.00ns)   --->   "%weights_addr_5 = getelementptr i32 %weights, i64 0, i64 %p_cast33" [conv2.cpp:16]   --->   Operation 345 'getelementptr' 'weights_addr_5' <Predicate = true> <Delay = 0.00>
ST_4 : Operation 346 [1/1] (0.00ns)   --->   "%empty_53 = bitcast i32 %weights_load" [conv2.cpp:16]   --->   Operation 346 'bitcast' 'empty_53' <Predicate = true> <Delay = 0.00>
ST_4 : Operation 347 [1/1] (0.00ns)   --->   "%empty_54 = bitcast i32 %weights_load_1" [conv2.cpp:16]   --->   Operation 347 'bitcast' 'empty_54' <Predicate = true> <Delay = 0.00>
ST_4 : Operation 348 [1/2] ( I:3.25ns O:3.25ns )   --->   "%weights_load_2 = load i11 %weights_addr_2" [conv2.cpp:16]   --->   Operation 348 'load' 'weights_load_2' <Predicate = true> <Delay = 3.25> <CoreInst = "RAM">   --->   Core 81 'RAM' <Latency = 1> <II = 1> <Delay = 3.25> <Storage> <Opcode : 'load' 'store'> <Ports = 2> <Width = 32> <Depth = 1536> <RAM>
ST_4 : Operation 349 [1/2] ( I:3.25ns O:3.25ns )   --->   "%weights_load_3 = load i11 %weights_addr_3" [conv2.cpp:16]   --->   Operation 349 'load' 'weights_load_3' <Predicate = true> <Delay = 3.25> <CoreInst = "RAM">   --->   Core 81 'RAM' <Latency = 1> <II = 1> <Delay = 3.25> <Storage> <Opcode : 'load' 'store'> <Ports = 2> <Width = 32> <Depth = 1536> <RAM>
ST_4 : Operation 350 [2/2] (3.25ns)   --->   "%weights_load_4 = load i11 %weights_addr_4" [conv2.cpp:16]   --->   Operation 350 'load' 'weights_load_4' <Predicate = true> <Delay = 3.25> <CoreInst = "RAM">   --->   Core 81 'RAM' <Latency = 1> <II = 1> <Delay = 3.25> <Storage> <Opcode : 'load' 'store'> <Ports = 2> <Width = 32> <Depth = 1536> <RAM>
ST_4 : Operation 351 [2/2] (3.25ns)   --->   "%weights_load_5 = load i11 %weights_addr_5" [conv2.cpp:16]   --->   Operation 351 'load' 'weights_load_5' <Predicate = true> <Delay = 3.25> <CoreInst = "RAM">   --->   Core 81 'RAM' <Latency = 1> <II = 1> <Delay = 3.25> <Storage> <Opcode : 'load' 'store'> <Ports = 2> <Width = 32> <Depth = 1536> <RAM>
ST_4 : Operation 352 [1/1] (0.00ns)   --->   "%tmp_44_cast = bitconcatenate i6 @_ssdm_op_BitConcatenate.i6.i1.i5, i1 1, i5 %select_ln16" [conv2.cpp:26]   --->   Operation 352 'bitconcatenate' 'tmp_44_cast' <Predicate = true> <Delay = 0.00>
ST_4 : Operation 353 [1/1] (0.00ns)   --->   "%zext_ln26_6 = zext i6 %tmp_44_cast" [conv2.cpp:26]   --->   Operation 353 'zext' 'zext_ln26_6' <Predicate = true> <Delay = 0.00>
ST_4 : Operation 354 [1/1] (0.00ns)   --->   "%inputs_addr_7 = getelementptr i32 %inputs, i64 0, i64 %zext_ln26_6" [conv2.cpp:26]   --->   Operation 354 'getelementptr' 'inputs_addr_7' <Predicate = true> <Delay = 0.00>
ST_4 : Operation 355 [1/1] (0.00ns)   --->   "%sext_ln26_7 = sext i5 %empty_101" [conv2.cpp:26]   --->   Operation 355 'sext' 'sext_ln26_7' <Predicate = true> <Delay = 0.00>
ST_4 : Operation 356 [1/1] (0.00ns)   --->   "%bit_sel2 = bitselect i1 @_ssdm_op_BitSelect.i1.i6.i6, i6 %sext_ln26_7, i6 5" [conv2.cpp:26]   --->   Operation 356 'bitselect' 'bit_sel2' <Predicate = (!tmp_28)> <Delay = 0.00>
ST_4 : Operation 357 [1/1] (0.97ns)   --->   "%xor_ln26_1 = xor i1 %bit_sel2, i1 1" [conv2.cpp:26]   --->   Operation 357 'xor' 'xor_ln26_1' <Predicate = (!tmp_28)> <Delay = 0.97> <CoreInst = "LogicGate">   --->   Core 74 'LogicGate' <Latency = 0> <II = 1> <Delay = 0.97> <FuncUnit> <Opcode : 'and' 'or' 'xor'> <InPorts = 2> <OutPorts = 1>
ST_4 : Operation 358 [1/1] (0.00ns)   --->   "%add_ln26_9 = bitconcatenate i6 @_ssdm_op_BitConcatenate.i6.i1.i5, i1 %xor_ln26_1, i5 %empty_101" [conv2.cpp:26]   --->   Operation 358 'bitconcatenate' 'add_ln26_9' <Predicate = (!tmp_28)> <Delay = 0.00>
ST_4 : Operation 359 [1/1] (0.00ns)   --->   "%zext_ln26_21 = zext i6 %add_ln26_9" [conv2.cpp:26]   --->   Operation 359 'zext' 'zext_ln26_21' <Predicate = (!tmp_28)> <Delay = 0.00>
ST_4 : Operation 360 [1/1] (0.00ns)   --->   "%inputs_addr_6 = getelementptr i32 %inputs, i64 0, i64 %zext_ln26_21" [conv2.cpp:26]   --->   Operation 360 'getelementptr' 'inputs_addr_6' <Predicate = (!tmp_28)> <Delay = 0.00>
ST_4 : Operation 361 [1/1] (0.00ns)   --->   "%bitcast_ln26 = bitcast i32 %inputs_load" [conv2.cpp:26]   --->   Operation 361 'bitcast' 'bitcast_ln26' <Predicate = (!tmp_28)> <Delay = 0.00>
ST_4 : Operation 362 [1/1] (0.69ns)   --->   "%v = select i1 %tmp_28, i32 0, i32 %bitcast_ln26" [conv2.cpp:26]   --->   Operation 362 'select' 'v' <Predicate = true> <Delay = 0.69> <CoreInst = "Sel">   --->   Core 73 'Sel' <Latency = 0> <II = 1> <Delay = 0.69> <FuncUnit> <Opcode : 'select'> <InPorts = 3> <OutPorts = 1>
ST_4 : Operation 363 [4/4] (5.70ns)   --->   "%mul = fmul i32 %v, i32 %empty_53" [conv2.cpp:27]   --->   Operation 363 'fmul' 'mul' <Predicate = true> <Delay = 5.70> <CoreInst = "FMul_maxdsp">   --->   Core 30 'FMul_maxdsp' <Latency = 3> <II = 1> <Delay = 5.70> <FuncUnit> <Opcode : 'fmul'> <InPorts = 2> <OutPorts = 1>
ST_4 : Operation 364 [1/1] (0.00ns)   --->   "%v_1 = bitcast i32 %inputs_load_1" [conv2.cpp:26]   --->   Operation 364 'bitcast' 'v_1' <Predicate = true> <Delay = 0.00>
ST_4 : Operation 365 [4/4] (5.70ns)   --->   "%mul_s = fmul i32 %v_1, i32 %empty_54" [conv2.cpp:27]   --->   Operation 365 'fmul' 'mul_s' <Predicate = true> <Delay = 5.70> <CoreInst = "FMul_maxdsp">   --->   Core 30 'FMul_maxdsp' <Latency = 3> <II = 1> <Delay = 5.70> <FuncUnit> <Opcode : 'fmul'> <InPorts = 2> <OutPorts = 1>
ST_4 : Operation 366 [1/2] ( I:3.25ns O:3.25ns )   --->   "%inputs_load_4 = load i8 %inputs_addr_4" [conv2.cpp:26]   --->   Operation 366 'load' 'inputs_load_4' <Predicate = true> <Delay = 3.25> <CoreInst = "RAM">   --->   Core 81 'RAM' <Latency = 1> <II = 1> <Delay = 3.25> <Storage> <Opcode : 'load' 'store'> <Ports = 2> <Width = 32> <Depth = 256> <RAM>
ST_4 : Operation 367 [1/2] ( I:3.25ns O:3.25ns )   --->   "%inputs_load_5 = load i8 %inputs_addr_5" [conv2.cpp:26]   --->   Operation 367 'load' 'inputs_load_5' <Predicate = (!tmp_29)> <Delay = 3.25> <CoreInst = "RAM">   --->   Core 81 'RAM' <Latency = 1> <II = 1> <Delay = 3.25> <Storage> <Opcode : 'load' 'store'> <Ports = 2> <Width = 32> <Depth = 256> <RAM>
ST_4 : Operation 368 [2/2] (3.25ns)   --->   "%inputs_load_6 = load i8 %inputs_addr_6" [conv2.cpp:26]   --->   Operation 368 'load' 'inputs_load_6' <Predicate = (!tmp_28)> <Delay = 3.25> <CoreInst = "RAM">   --->   Core 81 'RAM' <Latency = 1> <II = 1> <Delay = 3.25> <Storage> <Opcode : 'load' 'store'> <Ports = 2> <Width = 32> <Depth = 256> <RAM>
ST_4 : Operation 369 [2/2] (3.25ns)   --->   "%inputs_load_7 = load i8 %inputs_addr_7" [conv2.cpp:26]   --->   Operation 369 'load' 'inputs_load_7' <Predicate = true> <Delay = 3.25> <CoreInst = "RAM">   --->   Core 81 'RAM' <Latency = 1> <II = 1> <Delay = 3.25> <Storage> <Opcode : 'load' 'store'> <Ports = 2> <Width = 32> <Depth = 256> <RAM>

State 5 <SV = 4> <Delay = 6.40>
ST_5 : Operation 370 [1/1] (0.00ns)   --->   "%tmp_7 = bitconcatenate i10 @_ssdm_op_BitConcatenate.i10.i6.i4, i6 %oc, i4 2" [conv2.cpp:16]   --->   Operation 370 'bitconcatenate' 'tmp_7' <Predicate = true> <Delay = 0.00>
ST_5 : Operation 371 [1/1] (0.00ns)   --->   "%tmp_7_cast = zext i10 %tmp_7" [conv2.cpp:16]   --->   Operation 371 'zext' 'tmp_7_cast' <Predicate = true> <Delay = 0.00>
ST_5 : Operation 372 [1/1] (0.00ns)   --->   "%p_shl3 = bitconcatenate i12 @_ssdm_op_BitConcatenate.i12.i6.i6, i6 %oc, i6 8" [conv2.cpp:16]   --->   Operation 372 'bitconcatenate' 'p_shl3' <Predicate = true> <Delay = 0.00>
ST_5 : Operation 373 [1/1] (1.54ns)   --->   "%empty_10 = sub i12 %p_shl3, i12 %tmp_7_cast" [conv2.cpp:16]   --->   Operation 373 'sub' 'empty_10' <Predicate = true> <Delay = 1.54> <CoreInst = "Adder">   --->   Core 1 'Adder' <Latency = 0> <II = 1> <Delay = 1.54> <FuncUnit> <Opcode : 'add' 'sub'> <InPorts = 2> <OutPorts = 1>
ST_5 : Operation 374 [1/1] (0.00ns)   --->   "%p_cast34 = zext i12 %empty_10" [conv2.cpp:16]   --->   Operation 374 'zext' 'p_cast34' <Predicate = true> <Delay = 0.00>
ST_5 : Operation 375 [1/1] (0.00ns)   --->   "%empty_11 = trunc i12 %empty_10" [conv2.cpp:16]   --->   Operation 375 'trunc' 'empty_11' <Predicate = true> <Delay = 0.00>
ST_5 : Operation 376 [1/1] (0.00ns)   --->   "%weights_addr_6 = getelementptr i32 %weights, i64 0, i64 %p_cast34" [conv2.cpp:16]   --->   Operation 376 'getelementptr' 'weights_addr_6' <Predicate = true> <Delay = 0.00>
ST_5 : Operation 377 [1/1] (0.00ns)   --->   "%tmp_8_cast = partselect i10 @_ssdm_op_PartSelect.i10.i12.i32.i32, i12 %empty_10, i32 1, i32 10" [conv2.cpp:16]   --->   Operation 377 'partselect' 'tmp_8_cast' <Predicate = true> <Delay = 0.00>
ST_5 : Operation 378 [1/1] (0.00ns)   --->   "%tmp_9 = bitconcatenate i11 @_ssdm_op_BitConcatenate.i11.i10.i1, i10 %tmp_8_cast, i1 1" [conv2.cpp:16]   --->   Operation 378 'bitconcatenate' 'tmp_9' <Predicate = true> <Delay = 0.00>
ST_5 : Operation 379 [1/1] (0.00ns)   --->   "%tmp_9_cast = zext i11 %tmp_9" [conv2.cpp:16]   --->   Operation 379 'zext' 'tmp_9_cast' <Predicate = true> <Delay = 0.00>
ST_5 : Operation 380 [1/1] (0.00ns)   --->   "%weights_addr_7 = getelementptr i32 %weights, i64 0, i64 %tmp_9_cast" [conv2.cpp:16]   --->   Operation 380 'getelementptr' 'weights_addr_7' <Predicate = true> <Delay = 0.00>
ST_5 : Operation 381 [1/1] (0.00ns)   --->   "%empty_55 = bitcast i32 %weights_load_2" [conv2.cpp:16]   --->   Operation 381 'bitcast' 'empty_55' <Predicate = true> <Delay = 0.00>
ST_5 : Operation 382 [1/1] (0.00ns)   --->   "%empty_56 = bitcast i32 %weights_load_3" [conv2.cpp:16]   --->   Operation 382 'bitcast' 'empty_56' <Predicate = true> <Delay = 0.00>
ST_5 : Operation 383 [1/2] ( I:3.25ns O:3.25ns )   --->   "%weights_load_4 = load i11 %weights_addr_4" [conv2.cpp:16]   --->   Operation 383 'load' 'weights_load_4' <Predicate = true> <Delay = 3.25> <CoreInst = "RAM">   --->   Core 81 'RAM' <Latency = 1> <II = 1> <Delay = 3.25> <Storage> <Opcode : 'load' 'store'> <Ports = 2> <Width = 32> <Depth = 1536> <RAM>
ST_5 : Operation 384 [1/2] ( I:3.25ns O:3.25ns )   --->   "%weights_load_5 = load i11 %weights_addr_5" [conv2.cpp:16]   --->   Operation 384 'load' 'weights_load_5' <Predicate = true> <Delay = 3.25> <CoreInst = "RAM">   --->   Core 81 'RAM' <Latency = 1> <II = 1> <Delay = 3.25> <Storage> <Opcode : 'load' 'store'> <Ports = 2> <Width = 32> <Depth = 1536> <RAM>
ST_5 : Operation 385 [2/2] (3.25ns)   --->   "%weights_load_6 = load i11 %weights_addr_6" [conv2.cpp:16]   --->   Operation 385 'load' 'weights_load_6' <Predicate = true> <Delay = 3.25> <CoreInst = "RAM">   --->   Core 81 'RAM' <Latency = 1> <II = 1> <Delay = 3.25> <Storage> <Opcode : 'load' 'store'> <Ports = 2> <Width = 32> <Depth = 1536> <RAM>
ST_5 : Operation 386 [2/2] (3.25ns)   --->   "%weights_load_7 = load i11 %weights_addr_7" [conv2.cpp:16]   --->   Operation 386 'load' 'weights_load_7' <Predicate = true> <Delay = 3.25> <CoreInst = "RAM">   --->   Core 81 'RAM' <Latency = 1> <II = 1> <Delay = 3.25> <Storage> <Opcode : 'load' 'store'> <Ports = 2> <Width = 32> <Depth = 1536> <RAM>
ST_5 : Operation 387 [1/1] (1.78ns)   --->   "%add_ln26_8 = add i6 %sext_ln26_7, i6 48" [conv2.cpp:26]   --->   Operation 387 'add' 'add_ln26_8' <Predicate = true> <Delay = 1.78> <CoreInst = "Adder">   --->   Core 1 'Adder' <Latency = 0> <II = 1> <Delay = 1.78> <FuncUnit> <Opcode : 'add' 'sub'> <InPorts = 2> <OutPorts = 1>
ST_5 : Operation 388 [1/1] (0.00ns)   --->   "%zext_ln26_22 = zext i6 %add_ln26_8" [conv2.cpp:26]   --->   Operation 388 'zext' 'zext_ln26_22' <Predicate = (!tmp_28)> <Delay = 0.00>
ST_5 : Operation 389 [1/1] (0.00ns)   --->   "%inputs_addr_9 = getelementptr i32 %inputs, i64 0, i64 %zext_ln26_22" [conv2.cpp:26]   --->   Operation 389 'getelementptr' 'inputs_addr_9' <Predicate = (!tmp_28)> <Delay = 0.00>
ST_5 : Operation 390 [3/4] (5.70ns)   --->   "%mul = fmul i32 %v, i32 %empty_53" [conv2.cpp:27]   --->   Operation 390 'fmul' 'mul' <Predicate = true> <Delay = 5.70> <CoreInst = "FMul_maxdsp">   --->   Core 30 'FMul_maxdsp' <Latency = 3> <II = 1> <Delay = 5.70> <FuncUnit> <Opcode : 'fmul'> <InPorts = 2> <OutPorts = 1>
ST_5 : Operation 391 [3/4] (5.70ns)   --->   "%mul_s = fmul i32 %v_1, i32 %empty_54" [conv2.cpp:27]   --->   Operation 391 'fmul' 'mul_s' <Predicate = true> <Delay = 5.70> <CoreInst = "FMul_maxdsp">   --->   Core 30 'FMul_maxdsp' <Latency = 3> <II = 1> <Delay = 5.70> <FuncUnit> <Opcode : 'fmul'> <InPorts = 2> <OutPorts = 1>
ST_5 : Operation 392 [1/1] (0.00ns)   --->   "%tmp_51_cast = bitconcatenate i6 @_ssdm_op_BitConcatenate.i6.i1.i5, i1 1, i5 %o" [conv2.cpp:26]   --->   Operation 392 'bitconcatenate' 'tmp_51_cast' <Predicate = true> <Delay = 0.00>
ST_5 : Operation 393 [1/1] (0.00ns)   --->   "%zext_ln26_39 = zext i6 %tmp_51_cast" [conv2.cpp:26]   --->   Operation 393 'zext' 'zext_ln26_39' <Predicate = (!tmp_29)> <Delay = 0.00>
ST_5 : Operation 394 [1/1] (0.00ns)   --->   "%inputs_addr_8 = getelementptr i32 %inputs, i64 0, i64 %zext_ln26_39" [conv2.cpp:26]   --->   Operation 394 'getelementptr' 'inputs_addr_8' <Predicate = (!tmp_29)> <Delay = 0.00>
ST_5 : Operation 395 [1/1] (0.00ns)   --->   "%bitcast_ln26_2 = bitcast i32 %inputs_load_2" [conv2.cpp:26]   --->   Operation 395 'bitcast' 'bitcast_ln26_2' <Predicate = (!tmp_29)> <Delay = 0.00>
ST_5 : Operation 396 [1/1] (0.69ns)   --->   "%v_2 = select i1 %tmp_29, i32 0, i32 %bitcast_ln26_2" [conv2.cpp:26]   --->   Operation 396 'select' 'v_2' <Predicate = true> <Delay = 0.69> <CoreInst = "Sel">   --->   Core 73 'Sel' <Latency = 0> <II = 1> <Delay = 0.69> <FuncUnit> <Opcode : 'select'> <InPorts = 3> <OutPorts = 1>
ST_5 : Operation 397 [4/4] (5.70ns)   --->   "%mul_16 = fmul i32 %v_2, i32 %empty_55" [conv2.cpp:27]   --->   Operation 397 'fmul' 'mul_16' <Predicate = true> <Delay = 5.70> <CoreInst = "FMul_maxdsp">   --->   Core 30 'FMul_maxdsp' <Latency = 3> <II = 1> <Delay = 5.70> <FuncUnit> <Opcode : 'fmul'> <InPorts = 2> <OutPorts = 1>
ST_5 : Operation 398 [1/1] (0.00ns)   --->   "%bitcast_ln26_3 = bitcast i32 %inputs_load_3" [conv2.cpp:26]   --->   Operation 398 'bitcast' 'bitcast_ln26_3' <Predicate = (!tmp_28)> <Delay = 0.00>
ST_5 : Operation 399 [1/1] (0.69ns)   --->   "%v_3 = select i1 %tmp_28, i32 0, i32 %bitcast_ln26_3" [conv2.cpp:26]   --->   Operation 399 'select' 'v_3' <Predicate = true> <Delay = 0.69> <CoreInst = "Sel">   --->   Core 73 'Sel' <Latency = 0> <II = 1> <Delay = 0.69> <FuncUnit> <Opcode : 'select'> <InPorts = 3> <OutPorts = 1>
ST_5 : Operation 400 [4/4] (5.70ns)   --->   "%mul_1 = fmul i32 %v_3, i32 %empty_56" [conv2.cpp:27]   --->   Operation 400 'fmul' 'mul_1' <Predicate = true> <Delay = 5.70> <CoreInst = "FMul_maxdsp">   --->   Core 30 'FMul_maxdsp' <Latency = 3> <II = 1> <Delay = 5.70> <FuncUnit> <Opcode : 'fmul'> <InPorts = 2> <OutPorts = 1>
ST_5 : Operation 401 [1/2] ( I:3.25ns O:3.25ns )   --->   "%inputs_load_6 = load i8 %inputs_addr_6" [conv2.cpp:26]   --->   Operation 401 'load' 'inputs_load_6' <Predicate = (!tmp_28)> <Delay = 3.25> <CoreInst = "RAM">   --->   Core 81 'RAM' <Latency = 1> <II = 1> <Delay = 3.25> <Storage> <Opcode : 'load' 'store'> <Ports = 2> <Width = 32> <Depth = 256> <RAM>
ST_5 : Operation 402 [1/2] ( I:3.25ns O:3.25ns )   --->   "%inputs_load_7 = load i8 %inputs_addr_7" [conv2.cpp:26]   --->   Operation 402 'load' 'inputs_load_7' <Predicate = true> <Delay = 3.25> <CoreInst = "RAM">   --->   Core 81 'RAM' <Latency = 1> <II = 1> <Delay = 3.25> <Storage> <Opcode : 'load' 'store'> <Ports = 2> <Width = 32> <Depth = 256> <RAM>
ST_5 : Operation 403 [2/2] (3.25ns)   --->   "%inputs_load_8 = load i8 %inputs_addr_8" [conv2.cpp:26]   --->   Operation 403 'load' 'inputs_load_8' <Predicate = (!tmp_29)> <Delay = 3.25> <CoreInst = "RAM">   --->   Core 81 'RAM' <Latency = 1> <II = 1> <Delay = 3.25> <Storage> <Opcode : 'load' 'store'> <Ports = 2> <Width = 32> <Depth = 256> <RAM>
ST_5 : Operation 404 [2/2] (3.25ns)   --->   "%inputs_load_9 = load i8 %inputs_addr_9" [conv2.cpp:26]   --->   Operation 404 'load' 'inputs_load_9' <Predicate = (!tmp_28)> <Delay = 3.25> <CoreInst = "RAM">   --->   Core 81 'RAM' <Latency = 1> <II = 1> <Delay = 3.25> <Storage> <Opcode : 'load' 'store'> <Ports = 2> <Width = 32> <Depth = 256> <RAM>

State 6 <SV = 5> <Delay = 6.40>
ST_6 : Operation 405 [1/1] (1.63ns)   --->   "%empty_12 = add i11 %empty_11, i11 2" [conv2.cpp:16]   --->   Operation 405 'add' 'empty_12' <Predicate = true> <Delay = 1.63> <CoreInst = "Adder">   --->   Core 1 'Adder' <Latency = 0> <II = 1> <Delay = 1.63> <FuncUnit> <Opcode : 'add' 'sub'> <InPorts = 2> <OutPorts = 1>
ST_6 : Operation 406 [1/1] (0.00ns)   --->   "%p_cast35 = zext i11 %empty_12" [conv2.cpp:16]   --->   Operation 406 'zext' 'p_cast35' <Predicate = true> <Delay = 0.00>
ST_6 : Operation 407 [1/1] (0.00ns)   --->   "%weights_addr_8 = getelementptr i32 %weights, i64 0, i64 %p_cast35" [conv2.cpp:16]   --->   Operation 407 'getelementptr' 'weights_addr_8' <Predicate = true> <Delay = 0.00>
ST_6 : Operation 408 [1/1] (0.00ns)   --->   "%tmp_s = bitconcatenate i10 @_ssdm_op_BitConcatenate.i10.i6.i4, i6 %oc, i4 3" [conv2.cpp:16]   --->   Operation 408 'bitconcatenate' 'tmp_s' <Predicate = true> <Delay = 0.00>
ST_6 : Operation 409 [1/1] (0.00ns)   --->   "%tmp_10_cast = zext i10 %tmp_s" [conv2.cpp:16]   --->   Operation 409 'zext' 'tmp_10_cast' <Predicate = true> <Delay = 0.00>
ST_6 : Operation 410 [1/1] (0.00ns)   --->   "%p_shl4 = bitconcatenate i12 @_ssdm_op_BitConcatenate.i12.i6.i6, i6 %oc, i6 12" [conv2.cpp:16]   --->   Operation 410 'bitconcatenate' 'p_shl4' <Predicate = true> <Delay = 0.00>
ST_6 : Operation 411 [1/1] (1.54ns)   --->   "%empty_13 = sub i12 %p_shl4, i12 %tmp_10_cast" [conv2.cpp:16]   --->   Operation 411 'sub' 'empty_13' <Predicate = true> <Delay = 1.54> <CoreInst = "Adder">   --->   Core 1 'Adder' <Latency = 0> <II = 1> <Delay = 1.54> <FuncUnit> <Opcode : 'add' 'sub'> <InPorts = 2> <OutPorts = 1>
ST_6 : Operation 412 [1/1] (0.00ns)   --->   "%p_cast36 = zext i12 %empty_13" [conv2.cpp:16]   --->   Operation 412 'zext' 'p_cast36' <Predicate = true> <Delay = 0.00>
ST_6 : Operation 413 [1/1] (0.00ns)   --->   "%empty_14 = trunc i12 %empty_13" [conv2.cpp:16]   --->   Operation 413 'trunc' 'empty_14' <Predicate = true> <Delay = 0.00>
ST_6 : Operation 414 [1/1] (0.00ns)   --->   "%weights_addr_9 = getelementptr i32 %weights, i64 0, i64 %p_cast36" [conv2.cpp:16]   --->   Operation 414 'getelementptr' 'weights_addr_9' <Predicate = true> <Delay = 0.00>
ST_6 : Operation 415 [1/1] (0.00ns)   --->   "%empty_57 = bitcast i32 %weights_load_4" [conv2.cpp:16]   --->   Operation 415 'bitcast' 'empty_57' <Predicate = true> <Delay = 0.00>
ST_6 : Operation 416 [1/1] (0.00ns)   --->   "%empty_58 = bitcast i32 %weights_load_5" [conv2.cpp:16]   --->   Operation 416 'bitcast' 'empty_58' <Predicate = true> <Delay = 0.00>
ST_6 : Operation 417 [1/2] ( I:3.25ns O:3.25ns )   --->   "%weights_load_6 = load i11 %weights_addr_6" [conv2.cpp:16]   --->   Operation 417 'load' 'weights_load_6' <Predicate = true> <Delay = 3.25> <CoreInst = "RAM">   --->   Core 81 'RAM' <Latency = 1> <II = 1> <Delay = 3.25> <Storage> <Opcode : 'load' 'store'> <Ports = 2> <Width = 32> <Depth = 1536> <RAM>
ST_6 : Operation 418 [1/2] ( I:3.25ns O:3.25ns )   --->   "%weights_load_7 = load i11 %weights_addr_7" [conv2.cpp:16]   --->   Operation 418 'load' 'weights_load_7' <Predicate = true> <Delay = 3.25> <CoreInst = "RAM">   --->   Core 81 'RAM' <Latency = 1> <II = 1> <Delay = 3.25> <Storage> <Opcode : 'load' 'store'> <Ports = 2> <Width = 32> <Depth = 1536> <RAM>
ST_6 : Operation 419 [2/2] (3.25ns)   --->   "%weights_load_8 = load i11 %weights_addr_8" [conv2.cpp:16]   --->   Operation 419 'load' 'weights_load_8' <Predicate = true> <Delay = 3.25> <CoreInst = "RAM">   --->   Core 81 'RAM' <Latency = 1> <II = 1> <Delay = 3.25> <Storage> <Opcode : 'load' 'store'> <Ports = 2> <Width = 32> <Depth = 1536> <RAM>
ST_6 : Operation 420 [2/2] (3.25ns)   --->   "%weights_load_9 = load i11 %weights_addr_9" [conv2.cpp:16]   --->   Operation 420 'load' 'weights_load_9' <Predicate = true> <Delay = 3.25> <CoreInst = "RAM">   --->   Core 81 'RAM' <Latency = 1> <II = 1> <Delay = 3.25> <Storage> <Opcode : 'load' 'store'> <Ports = 2> <Width = 32> <Depth = 1536> <RAM>
ST_6 : Operation 421 [1/1] (0.00ns)   --->   "%zext_ln26_3 = zext i5 %select_ln16" [conv2.cpp:26]   --->   Operation 421 'zext' 'zext_ln26_3' <Predicate = true> <Delay = 0.00>
ST_6 : Operation 422 [1/1] (1.87ns)   --->   "%add_ln26_1 = add i7 %zext_ln26_3, i7 48" [conv2.cpp:26]   --->   Operation 422 'add' 'add_ln26_1' <Predicate = true> <Delay = 1.87> <CoreInst = "Adder">   --->   Core 1 'Adder' <Latency = 0> <II = 1> <Delay = 1.87> <FuncUnit> <Opcode : 'add' 'sub'> <InPorts = 2> <OutPorts = 1>
ST_6 : Operation 423 [1/1] (0.00ns)   --->   "%zext_ln26_7 = zext i7 %add_ln26_1" [conv2.cpp:26]   --->   Operation 423 'zext' 'zext_ln26_7' <Predicate = true> <Delay = 0.00>
ST_6 : Operation 424 [1/1] (0.00ns)   --->   "%inputs_addr_10 = getelementptr i32 %inputs, i64 0, i64 %zext_ln26_7" [conv2.cpp:26]   --->   Operation 424 'getelementptr' 'inputs_addr_10' <Predicate = true> <Delay = 0.00>
ST_6 : Operation 425 [2/4] (5.70ns)   --->   "%mul = fmul i32 %v, i32 %empty_53" [conv2.cpp:27]   --->   Operation 425 'fmul' 'mul' <Predicate = true> <Delay = 5.70> <CoreInst = "FMul_maxdsp">   --->   Core 30 'FMul_maxdsp' <Latency = 3> <II = 1> <Delay = 5.70> <FuncUnit> <Opcode : 'fmul'> <InPorts = 2> <OutPorts = 1>
ST_6 : Operation 426 [2/4] (5.70ns)   --->   "%mul_s = fmul i32 %v_1, i32 %empty_54" [conv2.cpp:27]   --->   Operation 426 'fmul' 'mul_s' <Predicate = true> <Delay = 5.70> <CoreInst = "FMul_maxdsp">   --->   Core 30 'FMul_maxdsp' <Latency = 3> <II = 1> <Delay = 5.70> <FuncUnit> <Opcode : 'fmul'> <InPorts = 2> <OutPorts = 1>
ST_6 : Operation 427 [1/1] (0.00ns)   --->   "%zext_ln26_36 = zext i5 %o" [conv2.cpp:26]   --->   Operation 427 'zext' 'zext_ln26_36' <Predicate = true> <Delay = 0.00>
ST_6 : Operation 428 [1/1] (1.87ns)   --->   "%add_ln26_18 = add i7 %zext_ln26_36, i7 48" [conv2.cpp:26]   --->   Operation 428 'add' 'add_ln26_18' <Predicate = (!tmp_29)> <Delay = 1.87> <CoreInst = "Adder">   --->   Core 1 'Adder' <Latency = 0> <II = 1> <Delay = 1.87> <FuncUnit> <Opcode : 'add' 'sub'> <InPorts = 2> <OutPorts = 1>
ST_6 : Operation 429 [1/1] (0.00ns)   --->   "%zext_ln26_40 = zext i7 %add_ln26_18" [conv2.cpp:26]   --->   Operation 429 'zext' 'zext_ln26_40' <Predicate = (!tmp_29)> <Delay = 0.00>
ST_6 : Operation 430 [1/1] (0.00ns)   --->   "%inputs_addr_11 = getelementptr i32 %inputs, i64 0, i64 %zext_ln26_40" [conv2.cpp:26]   --->   Operation 430 'getelementptr' 'inputs_addr_11' <Predicate = (!tmp_29)> <Delay = 0.00>
ST_6 : Operation 431 [3/4] (5.70ns)   --->   "%mul_16 = fmul i32 %v_2, i32 %empty_55" [conv2.cpp:27]   --->   Operation 431 'fmul' 'mul_16' <Predicate = true> <Delay = 5.70> <CoreInst = "FMul_maxdsp">   --->   Core 30 'FMul_maxdsp' <Latency = 3> <II = 1> <Delay = 5.70> <FuncUnit> <Opcode : 'fmul'> <InPorts = 2> <OutPorts = 1>
ST_6 : Operation 432 [3/4] (5.70ns)   --->   "%mul_1 = fmul i32 %v_3, i32 %empty_56" [conv2.cpp:27]   --->   Operation 432 'fmul' 'mul_1' <Predicate = true> <Delay = 5.70> <CoreInst = "FMul_maxdsp">   --->   Core 30 'FMul_maxdsp' <Latency = 3> <II = 1> <Delay = 5.70> <FuncUnit> <Opcode : 'fmul'> <InPorts = 2> <OutPorts = 1>
ST_6 : Operation 433 [1/1] (0.00ns)   --->   "%v_4 = bitcast i32 %inputs_load_4" [conv2.cpp:26]   --->   Operation 433 'bitcast' 'v_4' <Predicate = true> <Delay = 0.00>
ST_6 : Operation 434 [4/4] (5.70ns)   --->   "%mul_1_1 = fmul i32 %v_4, i32 %empty_57" [conv2.cpp:27]   --->   Operation 434 'fmul' 'mul_1_1' <Predicate = true> <Delay = 5.70> <CoreInst = "FMul_maxdsp">   --->   Core 30 'FMul_maxdsp' <Latency = 3> <II = 1> <Delay = 5.70> <FuncUnit> <Opcode : 'fmul'> <InPorts = 2> <OutPorts = 1>
ST_6 : Operation 435 [1/1] (0.00ns)   --->   "%bitcast_ln26_5 = bitcast i32 %inputs_load_5" [conv2.cpp:26]   --->   Operation 435 'bitcast' 'bitcast_ln26_5' <Predicate = (!tmp_29)> <Delay = 0.00>
ST_6 : Operation 436 [1/1] (0.69ns)   --->   "%v_5 = select i1 %tmp_29, i32 0, i32 %bitcast_ln26_5" [conv2.cpp:26]   --->   Operation 436 'select' 'v_5' <Predicate = true> <Delay = 0.69> <CoreInst = "Sel">   --->   Core 73 'Sel' <Latency = 0> <II = 1> <Delay = 0.69> <FuncUnit> <Opcode : 'select'> <InPorts = 3> <OutPorts = 1>
ST_6 : Operation 437 [4/4] (5.70ns)   --->   "%mul_1_2 = fmul i32 %v_5, i32 %empty_58" [conv2.cpp:27]   --->   Operation 437 'fmul' 'mul_1_2' <Predicate = true> <Delay = 5.70> <CoreInst = "FMul_maxdsp">   --->   Core 30 'FMul_maxdsp' <Latency = 3> <II = 1> <Delay = 5.70> <FuncUnit> <Opcode : 'fmul'> <InPorts = 2> <OutPorts = 1>
ST_6 : Operation 438 [1/2] ( I:3.25ns O:3.25ns )   --->   "%inputs_load_8 = load i8 %inputs_addr_8" [conv2.cpp:26]   --->   Operation 438 'load' 'inputs_load_8' <Predicate = (!tmp_29)> <Delay = 3.25> <CoreInst = "RAM">   --->   Core 81 'RAM' <Latency = 1> <II = 1> <Delay = 3.25> <Storage> <Opcode : 'load' 'store'> <Ports = 2> <Width = 32> <Depth = 256> <RAM>
ST_6 : Operation 439 [1/2] ( I:3.25ns O:3.25ns )   --->   "%inputs_load_9 = load i8 %inputs_addr_9" [conv2.cpp:26]   --->   Operation 439 'load' 'inputs_load_9' <Predicate = (!tmp_28)> <Delay = 3.25> <CoreInst = "RAM">   --->   Core 81 'RAM' <Latency = 1> <II = 1> <Delay = 3.25> <Storage> <Opcode : 'load' 'store'> <Ports = 2> <Width = 32> <Depth = 256> <RAM>
ST_6 : Operation 440 [2/2] (3.25ns)   --->   "%inputs_load_10 = load i8 %inputs_addr_10" [conv2.cpp:26]   --->   Operation 440 'load' 'inputs_load_10' <Predicate = true> <Delay = 3.25> <CoreInst = "RAM">   --->   Core 81 'RAM' <Latency = 1> <II = 1> <Delay = 3.25> <Storage> <Opcode : 'load' 'store'> <Ports = 2> <Width = 32> <Depth = 256> <RAM>
ST_6 : Operation 441 [2/2] (3.25ns)   --->   "%inputs_load_11 = load i8 %inputs_addr_11" [conv2.cpp:26]   --->   Operation 441 'load' 'inputs_load_11' <Predicate = (!tmp_29)> <Delay = 3.25> <CoreInst = "RAM">   --->   Core 81 'RAM' <Latency = 1> <II = 1> <Delay = 3.25> <Storage> <Opcode : 'load' 'store'> <Ports = 2> <Width = 32> <Depth = 256> <RAM>

State 7 <SV = 6> <Delay = 6.40>
ST_7 : Operation 442 [1/1] (1.63ns)   --->   "%empty_15 = add i11 %empty_14, i11 1" [conv2.cpp:16]   --->   Operation 442 'add' 'empty_15' <Predicate = true> <Delay = 1.63> <CoreInst = "Adder">   --->   Core 1 'Adder' <Latency = 0> <II = 1> <Delay = 1.63> <FuncUnit> <Opcode : 'add' 'sub'> <InPorts = 2> <OutPorts = 1>
ST_7 : Operation 443 [1/1] (0.00ns)   --->   "%p_cast37 = zext i11 %empty_15" [conv2.cpp:16]   --->   Operation 443 'zext' 'p_cast37' <Predicate = true> <Delay = 0.00>
ST_7 : Operation 444 [1/1] (0.00ns)   --->   "%weights_addr_10 = getelementptr i32 %weights, i64 0, i64 %p_cast37" [conv2.cpp:16]   --->   Operation 444 'getelementptr' 'weights_addr_10' <Predicate = true> <Delay = 0.00>
ST_7 : Operation 445 [1/1] (1.63ns)   --->   "%empty_16 = add i11 %empty_14, i11 2" [conv2.cpp:16]   --->   Operation 445 'add' 'empty_16' <Predicate = true> <Delay = 1.63> <CoreInst = "Adder">   --->   Core 1 'Adder' <Latency = 0> <II = 1> <Delay = 1.63> <FuncUnit> <Opcode : 'add' 'sub'> <InPorts = 2> <OutPorts = 1>
ST_7 : Operation 446 [1/1] (0.00ns)   --->   "%p_cast38 = zext i11 %empty_16" [conv2.cpp:16]   --->   Operation 446 'zext' 'p_cast38' <Predicate = true> <Delay = 0.00>
ST_7 : Operation 447 [1/1] (0.00ns)   --->   "%weights_addr_11 = getelementptr i32 %weights, i64 0, i64 %p_cast38" [conv2.cpp:16]   --->   Operation 447 'getelementptr' 'weights_addr_11' <Predicate = true> <Delay = 0.00>
ST_7 : Operation 448 [1/1] (0.00ns)   --->   "%empty_59 = bitcast i32 %weights_load_6" [conv2.cpp:16]   --->   Operation 448 'bitcast' 'empty_59' <Predicate = true> <Delay = 0.00>
ST_7 : Operation 449 [1/1] (0.00ns)   --->   "%empty_60 = bitcast i32 %weights_load_7" [conv2.cpp:16]   --->   Operation 449 'bitcast' 'empty_60' <Predicate = true> <Delay = 0.00>
ST_7 : Operation 450 [1/2] ( I:3.25ns O:3.25ns )   --->   "%weights_load_8 = load i11 %weights_addr_8" [conv2.cpp:16]   --->   Operation 450 'load' 'weights_load_8' <Predicate = true> <Delay = 3.25> <CoreInst = "RAM">   --->   Core 81 'RAM' <Latency = 1> <II = 1> <Delay = 3.25> <Storage> <Opcode : 'load' 'store'> <Ports = 2> <Width = 32> <Depth = 1536> <RAM>
ST_7 : Operation 451 [1/2] ( I:3.25ns O:3.25ns )   --->   "%weights_load_9 = load i11 %weights_addr_9" [conv2.cpp:16]   --->   Operation 451 'load' 'weights_load_9' <Predicate = true> <Delay = 3.25> <CoreInst = "RAM">   --->   Core 81 'RAM' <Latency = 1> <II = 1> <Delay = 3.25> <Storage> <Opcode : 'load' 'store'> <Ports = 2> <Width = 32> <Depth = 1536> <RAM>
ST_7 : Operation 452 [2/2] (3.25ns)   --->   "%weights_load_10 = load i11 %weights_addr_10" [conv2.cpp:16]   --->   Operation 452 'load' 'weights_load_10' <Predicate = true> <Delay = 3.25> <CoreInst = "RAM">   --->   Core 81 'RAM' <Latency = 1> <II = 1> <Delay = 3.25> <Storage> <Opcode : 'load' 'store'> <Ports = 2> <Width = 32> <Depth = 1536> <RAM>
ST_7 : Operation 453 [2/2] (3.25ns)   --->   "%weights_load_11 = load i11 %weights_addr_11" [conv2.cpp:16]   --->   Operation 453 'load' 'weights_load_11' <Predicate = true> <Delay = 3.25> <CoreInst = "RAM">   --->   Core 81 'RAM' <Latency = 1> <II = 1> <Delay = 3.25> <Storage> <Opcode : 'load' 'store'> <Ports = 2> <Width = 32> <Depth = 1536> <RAM>
ST_7 : Operation 454 [1/1] (0.00ns)   --->   "%tmp_45_cast = bitconcatenate i7 @_ssdm_op_BitConcatenate.i7.i1.i6, i1 1, i6 %zext_ln26_4" [conv2.cpp:26]   --->   Operation 454 'bitconcatenate' 'tmp_45_cast' <Predicate = true> <Delay = 0.00>
ST_7 : Operation 455 [1/1] (0.00ns)   --->   "%zext_ln26_8 = zext i7 %tmp_45_cast" [conv2.cpp:26]   --->   Operation 455 'zext' 'zext_ln26_8' <Predicate = true> <Delay = 0.00>
ST_7 : Operation 456 [1/1] (0.00ns)   --->   "%inputs_addr_13 = getelementptr i32 %inputs, i64 0, i64 %zext_ln26_8" [conv2.cpp:26]   --->   Operation 456 'getelementptr' 'inputs_addr_13' <Predicate = true> <Delay = 0.00>
ST_7 : Operation 457 [1/1] (0.00ns)   --->   "%sext_ln26_8 = sext i5 %empty_101" [conv2.cpp:26]   --->   Operation 457 'sext' 'sext_ln26_8' <Predicate = true> <Delay = 0.00>
ST_7 : Operation 458 [1/1] (0.00ns)   --->   "%bit_sel3 = bitselect i1 @_ssdm_op_BitSelect.i1.i7.i7, i7 %sext_ln26_8, i7 6" [conv2.cpp:26]   --->   Operation 458 'bitselect' 'bit_sel3' <Predicate = (!tmp_28)> <Delay = 0.00>
ST_7 : Operation 459 [1/1] (0.97ns)   --->   "%xor_ln26_2 = xor i1 %bit_sel3, i1 1" [conv2.cpp:26]   --->   Operation 459 'xor' 'xor_ln26_2' <Predicate = (!tmp_28)> <Delay = 0.97> <CoreInst = "LogicGate">   --->   Core 74 'LogicGate' <Latency = 0> <II = 1> <Delay = 0.97> <FuncUnit> <Opcode : 'and' 'or' 'xor'> <InPorts = 2> <OutPorts = 1>
ST_7 : Operation 460 [1/1] (0.00ns)   --->   "%add_ln26_s = bitconcatenate i7 @_ssdm_op_BitConcatenate.i7.i1.i6, i1 %xor_ln26_2, i6 %sext_ln26_7" [conv2.cpp:26]   --->   Operation 460 'bitconcatenate' 'add_ln26_s' <Predicate = (!tmp_28)> <Delay = 0.00>
ST_7 : Operation 461 [1/1] (0.00ns)   --->   "%zext_ln26_23 = zext i7 %add_ln26_s" [conv2.cpp:26]   --->   Operation 461 'zext' 'zext_ln26_23' <Predicate = (!tmp_28)> <Delay = 0.00>
ST_7 : Operation 462 [1/1] (0.00ns)   --->   "%inputs_addr_12 = getelementptr i32 %inputs, i64 0, i64 %zext_ln26_23" [conv2.cpp:26]   --->   Operation 462 'getelementptr' 'inputs_addr_12' <Predicate = (!tmp_28)> <Delay = 0.00>
ST_7 : Operation 463 [1/4] (5.70ns)   --->   "%mul = fmul i32 %v, i32 %empty_53" [conv2.cpp:27]   --->   Operation 463 'fmul' 'mul' <Predicate = true> <Delay = 5.70> <CoreInst = "FMul_maxdsp">   --->   Core 30 'FMul_maxdsp' <Latency = 3> <II = 1> <Delay = 5.70> <FuncUnit> <Opcode : 'fmul'> <InPorts = 2> <OutPorts = 1>
ST_7 : Operation 464 [1/4] (5.70ns)   --->   "%mul_s = fmul i32 %v_1, i32 %empty_54" [conv2.cpp:27]   --->   Operation 464 'fmul' 'mul_s' <Predicate = true> <Delay = 5.70> <CoreInst = "FMul_maxdsp">   --->   Core 30 'FMul_maxdsp' <Latency = 3> <II = 1> <Delay = 5.70> <FuncUnit> <Opcode : 'fmul'> <InPorts = 2> <OutPorts = 1>
ST_7 : Operation 465 [2/4] (5.70ns)   --->   "%mul_16 = fmul i32 %v_2, i32 %empty_55" [conv2.cpp:27]   --->   Operation 465 'fmul' 'mul_16' <Predicate = true> <Delay = 5.70> <CoreInst = "FMul_maxdsp">   --->   Core 30 'FMul_maxdsp' <Latency = 3> <II = 1> <Delay = 5.70> <FuncUnit> <Opcode : 'fmul'> <InPorts = 2> <OutPorts = 1>
ST_7 : Operation 466 [2/4] (5.70ns)   --->   "%mul_1 = fmul i32 %v_3, i32 %empty_56" [conv2.cpp:27]   --->   Operation 466 'fmul' 'mul_1' <Predicate = true> <Delay = 5.70> <CoreInst = "FMul_maxdsp">   --->   Core 30 'FMul_maxdsp' <Latency = 3> <II = 1> <Delay = 5.70> <FuncUnit> <Opcode : 'fmul'> <InPorts = 2> <OutPorts = 1>
ST_7 : Operation 467 [3/4] (5.70ns)   --->   "%mul_1_1 = fmul i32 %v_4, i32 %empty_57" [conv2.cpp:27]   --->   Operation 467 'fmul' 'mul_1_1' <Predicate = true> <Delay = 5.70> <CoreInst = "FMul_maxdsp">   --->   Core 30 'FMul_maxdsp' <Latency = 3> <II = 1> <Delay = 5.70> <FuncUnit> <Opcode : 'fmul'> <InPorts = 2> <OutPorts = 1>
ST_7 : Operation 468 [3/4] (5.70ns)   --->   "%mul_1_2 = fmul i32 %v_5, i32 %empty_58" [conv2.cpp:27]   --->   Operation 468 'fmul' 'mul_1_2' <Predicate = true> <Delay = 5.70> <CoreInst = "FMul_maxdsp">   --->   Core 30 'FMul_maxdsp' <Latency = 3> <II = 1> <Delay = 5.70> <FuncUnit> <Opcode : 'fmul'> <InPorts = 2> <OutPorts = 1>
ST_7 : Operation 469 [1/1] (0.00ns)   --->   "%bitcast_ln26_6 = bitcast i32 %inputs_load_6" [conv2.cpp:26]   --->   Operation 469 'bitcast' 'bitcast_ln26_6' <Predicate = (!tmp_28)> <Delay = 0.00>
ST_7 : Operation 470 [1/1] (0.69ns)   --->   "%v_6 = select i1 %tmp_28, i32 0, i32 %bitcast_ln26_6" [conv2.cpp:26]   --->   Operation 470 'select' 'v_6' <Predicate = true> <Delay = 0.69> <CoreInst = "Sel">   --->   Core 73 'Sel' <Latency = 0> <II = 1> <Delay = 0.69> <FuncUnit> <Opcode : 'select'> <InPorts = 3> <OutPorts = 1>
ST_7 : Operation 471 [4/4] (5.70ns)   --->   "%mul_2 = fmul i32 %v_6, i32 %empty_59" [conv2.cpp:27]   --->   Operation 471 'fmul' 'mul_2' <Predicate = true> <Delay = 5.70> <CoreInst = "FMul_maxdsp">   --->   Core 30 'FMul_maxdsp' <Latency = 3> <II = 1> <Delay = 5.70> <FuncUnit> <Opcode : 'fmul'> <InPorts = 2> <OutPorts = 1>
ST_7 : Operation 472 [1/1] (0.00ns)   --->   "%v_7 = bitcast i32 %inputs_load_7" [conv2.cpp:26]   --->   Operation 472 'bitcast' 'v_7' <Predicate = true> <Delay = 0.00>
ST_7 : Operation 473 [4/4] (5.70ns)   --->   "%mul_2_1 = fmul i32 %v_7, i32 %empty_60" [conv2.cpp:27]   --->   Operation 473 'fmul' 'mul_2_1' <Predicate = true> <Delay = 5.70> <CoreInst = "FMul_maxdsp">   --->   Core 30 'FMul_maxdsp' <Latency = 3> <II = 1> <Delay = 5.70> <FuncUnit> <Opcode : 'fmul'> <InPorts = 2> <OutPorts = 1>
ST_7 : Operation 474 [1/2] ( I:3.25ns O:3.25ns )   --->   "%inputs_load_10 = load i8 %inputs_addr_10" [conv2.cpp:26]   --->   Operation 474 'load' 'inputs_load_10' <Predicate = true> <Delay = 3.25> <CoreInst = "RAM">   --->   Core 81 'RAM' <Latency = 1> <II = 1> <Delay = 3.25> <Storage> <Opcode : 'load' 'store'> <Ports = 2> <Width = 32> <Depth = 256> <RAM>
ST_7 : Operation 475 [1/2] ( I:3.25ns O:3.25ns )   --->   "%inputs_load_11 = load i8 %inputs_addr_11" [conv2.cpp:26]   --->   Operation 475 'load' 'inputs_load_11' <Predicate = (!tmp_29)> <Delay = 3.25> <CoreInst = "RAM">   --->   Core 81 'RAM' <Latency = 1> <II = 1> <Delay = 3.25> <Storage> <Opcode : 'load' 'store'> <Ports = 2> <Width = 32> <Depth = 256> <RAM>
ST_7 : Operation 476 [2/2] (3.25ns)   --->   "%inputs_load_12 = load i8 %inputs_addr_12" [conv2.cpp:26]   --->   Operation 476 'load' 'inputs_load_12' <Predicate = (!tmp_28)> <Delay = 3.25> <CoreInst = "RAM">   --->   Core 81 'RAM' <Latency = 1> <II = 1> <Delay = 3.25> <Storage> <Opcode : 'load' 'store'> <Ports = 2> <Width = 32> <Depth = 256> <RAM>
ST_7 : Operation 477 [2/2] (3.25ns)   --->   "%inputs_load_13 = load i8 %inputs_addr_13" [conv2.cpp:26]   --->   Operation 477 'load' 'inputs_load_13' <Predicate = true> <Delay = 3.25> <CoreInst = "RAM">   --->   Core 81 'RAM' <Latency = 1> <II = 1> <Delay = 3.25> <Storage> <Opcode : 'load' 'store'> <Ports = 2> <Width = 32> <Depth = 256> <RAM>

State 8 <SV = 7> <Delay = 7.25>
ST_8 : Operation 478 [1/1] (0.00ns)   --->   "%tmp_3 = bitconcatenate i10 @_ssdm_op_BitConcatenate.i10.i6.i4, i6 %oc, i4 4" [conv2.cpp:16]   --->   Operation 478 'bitconcatenate' 'tmp_3' <Predicate = true> <Delay = 0.00>
ST_8 : Operation 479 [1/1] (0.00ns)   --->   "%tmp_11_cast = zext i10 %tmp_3" [conv2.cpp:16]   --->   Operation 479 'zext' 'tmp_11_cast' <Predicate = true> <Delay = 0.00>
ST_8 : Operation 480 [1/1] (0.00ns)   --->   "%p_shl5 = bitconcatenate i12 @_ssdm_op_BitConcatenate.i12.i6.i6, i6 %oc, i6 16" [conv2.cpp:16]   --->   Operation 480 'bitconcatenate' 'p_shl5' <Predicate = true> <Delay = 0.00>
ST_8 : Operation 481 [1/1] (1.54ns)   --->   "%empty_17 = sub i12 %p_shl5, i12 %tmp_11_cast" [conv2.cpp:16]   --->   Operation 481 'sub' 'empty_17' <Predicate = true> <Delay = 1.54> <CoreInst = "Adder">   --->   Core 1 'Adder' <Latency = 0> <II = 1> <Delay = 1.54> <FuncUnit> <Opcode : 'add' 'sub'> <InPorts = 2> <OutPorts = 1>
ST_8 : Operation 482 [1/1] (0.00ns)   --->   "%p_cast39 = zext i12 %empty_17" [conv2.cpp:16]   --->   Operation 482 'zext' 'p_cast39' <Predicate = true> <Delay = 0.00>
ST_8 : Operation 483 [1/1] (0.00ns)   --->   "%weights_addr_12 = getelementptr i32 %weights, i64 0, i64 %p_cast39" [conv2.cpp:16]   --->   Operation 483 'getelementptr' 'weights_addr_12' <Predicate = true> <Delay = 0.00>
ST_8 : Operation 484 [1/1] (0.00ns)   --->   "%tmp_12_cast = partselect i10 @_ssdm_op_PartSelect.i10.i12.i32.i32, i12 %empty_17, i32 1, i32 10" [conv2.cpp:16]   --->   Operation 484 'partselect' 'tmp_12_cast' <Predicate = true> <Delay = 0.00>
ST_8 : Operation 485 [1/1] (0.00ns)   --->   "%tmp_4 = bitconcatenate i11 @_ssdm_op_BitConcatenate.i11.i10.i1, i10 %tmp_12_cast, i1 1" [conv2.cpp:16]   --->   Operation 485 'bitconcatenate' 'tmp_4' <Predicate = true> <Delay = 0.00>
ST_8 : Operation 486 [1/1] (0.00ns)   --->   "%tmp_13_cast = zext i11 %tmp_4" [conv2.cpp:16]   --->   Operation 486 'zext' 'tmp_13_cast' <Predicate = true> <Delay = 0.00>
ST_8 : Operation 487 [1/1] (0.00ns)   --->   "%weights_addr_13 = getelementptr i32 %weights, i64 0, i64 %tmp_13_cast" [conv2.cpp:16]   --->   Operation 487 'getelementptr' 'weights_addr_13' <Predicate = true> <Delay = 0.00>
ST_8 : Operation 488 [1/1] (0.00ns)   --->   "%tmp_14_cast = partselect i9 @_ssdm_op_PartSelect.i9.i12.i32.i32, i12 %empty_17, i32 2, i32 10" [conv2.cpp:16]   --->   Operation 488 'partselect' 'tmp_14_cast' <Predicate = true> <Delay = 0.00>
ST_8 : Operation 489 [1/1] (0.00ns)   --->   "%acc = bitcast i32 %bias_load" [conv2.cpp:16]   --->   Operation 489 'bitcast' 'acc' <Predicate = true> <Delay = 0.00>
ST_8 : Operation 490 [1/1] (0.00ns)   --->   "%empty_61 = bitcast i32 %weights_load_8" [conv2.cpp:16]   --->   Operation 490 'bitcast' 'empty_61' <Predicate = true> <Delay = 0.00>
ST_8 : Operation 491 [1/1] (0.00ns)   --->   "%empty_62 = bitcast i32 %weights_load_9" [conv2.cpp:16]   --->   Operation 491 'bitcast' 'empty_62' <Predicate = true> <Delay = 0.00>
ST_8 : Operation 492 [1/2] ( I:3.25ns O:3.25ns )   --->   "%weights_load_10 = load i11 %weights_addr_10" [conv2.cpp:16]   --->   Operation 492 'load' 'weights_load_10' <Predicate = true> <Delay = 3.25> <CoreInst = "RAM">   --->   Core 81 'RAM' <Latency = 1> <II = 1> <Delay = 3.25> <Storage> <Opcode : 'load' 'store'> <Ports = 2> <Width = 32> <Depth = 1536> <RAM>
ST_8 : Operation 493 [1/2] ( I:3.25ns O:3.25ns )   --->   "%weights_load_11 = load i11 %weights_addr_11" [conv2.cpp:16]   --->   Operation 493 'load' 'weights_load_11' <Predicate = true> <Delay = 3.25> <CoreInst = "RAM">   --->   Core 81 'RAM' <Latency = 1> <II = 1> <Delay = 3.25> <Storage> <Opcode : 'load' 'store'> <Ports = 2> <Width = 32> <Depth = 1536> <RAM>
ST_8 : Operation 494 [2/2] (3.25ns)   --->   "%weights_load_12 = load i11 %weights_addr_12" [conv2.cpp:16]   --->   Operation 494 'load' 'weights_load_12' <Predicate = true> <Delay = 3.25> <CoreInst = "RAM">   --->   Core 81 'RAM' <Latency = 1> <II = 1> <Delay = 3.25> <Storage> <Opcode : 'load' 'store'> <Ports = 2> <Width = 32> <Depth = 1536> <RAM>
ST_8 : Operation 495 [2/2] (3.25ns)   --->   "%weights_load_13 = load i11 %weights_addr_13" [conv2.cpp:16]   --->   Operation 495 'load' 'weights_load_13' <Predicate = true> <Delay = 3.25> <CoreInst = "RAM">   --->   Core 81 'RAM' <Latency = 1> <II = 1> <Delay = 3.25> <Storage> <Opcode : 'load' 'store'> <Ports = 2> <Width = 32> <Depth = 1536> <RAM>
ST_8 : Operation 496 [1/1] (1.87ns)   --->   "%add_ln26_10 = add i7 %sext_ln26_8, i7 80" [conv2.cpp:26]   --->   Operation 496 'add' 'add_ln26_10' <Predicate = true> <Delay = 1.87> <CoreInst = "Adder">   --->   Core 1 'Adder' <Latency = 0> <II = 1> <Delay = 1.87> <FuncUnit> <Opcode : 'add' 'sub'> <InPorts = 2> <OutPorts = 1>
ST_8 : Operation 497 [1/1] (0.00ns)   --->   "%zext_ln26_24 = zext i7 %add_ln26_10" [conv2.cpp:26]   --->   Operation 497 'zext' 'zext_ln26_24' <Predicate = (!tmp_28)> <Delay = 0.00>
ST_8 : Operation 498 [1/1] (0.00ns)   --->   "%inputs_addr_15 = getelementptr i32 %inputs, i64 0, i64 %zext_ln26_24" [conv2.cpp:26]   --->   Operation 498 'getelementptr' 'inputs_addr_15' <Predicate = (!tmp_28)> <Delay = 0.00>
ST_8 : Operation 499 [5/5] (7.25ns)   --->   "%acc_1 = fadd i32 %acc, i32 %mul" [conv2.cpp:27]   --->   Operation 499 'fadd' 'acc_1' <Predicate = true> <Delay = 7.25> <CoreInst = "FAddSub_fulldsp">   --->   Core 18 'FAddSub_fulldsp' <Latency = 4> <II = 1> <Delay = 7.25> <FuncUnit> <Opcode : 'fadd' 'fsub'> <InPorts = 2> <OutPorts = 1>
ST_8 : Operation 500 [1/1] (0.00ns)   --->   "%tmp_52_cast = bitconcatenate i7 @_ssdm_op_BitConcatenate.i7.i1.i6, i1 1, i6 %zext_ln26_37" [conv2.cpp:26]   --->   Operation 500 'bitconcatenate' 'tmp_52_cast' <Predicate = true> <Delay = 0.00>
ST_8 : Operation 501 [1/1] (0.00ns)   --->   "%zext_ln26_41 = zext i7 %tmp_52_cast" [conv2.cpp:26]   --->   Operation 501 'zext' 'zext_ln26_41' <Predicate = (!tmp_29)> <Delay = 0.00>
ST_8 : Operation 502 [1/1] (0.00ns)   --->   "%inputs_addr_14 = getelementptr i32 %inputs, i64 0, i64 %zext_ln26_41" [conv2.cpp:26]   --->   Operation 502 'getelementptr' 'inputs_addr_14' <Predicate = (!tmp_29)> <Delay = 0.00>
ST_8 : Operation 503 [1/4] (5.70ns)   --->   "%mul_16 = fmul i32 %v_2, i32 %empty_55" [conv2.cpp:27]   --->   Operation 503 'fmul' 'mul_16' <Predicate = true> <Delay = 5.70> <CoreInst = "FMul_maxdsp">   --->   Core 30 'FMul_maxdsp' <Latency = 3> <II = 1> <Delay = 5.70> <FuncUnit> <Opcode : 'fmul'> <InPorts = 2> <OutPorts = 1>
ST_8 : Operation 504 [1/4] (5.70ns)   --->   "%mul_1 = fmul i32 %v_3, i32 %empty_56" [conv2.cpp:27]   --->   Operation 504 'fmul' 'mul_1' <Predicate = true> <Delay = 5.70> <CoreInst = "FMul_maxdsp">   --->   Core 30 'FMul_maxdsp' <Latency = 3> <II = 1> <Delay = 5.70> <FuncUnit> <Opcode : 'fmul'> <InPorts = 2> <OutPorts = 1>
ST_8 : Operation 505 [2/4] (5.70ns)   --->   "%mul_1_1 = fmul i32 %v_4, i32 %empty_57" [conv2.cpp:27]   --->   Operation 505 'fmul' 'mul_1_1' <Predicate = true> <Delay = 5.70> <CoreInst = "FMul_maxdsp">   --->   Core 30 'FMul_maxdsp' <Latency = 3> <II = 1> <Delay = 5.70> <FuncUnit> <Opcode : 'fmul'> <InPorts = 2> <OutPorts = 1>
ST_8 : Operation 506 [2/4] (5.70ns)   --->   "%mul_1_2 = fmul i32 %v_5, i32 %empty_58" [conv2.cpp:27]   --->   Operation 506 'fmul' 'mul_1_2' <Predicate = true> <Delay = 5.70> <CoreInst = "FMul_maxdsp">   --->   Core 30 'FMul_maxdsp' <Latency = 3> <II = 1> <Delay = 5.70> <FuncUnit> <Opcode : 'fmul'> <InPorts = 2> <OutPorts = 1>
ST_8 : Operation 507 [3/4] (5.70ns)   --->   "%mul_2 = fmul i32 %v_6, i32 %empty_59" [conv2.cpp:27]   --->   Operation 507 'fmul' 'mul_2' <Predicate = true> <Delay = 5.70> <CoreInst = "FMul_maxdsp">   --->   Core 30 'FMul_maxdsp' <Latency = 3> <II = 1> <Delay = 5.70> <FuncUnit> <Opcode : 'fmul'> <InPorts = 2> <OutPorts = 1>
ST_8 : Operation 508 [3/4] (5.70ns)   --->   "%mul_2_1 = fmul i32 %v_7, i32 %empty_60" [conv2.cpp:27]   --->   Operation 508 'fmul' 'mul_2_1' <Predicate = true> <Delay = 5.70> <CoreInst = "FMul_maxdsp">   --->   Core 30 'FMul_maxdsp' <Latency = 3> <II = 1> <Delay = 5.70> <FuncUnit> <Opcode : 'fmul'> <InPorts = 2> <OutPorts = 1>
ST_8 : Operation 509 [1/1] (0.00ns)   --->   "%bitcast_ln26_8 = bitcast i32 %inputs_load_8" [conv2.cpp:26]   --->   Operation 509 'bitcast' 'bitcast_ln26_8' <Predicate = (!tmp_29)> <Delay = 0.00>
ST_8 : Operation 510 [1/1] (0.69ns)   --->   "%v_8 = select i1 %tmp_29, i32 0, i32 %bitcast_ln26_8" [conv2.cpp:26]   --->   Operation 510 'select' 'v_8' <Predicate = true> <Delay = 0.69> <CoreInst = "Sel">   --->   Core 73 'Sel' <Latency = 0> <II = 1> <Delay = 0.69> <FuncUnit> <Opcode : 'select'> <InPorts = 3> <OutPorts = 1>
ST_8 : Operation 511 [4/4] (5.70ns)   --->   "%mul_2_2 = fmul i32 %v_8, i32 %empty_61" [conv2.cpp:27]   --->   Operation 511 'fmul' 'mul_2_2' <Predicate = true> <Delay = 5.70> <CoreInst = "FMul_maxdsp">   --->   Core 30 'FMul_maxdsp' <Latency = 3> <II = 1> <Delay = 5.70> <FuncUnit> <Opcode : 'fmul'> <InPorts = 2> <OutPorts = 1>
ST_8 : Operation 512 [1/1] (0.00ns)   --->   "%bitcast_ln26_9 = bitcast i32 %inputs_load_9" [conv2.cpp:26]   --->   Operation 512 'bitcast' 'bitcast_ln26_9' <Predicate = (!tmp_28)> <Delay = 0.00>
ST_8 : Operation 513 [1/1] (0.69ns)   --->   "%v_9 = select i1 %tmp_28, i32 0, i32 %bitcast_ln26_9" [conv2.cpp:26]   --->   Operation 513 'select' 'v_9' <Predicate = true> <Delay = 0.69> <CoreInst = "Sel">   --->   Core 73 'Sel' <Latency = 0> <II = 1> <Delay = 0.69> <FuncUnit> <Opcode : 'select'> <InPorts = 3> <OutPorts = 1>
ST_8 : Operation 514 [4/4] (5.70ns)   --->   "%mul_3 = fmul i32 %v_9, i32 %empty_62" [conv2.cpp:27]   --->   Operation 514 'fmul' 'mul_3' <Predicate = true> <Delay = 5.70> <CoreInst = "FMul_maxdsp">   --->   Core 30 'FMul_maxdsp' <Latency = 3> <II = 1> <Delay = 5.70> <FuncUnit> <Opcode : 'fmul'> <InPorts = 2> <OutPorts = 1>
ST_8 : Operation 515 [1/2] ( I:3.25ns O:3.25ns )   --->   "%inputs_load_12 = load i8 %inputs_addr_12" [conv2.cpp:26]   --->   Operation 515 'load' 'inputs_load_12' <Predicate = (!tmp_28)> <Delay = 3.25> <CoreInst = "RAM">   --->   Core 81 'RAM' <Latency = 1> <II = 1> <Delay = 3.25> <Storage> <Opcode : 'load' 'store'> <Ports = 2> <Width = 32> <Depth = 256> <RAM>
ST_8 : Operation 516 [1/2] ( I:3.25ns O:3.25ns )   --->   "%inputs_load_13 = load i8 %inputs_addr_13" [conv2.cpp:26]   --->   Operation 516 'load' 'inputs_load_13' <Predicate = true> <Delay = 3.25> <CoreInst = "RAM">   --->   Core 81 'RAM' <Latency = 1> <II = 1> <Delay = 3.25> <Storage> <Opcode : 'load' 'store'> <Ports = 2> <Width = 32> <Depth = 256> <RAM>
ST_8 : Operation 517 [2/2] (3.25ns)   --->   "%inputs_load_14 = load i8 %inputs_addr_14" [conv2.cpp:26]   --->   Operation 517 'load' 'inputs_load_14' <Predicate = (!tmp_29)> <Delay = 3.25> <CoreInst = "RAM">   --->   Core 81 'RAM' <Latency = 1> <II = 1> <Delay = 3.25> <Storage> <Opcode : 'load' 'store'> <Ports = 2> <Width = 32> <Depth = 256> <RAM>
ST_8 : Operation 518 [2/2] (3.25ns)   --->   "%inputs_load_15 = load i8 %inputs_addr_15" [conv2.cpp:26]   --->   Operation 518 'load' 'inputs_load_15' <Predicate = (!tmp_28)> <Delay = 3.25> <CoreInst = "RAM">   --->   Core 81 'RAM' <Latency = 1> <II = 1> <Delay = 3.25> <Storage> <Opcode : 'load' 'store'> <Ports = 2> <Width = 32> <Depth = 256> <RAM>

State 9 <SV = 8> <Delay = 7.25>
ST_9 : Operation 519 [1/1] (0.00ns)   --->   "%tmp_8 = bitconcatenate i11 @_ssdm_op_BitConcatenate.i11.i9.i2, i9 %tmp_14_cast, i2 2" [conv2.cpp:16]   --->   Operation 519 'bitconcatenate' 'tmp_8' <Predicate = true> <Delay = 0.00>
ST_9 : Operation 520 [1/1] (0.00ns)   --->   "%tmp_16_cast = zext i11 %tmp_8" [conv2.cpp:16]   --->   Operation 520 'zext' 'tmp_16_cast' <Predicate = true> <Delay = 0.00>
ST_9 : Operation 521 [1/1] (0.00ns)   --->   "%weights_addr_14 = getelementptr i32 %weights, i64 0, i64 %tmp_16_cast" [conv2.cpp:16]   --->   Operation 521 'getelementptr' 'weights_addr_14' <Predicate = true> <Delay = 0.00>
ST_9 : Operation 522 [1/1] (0.00ns)   --->   "%tmp_10 = bitconcatenate i10 @_ssdm_op_BitConcatenate.i10.i6.i4, i6 %oc, i4 5" [conv2.cpp:16]   --->   Operation 522 'bitconcatenate' 'tmp_10' <Predicate = true> <Delay = 0.00>
ST_9 : Operation 523 [1/1] (0.00ns)   --->   "%tmp_17_cast = zext i10 %tmp_10" [conv2.cpp:16]   --->   Operation 523 'zext' 'tmp_17_cast' <Predicate = true> <Delay = 0.00>
ST_9 : Operation 524 [1/1] (0.00ns)   --->   "%p_shl6 = bitconcatenate i12 @_ssdm_op_BitConcatenate.i12.i6.i6, i6 %oc, i6 20" [conv2.cpp:16]   --->   Operation 524 'bitconcatenate' 'p_shl6' <Predicate = true> <Delay = 0.00>
ST_9 : Operation 525 [1/1] (1.54ns)   --->   "%empty_18 = sub i12 %p_shl6, i12 %tmp_17_cast" [conv2.cpp:16]   --->   Operation 525 'sub' 'empty_18' <Predicate = true> <Delay = 1.54> <CoreInst = "Adder">   --->   Core 1 'Adder' <Latency = 0> <II = 1> <Delay = 1.54> <FuncUnit> <Opcode : 'add' 'sub'> <InPorts = 2> <OutPorts = 1>
ST_9 : Operation 526 [1/1] (0.00ns)   --->   "%p_cast40 = zext i12 %empty_18" [conv2.cpp:16]   --->   Operation 526 'zext' 'p_cast40' <Predicate = true> <Delay = 0.00>
ST_9 : Operation 527 [1/1] (0.00ns)   --->   "%empty_19 = trunc i12 %empty_18" [conv2.cpp:16]   --->   Operation 527 'trunc' 'empty_19' <Predicate = true> <Delay = 0.00>
ST_9 : Operation 528 [1/1] (0.00ns)   --->   "%weights_addr_15 = getelementptr i32 %weights, i64 0, i64 %p_cast40" [conv2.cpp:16]   --->   Operation 528 'getelementptr' 'weights_addr_15' <Predicate = true> <Delay = 0.00>
ST_9 : Operation 529 [1/1] (0.00ns)   --->   "%empty_63 = bitcast i32 %weights_load_10" [conv2.cpp:16]   --->   Operation 529 'bitcast' 'empty_63' <Predicate = true> <Delay = 0.00>
ST_9 : Operation 530 [1/1] (0.00ns)   --->   "%empty_64 = bitcast i32 %weights_load_11" [conv2.cpp:16]   --->   Operation 530 'bitcast' 'empty_64' <Predicate = true> <Delay = 0.00>
ST_9 : Operation 531 [1/2] ( I:3.25ns O:3.25ns )   --->   "%weights_load_12 = load i11 %weights_addr_12" [conv2.cpp:16]   --->   Operation 531 'load' 'weights_load_12' <Predicate = true> <Delay = 3.25> <CoreInst = "RAM">   --->   Core 81 'RAM' <Latency = 1> <II = 1> <Delay = 3.25> <Storage> <Opcode : 'load' 'store'> <Ports = 2> <Width = 32> <Depth = 1536> <RAM>
ST_9 : Operation 532 [1/2] ( I:3.25ns O:3.25ns )   --->   "%weights_load_13 = load i11 %weights_addr_13" [conv2.cpp:16]   --->   Operation 532 'load' 'weights_load_13' <Predicate = true> <Delay = 3.25> <CoreInst = "RAM">   --->   Core 81 'RAM' <Latency = 1> <II = 1> <Delay = 3.25> <Storage> <Opcode : 'load' 'store'> <Ports = 2> <Width = 32> <Depth = 1536> <RAM>
ST_9 : Operation 533 [2/2] (3.25ns)   --->   "%weights_load_14 = load i11 %weights_addr_14" [conv2.cpp:16]   --->   Operation 533 'load' 'weights_load_14' <Predicate = true> <Delay = 3.25> <CoreInst = "RAM">   --->   Core 81 'RAM' <Latency = 1> <II = 1> <Delay = 3.25> <Storage> <Opcode : 'load' 'store'> <Ports = 2> <Width = 32> <Depth = 1536> <RAM>
ST_9 : Operation 534 [2/2] (3.25ns)   --->   "%weights_load_15 = load i11 %weights_addr_15" [conv2.cpp:16]   --->   Operation 534 'load' 'weights_load_15' <Predicate = true> <Delay = 3.25> <CoreInst = "RAM">   --->   Core 81 'RAM' <Latency = 1> <II = 1> <Delay = 3.25> <Storage> <Opcode : 'load' 'store'> <Ports = 2> <Width = 32> <Depth = 1536> <RAM>
ST_9 : Operation 535 [1/1] (1.87ns)   --->   "%add_ln26_2 = add i7 %zext_ln26_3, i7 80" [conv2.cpp:26]   --->   Operation 535 'add' 'add_ln26_2' <Predicate = true> <Delay = 1.87> <CoreInst = "Adder">   --->   Core 1 'Adder' <Latency = 0> <II = 1> <Delay = 1.87> <FuncUnit> <Opcode : 'add' 'sub'> <InPorts = 2> <OutPorts = 1>
ST_9 : Operation 536 [1/1] (0.00ns)   --->   "%zext_ln26_9 = zext i7 %add_ln26_2" [conv2.cpp:26]   --->   Operation 536 'zext' 'zext_ln26_9' <Predicate = true> <Delay = 0.00>
ST_9 : Operation 537 [1/1] (0.00ns)   --->   "%inputs_addr_16 = getelementptr i32 %inputs, i64 0, i64 %zext_ln26_9" [conv2.cpp:26]   --->   Operation 537 'getelementptr' 'inputs_addr_16' <Predicate = true> <Delay = 0.00>
ST_9 : Operation 538 [4/5] (7.25ns)   --->   "%acc_1 = fadd i32 %acc, i32 %mul" [conv2.cpp:27]   --->   Operation 538 'fadd' 'acc_1' <Predicate = true> <Delay = 7.25> <CoreInst = "FAddSub_fulldsp">   --->   Core 18 'FAddSub_fulldsp' <Latency = 4> <II = 1> <Delay = 7.25> <FuncUnit> <Opcode : 'fadd' 'fsub'> <InPorts = 2> <OutPorts = 1>
ST_9 : Operation 539 [1/1] (1.87ns)   --->   "%add_ln26_19 = add i7 %zext_ln26_36, i7 80" [conv2.cpp:26]   --->   Operation 539 'add' 'add_ln26_19' <Predicate = true> <Delay = 1.87> <CoreInst = "Adder">   --->   Core 1 'Adder' <Latency = 0> <II = 1> <Delay = 1.87> <FuncUnit> <Opcode : 'add' 'sub'> <InPorts = 2> <OutPorts = 1>
ST_9 : Operation 540 [1/1] (0.00ns)   --->   "%zext_ln26_42 = zext i7 %add_ln26_19" [conv2.cpp:26]   --->   Operation 540 'zext' 'zext_ln26_42' <Predicate = (!tmp_29)> <Delay = 0.00>
ST_9 : Operation 541 [1/1] (0.00ns)   --->   "%inputs_addr_17 = getelementptr i32 %inputs, i64 0, i64 %zext_ln26_42" [conv2.cpp:26]   --->   Operation 541 'getelementptr' 'inputs_addr_17' <Predicate = (!tmp_29)> <Delay = 0.00>
ST_9 : Operation 542 [1/4] (5.70ns)   --->   "%mul_1_1 = fmul i32 %v_4, i32 %empty_57" [conv2.cpp:27]   --->   Operation 542 'fmul' 'mul_1_1' <Predicate = true> <Delay = 5.70> <CoreInst = "FMul_maxdsp">   --->   Core 30 'FMul_maxdsp' <Latency = 3> <II = 1> <Delay = 5.70> <FuncUnit> <Opcode : 'fmul'> <InPorts = 2> <OutPorts = 1>
ST_9 : Operation 543 [1/4] (5.70ns)   --->   "%mul_1_2 = fmul i32 %v_5, i32 %empty_58" [conv2.cpp:27]   --->   Operation 543 'fmul' 'mul_1_2' <Predicate = true> <Delay = 5.70> <CoreInst = "FMul_maxdsp">   --->   Core 30 'FMul_maxdsp' <Latency = 3> <II = 1> <Delay = 5.70> <FuncUnit> <Opcode : 'fmul'> <InPorts = 2> <OutPorts = 1>
ST_9 : Operation 544 [2/4] (5.70ns)   --->   "%mul_2 = fmul i32 %v_6, i32 %empty_59" [conv2.cpp:27]   --->   Operation 544 'fmul' 'mul_2' <Predicate = true> <Delay = 5.70> <CoreInst = "FMul_maxdsp">   --->   Core 30 'FMul_maxdsp' <Latency = 3> <II = 1> <Delay = 5.70> <FuncUnit> <Opcode : 'fmul'> <InPorts = 2> <OutPorts = 1>
ST_9 : Operation 545 [2/4] (5.70ns)   --->   "%mul_2_1 = fmul i32 %v_7, i32 %empty_60" [conv2.cpp:27]   --->   Operation 545 'fmul' 'mul_2_1' <Predicate = true> <Delay = 5.70> <CoreInst = "FMul_maxdsp">   --->   Core 30 'FMul_maxdsp' <Latency = 3> <II = 1> <Delay = 5.70> <FuncUnit> <Opcode : 'fmul'> <InPorts = 2> <OutPorts = 1>
ST_9 : Operation 546 [3/4] (5.70ns)   --->   "%mul_2_2 = fmul i32 %v_8, i32 %empty_61" [conv2.cpp:27]   --->   Operation 546 'fmul' 'mul_2_2' <Predicate = true> <Delay = 5.70> <CoreInst = "FMul_maxdsp">   --->   Core 30 'FMul_maxdsp' <Latency = 3> <II = 1> <Delay = 5.70> <FuncUnit> <Opcode : 'fmul'> <InPorts = 2> <OutPorts = 1>
ST_9 : Operation 547 [3/4] (5.70ns)   --->   "%mul_3 = fmul i32 %v_9, i32 %empty_62" [conv2.cpp:27]   --->   Operation 547 'fmul' 'mul_3' <Predicate = true> <Delay = 5.70> <CoreInst = "FMul_maxdsp">   --->   Core 30 'FMul_maxdsp' <Latency = 3> <II = 1> <Delay = 5.70> <FuncUnit> <Opcode : 'fmul'> <InPorts = 2> <OutPorts = 1>
ST_9 : Operation 548 [1/1] (0.00ns)   --->   "%v_10 = bitcast i32 %inputs_load_10" [conv2.cpp:26]   --->   Operation 548 'bitcast' 'v_10' <Predicate = true> <Delay = 0.00>
ST_9 : Operation 549 [4/4] (5.70ns)   --->   "%mul_3_1 = fmul i32 %v_10, i32 %empty_63" [conv2.cpp:27]   --->   Operation 549 'fmul' 'mul_3_1' <Predicate = true> <Delay = 5.70> <CoreInst = "FMul_maxdsp">   --->   Core 30 'FMul_maxdsp' <Latency = 3> <II = 1> <Delay = 5.70> <FuncUnit> <Opcode : 'fmul'> <InPorts = 2> <OutPorts = 1>
ST_9 : Operation 550 [1/1] (0.00ns)   --->   "%bitcast_ln26_11 = bitcast i32 %inputs_load_11" [conv2.cpp:26]   --->   Operation 550 'bitcast' 'bitcast_ln26_11' <Predicate = (!tmp_29)> <Delay = 0.00>
ST_9 : Operation 551 [1/1] (0.69ns)   --->   "%v_11 = select i1 %tmp_29, i32 0, i32 %bitcast_ln26_11" [conv2.cpp:26]   --->   Operation 551 'select' 'v_11' <Predicate = true> <Delay = 0.69> <CoreInst = "Sel">   --->   Core 73 'Sel' <Latency = 0> <II = 1> <Delay = 0.69> <FuncUnit> <Opcode : 'select'> <InPorts = 3> <OutPorts = 1>
ST_9 : Operation 552 [4/4] (5.70ns)   --->   "%mul_3_2 = fmul i32 %v_11, i32 %empty_64" [conv2.cpp:27]   --->   Operation 552 'fmul' 'mul_3_2' <Predicate = true> <Delay = 5.70> <CoreInst = "FMul_maxdsp">   --->   Core 30 'FMul_maxdsp' <Latency = 3> <II = 1> <Delay = 5.70> <FuncUnit> <Opcode : 'fmul'> <InPorts = 2> <OutPorts = 1>
ST_9 : Operation 553 [1/2] ( I:3.25ns O:3.25ns )   --->   "%inputs_load_14 = load i8 %inputs_addr_14" [conv2.cpp:26]   --->   Operation 553 'load' 'inputs_load_14' <Predicate = (!tmp_29)> <Delay = 3.25> <CoreInst = "RAM">   --->   Core 81 'RAM' <Latency = 1> <II = 1> <Delay = 3.25> <Storage> <Opcode : 'load' 'store'> <Ports = 2> <Width = 32> <Depth = 256> <RAM>
ST_9 : Operation 554 [1/2] ( I:3.25ns O:3.25ns )   --->   "%inputs_load_15 = load i8 %inputs_addr_15" [conv2.cpp:26]   --->   Operation 554 'load' 'inputs_load_15' <Predicate = (!tmp_28)> <Delay = 3.25> <CoreInst = "RAM">   --->   Core 81 'RAM' <Latency = 1> <II = 1> <Delay = 3.25> <Storage> <Opcode : 'load' 'store'> <Ports = 2> <Width = 32> <Depth = 256> <RAM>
ST_9 : Operation 555 [2/2] (3.25ns)   --->   "%inputs_load_16 = load i8 %inputs_addr_16" [conv2.cpp:26]   --->   Operation 555 'load' 'inputs_load_16' <Predicate = true> <Delay = 3.25> <CoreInst = "RAM">   --->   Core 81 'RAM' <Latency = 1> <II = 1> <Delay = 3.25> <Storage> <Opcode : 'load' 'store'> <Ports = 2> <Width = 32> <Depth = 256> <RAM>
ST_9 : Operation 556 [2/2] (3.25ns)   --->   "%inputs_load_17 = load i8 %inputs_addr_17" [conv2.cpp:26]   --->   Operation 556 'load' 'inputs_load_17' <Predicate = (!tmp_29)> <Delay = 3.25> <CoreInst = "RAM">   --->   Core 81 'RAM' <Latency = 1> <II = 1> <Delay = 3.25> <Storage> <Opcode : 'load' 'store'> <Ports = 2> <Width = 32> <Depth = 256> <RAM>

State 10 <SV = 9> <Delay = 7.25>
ST_10 : Operation 557 [1/1] (1.63ns)   --->   "%empty_20 = add i11 %empty_19, i11 1" [conv2.cpp:16]   --->   Operation 557 'add' 'empty_20' <Predicate = true> <Delay = 1.63> <CoreInst = "Adder">   --->   Core 1 'Adder' <Latency = 0> <II = 1> <Delay = 1.63> <FuncUnit> <Opcode : 'add' 'sub'> <InPorts = 2> <OutPorts = 1>
ST_10 : Operation 558 [1/1] (0.00ns)   --->   "%p_cast41 = zext i11 %empty_20" [conv2.cpp:16]   --->   Operation 558 'zext' 'p_cast41' <Predicate = true> <Delay = 0.00>
ST_10 : Operation 559 [1/1] (0.00ns)   --->   "%weights_addr_16 = getelementptr i32 %weights, i64 0, i64 %p_cast41" [conv2.cpp:16]   --->   Operation 559 'getelementptr' 'weights_addr_16' <Predicate = true> <Delay = 0.00>
ST_10 : Operation 560 [1/1] (1.63ns)   --->   "%empty_21 = add i11 %empty_19, i11 2" [conv2.cpp:16]   --->   Operation 560 'add' 'empty_21' <Predicate = true> <Delay = 1.63> <CoreInst = "Adder">   --->   Core 1 'Adder' <Latency = 0> <II = 1> <Delay = 1.63> <FuncUnit> <Opcode : 'add' 'sub'> <InPorts = 2> <OutPorts = 1>
ST_10 : Operation 561 [1/1] (0.00ns)   --->   "%p_cast42 = zext i11 %empty_21" [conv2.cpp:16]   --->   Operation 561 'zext' 'p_cast42' <Predicate = true> <Delay = 0.00>
ST_10 : Operation 562 [1/1] (0.00ns)   --->   "%weights_addr_17 = getelementptr i32 %weights, i64 0, i64 %p_cast42" [conv2.cpp:16]   --->   Operation 562 'getelementptr' 'weights_addr_17' <Predicate = true> <Delay = 0.00>
ST_10 : Operation 563 [1/1] (0.00ns)   --->   "%empty_65 = bitcast i32 %weights_load_12" [conv2.cpp:16]   --->   Operation 563 'bitcast' 'empty_65' <Predicate = true> <Delay = 0.00>
ST_10 : Operation 564 [1/1] (0.00ns)   --->   "%empty_66 = bitcast i32 %weights_load_13" [conv2.cpp:16]   --->   Operation 564 'bitcast' 'empty_66' <Predicate = true> <Delay = 0.00>
ST_10 : Operation 565 [1/2] ( I:3.25ns O:3.25ns )   --->   "%weights_load_14 = load i11 %weights_addr_14" [conv2.cpp:16]   --->   Operation 565 'load' 'weights_load_14' <Predicate = true> <Delay = 3.25> <CoreInst = "RAM">   --->   Core 81 'RAM' <Latency = 1> <II = 1> <Delay = 3.25> <Storage> <Opcode : 'load' 'store'> <Ports = 2> <Width = 32> <Depth = 1536> <RAM>
ST_10 : Operation 566 [1/2] ( I:3.25ns O:3.25ns )   --->   "%weights_load_15 = load i11 %weights_addr_15" [conv2.cpp:16]   --->   Operation 566 'load' 'weights_load_15' <Predicate = true> <Delay = 3.25> <CoreInst = "RAM">   --->   Core 81 'RAM' <Latency = 1> <II = 1> <Delay = 3.25> <Storage> <Opcode : 'load' 'store'> <Ports = 2> <Width = 32> <Depth = 1536> <RAM>
ST_10 : Operation 567 [2/2] (3.25ns)   --->   "%weights_load_16 = load i11 %weights_addr_16" [conv2.cpp:16]   --->   Operation 567 'load' 'weights_load_16' <Predicate = true> <Delay = 3.25> <CoreInst = "RAM">   --->   Core 81 'RAM' <Latency = 1> <II = 1> <Delay = 3.25> <Storage> <Opcode : 'load' 'store'> <Ports = 2> <Width = 32> <Depth = 1536> <RAM>
ST_10 : Operation 568 [2/2] (3.25ns)   --->   "%weights_load_17 = load i11 %weights_addr_17" [conv2.cpp:16]   --->   Operation 568 'load' 'weights_load_17' <Predicate = true> <Delay = 3.25> <CoreInst = "RAM">   --->   Core 81 'RAM' <Latency = 1> <II = 1> <Delay = 3.25> <Storage> <Opcode : 'load' 'store'> <Ports = 2> <Width = 32> <Depth = 1536> <RAM>
ST_10 : Operation 569 [1/1] (0.00ns)   --->   "%sext_ln26_1 = sext i6 %tmp_44_cast" [conv2.cpp:26]   --->   Operation 569 'sext' 'sext_ln26_1' <Predicate = true> <Delay = 0.00>
ST_10 : Operation 570 [1/1] (0.00ns)   --->   "%zext_ln26_10 = zext i7 %sext_ln26_1" [conv2.cpp:26]   --->   Operation 570 'zext' 'zext_ln26_10' <Predicate = true> <Delay = 0.00>
ST_10 : Operation 571 [1/1] (0.00ns)   --->   "%inputs_addr_19 = getelementptr i32 %inputs, i64 0, i64 %zext_ln26_10" [conv2.cpp:26]   --->   Operation 571 'getelementptr' 'inputs_addr_19' <Predicate = true> <Delay = 0.00>
ST_10 : Operation 572 [1/1] (1.82ns)   --->   "%add_ln26_11 = add i7 %sext_ln26_8, i7 96" [conv2.cpp:26]   --->   Operation 572 'add' 'add_ln26_11' <Predicate = true> <Delay = 1.82> <CoreInst = "Adder">   --->   Core 1 'Adder' <Latency = 0> <II = 1> <Delay = 1.82> <FuncUnit> <Opcode : 'add' 'sub'> <InPorts = 2> <OutPorts = 1>
ST_10 : Operation 573 [1/1] (0.00ns)   --->   "%zext_ln26_25 = zext i7 %add_ln26_11" [conv2.cpp:26]   --->   Operation 573 'zext' 'zext_ln26_25' <Predicate = (!tmp_28)> <Delay = 0.00>
ST_10 : Operation 574 [1/1] (0.00ns)   --->   "%inputs_addr_18 = getelementptr i32 %inputs, i64 0, i64 %zext_ln26_25" [conv2.cpp:26]   --->   Operation 574 'getelementptr' 'inputs_addr_18' <Predicate = (!tmp_28)> <Delay = 0.00>
ST_10 : Operation 575 [3/5] (7.25ns)   --->   "%acc_1 = fadd i32 %acc, i32 %mul" [conv2.cpp:27]   --->   Operation 575 'fadd' 'acc_1' <Predicate = true> <Delay = 7.25> <CoreInst = "FAddSub_fulldsp">   --->   Core 18 'FAddSub_fulldsp' <Latency = 4> <II = 1> <Delay = 7.25> <FuncUnit> <Opcode : 'fadd' 'fsub'> <InPorts = 2> <OutPorts = 1>
ST_10 : Operation 576 [1/4] (5.70ns)   --->   "%mul_2 = fmul i32 %v_6, i32 %empty_59" [conv2.cpp:27]   --->   Operation 576 'fmul' 'mul_2' <Predicate = true> <Delay = 5.70> <CoreInst = "FMul_maxdsp">   --->   Core 30 'FMul_maxdsp' <Latency = 3> <II = 1> <Delay = 5.70> <FuncUnit> <Opcode : 'fmul'> <InPorts = 2> <OutPorts = 1>
ST_10 : Operation 577 [1/4] (5.70ns)   --->   "%mul_2_1 = fmul i32 %v_7, i32 %empty_60" [conv2.cpp:27]   --->   Operation 577 'fmul' 'mul_2_1' <Predicate = true> <Delay = 5.70> <CoreInst = "FMul_maxdsp">   --->   Core 30 'FMul_maxdsp' <Latency = 3> <II = 1> <Delay = 5.70> <FuncUnit> <Opcode : 'fmul'> <InPorts = 2> <OutPorts = 1>
ST_10 : Operation 578 [2/4] (5.70ns)   --->   "%mul_2_2 = fmul i32 %v_8, i32 %empty_61" [conv2.cpp:27]   --->   Operation 578 'fmul' 'mul_2_2' <Predicate = true> <Delay = 5.70> <CoreInst = "FMul_maxdsp">   --->   Core 30 'FMul_maxdsp' <Latency = 3> <II = 1> <Delay = 5.70> <FuncUnit> <Opcode : 'fmul'> <InPorts = 2> <OutPorts = 1>
ST_10 : Operation 579 [2/4] (5.70ns)   --->   "%mul_3 = fmul i32 %v_9, i32 %empty_62" [conv2.cpp:27]   --->   Operation 579 'fmul' 'mul_3' <Predicate = true> <Delay = 5.70> <CoreInst = "FMul_maxdsp">   --->   Core 30 'FMul_maxdsp' <Latency = 3> <II = 1> <Delay = 5.70> <FuncUnit> <Opcode : 'fmul'> <InPorts = 2> <OutPorts = 1>
ST_10 : Operation 580 [3/4] (5.70ns)   --->   "%mul_3_1 = fmul i32 %v_10, i32 %empty_63" [conv2.cpp:27]   --->   Operation 580 'fmul' 'mul_3_1' <Predicate = true> <Delay = 5.70> <CoreInst = "FMul_maxdsp">   --->   Core 30 'FMul_maxdsp' <Latency = 3> <II = 1> <Delay = 5.70> <FuncUnit> <Opcode : 'fmul'> <InPorts = 2> <OutPorts = 1>
ST_10 : Operation 581 [3/4] (5.70ns)   --->   "%mul_3_2 = fmul i32 %v_11, i32 %empty_64" [conv2.cpp:27]   --->   Operation 581 'fmul' 'mul_3_2' <Predicate = true> <Delay = 5.70> <CoreInst = "FMul_maxdsp">   --->   Core 30 'FMul_maxdsp' <Latency = 3> <II = 1> <Delay = 5.70> <FuncUnit> <Opcode : 'fmul'> <InPorts = 2> <OutPorts = 1>
ST_10 : Operation 582 [1/1] (0.00ns)   --->   "%bitcast_ln26_12 = bitcast i32 %inputs_load_12" [conv2.cpp:26]   --->   Operation 582 'bitcast' 'bitcast_ln26_12' <Predicate = (!tmp_28)> <Delay = 0.00>
ST_10 : Operation 583 [1/1] (0.69ns)   --->   "%v_12 = select i1 %tmp_28, i32 0, i32 %bitcast_ln26_12" [conv2.cpp:26]   --->   Operation 583 'select' 'v_12' <Predicate = true> <Delay = 0.69> <CoreInst = "Sel">   --->   Core 73 'Sel' <Latency = 0> <II = 1> <Delay = 0.69> <FuncUnit> <Opcode : 'select'> <InPorts = 3> <OutPorts = 1>
ST_10 : Operation 584 [4/4] (5.70ns)   --->   "%mul_4 = fmul i32 %v_12, i32 %empty_65" [conv2.cpp:27]   --->   Operation 584 'fmul' 'mul_4' <Predicate = true> <Delay = 5.70> <CoreInst = "FMul_maxdsp">   --->   Core 30 'FMul_maxdsp' <Latency = 3> <II = 1> <Delay = 5.70> <FuncUnit> <Opcode : 'fmul'> <InPorts = 2> <OutPorts = 1>
ST_10 : Operation 585 [1/1] (0.00ns)   --->   "%v_13 = bitcast i32 %inputs_load_13" [conv2.cpp:26]   --->   Operation 585 'bitcast' 'v_13' <Predicate = true> <Delay = 0.00>
ST_10 : Operation 586 [4/4] (5.70ns)   --->   "%mul_4_1 = fmul i32 %v_13, i32 %empty_66" [conv2.cpp:27]   --->   Operation 586 'fmul' 'mul_4_1' <Predicate = true> <Delay = 5.70> <CoreInst = "FMul_maxdsp">   --->   Core 30 'FMul_maxdsp' <Latency = 3> <II = 1> <Delay = 5.70> <FuncUnit> <Opcode : 'fmul'> <InPorts = 2> <OutPorts = 1>
ST_10 : Operation 587 [1/2] ( I:3.25ns O:3.25ns )   --->   "%inputs_load_16 = load i8 %inputs_addr_16" [conv2.cpp:26]   --->   Operation 587 'load' 'inputs_load_16' <Predicate = true> <Delay = 3.25> <CoreInst = "RAM">   --->   Core 81 'RAM' <Latency = 1> <II = 1> <Delay = 3.25> <Storage> <Opcode : 'load' 'store'> <Ports = 2> <Width = 32> <Depth = 256> <RAM>
ST_10 : Operation 588 [1/2] ( I:3.25ns O:3.25ns )   --->   "%inputs_load_17 = load i8 %inputs_addr_17" [conv2.cpp:26]   --->   Operation 588 'load' 'inputs_load_17' <Predicate = (!tmp_29)> <Delay = 3.25> <CoreInst = "RAM">   --->   Core 81 'RAM' <Latency = 1> <II = 1> <Delay = 3.25> <Storage> <Opcode : 'load' 'store'> <Ports = 2> <Width = 32> <Depth = 256> <RAM>
ST_10 : Operation 589 [2/2] (3.25ns)   --->   "%inputs_load_18 = load i8 %inputs_addr_18" [conv2.cpp:26]   --->   Operation 589 'load' 'inputs_load_18' <Predicate = (!tmp_28)> <Delay = 3.25> <CoreInst = "RAM">   --->   Core 81 'RAM' <Latency = 1> <II = 1> <Delay = 3.25> <Storage> <Opcode : 'load' 'store'> <Ports = 2> <Width = 32> <Depth = 256> <RAM>
ST_10 : Operation 590 [2/2] (3.25ns)   --->   "%inputs_load_19 = load i8 %inputs_addr_19" [conv2.cpp:26]   --->   Operation 590 'load' 'inputs_load_19' <Predicate = true> <Delay = 3.25> <CoreInst = "RAM">   --->   Core 81 'RAM' <Latency = 1> <II = 1> <Delay = 3.25> <Storage> <Opcode : 'load' 'store'> <Ports = 2> <Width = 32> <Depth = 256> <RAM>

State 11 <SV = 10> <Delay = 7.25>
ST_11 : Operation 591 [1/1] (0.00ns)   --->   "%tmp_11 = bitconcatenate i10 @_ssdm_op_BitConcatenate.i10.i6.i4, i6 %oc, i4 6" [conv2.cpp:16]   --->   Operation 591 'bitconcatenate' 'tmp_11' <Predicate = true> <Delay = 0.00>
ST_11 : Operation 592 [1/1] (0.00ns)   --->   "%tmp_18_cast = zext i10 %tmp_11" [conv2.cpp:16]   --->   Operation 592 'zext' 'tmp_18_cast' <Predicate = true> <Delay = 0.00>
ST_11 : Operation 593 [1/1] (0.00ns)   --->   "%p_shl7 = bitconcatenate i12 @_ssdm_op_BitConcatenate.i12.i6.i6, i6 %oc, i6 24" [conv2.cpp:16]   --->   Operation 593 'bitconcatenate' 'p_shl7' <Predicate = true> <Delay = 0.00>
ST_11 : Operation 594 [1/1] (1.54ns)   --->   "%empty_22 = sub i12 %p_shl7, i12 %tmp_18_cast" [conv2.cpp:16]   --->   Operation 594 'sub' 'empty_22' <Predicate = true> <Delay = 1.54> <CoreInst = "Adder">   --->   Core 1 'Adder' <Latency = 0> <II = 1> <Delay = 1.54> <FuncUnit> <Opcode : 'add' 'sub'> <InPorts = 2> <OutPorts = 1>
ST_11 : Operation 595 [1/1] (0.00ns)   --->   "%p_cast43 = zext i12 %empty_22" [conv2.cpp:16]   --->   Operation 595 'zext' 'p_cast43' <Predicate = true> <Delay = 0.00>
ST_11 : Operation 596 [1/1] (0.00ns)   --->   "%empty_23 = trunc i12 %empty_22" [conv2.cpp:16]   --->   Operation 596 'trunc' 'empty_23' <Predicate = true> <Delay = 0.00>
ST_11 : Operation 597 [1/1] (0.00ns)   --->   "%weights_addr_18 = getelementptr i32 %weights, i64 0, i64 %p_cast43" [conv2.cpp:16]   --->   Operation 597 'getelementptr' 'weights_addr_18' <Predicate = true> <Delay = 0.00>
ST_11 : Operation 598 [1/1] (0.00ns)   --->   "%tmp_19_cast = partselect i10 @_ssdm_op_PartSelect.i10.i12.i32.i32, i12 %empty_22, i32 1, i32 10" [conv2.cpp:16]   --->   Operation 598 'partselect' 'tmp_19_cast' <Predicate = true> <Delay = 0.00>
ST_11 : Operation 599 [1/1] (0.00ns)   --->   "%tmp_12 = bitconcatenate i11 @_ssdm_op_BitConcatenate.i11.i10.i1, i10 %tmp_19_cast, i1 1" [conv2.cpp:16]   --->   Operation 599 'bitconcatenate' 'tmp_12' <Predicate = true> <Delay = 0.00>
ST_11 : Operation 600 [1/1] (0.00ns)   --->   "%tmp_20_cast = zext i11 %tmp_12" [conv2.cpp:16]   --->   Operation 600 'zext' 'tmp_20_cast' <Predicate = true> <Delay = 0.00>
ST_11 : Operation 601 [1/1] (0.00ns)   --->   "%weights_addr_19 = getelementptr i32 %weights, i64 0, i64 %tmp_20_cast" [conv2.cpp:16]   --->   Operation 601 'getelementptr' 'weights_addr_19' <Predicate = true> <Delay = 0.00>
ST_11 : Operation 602 [1/1] (0.00ns)   --->   "%empty_67 = bitcast i32 %weights_load_14" [conv2.cpp:16]   --->   Operation 602 'bitcast' 'empty_67' <Predicate = true> <Delay = 0.00>
ST_11 : Operation 603 [1/1] (0.00ns)   --->   "%empty_68 = bitcast i32 %weights_load_15" [conv2.cpp:16]   --->   Operation 603 'bitcast' 'empty_68' <Predicate = true> <Delay = 0.00>
ST_11 : Operation 604 [1/2] ( I:3.25ns O:3.25ns )   --->   "%weights_load_16 = load i11 %weights_addr_16" [conv2.cpp:16]   --->   Operation 604 'load' 'weights_load_16' <Predicate = true> <Delay = 3.25> <CoreInst = "RAM">   --->   Core 81 'RAM' <Latency = 1> <II = 1> <Delay = 3.25> <Storage> <Opcode : 'load' 'store'> <Ports = 2> <Width = 32> <Depth = 1536> <RAM>
ST_11 : Operation 605 [1/2] ( I:3.25ns O:3.25ns )   --->   "%weights_load_17 = load i11 %weights_addr_17" [conv2.cpp:16]   --->   Operation 605 'load' 'weights_load_17' <Predicate = true> <Delay = 3.25> <CoreInst = "RAM">   --->   Core 81 'RAM' <Latency = 1> <II = 1> <Delay = 3.25> <Storage> <Opcode : 'load' 'store'> <Ports = 2> <Width = 32> <Depth = 1536> <RAM>
ST_11 : Operation 606 [2/2] (3.25ns)   --->   "%weights_load_18 = load i11 %weights_addr_18" [conv2.cpp:16]   --->   Operation 606 'load' 'weights_load_18' <Predicate = true> <Delay = 3.25> <CoreInst = "RAM">   --->   Core 81 'RAM' <Latency = 1> <II = 1> <Delay = 3.25> <Storage> <Opcode : 'load' 'store'> <Ports = 2> <Width = 32> <Depth = 1536> <RAM>
ST_11 : Operation 607 [2/2] (3.25ns)   --->   "%weights_load_19 = load i11 %weights_addr_19" [conv2.cpp:16]   --->   Operation 607 'load' 'weights_load_19' <Predicate = true> <Delay = 3.25> <CoreInst = "RAM">   --->   Core 81 'RAM' <Latency = 1> <II = 1> <Delay = 3.25> <Storage> <Opcode : 'load' 'store'> <Ports = 2> <Width = 32> <Depth = 1536> <RAM>
ST_11 : Operation 608 [1/1] (0.00ns)   --->   "%sext_ln26_9 = sext i6 %add_ln26_8" [conv2.cpp:26]   --->   Operation 608 'sext' 'sext_ln26_9' <Predicate = (!tmp_28)> <Delay = 0.00>
ST_11 : Operation 609 [1/1] (0.00ns)   --->   "%zext_ln26_26 = zext i7 %sext_ln26_9" [conv2.cpp:26]   --->   Operation 609 'zext' 'zext_ln26_26' <Predicate = (!tmp_28)> <Delay = 0.00>
ST_11 : Operation 610 [1/1] (0.00ns)   --->   "%inputs_addr_21 = getelementptr i32 %inputs, i64 0, i64 %zext_ln26_26" [conv2.cpp:26]   --->   Operation 610 'getelementptr' 'inputs_addr_21' <Predicate = (!tmp_28)> <Delay = 0.00>
ST_11 : Operation 611 [2/5] (7.25ns)   --->   "%acc_1 = fadd i32 %acc, i32 %mul" [conv2.cpp:27]   --->   Operation 611 'fadd' 'acc_1' <Predicate = true> <Delay = 7.25> <CoreInst = "FAddSub_fulldsp">   --->   Core 18 'FAddSub_fulldsp' <Latency = 4> <II = 1> <Delay = 7.25> <FuncUnit> <Opcode : 'fadd' 'fsub'> <InPorts = 2> <OutPorts = 1>
ST_11 : Operation 612 [1/1] (0.00ns)   --->   "%sext_ln26_13 = sext i6 %tmp_51_cast" [conv2.cpp:26]   --->   Operation 612 'sext' 'sext_ln26_13' <Predicate = (!tmp_29)> <Delay = 0.00>
ST_11 : Operation 613 [1/1] (0.00ns)   --->   "%zext_ln26_43 = zext i7 %sext_ln26_13" [conv2.cpp:26]   --->   Operation 613 'zext' 'zext_ln26_43' <Predicate = (!tmp_29)> <Delay = 0.00>
ST_11 : Operation 614 [1/1] (0.00ns)   --->   "%inputs_addr_20 = getelementptr i32 %inputs, i64 0, i64 %zext_ln26_43" [conv2.cpp:26]   --->   Operation 614 'getelementptr' 'inputs_addr_20' <Predicate = (!tmp_29)> <Delay = 0.00>
ST_11 : Operation 615 [1/4] (5.70ns)   --->   "%mul_2_2 = fmul i32 %v_8, i32 %empty_61" [conv2.cpp:27]   --->   Operation 615 'fmul' 'mul_2_2' <Predicate = true> <Delay = 5.70> <CoreInst = "FMul_maxdsp">   --->   Core 30 'FMul_maxdsp' <Latency = 3> <II = 1> <Delay = 5.70> <FuncUnit> <Opcode : 'fmul'> <InPorts = 2> <OutPorts = 1>
ST_11 : Operation 616 [1/4] (5.70ns)   --->   "%mul_3 = fmul i32 %v_9, i32 %empty_62" [conv2.cpp:27]   --->   Operation 616 'fmul' 'mul_3' <Predicate = true> <Delay = 5.70> <CoreInst = "FMul_maxdsp">   --->   Core 30 'FMul_maxdsp' <Latency = 3> <II = 1> <Delay = 5.70> <FuncUnit> <Opcode : 'fmul'> <InPorts = 2> <OutPorts = 1>
ST_11 : Operation 617 [2/4] (5.70ns)   --->   "%mul_3_1 = fmul i32 %v_10, i32 %empty_63" [conv2.cpp:27]   --->   Operation 617 'fmul' 'mul_3_1' <Predicate = true> <Delay = 5.70> <CoreInst = "FMul_maxdsp">   --->   Core 30 'FMul_maxdsp' <Latency = 3> <II = 1> <Delay = 5.70> <FuncUnit> <Opcode : 'fmul'> <InPorts = 2> <OutPorts = 1>
ST_11 : Operation 618 [2/4] (5.70ns)   --->   "%mul_3_2 = fmul i32 %v_11, i32 %empty_64" [conv2.cpp:27]   --->   Operation 618 'fmul' 'mul_3_2' <Predicate = true> <Delay = 5.70> <CoreInst = "FMul_maxdsp">   --->   Core 30 'FMul_maxdsp' <Latency = 3> <II = 1> <Delay = 5.70> <FuncUnit> <Opcode : 'fmul'> <InPorts = 2> <OutPorts = 1>
ST_11 : Operation 619 [3/4] (5.70ns)   --->   "%mul_4 = fmul i32 %v_12, i32 %empty_65" [conv2.cpp:27]   --->   Operation 619 'fmul' 'mul_4' <Predicate = true> <Delay = 5.70> <CoreInst = "FMul_maxdsp">   --->   Core 30 'FMul_maxdsp' <Latency = 3> <II = 1> <Delay = 5.70> <FuncUnit> <Opcode : 'fmul'> <InPorts = 2> <OutPorts = 1>
ST_11 : Operation 620 [3/4] (5.70ns)   --->   "%mul_4_1 = fmul i32 %v_13, i32 %empty_66" [conv2.cpp:27]   --->   Operation 620 'fmul' 'mul_4_1' <Predicate = true> <Delay = 5.70> <CoreInst = "FMul_maxdsp">   --->   Core 30 'FMul_maxdsp' <Latency = 3> <II = 1> <Delay = 5.70> <FuncUnit> <Opcode : 'fmul'> <InPorts = 2> <OutPorts = 1>
ST_11 : Operation 621 [1/1] (0.00ns)   --->   "%bitcast_ln26_14 = bitcast i32 %inputs_load_14" [conv2.cpp:26]   --->   Operation 621 'bitcast' 'bitcast_ln26_14' <Predicate = (!tmp_29)> <Delay = 0.00>
ST_11 : Operation 622 [1/1] (0.69ns)   --->   "%v_14 = select i1 %tmp_29, i32 0, i32 %bitcast_ln26_14" [conv2.cpp:26]   --->   Operation 622 'select' 'v_14' <Predicate = true> <Delay = 0.69> <CoreInst = "Sel">   --->   Core 73 'Sel' <Latency = 0> <II = 1> <Delay = 0.69> <FuncUnit> <Opcode : 'select'> <InPorts = 3> <OutPorts = 1>
ST_11 : Operation 623 [4/4] (5.70ns)   --->   "%mul_4_2 = fmul i32 %v_14, i32 %empty_67" [conv2.cpp:27]   --->   Operation 623 'fmul' 'mul_4_2' <Predicate = true> <Delay = 5.70> <CoreInst = "FMul_maxdsp">   --->   Core 30 'FMul_maxdsp' <Latency = 3> <II = 1> <Delay = 5.70> <FuncUnit> <Opcode : 'fmul'> <InPorts = 2> <OutPorts = 1>
ST_11 : Operation 624 [1/1] (0.00ns)   --->   "%bitcast_ln26_15 = bitcast i32 %inputs_load_15" [conv2.cpp:26]   --->   Operation 624 'bitcast' 'bitcast_ln26_15' <Predicate = (!tmp_28)> <Delay = 0.00>
ST_11 : Operation 625 [1/1] (0.69ns)   --->   "%v_15 = select i1 %tmp_28, i32 0, i32 %bitcast_ln26_15" [conv2.cpp:26]   --->   Operation 625 'select' 'v_15' <Predicate = true> <Delay = 0.69> <CoreInst = "Sel">   --->   Core 73 'Sel' <Latency = 0> <II = 1> <Delay = 0.69> <FuncUnit> <Opcode : 'select'> <InPorts = 3> <OutPorts = 1>
ST_11 : Operation 626 [4/4] (5.70ns)   --->   "%mul_5 = fmul i32 %v_15, i32 %empty_68" [conv2.cpp:27]   --->   Operation 626 'fmul' 'mul_5' <Predicate = true> <Delay = 5.70> <CoreInst = "FMul_maxdsp">   --->   Core 30 'FMul_maxdsp' <Latency = 3> <II = 1> <Delay = 5.70> <FuncUnit> <Opcode : 'fmul'> <InPorts = 2> <OutPorts = 1>
ST_11 : Operation 627 [1/2] ( I:3.25ns O:3.25ns )   --->   "%inputs_load_18 = load i8 %inputs_addr_18" [conv2.cpp:26]   --->   Operation 627 'load' 'inputs_load_18' <Predicate = (!tmp_28)> <Delay = 3.25> <CoreInst = "RAM">   --->   Core 81 'RAM' <Latency = 1> <II = 1> <Delay = 3.25> <Storage> <Opcode : 'load' 'store'> <Ports = 2> <Width = 32> <Depth = 256> <RAM>
ST_11 : Operation 628 [1/2] ( I:3.25ns O:3.25ns )   --->   "%inputs_load_19 = load i8 %inputs_addr_19" [conv2.cpp:26]   --->   Operation 628 'load' 'inputs_load_19' <Predicate = true> <Delay = 3.25> <CoreInst = "RAM">   --->   Core 81 'RAM' <Latency = 1> <II = 1> <Delay = 3.25> <Storage> <Opcode : 'load' 'store'> <Ports = 2> <Width = 32> <Depth = 256> <RAM>
ST_11 : Operation 629 [2/2] (3.25ns)   --->   "%inputs_load_20 = load i8 %inputs_addr_20" [conv2.cpp:26]   --->   Operation 629 'load' 'inputs_load_20' <Predicate = (!tmp_29)> <Delay = 3.25> <CoreInst = "RAM">   --->   Core 81 'RAM' <Latency = 1> <II = 1> <Delay = 3.25> <Storage> <Opcode : 'load' 'store'> <Ports = 2> <Width = 32> <Depth = 256> <RAM>
ST_11 : Operation 630 [2/2] (3.25ns)   --->   "%inputs_load_21 = load i8 %inputs_addr_21" [conv2.cpp:26]   --->   Operation 630 'load' 'inputs_load_21' <Predicate = (!tmp_28)> <Delay = 3.25> <CoreInst = "RAM">   --->   Core 81 'RAM' <Latency = 1> <II = 1> <Delay = 3.25> <Storage> <Opcode : 'load' 'store'> <Ports = 2> <Width = 32> <Depth = 256> <RAM>

State 12 <SV = 11> <Delay = 7.25>
ST_12 : Operation 631 [1/1] (1.63ns)   --->   "%empty_24 = add i11 %empty_23, i11 2" [conv2.cpp:16]   --->   Operation 631 'add' 'empty_24' <Predicate = true> <Delay = 1.63> <CoreInst = "Adder">   --->   Core 1 'Adder' <Latency = 0> <II = 1> <Delay = 1.63> <FuncUnit> <Opcode : 'add' 'sub'> <InPorts = 2> <OutPorts = 1>
ST_12 : Operation 632 [1/1] (0.00ns)   --->   "%p_cast44 = zext i11 %empty_24" [conv2.cpp:16]   --->   Operation 632 'zext' 'p_cast44' <Predicate = true> <Delay = 0.00>
ST_12 : Operation 633 [1/1] (0.00ns)   --->   "%weights_addr_20 = getelementptr i32 %weights, i64 0, i64 %p_cast44" [conv2.cpp:16]   --->   Operation 633 'getelementptr' 'weights_addr_20' <Predicate = true> <Delay = 0.00>
ST_12 : Operation 634 [1/1] (0.00ns)   --->   "%tmp_13 = bitconcatenate i10 @_ssdm_op_BitConcatenate.i10.i6.i4, i6 %oc, i4 7" [conv2.cpp:16]   --->   Operation 634 'bitconcatenate' 'tmp_13' <Predicate = true> <Delay = 0.00>
ST_12 : Operation 635 [1/1] (0.00ns)   --->   "%tmp_21_cast = zext i10 %tmp_13" [conv2.cpp:16]   --->   Operation 635 'zext' 'tmp_21_cast' <Predicate = true> <Delay = 0.00>
ST_12 : Operation 636 [1/1] (0.00ns)   --->   "%p_shl8 = bitconcatenate i12 @_ssdm_op_BitConcatenate.i12.i6.i6, i6 %oc, i6 28" [conv2.cpp:16]   --->   Operation 636 'bitconcatenate' 'p_shl8' <Predicate = true> <Delay = 0.00>
ST_12 : Operation 637 [1/1] (1.54ns)   --->   "%empty_25 = sub i12 %p_shl8, i12 %tmp_21_cast" [conv2.cpp:16]   --->   Operation 637 'sub' 'empty_25' <Predicate = true> <Delay = 1.54> <CoreInst = "Adder">   --->   Core 1 'Adder' <Latency = 0> <II = 1> <Delay = 1.54> <FuncUnit> <Opcode : 'add' 'sub'> <InPorts = 2> <OutPorts = 1>
ST_12 : Operation 638 [1/1] (0.00ns)   --->   "%p_cast45 = zext i12 %empty_25" [conv2.cpp:16]   --->   Operation 638 'zext' 'p_cast45' <Predicate = true> <Delay = 0.00>
ST_12 : Operation 639 [1/1] (0.00ns)   --->   "%empty_26 = trunc i12 %empty_25" [conv2.cpp:16]   --->   Operation 639 'trunc' 'empty_26' <Predicate = true> <Delay = 0.00>
ST_12 : Operation 640 [1/1] (0.00ns)   --->   "%weights_addr_21 = getelementptr i32 %weights, i64 0, i64 %p_cast45" [conv2.cpp:16]   --->   Operation 640 'getelementptr' 'weights_addr_21' <Predicate = true> <Delay = 0.00>
ST_12 : Operation 641 [1/1] (0.00ns)   --->   "%empty_69 = bitcast i32 %weights_load_16" [conv2.cpp:16]   --->   Operation 641 'bitcast' 'empty_69' <Predicate = true> <Delay = 0.00>
ST_12 : Operation 642 [1/1] (0.00ns)   --->   "%empty_70 = bitcast i32 %weights_load_17" [conv2.cpp:16]   --->   Operation 642 'bitcast' 'empty_70' <Predicate = true> <Delay = 0.00>
ST_12 : Operation 643 [1/2] ( I:3.25ns O:3.25ns )   --->   "%weights_load_18 = load i11 %weights_addr_18" [conv2.cpp:16]   --->   Operation 643 'load' 'weights_load_18' <Predicate = true> <Delay = 3.25> <CoreInst = "RAM">   --->   Core 81 'RAM' <Latency = 1> <II = 1> <Delay = 3.25> <Storage> <Opcode : 'load' 'store'> <Ports = 2> <Width = 32> <Depth = 1536> <RAM>
ST_12 : Operation 644 [1/2] ( I:3.25ns O:3.25ns )   --->   "%weights_load_19 = load i11 %weights_addr_19" [conv2.cpp:16]   --->   Operation 644 'load' 'weights_load_19' <Predicate = true> <Delay = 3.25> <CoreInst = "RAM">   --->   Core 81 'RAM' <Latency = 1> <II = 1> <Delay = 3.25> <Storage> <Opcode : 'load' 'store'> <Ports = 2> <Width = 32> <Depth = 1536> <RAM>
ST_12 : Operation 645 [2/2] (3.25ns)   --->   "%weights_load_20 = load i11 %weights_addr_20" [conv2.cpp:16]   --->   Operation 645 'load' 'weights_load_20' <Predicate = true> <Delay = 3.25> <CoreInst = "RAM">   --->   Core 81 'RAM' <Latency = 1> <II = 1> <Delay = 3.25> <Storage> <Opcode : 'load' 'store'> <Ports = 2> <Width = 32> <Depth = 1536> <RAM>
ST_12 : Operation 646 [2/2] (3.25ns)   --->   "%weights_load_21 = load i11 %weights_addr_21" [conv2.cpp:16]   --->   Operation 646 'load' 'weights_load_21' <Predicate = true> <Delay = 3.25> <CoreInst = "RAM">   --->   Core 81 'RAM' <Latency = 1> <II = 1> <Delay = 3.25> <Storage> <Opcode : 'load' 'store'> <Ports = 2> <Width = 32> <Depth = 1536> <RAM>
ST_12 : Operation 647 [1/1] (0.00ns)   --->   "%zext_ln26_2 = zext i5 %select_ln16" [conv2.cpp:26]   --->   Operation 647 'zext' 'zext_ln26_2' <Predicate = true> <Delay = 0.00>
ST_12 : Operation 648 [1/1] (1.91ns)   --->   "%add_ln26_3 = add i8 %zext_ln26_2, i8 112" [conv2.cpp:26]   --->   Operation 648 'add' 'add_ln26_3' <Predicate = true> <Delay = 1.91> <CoreInst = "Adder">   --->   Core 1 'Adder' <Latency = 0> <II = 1> <Delay = 1.91> <FuncUnit> <Opcode : 'add' 'sub'> <InPorts = 2> <OutPorts = 1>
ST_12 : Operation 649 [1/1] (0.00ns)   --->   "%zext_ln26_11 = zext i8 %add_ln26_3" [conv2.cpp:26]   --->   Operation 649 'zext' 'zext_ln26_11' <Predicate = true> <Delay = 0.00>
ST_12 : Operation 650 [1/1] (0.00ns)   --->   "%inputs_addr_22 = getelementptr i32 %inputs, i64 0, i64 %zext_ln26_11" [conv2.cpp:26]   --->   Operation 650 'getelementptr' 'inputs_addr_22' <Predicate = true> <Delay = 0.00>
ST_12 : Operation 651 [1/5] (7.25ns)   --->   "%acc_1 = fadd i32 %acc, i32 %mul" [conv2.cpp:27]   --->   Operation 651 'fadd' 'acc_1' <Predicate = true> <Delay = 7.25> <CoreInst = "FAddSub_fulldsp">   --->   Core 18 'FAddSub_fulldsp' <Latency = 4> <II = 1> <Delay = 7.25> <FuncUnit> <Opcode : 'fadd' 'fsub'> <InPorts = 2> <OutPorts = 1>
ST_12 : Operation 652 [1/1] (0.00ns)   --->   "%zext_ln26_35 = zext i5 %o" [conv2.cpp:26]   --->   Operation 652 'zext' 'zext_ln26_35' <Predicate = true> <Delay = 0.00>
ST_12 : Operation 653 [1/1] (1.91ns)   --->   "%add_ln26_20 = add i8 %zext_ln26_35, i8 112" [conv2.cpp:26]   --->   Operation 653 'add' 'add_ln26_20' <Predicate = (!tmp_29)> <Delay = 1.91> <CoreInst = "Adder">   --->   Core 1 'Adder' <Latency = 0> <II = 1> <Delay = 1.91> <FuncUnit> <Opcode : 'add' 'sub'> <InPorts = 2> <OutPorts = 1>
ST_12 : Operation 654 [1/1] (0.00ns)   --->   "%zext_ln26_44 = zext i8 %add_ln26_20" [conv2.cpp:26]   --->   Operation 654 'zext' 'zext_ln26_44' <Predicate = (!tmp_29)> <Delay = 0.00>
ST_12 : Operation 655 [1/1] (0.00ns)   --->   "%inputs_addr_23 = getelementptr i32 %inputs, i64 0, i64 %zext_ln26_44" [conv2.cpp:26]   --->   Operation 655 'getelementptr' 'inputs_addr_23' <Predicate = (!tmp_29)> <Delay = 0.00>
ST_12 : Operation 656 [1/4] (5.70ns)   --->   "%mul_3_1 = fmul i32 %v_10, i32 %empty_63" [conv2.cpp:27]   --->   Operation 656 'fmul' 'mul_3_1' <Predicate = true> <Delay = 5.70> <CoreInst = "FMul_maxdsp">   --->   Core 30 'FMul_maxdsp' <Latency = 3> <II = 1> <Delay = 5.70> <FuncUnit> <Opcode : 'fmul'> <InPorts = 2> <OutPorts = 1>
ST_12 : Operation 657 [1/4] (5.70ns)   --->   "%mul_3_2 = fmul i32 %v_11, i32 %empty_64" [conv2.cpp:27]   --->   Operation 657 'fmul' 'mul_3_2' <Predicate = true> <Delay = 5.70> <CoreInst = "FMul_maxdsp">   --->   Core 30 'FMul_maxdsp' <Latency = 3> <II = 1> <Delay = 5.70> <FuncUnit> <Opcode : 'fmul'> <InPorts = 2> <OutPorts = 1>
ST_12 : Operation 658 [2/4] (5.70ns)   --->   "%mul_4 = fmul i32 %v_12, i32 %empty_65" [conv2.cpp:27]   --->   Operation 658 'fmul' 'mul_4' <Predicate = true> <Delay = 5.70> <CoreInst = "FMul_maxdsp">   --->   Core 30 'FMul_maxdsp' <Latency = 3> <II = 1> <Delay = 5.70> <FuncUnit> <Opcode : 'fmul'> <InPorts = 2> <OutPorts = 1>
ST_12 : Operation 659 [2/4] (5.70ns)   --->   "%mul_4_1 = fmul i32 %v_13, i32 %empty_66" [conv2.cpp:27]   --->   Operation 659 'fmul' 'mul_4_1' <Predicate = true> <Delay = 5.70> <CoreInst = "FMul_maxdsp">   --->   Core 30 'FMul_maxdsp' <Latency = 3> <II = 1> <Delay = 5.70> <FuncUnit> <Opcode : 'fmul'> <InPorts = 2> <OutPorts = 1>
ST_12 : Operation 660 [3/4] (5.70ns)   --->   "%mul_4_2 = fmul i32 %v_14, i32 %empty_67" [conv2.cpp:27]   --->   Operation 660 'fmul' 'mul_4_2' <Predicate = true> <Delay = 5.70> <CoreInst = "FMul_maxdsp">   --->   Core 30 'FMul_maxdsp' <Latency = 3> <II = 1> <Delay = 5.70> <FuncUnit> <Opcode : 'fmul'> <InPorts = 2> <OutPorts = 1>
ST_12 : Operation 661 [3/4] (5.70ns)   --->   "%mul_5 = fmul i32 %v_15, i32 %empty_68" [conv2.cpp:27]   --->   Operation 661 'fmul' 'mul_5' <Predicate = true> <Delay = 5.70> <CoreInst = "FMul_maxdsp">   --->   Core 30 'FMul_maxdsp' <Latency = 3> <II = 1> <Delay = 5.70> <FuncUnit> <Opcode : 'fmul'> <InPorts = 2> <OutPorts = 1>
ST_12 : Operation 662 [1/1] (0.00ns)   --->   "%v_16 = bitcast i32 %inputs_load_16" [conv2.cpp:26]   --->   Operation 662 'bitcast' 'v_16' <Predicate = true> <Delay = 0.00>
ST_12 : Operation 663 [4/4] (5.70ns)   --->   "%mul_5_1 = fmul i32 %v_16, i32 %empty_69" [conv2.cpp:27]   --->   Operation 663 'fmul' 'mul_5_1' <Predicate = true> <Delay = 5.70> <CoreInst = "FMul_maxdsp">   --->   Core 30 'FMul_maxdsp' <Latency = 3> <II = 1> <Delay = 5.70> <FuncUnit> <Opcode : 'fmul'> <InPorts = 2> <OutPorts = 1>
ST_12 : Operation 664 [1/1] (0.00ns)   --->   "%bitcast_ln26_17 = bitcast i32 %inputs_load_17" [conv2.cpp:26]   --->   Operation 664 'bitcast' 'bitcast_ln26_17' <Predicate = (!tmp_29)> <Delay = 0.00>
ST_12 : Operation 665 [1/1] (0.69ns)   --->   "%v_17 = select i1 %tmp_29, i32 0, i32 %bitcast_ln26_17" [conv2.cpp:26]   --->   Operation 665 'select' 'v_17' <Predicate = true> <Delay = 0.69> <CoreInst = "Sel">   --->   Core 73 'Sel' <Latency = 0> <II = 1> <Delay = 0.69> <FuncUnit> <Opcode : 'select'> <InPorts = 3> <OutPorts = 1>
ST_12 : Operation 666 [4/4] (5.70ns)   --->   "%mul_5_2 = fmul i32 %v_17, i32 %empty_70" [conv2.cpp:27]   --->   Operation 666 'fmul' 'mul_5_2' <Predicate = true> <Delay = 5.70> <CoreInst = "FMul_maxdsp">   --->   Core 30 'FMul_maxdsp' <Latency = 3> <II = 1> <Delay = 5.70> <FuncUnit> <Opcode : 'fmul'> <InPorts = 2> <OutPorts = 1>
ST_12 : Operation 667 [1/2] ( I:3.25ns O:3.25ns )   --->   "%inputs_load_20 = load i8 %inputs_addr_20" [conv2.cpp:26]   --->   Operation 667 'load' 'inputs_load_20' <Predicate = (!tmp_29)> <Delay = 3.25> <CoreInst = "RAM">   --->   Core 81 'RAM' <Latency = 1> <II = 1> <Delay = 3.25> <Storage> <Opcode : 'load' 'store'> <Ports = 2> <Width = 32> <Depth = 256> <RAM>
ST_12 : Operation 668 [1/2] ( I:3.25ns O:3.25ns )   --->   "%inputs_load_21 = load i8 %inputs_addr_21" [conv2.cpp:26]   --->   Operation 668 'load' 'inputs_load_21' <Predicate = (!tmp_28)> <Delay = 3.25> <CoreInst = "RAM">   --->   Core 81 'RAM' <Latency = 1> <II = 1> <Delay = 3.25> <Storage> <Opcode : 'load' 'store'> <Ports = 2> <Width = 32> <Depth = 256> <RAM>
ST_12 : Operation 669 [2/2] (3.25ns)   --->   "%inputs_load_22 = load i8 %inputs_addr_22" [conv2.cpp:26]   --->   Operation 669 'load' 'inputs_load_22' <Predicate = true> <Delay = 3.25> <CoreInst = "RAM">   --->   Core 81 'RAM' <Latency = 1> <II = 1> <Delay = 3.25> <Storage> <Opcode : 'load' 'store'> <Ports = 2> <Width = 32> <Depth = 256> <RAM>
ST_12 : Operation 670 [2/2] (3.25ns)   --->   "%inputs_load_23 = load i8 %inputs_addr_23" [conv2.cpp:26]   --->   Operation 670 'load' 'inputs_load_23' <Predicate = (!tmp_29)> <Delay = 3.25> <CoreInst = "RAM">   --->   Core 81 'RAM' <Latency = 1> <II = 1> <Delay = 3.25> <Storage> <Opcode : 'load' 'store'> <Ports = 2> <Width = 32> <Depth = 256> <RAM>

State 13 <SV = 12> <Delay = 7.25>
ST_13 : Operation 671 [1/1] (1.63ns)   --->   "%empty_27 = add i11 %empty_26, i11 1" [conv2.cpp:16]   --->   Operation 671 'add' 'empty_27' <Predicate = true> <Delay = 1.63> <CoreInst = "Adder">   --->   Core 1 'Adder' <Latency = 0> <II = 1> <Delay = 1.63> <FuncUnit> <Opcode : 'add' 'sub'> <InPorts = 2> <OutPorts = 1>
ST_13 : Operation 672 [1/1] (0.00ns)   --->   "%p_cast46 = zext i11 %empty_27" [conv2.cpp:16]   --->   Operation 672 'zext' 'p_cast46' <Predicate = true> <Delay = 0.00>
ST_13 : Operation 673 [1/1] (0.00ns)   --->   "%weights_addr_22 = getelementptr i32 %weights, i64 0, i64 %p_cast46" [conv2.cpp:16]   --->   Operation 673 'getelementptr' 'weights_addr_22' <Predicate = true> <Delay = 0.00>
ST_13 : Operation 674 [1/1] (1.63ns)   --->   "%empty_28 = add i11 %empty_26, i11 2" [conv2.cpp:16]   --->   Operation 674 'add' 'empty_28' <Predicate = true> <Delay = 1.63> <CoreInst = "Adder">   --->   Core 1 'Adder' <Latency = 0> <II = 1> <Delay = 1.63> <FuncUnit> <Opcode : 'add' 'sub'> <InPorts = 2> <OutPorts = 1>
ST_13 : Operation 675 [1/1] (0.00ns)   --->   "%p_cast47 = zext i11 %empty_28" [conv2.cpp:16]   --->   Operation 675 'zext' 'p_cast47' <Predicate = true> <Delay = 0.00>
ST_13 : Operation 676 [1/1] (0.00ns)   --->   "%weights_addr_23 = getelementptr i32 %weights, i64 0, i64 %p_cast47" [conv2.cpp:16]   --->   Operation 676 'getelementptr' 'weights_addr_23' <Predicate = true> <Delay = 0.00>
ST_13 : Operation 677 [1/1] (0.00ns)   --->   "%empty_71 = bitcast i32 %weights_load_18" [conv2.cpp:16]   --->   Operation 677 'bitcast' 'empty_71' <Predicate = true> <Delay = 0.00>
ST_13 : Operation 678 [1/1] (0.00ns)   --->   "%empty_72 = bitcast i32 %weights_load_19" [conv2.cpp:16]   --->   Operation 678 'bitcast' 'empty_72' <Predicate = true> <Delay = 0.00>
ST_13 : Operation 679 [1/2] ( I:3.25ns O:3.25ns )   --->   "%weights_load_20 = load i11 %weights_addr_20" [conv2.cpp:16]   --->   Operation 679 'load' 'weights_load_20' <Predicate = true> <Delay = 3.25> <CoreInst = "RAM">   --->   Core 81 'RAM' <Latency = 1> <II = 1> <Delay = 3.25> <Storage> <Opcode : 'load' 'store'> <Ports = 2> <Width = 32> <Depth = 1536> <RAM>
ST_13 : Operation 680 [1/2] ( I:3.25ns O:3.25ns )   --->   "%weights_load_21 = load i11 %weights_addr_21" [conv2.cpp:16]   --->   Operation 680 'load' 'weights_load_21' <Predicate = true> <Delay = 3.25> <CoreInst = "RAM">   --->   Core 81 'RAM' <Latency = 1> <II = 1> <Delay = 3.25> <Storage> <Opcode : 'load' 'store'> <Ports = 2> <Width = 32> <Depth = 1536> <RAM>
ST_13 : Operation 681 [2/2] (3.25ns)   --->   "%weights_load_22 = load i11 %weights_addr_22" [conv2.cpp:16]   --->   Operation 681 'load' 'weights_load_22' <Predicate = true> <Delay = 3.25> <CoreInst = "RAM">   --->   Core 81 'RAM' <Latency = 1> <II = 1> <Delay = 3.25> <Storage> <Opcode : 'load' 'store'> <Ports = 2> <Width = 32> <Depth = 1536> <RAM>
ST_13 : Operation 682 [2/2] (3.25ns)   --->   "%weights_load_23 = load i11 %weights_addr_23" [conv2.cpp:16]   --->   Operation 682 'load' 'weights_load_23' <Predicate = true> <Delay = 3.25> <CoreInst = "RAM">   --->   Core 81 'RAM' <Latency = 1> <II = 1> <Delay = 3.25> <Storage> <Opcode : 'load' 'store'> <Ports = 2> <Width = 32> <Depth = 1536> <RAM>
ST_13 : Operation 683 [1/1] (0.00ns)   --->   "%tmp_47_cast = bitconcatenate i8 @_ssdm_op_BitConcatenate.i8.i1.i7, i1 1, i7 %zext_ln26_3" [conv2.cpp:26]   --->   Operation 683 'bitconcatenate' 'tmp_47_cast' <Predicate = true> <Delay = 0.00>
ST_13 : Operation 684 [1/1] (0.00ns)   --->   "%zext_ln26_12 = zext i8 %tmp_47_cast" [conv2.cpp:26]   --->   Operation 684 'zext' 'zext_ln26_12' <Predicate = true> <Delay = 0.00>
ST_13 : Operation 685 [1/1] (0.00ns)   --->   "%inputs_addr_25 = getelementptr i32 %inputs, i64 0, i64 %zext_ln26_12" [conv2.cpp:26]   --->   Operation 685 'getelementptr' 'inputs_addr_25' <Predicate = true> <Delay = 0.00>
ST_13 : Operation 686 [1/1] (0.00ns)   --->   "%sext_ln26_6 = sext i5 %empty_101" [conv2.cpp:26]   --->   Operation 686 'sext' 'sext_ln26_6' <Predicate = true> <Delay = 0.00>
ST_13 : Operation 687 [1/1] (0.00ns)   --->   "%bit_sel = bitselect i1 @_ssdm_op_BitSelect.i1.i8.i8, i8 %sext_ln26_6, i8 7" [conv2.cpp:26]   --->   Operation 687 'bitselect' 'bit_sel' <Predicate = (!tmp_28)> <Delay = 0.00>
ST_13 : Operation 688 [1/1] (0.97ns)   --->   "%xor_ln26_3 = xor i1 %bit_sel, i1 1" [conv2.cpp:26]   --->   Operation 688 'xor' 'xor_ln26_3' <Predicate = (!tmp_28)> <Delay = 0.97> <CoreInst = "LogicGate">   --->   Core 74 'LogicGate' <Latency = 0> <II = 1> <Delay = 0.97> <FuncUnit> <Opcode : 'and' 'or' 'xor'> <InPorts = 2> <OutPorts = 1>
ST_13 : Operation 689 [1/1] (0.00ns)   --->   "%add_ln26_12 = bitconcatenate i8 @_ssdm_op_BitConcatenate.i8.i1.i7, i1 %xor_ln26_3, i7 %sext_ln26_8" [conv2.cpp:26]   --->   Operation 689 'bitconcatenate' 'add_ln26_12' <Predicate = (!tmp_28)> <Delay = 0.00>
ST_13 : Operation 690 [1/1] (0.00ns)   --->   "%zext_ln26_27 = zext i8 %add_ln26_12" [conv2.cpp:26]   --->   Operation 690 'zext' 'zext_ln26_27' <Predicate = (!tmp_28)> <Delay = 0.00>
ST_13 : Operation 691 [1/1] (0.00ns)   --->   "%inputs_addr_24 = getelementptr i32 %inputs, i64 0, i64 %zext_ln26_27" [conv2.cpp:26]   --->   Operation 691 'getelementptr' 'inputs_addr_24' <Predicate = (!tmp_28)> <Delay = 0.00>
ST_13 : Operation 692 [5/5] (7.25ns)   --->   "%acc_2 = fadd i32 %acc_1, i32 %mul_s" [conv2.cpp:27]   --->   Operation 692 'fadd' 'acc_2' <Predicate = true> <Delay = 7.25> <CoreInst = "FAddSub_fulldsp">   --->   Core 18 'FAddSub_fulldsp' <Latency = 4> <II = 1> <Delay = 7.25> <FuncUnit> <Opcode : 'fadd' 'fsub'> <InPorts = 2> <OutPorts = 1>
ST_13 : Operation 693 [1/4] (5.70ns)   --->   "%mul_4 = fmul i32 %v_12, i32 %empty_65" [conv2.cpp:27]   --->   Operation 693 'fmul' 'mul_4' <Predicate = true> <Delay = 5.70> <CoreInst = "FMul_maxdsp">   --->   Core 30 'FMul_maxdsp' <Latency = 3> <II = 1> <Delay = 5.70> <FuncUnit> <Opcode : 'fmul'> <InPorts = 2> <OutPorts = 1>
ST_13 : Operation 694 [1/4] (5.70ns)   --->   "%mul_4_1 = fmul i32 %v_13, i32 %empty_66" [conv2.cpp:27]   --->   Operation 694 'fmul' 'mul_4_1' <Predicate = true> <Delay = 5.70> <CoreInst = "FMul_maxdsp">   --->   Core 30 'FMul_maxdsp' <Latency = 3> <II = 1> <Delay = 5.70> <FuncUnit> <Opcode : 'fmul'> <InPorts = 2> <OutPorts = 1>
ST_13 : Operation 695 [2/4] (5.70ns)   --->   "%mul_4_2 = fmul i32 %v_14, i32 %empty_67" [conv2.cpp:27]   --->   Operation 695 'fmul' 'mul_4_2' <Predicate = true> <Delay = 5.70> <CoreInst = "FMul_maxdsp">   --->   Core 30 'FMul_maxdsp' <Latency = 3> <II = 1> <Delay = 5.70> <FuncUnit> <Opcode : 'fmul'> <InPorts = 2> <OutPorts = 1>
ST_13 : Operation 696 [2/4] (5.70ns)   --->   "%mul_5 = fmul i32 %v_15, i32 %empty_68" [conv2.cpp:27]   --->   Operation 696 'fmul' 'mul_5' <Predicate = true> <Delay = 5.70> <CoreInst = "FMul_maxdsp">   --->   Core 30 'FMul_maxdsp' <Latency = 3> <II = 1> <Delay = 5.70> <FuncUnit> <Opcode : 'fmul'> <InPorts = 2> <OutPorts = 1>
ST_13 : Operation 697 [3/4] (5.70ns)   --->   "%mul_5_1 = fmul i32 %v_16, i32 %empty_69" [conv2.cpp:27]   --->   Operation 697 'fmul' 'mul_5_1' <Predicate = true> <Delay = 5.70> <CoreInst = "FMul_maxdsp">   --->   Core 30 'FMul_maxdsp' <Latency = 3> <II = 1> <Delay = 5.70> <FuncUnit> <Opcode : 'fmul'> <InPorts = 2> <OutPorts = 1>
ST_13 : Operation 698 [3/4] (5.70ns)   --->   "%mul_5_2 = fmul i32 %v_17, i32 %empty_70" [conv2.cpp:27]   --->   Operation 698 'fmul' 'mul_5_2' <Predicate = true> <Delay = 5.70> <CoreInst = "FMul_maxdsp">   --->   Core 30 'FMul_maxdsp' <Latency = 3> <II = 1> <Delay = 5.70> <FuncUnit> <Opcode : 'fmul'> <InPorts = 2> <OutPorts = 1>
ST_13 : Operation 699 [1/1] (0.00ns)   --->   "%bitcast_ln26_18 = bitcast i32 %inputs_load_18" [conv2.cpp:26]   --->   Operation 699 'bitcast' 'bitcast_ln26_18' <Predicate = (!tmp_28)> <Delay = 0.00>
ST_13 : Operation 700 [1/1] (0.69ns)   --->   "%v_18 = select i1 %tmp_28, i32 0, i32 %bitcast_ln26_18" [conv2.cpp:26]   --->   Operation 700 'select' 'v_18' <Predicate = true> <Delay = 0.69> <CoreInst = "Sel">   --->   Core 73 'Sel' <Latency = 0> <II = 1> <Delay = 0.69> <FuncUnit> <Opcode : 'select'> <InPorts = 3> <OutPorts = 1>
ST_13 : Operation 701 [4/4] (5.70ns)   --->   "%mul_6 = fmul i32 %v_18, i32 %empty_71" [conv2.cpp:27]   --->   Operation 701 'fmul' 'mul_6' <Predicate = true> <Delay = 5.70> <CoreInst = "FMul_maxdsp">   --->   Core 30 'FMul_maxdsp' <Latency = 3> <II = 1> <Delay = 5.70> <FuncUnit> <Opcode : 'fmul'> <InPorts = 2> <OutPorts = 1>
ST_13 : Operation 702 [1/1] (0.00ns)   --->   "%v_19 = bitcast i32 %inputs_load_19" [conv2.cpp:26]   --->   Operation 702 'bitcast' 'v_19' <Predicate = true> <Delay = 0.00>
ST_13 : Operation 703 [4/4] (5.70ns)   --->   "%mul_6_1 = fmul i32 %v_19, i32 %empty_72" [conv2.cpp:27]   --->   Operation 703 'fmul' 'mul_6_1' <Predicate = true> <Delay = 5.70> <CoreInst = "FMul_maxdsp">   --->   Core 30 'FMul_maxdsp' <Latency = 3> <II = 1> <Delay = 5.70> <FuncUnit> <Opcode : 'fmul'> <InPorts = 2> <OutPorts = 1>
ST_13 : Operation 704 [1/2] ( I:3.25ns O:3.25ns )   --->   "%inputs_load_22 = load i8 %inputs_addr_22" [conv2.cpp:26]   --->   Operation 704 'load' 'inputs_load_22' <Predicate = true> <Delay = 3.25> <CoreInst = "RAM">   --->   Core 81 'RAM' <Latency = 1> <II = 1> <Delay = 3.25> <Storage> <Opcode : 'load' 'store'> <Ports = 2> <Width = 32> <Depth = 256> <RAM>
ST_13 : Operation 705 [1/2] ( I:3.25ns O:3.25ns )   --->   "%inputs_load_23 = load i8 %inputs_addr_23" [conv2.cpp:26]   --->   Operation 705 'load' 'inputs_load_23' <Predicate = (!tmp_29)> <Delay = 3.25> <CoreInst = "RAM">   --->   Core 81 'RAM' <Latency = 1> <II = 1> <Delay = 3.25> <Storage> <Opcode : 'load' 'store'> <Ports = 2> <Width = 32> <Depth = 256> <RAM>
ST_13 : Operation 706 [2/2] (3.25ns)   --->   "%inputs_load_24 = load i8 %inputs_addr_24" [conv2.cpp:26]   --->   Operation 706 'load' 'inputs_load_24' <Predicate = (!tmp_28)> <Delay = 3.25> <CoreInst = "RAM">   --->   Core 81 'RAM' <Latency = 1> <II = 1> <Delay = 3.25> <Storage> <Opcode : 'load' 'store'> <Ports = 2> <Width = 32> <Depth = 256> <RAM>
ST_13 : Operation 707 [2/2] (3.25ns)   --->   "%inputs_load_25 = load i8 %inputs_addr_25" [conv2.cpp:26]   --->   Operation 707 'load' 'inputs_load_25' <Predicate = true> <Delay = 3.25> <CoreInst = "RAM">   --->   Core 81 'RAM' <Latency = 1> <II = 1> <Delay = 3.25> <Storage> <Opcode : 'load' 'store'> <Ports = 2> <Width = 32> <Depth = 256> <RAM>

State 14 <SV = 13> <Delay = 7.25>
ST_14 : Operation 708 [1/1] (0.00ns)   --->   "%tmp_14 = bitconcatenate i10 @_ssdm_op_BitConcatenate.i10.i6.i4, i6 %oc, i4 8" [conv2.cpp:16]   --->   Operation 708 'bitconcatenate' 'tmp_14' <Predicate = true> <Delay = 0.00>
ST_14 : Operation 709 [1/1] (0.00ns)   --->   "%tmp_22_cast = zext i10 %tmp_14" [conv2.cpp:16]   --->   Operation 709 'zext' 'tmp_22_cast' <Predicate = true> <Delay = 0.00>
ST_14 : Operation 710 [1/1] (0.00ns)   --->   "%p_shl9 = bitconcatenate i12 @_ssdm_op_BitConcatenate.i12.i6.i6, i6 %oc, i6 32" [conv2.cpp:16]   --->   Operation 710 'bitconcatenate' 'p_shl9' <Predicate = true> <Delay = 0.00>
ST_14 : Operation 711 [1/1] (1.54ns)   --->   "%empty_29 = sub i12 %p_shl9, i12 %tmp_22_cast" [conv2.cpp:16]   --->   Operation 711 'sub' 'empty_29' <Predicate = true> <Delay = 1.54> <CoreInst = "Adder">   --->   Core 1 'Adder' <Latency = 0> <II = 1> <Delay = 1.54> <FuncUnit> <Opcode : 'add' 'sub'> <InPorts = 2> <OutPorts = 1>
ST_14 : Operation 712 [1/1] (0.00ns)   --->   "%p_cast48 = zext i12 %empty_29" [conv2.cpp:16]   --->   Operation 712 'zext' 'p_cast48' <Predicate = true> <Delay = 0.00>
ST_14 : Operation 713 [1/1] (0.00ns)   --->   "%weights_addr_24 = getelementptr i32 %weights, i64 0, i64 %p_cast48" [conv2.cpp:16]   --->   Operation 713 'getelementptr' 'weights_addr_24' <Predicate = true> <Delay = 0.00>
ST_14 : Operation 714 [1/1] (0.00ns)   --->   "%tmp_23_cast = partselect i10 @_ssdm_op_PartSelect.i10.i12.i32.i32, i12 %empty_29, i32 1, i32 10" [conv2.cpp:16]   --->   Operation 714 'partselect' 'tmp_23_cast' <Predicate = true> <Delay = 0.00>
ST_14 : Operation 715 [1/1] (0.00ns)   --->   "%tmp_15 = bitconcatenate i11 @_ssdm_op_BitConcatenate.i11.i10.i1, i10 %tmp_23_cast, i1 1" [conv2.cpp:16]   --->   Operation 715 'bitconcatenate' 'tmp_15' <Predicate = true> <Delay = 0.00>
ST_14 : Operation 716 [1/1] (0.00ns)   --->   "%tmp_24_cast = zext i11 %tmp_15" [conv2.cpp:16]   --->   Operation 716 'zext' 'tmp_24_cast' <Predicate = true> <Delay = 0.00>
ST_14 : Operation 717 [1/1] (0.00ns)   --->   "%weights_addr_25 = getelementptr i32 %weights, i64 0, i64 %tmp_24_cast" [conv2.cpp:16]   --->   Operation 717 'getelementptr' 'weights_addr_25' <Predicate = true> <Delay = 0.00>
ST_14 : Operation 718 [1/1] (0.00ns)   --->   "%tmp_25_cast = partselect i9 @_ssdm_op_PartSelect.i9.i12.i32.i32, i12 %empty_29, i32 2, i32 10" [conv2.cpp:16]   --->   Operation 718 'partselect' 'tmp_25_cast' <Predicate = true> <Delay = 0.00>
ST_14 : Operation 719 [1/1] (0.00ns)   --->   "%empty_73 = bitcast i32 %weights_load_20" [conv2.cpp:16]   --->   Operation 719 'bitcast' 'empty_73' <Predicate = true> <Delay = 0.00>
ST_14 : Operation 720 [1/1] (0.00ns)   --->   "%empty_74 = bitcast i32 %weights_load_21" [conv2.cpp:16]   --->   Operation 720 'bitcast' 'empty_74' <Predicate = true> <Delay = 0.00>
ST_14 : Operation 721 [1/2] ( I:3.25ns O:3.25ns )   --->   "%weights_load_22 = load i11 %weights_addr_22" [conv2.cpp:16]   --->   Operation 721 'load' 'weights_load_22' <Predicate = true> <Delay = 3.25> <CoreInst = "RAM">   --->   Core 81 'RAM' <Latency = 1> <II = 1> <Delay = 3.25> <Storage> <Opcode : 'load' 'store'> <Ports = 2> <Width = 32> <Depth = 1536> <RAM>
ST_14 : Operation 722 [1/2] ( I:3.25ns O:3.25ns )   --->   "%weights_load_23 = load i11 %weights_addr_23" [conv2.cpp:16]   --->   Operation 722 'load' 'weights_load_23' <Predicate = true> <Delay = 3.25> <CoreInst = "RAM">   --->   Core 81 'RAM' <Latency = 1> <II = 1> <Delay = 3.25> <Storage> <Opcode : 'load' 'store'> <Ports = 2> <Width = 32> <Depth = 1536> <RAM>
ST_14 : Operation 723 [2/2] (3.25ns)   --->   "%weights_load_24 = load i11 %weights_addr_24" [conv2.cpp:16]   --->   Operation 723 'load' 'weights_load_24' <Predicate = true> <Delay = 3.25> <CoreInst = "RAM">   --->   Core 81 'RAM' <Latency = 1> <II = 1> <Delay = 3.25> <Storage> <Opcode : 'load' 'store'> <Ports = 2> <Width = 32> <Depth = 1536> <RAM>
ST_14 : Operation 724 [2/2] (3.25ns)   --->   "%weights_load_25 = load i11 %weights_addr_25" [conv2.cpp:16]   --->   Operation 724 'load' 'weights_load_25' <Predicate = true> <Delay = 3.25> <CoreInst = "RAM">   --->   Core 81 'RAM' <Latency = 1> <II = 1> <Delay = 3.25> <Storage> <Opcode : 'load' 'store'> <Ports = 2> <Width = 32> <Depth = 1536> <RAM>
ST_14 : Operation 725 [1/1] (1.91ns)   --->   "%add_ln26_13 = add i8 %sext_ln26_6, i8 144" [conv2.cpp:26]   --->   Operation 725 'add' 'add_ln26_13' <Predicate = (!tmp_28)> <Delay = 1.91> <CoreInst = "Adder">   --->   Core 1 'Adder' <Latency = 0> <II = 1> <Delay = 1.91> <FuncUnit> <Opcode : 'add' 'sub'> <InPorts = 2> <OutPorts = 1>
ST_14 : Operation 726 [1/1] (0.00ns)   --->   "%zext_ln26_28 = zext i8 %add_ln26_13" [conv2.cpp:26]   --->   Operation 726 'zext' 'zext_ln26_28' <Predicate = (!tmp_28)> <Delay = 0.00>
ST_14 : Operation 727 [1/1] (0.00ns)   --->   "%inputs_addr_27 = getelementptr i32 %inputs, i64 0, i64 %zext_ln26_28" [conv2.cpp:26]   --->   Operation 727 'getelementptr' 'inputs_addr_27' <Predicate = (!tmp_28)> <Delay = 0.00>
ST_14 : Operation 728 [4/5] (7.25ns)   --->   "%acc_2 = fadd i32 %acc_1, i32 %mul_s" [conv2.cpp:27]   --->   Operation 728 'fadd' 'acc_2' <Predicate = true> <Delay = 7.25> <CoreInst = "FAddSub_fulldsp">   --->   Core 18 'FAddSub_fulldsp' <Latency = 4> <II = 1> <Delay = 7.25> <FuncUnit> <Opcode : 'fadd' 'fsub'> <InPorts = 2> <OutPorts = 1>
ST_14 : Operation 729 [1/1] (0.00ns)   --->   "%tmp_54_cast = bitconcatenate i8 @_ssdm_op_BitConcatenate.i8.i1.i7, i1 1, i7 %zext_ln26_36" [conv2.cpp:26]   --->   Operation 729 'bitconcatenate' 'tmp_54_cast' <Predicate = (!tmp_29)> <Delay = 0.00>
ST_14 : Operation 730 [1/1] (0.00ns)   --->   "%zext_ln26_45 = zext i8 %tmp_54_cast" [conv2.cpp:26]   --->   Operation 730 'zext' 'zext_ln26_45' <Predicate = (!tmp_29)> <Delay = 0.00>
ST_14 : Operation 731 [1/1] (0.00ns)   --->   "%inputs_addr_26 = getelementptr i32 %inputs, i64 0, i64 %zext_ln26_45" [conv2.cpp:26]   --->   Operation 731 'getelementptr' 'inputs_addr_26' <Predicate = (!tmp_29)> <Delay = 0.00>
ST_14 : Operation 732 [1/4] (5.70ns)   --->   "%mul_4_2 = fmul i32 %v_14, i32 %empty_67" [conv2.cpp:27]   --->   Operation 732 'fmul' 'mul_4_2' <Predicate = true> <Delay = 5.70> <CoreInst = "FMul_maxdsp">   --->   Core 30 'FMul_maxdsp' <Latency = 3> <II = 1> <Delay = 5.70> <FuncUnit> <Opcode : 'fmul'> <InPorts = 2> <OutPorts = 1>
ST_14 : Operation 733 [1/4] (5.70ns)   --->   "%mul_5 = fmul i32 %v_15, i32 %empty_68" [conv2.cpp:27]   --->   Operation 733 'fmul' 'mul_5' <Predicate = true> <Delay = 5.70> <CoreInst = "FMul_maxdsp">   --->   Core 30 'FMul_maxdsp' <Latency = 3> <II = 1> <Delay = 5.70> <FuncUnit> <Opcode : 'fmul'> <InPorts = 2> <OutPorts = 1>
ST_14 : Operation 734 [2/4] (5.70ns)   --->   "%mul_5_1 = fmul i32 %v_16, i32 %empty_69" [conv2.cpp:27]   --->   Operation 734 'fmul' 'mul_5_1' <Predicate = true> <Delay = 5.70> <CoreInst = "FMul_maxdsp">   --->   Core 30 'FMul_maxdsp' <Latency = 3> <II = 1> <Delay = 5.70> <FuncUnit> <Opcode : 'fmul'> <InPorts = 2> <OutPorts = 1>
ST_14 : Operation 735 [2/4] (5.70ns)   --->   "%mul_5_2 = fmul i32 %v_17, i32 %empty_70" [conv2.cpp:27]   --->   Operation 735 'fmul' 'mul_5_2' <Predicate = true> <Delay = 5.70> <CoreInst = "FMul_maxdsp">   --->   Core 30 'FMul_maxdsp' <Latency = 3> <II = 1> <Delay = 5.70> <FuncUnit> <Opcode : 'fmul'> <InPorts = 2> <OutPorts = 1>
ST_14 : Operation 736 [3/4] (5.70ns)   --->   "%mul_6 = fmul i32 %v_18, i32 %empty_71" [conv2.cpp:27]   --->   Operation 736 'fmul' 'mul_6' <Predicate = true> <Delay = 5.70> <CoreInst = "FMul_maxdsp">   --->   Core 30 'FMul_maxdsp' <Latency = 3> <II = 1> <Delay = 5.70> <FuncUnit> <Opcode : 'fmul'> <InPorts = 2> <OutPorts = 1>
ST_14 : Operation 737 [3/4] (5.70ns)   --->   "%mul_6_1 = fmul i32 %v_19, i32 %empty_72" [conv2.cpp:27]   --->   Operation 737 'fmul' 'mul_6_1' <Predicate = true> <Delay = 5.70> <CoreInst = "FMul_maxdsp">   --->   Core 30 'FMul_maxdsp' <Latency = 3> <II = 1> <Delay = 5.70> <FuncUnit> <Opcode : 'fmul'> <InPorts = 2> <OutPorts = 1>
ST_14 : Operation 738 [1/1] (0.00ns)   --->   "%bitcast_ln26_20 = bitcast i32 %inputs_load_20" [conv2.cpp:26]   --->   Operation 738 'bitcast' 'bitcast_ln26_20' <Predicate = (!tmp_29)> <Delay = 0.00>
ST_14 : Operation 739 [1/1] (0.69ns)   --->   "%v_20 = select i1 %tmp_29, i32 0, i32 %bitcast_ln26_20" [conv2.cpp:26]   --->   Operation 739 'select' 'v_20' <Predicate = true> <Delay = 0.69> <CoreInst = "Sel">   --->   Core 73 'Sel' <Latency = 0> <II = 1> <Delay = 0.69> <FuncUnit> <Opcode : 'select'> <InPorts = 3> <OutPorts = 1>
ST_14 : Operation 740 [4/4] (5.70ns)   --->   "%mul_6_2 = fmul i32 %v_20, i32 %empty_73" [conv2.cpp:27]   --->   Operation 740 'fmul' 'mul_6_2' <Predicate = true> <Delay = 5.70> <CoreInst = "FMul_maxdsp">   --->   Core 30 'FMul_maxdsp' <Latency = 3> <II = 1> <Delay = 5.70> <FuncUnit> <Opcode : 'fmul'> <InPorts = 2> <OutPorts = 1>
ST_14 : Operation 741 [1/1] (0.00ns)   --->   "%bitcast_ln26_21 = bitcast i32 %inputs_load_21" [conv2.cpp:26]   --->   Operation 741 'bitcast' 'bitcast_ln26_21' <Predicate = (!tmp_28)> <Delay = 0.00>
ST_14 : Operation 742 [1/1] (0.69ns)   --->   "%v_21 = select i1 %tmp_28, i32 0, i32 %bitcast_ln26_21" [conv2.cpp:26]   --->   Operation 742 'select' 'v_21' <Predicate = true> <Delay = 0.69> <CoreInst = "Sel">   --->   Core 73 'Sel' <Latency = 0> <II = 1> <Delay = 0.69> <FuncUnit> <Opcode : 'select'> <InPorts = 3> <OutPorts = 1>
ST_14 : Operation 743 [4/4] (5.70ns)   --->   "%mul_7 = fmul i32 %v_21, i32 %empty_74" [conv2.cpp:27]   --->   Operation 743 'fmul' 'mul_7' <Predicate = true> <Delay = 5.70> <CoreInst = "FMul_maxdsp">   --->   Core 30 'FMul_maxdsp' <Latency = 3> <II = 1> <Delay = 5.70> <FuncUnit> <Opcode : 'fmul'> <InPorts = 2> <OutPorts = 1>
ST_14 : Operation 744 [1/2] ( I:3.25ns O:3.25ns )   --->   "%inputs_load_24 = load i8 %inputs_addr_24" [conv2.cpp:26]   --->   Operation 744 'load' 'inputs_load_24' <Predicate = (!tmp_28)> <Delay = 3.25> <CoreInst = "RAM">   --->   Core 81 'RAM' <Latency = 1> <II = 1> <Delay = 3.25> <Storage> <Opcode : 'load' 'store'> <Ports = 2> <Width = 32> <Depth = 256> <RAM>
ST_14 : Operation 745 [1/2] ( I:3.25ns O:3.25ns )   --->   "%inputs_load_25 = load i8 %inputs_addr_25" [conv2.cpp:26]   --->   Operation 745 'load' 'inputs_load_25' <Predicate = true> <Delay = 3.25> <CoreInst = "RAM">   --->   Core 81 'RAM' <Latency = 1> <II = 1> <Delay = 3.25> <Storage> <Opcode : 'load' 'store'> <Ports = 2> <Width = 32> <Depth = 256> <RAM>
ST_14 : Operation 746 [2/2] (3.25ns)   --->   "%inputs_load_26 = load i8 %inputs_addr_26" [conv2.cpp:26]   --->   Operation 746 'load' 'inputs_load_26' <Predicate = (!tmp_29)> <Delay = 3.25> <CoreInst = "RAM">   --->   Core 81 'RAM' <Latency = 1> <II = 1> <Delay = 3.25> <Storage> <Opcode : 'load' 'store'> <Ports = 2> <Width = 32> <Depth = 256> <RAM>
ST_14 : Operation 747 [2/2] (3.25ns)   --->   "%inputs_load_27 = load i8 %inputs_addr_27" [conv2.cpp:26]   --->   Operation 747 'load' 'inputs_load_27' <Predicate = (!tmp_28)> <Delay = 3.25> <CoreInst = "RAM">   --->   Core 81 'RAM' <Latency = 1> <II = 1> <Delay = 3.25> <Storage> <Opcode : 'load' 'store'> <Ports = 2> <Width = 32> <Depth = 256> <RAM>

State 15 <SV = 14> <Delay = 7.25>
ST_15 : Operation 748 [1/1] (0.00ns)   --->   "%tmp_16 = bitconcatenate i11 @_ssdm_op_BitConcatenate.i11.i9.i2, i9 %tmp_25_cast, i2 2" [conv2.cpp:16]   --->   Operation 748 'bitconcatenate' 'tmp_16' <Predicate = true> <Delay = 0.00>
ST_15 : Operation 749 [1/1] (0.00ns)   --->   "%tmp_27_cast = zext i11 %tmp_16" [conv2.cpp:16]   --->   Operation 749 'zext' 'tmp_27_cast' <Predicate = true> <Delay = 0.00>
ST_15 : Operation 750 [1/1] (0.00ns)   --->   "%weights_addr_26 = getelementptr i32 %weights, i64 0, i64 %tmp_27_cast" [conv2.cpp:16]   --->   Operation 750 'getelementptr' 'weights_addr_26' <Predicate = true> <Delay = 0.00>
ST_15 : Operation 751 [1/1] (0.00ns)   --->   "%tmp_17 = bitconcatenate i10 @_ssdm_op_BitConcatenate.i10.i6.i4, i6 %oc, i4 9" [conv2.cpp:16]   --->   Operation 751 'bitconcatenate' 'tmp_17' <Predicate = true> <Delay = 0.00>
ST_15 : Operation 752 [1/1] (0.00ns)   --->   "%tmp_28_cast = zext i10 %tmp_17" [conv2.cpp:16]   --->   Operation 752 'zext' 'tmp_28_cast' <Predicate = true> <Delay = 0.00>
ST_15 : Operation 753 [1/1] (0.00ns)   --->   "%p_shl10 = bitconcatenate i12 @_ssdm_op_BitConcatenate.i12.i6.i6, i6 %oc, i6 36" [conv2.cpp:16]   --->   Operation 753 'bitconcatenate' 'p_shl10' <Predicate = true> <Delay = 0.00>
ST_15 : Operation 754 [1/1] (1.54ns)   --->   "%empty_30 = sub i12 %p_shl10, i12 %tmp_28_cast" [conv2.cpp:16]   --->   Operation 754 'sub' 'empty_30' <Predicate = true> <Delay = 1.54> <CoreInst = "Adder">   --->   Core 1 'Adder' <Latency = 0> <II = 1> <Delay = 1.54> <FuncUnit> <Opcode : 'add' 'sub'> <InPorts = 2> <OutPorts = 1>
ST_15 : Operation 755 [1/1] (0.00ns)   --->   "%p_cast49 = zext i12 %empty_30" [conv2.cpp:16]   --->   Operation 755 'zext' 'p_cast49' <Predicate = true> <Delay = 0.00>
ST_15 : Operation 756 [1/1] (0.00ns)   --->   "%empty_31 = trunc i12 %empty_30" [conv2.cpp:16]   --->   Operation 756 'trunc' 'empty_31' <Predicate = true> <Delay = 0.00>
ST_15 : Operation 757 [1/1] (0.00ns)   --->   "%weights_addr_27 = getelementptr i32 %weights, i64 0, i64 %p_cast49" [conv2.cpp:16]   --->   Operation 757 'getelementptr' 'weights_addr_27' <Predicate = true> <Delay = 0.00>
ST_15 : Operation 758 [1/1] (0.00ns)   --->   "%empty_75 = bitcast i32 %weights_load_22" [conv2.cpp:16]   --->   Operation 758 'bitcast' 'empty_75' <Predicate = true> <Delay = 0.00>
ST_15 : Operation 759 [1/1] (0.00ns)   --->   "%empty_76 = bitcast i32 %weights_load_23" [conv2.cpp:16]   --->   Operation 759 'bitcast' 'empty_76' <Predicate = true> <Delay = 0.00>
ST_15 : Operation 760 [1/2] ( I:3.25ns O:3.25ns )   --->   "%weights_load_24 = load i11 %weights_addr_24" [conv2.cpp:16]   --->   Operation 760 'load' 'weights_load_24' <Predicate = true> <Delay = 3.25> <CoreInst = "RAM">   --->   Core 81 'RAM' <Latency = 1> <II = 1> <Delay = 3.25> <Storage> <Opcode : 'load' 'store'> <Ports = 2> <Width = 32> <Depth = 1536> <RAM>
ST_15 : Operation 761 [1/2] ( I:3.25ns O:3.25ns )   --->   "%weights_load_25 = load i11 %weights_addr_25" [conv2.cpp:16]   --->   Operation 761 'load' 'weights_load_25' <Predicate = true> <Delay = 3.25> <CoreInst = "RAM">   --->   Core 81 'RAM' <Latency = 1> <II = 1> <Delay = 3.25> <Storage> <Opcode : 'load' 'store'> <Ports = 2> <Width = 32> <Depth = 1536> <RAM>
ST_15 : Operation 762 [2/2] (3.25ns)   --->   "%weights_load_26 = load i11 %weights_addr_26" [conv2.cpp:16]   --->   Operation 762 'load' 'weights_load_26' <Predicate = true> <Delay = 3.25> <CoreInst = "RAM">   --->   Core 81 'RAM' <Latency = 1> <II = 1> <Delay = 3.25> <Storage> <Opcode : 'load' 'store'> <Ports = 2> <Width = 32> <Depth = 1536> <RAM>
ST_15 : Operation 763 [2/2] (3.25ns)   --->   "%weights_load_27 = load i11 %weights_addr_27" [conv2.cpp:16]   --->   Operation 763 'load' 'weights_load_27' <Predicate = true> <Delay = 3.25> <CoreInst = "RAM">   --->   Core 81 'RAM' <Latency = 1> <II = 1> <Delay = 3.25> <Storage> <Opcode : 'load' 'store'> <Ports = 2> <Width = 32> <Depth = 1536> <RAM>
ST_15 : Operation 764 [1/1] (1.91ns)   --->   "%add_ln26_4 = add i8 %zext_ln26_2, i8 144" [conv2.cpp:26]   --->   Operation 764 'add' 'add_ln26_4' <Predicate = true> <Delay = 1.91> <CoreInst = "Adder">   --->   Core 1 'Adder' <Latency = 0> <II = 1> <Delay = 1.91> <FuncUnit> <Opcode : 'add' 'sub'> <InPorts = 2> <OutPorts = 1>
ST_15 : Operation 765 [1/1] (0.00ns)   --->   "%zext_ln26_13 = zext i8 %add_ln26_4" [conv2.cpp:26]   --->   Operation 765 'zext' 'zext_ln26_13' <Predicate = true> <Delay = 0.00>
ST_15 : Operation 766 [1/1] (0.00ns)   --->   "%inputs_addr_28 = getelementptr i32 %inputs, i64 0, i64 %zext_ln26_13" [conv2.cpp:26]   --->   Operation 766 'getelementptr' 'inputs_addr_28' <Predicate = true> <Delay = 0.00>
ST_15 : Operation 767 [3/5] (7.25ns)   --->   "%acc_2 = fadd i32 %acc_1, i32 %mul_s" [conv2.cpp:27]   --->   Operation 767 'fadd' 'acc_2' <Predicate = true> <Delay = 7.25> <CoreInst = "FAddSub_fulldsp">   --->   Core 18 'FAddSub_fulldsp' <Latency = 4> <II = 1> <Delay = 7.25> <FuncUnit> <Opcode : 'fadd' 'fsub'> <InPorts = 2> <OutPorts = 1>
ST_15 : Operation 768 [1/1] (1.91ns)   --->   "%add_ln26_21 = add i8 %zext_ln26_35, i8 144" [conv2.cpp:26]   --->   Operation 768 'add' 'add_ln26_21' <Predicate = (!tmp_29)> <Delay = 1.91> <CoreInst = "Adder">   --->   Core 1 'Adder' <Latency = 0> <II = 1> <Delay = 1.91> <FuncUnit> <Opcode : 'add' 'sub'> <InPorts = 2> <OutPorts = 1>
ST_15 : Operation 769 [1/1] (0.00ns)   --->   "%zext_ln26_46 = zext i8 %add_ln26_21" [conv2.cpp:26]   --->   Operation 769 'zext' 'zext_ln26_46' <Predicate = (!tmp_29)> <Delay = 0.00>
ST_15 : Operation 770 [1/1] (0.00ns)   --->   "%inputs_addr_29 = getelementptr i32 %inputs, i64 0, i64 %zext_ln26_46" [conv2.cpp:26]   --->   Operation 770 'getelementptr' 'inputs_addr_29' <Predicate = (!tmp_29)> <Delay = 0.00>
ST_15 : Operation 771 [1/4] (5.70ns)   --->   "%mul_5_1 = fmul i32 %v_16, i32 %empty_69" [conv2.cpp:27]   --->   Operation 771 'fmul' 'mul_5_1' <Predicate = true> <Delay = 5.70> <CoreInst = "FMul_maxdsp">   --->   Core 30 'FMul_maxdsp' <Latency = 3> <II = 1> <Delay = 5.70> <FuncUnit> <Opcode : 'fmul'> <InPorts = 2> <OutPorts = 1>
ST_15 : Operation 772 [1/4] (5.70ns)   --->   "%mul_5_2 = fmul i32 %v_17, i32 %empty_70" [conv2.cpp:27]   --->   Operation 772 'fmul' 'mul_5_2' <Predicate = true> <Delay = 5.70> <CoreInst = "FMul_maxdsp">   --->   Core 30 'FMul_maxdsp' <Latency = 3> <II = 1> <Delay = 5.70> <FuncUnit> <Opcode : 'fmul'> <InPorts = 2> <OutPorts = 1>
ST_15 : Operation 773 [2/4] (5.70ns)   --->   "%mul_6 = fmul i32 %v_18, i32 %empty_71" [conv2.cpp:27]   --->   Operation 773 'fmul' 'mul_6' <Predicate = true> <Delay = 5.70> <CoreInst = "FMul_maxdsp">   --->   Core 30 'FMul_maxdsp' <Latency = 3> <II = 1> <Delay = 5.70> <FuncUnit> <Opcode : 'fmul'> <InPorts = 2> <OutPorts = 1>
ST_15 : Operation 774 [2/4] (5.70ns)   --->   "%mul_6_1 = fmul i32 %v_19, i32 %empty_72" [conv2.cpp:27]   --->   Operation 774 'fmul' 'mul_6_1' <Predicate = true> <Delay = 5.70> <CoreInst = "FMul_maxdsp">   --->   Core 30 'FMul_maxdsp' <Latency = 3> <II = 1> <Delay = 5.70> <FuncUnit> <Opcode : 'fmul'> <InPorts = 2> <OutPorts = 1>
ST_15 : Operation 775 [3/4] (5.70ns)   --->   "%mul_6_2 = fmul i32 %v_20, i32 %empty_73" [conv2.cpp:27]   --->   Operation 775 'fmul' 'mul_6_2' <Predicate = true> <Delay = 5.70> <CoreInst = "FMul_maxdsp">   --->   Core 30 'FMul_maxdsp' <Latency = 3> <II = 1> <Delay = 5.70> <FuncUnit> <Opcode : 'fmul'> <InPorts = 2> <OutPorts = 1>
ST_15 : Operation 776 [3/4] (5.70ns)   --->   "%mul_7 = fmul i32 %v_21, i32 %empty_74" [conv2.cpp:27]   --->   Operation 776 'fmul' 'mul_7' <Predicate = true> <Delay = 5.70> <CoreInst = "FMul_maxdsp">   --->   Core 30 'FMul_maxdsp' <Latency = 3> <II = 1> <Delay = 5.70> <FuncUnit> <Opcode : 'fmul'> <InPorts = 2> <OutPorts = 1>
ST_15 : Operation 777 [1/1] (0.00ns)   --->   "%v_22 = bitcast i32 %inputs_load_22" [conv2.cpp:26]   --->   Operation 777 'bitcast' 'v_22' <Predicate = true> <Delay = 0.00>
ST_15 : Operation 778 [4/4] (5.70ns)   --->   "%mul_7_1 = fmul i32 %v_22, i32 %empty_75" [conv2.cpp:27]   --->   Operation 778 'fmul' 'mul_7_1' <Predicate = true> <Delay = 5.70> <CoreInst = "FMul_maxdsp">   --->   Core 30 'FMul_maxdsp' <Latency = 3> <II = 1> <Delay = 5.70> <FuncUnit> <Opcode : 'fmul'> <InPorts = 2> <OutPorts = 1>
ST_15 : Operation 779 [1/1] (0.00ns)   --->   "%bitcast_ln26_23 = bitcast i32 %inputs_load_23" [conv2.cpp:26]   --->   Operation 779 'bitcast' 'bitcast_ln26_23' <Predicate = (!tmp_29)> <Delay = 0.00>
ST_15 : Operation 780 [1/1] (0.69ns)   --->   "%v_23 = select i1 %tmp_29, i32 0, i32 %bitcast_ln26_23" [conv2.cpp:26]   --->   Operation 780 'select' 'v_23' <Predicate = true> <Delay = 0.69> <CoreInst = "Sel">   --->   Core 73 'Sel' <Latency = 0> <II = 1> <Delay = 0.69> <FuncUnit> <Opcode : 'select'> <InPorts = 3> <OutPorts = 1>
ST_15 : Operation 781 [4/4] (5.70ns)   --->   "%mul_7_2 = fmul i32 %v_23, i32 %empty_76" [conv2.cpp:27]   --->   Operation 781 'fmul' 'mul_7_2' <Predicate = true> <Delay = 5.70> <CoreInst = "FMul_maxdsp">   --->   Core 30 'FMul_maxdsp' <Latency = 3> <II = 1> <Delay = 5.70> <FuncUnit> <Opcode : 'fmul'> <InPorts = 2> <OutPorts = 1>
ST_15 : Operation 782 [1/2] ( I:3.25ns O:3.25ns )   --->   "%inputs_load_26 = load i8 %inputs_addr_26" [conv2.cpp:26]   --->   Operation 782 'load' 'inputs_load_26' <Predicate = (!tmp_29)> <Delay = 3.25> <CoreInst = "RAM">   --->   Core 81 'RAM' <Latency = 1> <II = 1> <Delay = 3.25> <Storage> <Opcode : 'load' 'store'> <Ports = 2> <Width = 32> <Depth = 256> <RAM>
ST_15 : Operation 783 [1/2] ( I:3.25ns O:3.25ns )   --->   "%inputs_load_27 = load i8 %inputs_addr_27" [conv2.cpp:26]   --->   Operation 783 'load' 'inputs_load_27' <Predicate = (!tmp_28)> <Delay = 3.25> <CoreInst = "RAM">   --->   Core 81 'RAM' <Latency = 1> <II = 1> <Delay = 3.25> <Storage> <Opcode : 'load' 'store'> <Ports = 2> <Width = 32> <Depth = 256> <RAM>
ST_15 : Operation 784 [2/2] (3.25ns)   --->   "%inputs_load_28 = load i8 %inputs_addr_28" [conv2.cpp:26]   --->   Operation 784 'load' 'inputs_load_28' <Predicate = true> <Delay = 3.25> <CoreInst = "RAM">   --->   Core 81 'RAM' <Latency = 1> <II = 1> <Delay = 3.25> <Storage> <Opcode : 'load' 'store'> <Ports = 2> <Width = 32> <Depth = 256> <RAM>
ST_15 : Operation 785 [2/2] (3.25ns)   --->   "%inputs_load_29 = load i8 %inputs_addr_29" [conv2.cpp:26]   --->   Operation 785 'load' 'inputs_load_29' <Predicate = (!tmp_29)> <Delay = 3.25> <CoreInst = "RAM">   --->   Core 81 'RAM' <Latency = 1> <II = 1> <Delay = 3.25> <Storage> <Opcode : 'load' 'store'> <Ports = 2> <Width = 32> <Depth = 256> <RAM>

State 16 <SV = 15> <Delay = 7.25>
ST_16 : Operation 786 [1/1] (1.63ns)   --->   "%empty_32 = add i11 %empty_31, i11 1" [conv2.cpp:16]   --->   Operation 786 'add' 'empty_32' <Predicate = true> <Delay = 1.63> <CoreInst = "Adder">   --->   Core 1 'Adder' <Latency = 0> <II = 1> <Delay = 1.63> <FuncUnit> <Opcode : 'add' 'sub'> <InPorts = 2> <OutPorts = 1>
ST_16 : Operation 787 [1/1] (0.00ns)   --->   "%p_cast50 = zext i11 %empty_32" [conv2.cpp:16]   --->   Operation 787 'zext' 'p_cast50' <Predicate = true> <Delay = 0.00>
ST_16 : Operation 788 [1/1] (0.00ns)   --->   "%weights_addr_28 = getelementptr i32 %weights, i64 0, i64 %p_cast50" [conv2.cpp:16]   --->   Operation 788 'getelementptr' 'weights_addr_28' <Predicate = true> <Delay = 0.00>
ST_16 : Operation 789 [1/1] (1.63ns)   --->   "%empty_33 = add i11 %empty_31, i11 2" [conv2.cpp:16]   --->   Operation 789 'add' 'empty_33' <Predicate = true> <Delay = 1.63> <CoreInst = "Adder">   --->   Core 1 'Adder' <Latency = 0> <II = 1> <Delay = 1.63> <FuncUnit> <Opcode : 'add' 'sub'> <InPorts = 2> <OutPorts = 1>
ST_16 : Operation 790 [1/1] (0.00ns)   --->   "%p_cast51 = zext i11 %empty_33" [conv2.cpp:16]   --->   Operation 790 'zext' 'p_cast51' <Predicate = true> <Delay = 0.00>
ST_16 : Operation 791 [1/1] (0.00ns)   --->   "%weights_addr_29 = getelementptr i32 %weights, i64 0, i64 %p_cast51" [conv2.cpp:16]   --->   Operation 791 'getelementptr' 'weights_addr_29' <Predicate = true> <Delay = 0.00>
ST_16 : Operation 792 [1/1] (0.00ns)   --->   "%empty_77 = bitcast i32 %weights_load_24" [conv2.cpp:16]   --->   Operation 792 'bitcast' 'empty_77' <Predicate = true> <Delay = 0.00>
ST_16 : Operation 793 [1/1] (0.00ns)   --->   "%empty_78 = bitcast i32 %weights_load_25" [conv2.cpp:16]   --->   Operation 793 'bitcast' 'empty_78' <Predicate = true> <Delay = 0.00>
ST_16 : Operation 794 [1/2] ( I:3.25ns O:3.25ns )   --->   "%weights_load_26 = load i11 %weights_addr_26" [conv2.cpp:16]   --->   Operation 794 'load' 'weights_load_26' <Predicate = true> <Delay = 3.25> <CoreInst = "RAM">   --->   Core 81 'RAM' <Latency = 1> <II = 1> <Delay = 3.25> <Storage> <Opcode : 'load' 'store'> <Ports = 2> <Width = 32> <Depth = 1536> <RAM>
ST_16 : Operation 795 [1/2] ( I:3.25ns O:3.25ns )   --->   "%weights_load_27 = load i11 %weights_addr_27" [conv2.cpp:16]   --->   Operation 795 'load' 'weights_load_27' <Predicate = true> <Delay = 3.25> <CoreInst = "RAM">   --->   Core 81 'RAM' <Latency = 1> <II = 1> <Delay = 3.25> <Storage> <Opcode : 'load' 'store'> <Ports = 2> <Width = 32> <Depth = 1536> <RAM>
ST_16 : Operation 796 [2/2] (3.25ns)   --->   "%weights_load_28 = load i11 %weights_addr_28" [conv2.cpp:16]   --->   Operation 796 'load' 'weights_load_28' <Predicate = true> <Delay = 3.25> <CoreInst = "RAM">   --->   Core 81 'RAM' <Latency = 1> <II = 1> <Delay = 3.25> <Storage> <Opcode : 'load' 'store'> <Ports = 2> <Width = 32> <Depth = 1536> <RAM>
ST_16 : Operation 797 [2/2] (3.25ns)   --->   "%weights_load_29 = load i11 %weights_addr_29" [conv2.cpp:16]   --->   Operation 797 'load' 'weights_load_29' <Predicate = true> <Delay = 3.25> <CoreInst = "RAM">   --->   Core 81 'RAM' <Latency = 1> <II = 1> <Delay = 3.25> <Storage> <Opcode : 'load' 'store'> <Ports = 2> <Width = 32> <Depth = 1536> <RAM>
ST_16 : Operation 798 [1/1] (0.00ns)   --->   "%tmp_48_cast = bitconcatenate i8 @_ssdm_op_BitConcatenate.i8.i3.i5, i3 5, i5 %select_ln16" [conv2.cpp:26]   --->   Operation 798 'bitconcatenate' 'tmp_48_cast' <Predicate = true> <Delay = 0.00>
ST_16 : Operation 799 [1/1] (0.00ns)   --->   "%zext_ln26_14 = zext i8 %tmp_48_cast" [conv2.cpp:26]   --->   Operation 799 'zext' 'zext_ln26_14' <Predicate = true> <Delay = 0.00>
ST_16 : Operation 800 [1/1] (0.00ns)   --->   "%inputs_addr_31 = getelementptr i32 %inputs, i64 0, i64 %zext_ln26_14" [conv2.cpp:26]   --->   Operation 800 'getelementptr' 'inputs_addr_31' <Predicate = true> <Delay = 0.00>
ST_16 : Operation 801 [1/1] (1.91ns)   --->   "%add_ln26_14 = add i8 %sext_ln26_6, i8 160" [conv2.cpp:26]   --->   Operation 801 'add' 'add_ln26_14' <Predicate = (!tmp_28)> <Delay = 1.91> <CoreInst = "Adder">   --->   Core 1 'Adder' <Latency = 0> <II = 1> <Delay = 1.91> <FuncUnit> <Opcode : 'add' 'sub'> <InPorts = 2> <OutPorts = 1>
ST_16 : Operation 802 [1/1] (0.00ns)   --->   "%zext_ln26_29 = zext i8 %add_ln26_14" [conv2.cpp:26]   --->   Operation 802 'zext' 'zext_ln26_29' <Predicate = (!tmp_28)> <Delay = 0.00>
ST_16 : Operation 803 [1/1] (0.00ns)   --->   "%inputs_addr_30 = getelementptr i32 %inputs, i64 0, i64 %zext_ln26_29" [conv2.cpp:26]   --->   Operation 803 'getelementptr' 'inputs_addr_30' <Predicate = (!tmp_28)> <Delay = 0.00>
ST_16 : Operation 804 [2/5] (7.25ns)   --->   "%acc_2 = fadd i32 %acc_1, i32 %mul_s" [conv2.cpp:27]   --->   Operation 804 'fadd' 'acc_2' <Predicate = true> <Delay = 7.25> <CoreInst = "FAddSub_fulldsp">   --->   Core 18 'FAddSub_fulldsp' <Latency = 4> <II = 1> <Delay = 7.25> <FuncUnit> <Opcode : 'fadd' 'fsub'> <InPorts = 2> <OutPorts = 1>
ST_16 : Operation 805 [1/4] (5.70ns)   --->   "%mul_6 = fmul i32 %v_18, i32 %empty_71" [conv2.cpp:27]   --->   Operation 805 'fmul' 'mul_6' <Predicate = true> <Delay = 5.70> <CoreInst = "FMul_maxdsp">   --->   Core 30 'FMul_maxdsp' <Latency = 3> <II = 1> <Delay = 5.70> <FuncUnit> <Opcode : 'fmul'> <InPorts = 2> <OutPorts = 1>
ST_16 : Operation 806 [1/4] (5.70ns)   --->   "%mul_6_1 = fmul i32 %v_19, i32 %empty_72" [conv2.cpp:27]   --->   Operation 806 'fmul' 'mul_6_1' <Predicate = true> <Delay = 5.70> <CoreInst = "FMul_maxdsp">   --->   Core 30 'FMul_maxdsp' <Latency = 3> <II = 1> <Delay = 5.70> <FuncUnit> <Opcode : 'fmul'> <InPorts = 2> <OutPorts = 1>
ST_16 : Operation 807 [2/4] (5.70ns)   --->   "%mul_6_2 = fmul i32 %v_20, i32 %empty_73" [conv2.cpp:27]   --->   Operation 807 'fmul' 'mul_6_2' <Predicate = true> <Delay = 5.70> <CoreInst = "FMul_maxdsp">   --->   Core 30 'FMul_maxdsp' <Latency = 3> <II = 1> <Delay = 5.70> <FuncUnit> <Opcode : 'fmul'> <InPorts = 2> <OutPorts = 1>
ST_16 : Operation 808 [2/4] (5.70ns)   --->   "%mul_7 = fmul i32 %v_21, i32 %empty_74" [conv2.cpp:27]   --->   Operation 808 'fmul' 'mul_7' <Predicate = true> <Delay = 5.70> <CoreInst = "FMul_maxdsp">   --->   Core 30 'FMul_maxdsp' <Latency = 3> <II = 1> <Delay = 5.70> <FuncUnit> <Opcode : 'fmul'> <InPorts = 2> <OutPorts = 1>
ST_16 : Operation 809 [3/4] (5.70ns)   --->   "%mul_7_1 = fmul i32 %v_22, i32 %empty_75" [conv2.cpp:27]   --->   Operation 809 'fmul' 'mul_7_1' <Predicate = true> <Delay = 5.70> <CoreInst = "FMul_maxdsp">   --->   Core 30 'FMul_maxdsp' <Latency = 3> <II = 1> <Delay = 5.70> <FuncUnit> <Opcode : 'fmul'> <InPorts = 2> <OutPorts = 1>
ST_16 : Operation 810 [3/4] (5.70ns)   --->   "%mul_7_2 = fmul i32 %v_23, i32 %empty_76" [conv2.cpp:27]   --->   Operation 810 'fmul' 'mul_7_2' <Predicate = true> <Delay = 5.70> <CoreInst = "FMul_maxdsp">   --->   Core 30 'FMul_maxdsp' <Latency = 3> <II = 1> <Delay = 5.70> <FuncUnit> <Opcode : 'fmul'> <InPorts = 2> <OutPorts = 1>
ST_16 : Operation 811 [1/1] (0.00ns)   --->   "%bitcast_ln26_24 = bitcast i32 %inputs_load_24" [conv2.cpp:26]   --->   Operation 811 'bitcast' 'bitcast_ln26_24' <Predicate = (!tmp_28)> <Delay = 0.00>
ST_16 : Operation 812 [1/1] (0.69ns)   --->   "%v_24 = select i1 %tmp_28, i32 0, i32 %bitcast_ln26_24" [conv2.cpp:26]   --->   Operation 812 'select' 'v_24' <Predicate = true> <Delay = 0.69> <CoreInst = "Sel">   --->   Core 73 'Sel' <Latency = 0> <II = 1> <Delay = 0.69> <FuncUnit> <Opcode : 'select'> <InPorts = 3> <OutPorts = 1>
ST_16 : Operation 813 [4/4] (5.70ns)   --->   "%mul_8 = fmul i32 %v_24, i32 %empty_77" [conv2.cpp:27]   --->   Operation 813 'fmul' 'mul_8' <Predicate = true> <Delay = 5.70> <CoreInst = "FMul_maxdsp">   --->   Core 30 'FMul_maxdsp' <Latency = 3> <II = 1> <Delay = 5.70> <FuncUnit> <Opcode : 'fmul'> <InPorts = 2> <OutPorts = 1>
ST_16 : Operation 814 [1/1] (0.00ns)   --->   "%v_25 = bitcast i32 %inputs_load_25" [conv2.cpp:26]   --->   Operation 814 'bitcast' 'v_25' <Predicate = true> <Delay = 0.00>
ST_16 : Operation 815 [4/4] (5.70ns)   --->   "%mul_8_1 = fmul i32 %v_25, i32 %empty_78" [conv2.cpp:27]   --->   Operation 815 'fmul' 'mul_8_1' <Predicate = true> <Delay = 5.70> <CoreInst = "FMul_maxdsp">   --->   Core 30 'FMul_maxdsp' <Latency = 3> <II = 1> <Delay = 5.70> <FuncUnit> <Opcode : 'fmul'> <InPorts = 2> <OutPorts = 1>
ST_16 : Operation 816 [1/2] ( I:3.25ns O:3.25ns )   --->   "%inputs_load_28 = load i8 %inputs_addr_28" [conv2.cpp:26]   --->   Operation 816 'load' 'inputs_load_28' <Predicate = true> <Delay = 3.25> <CoreInst = "RAM">   --->   Core 81 'RAM' <Latency = 1> <II = 1> <Delay = 3.25> <Storage> <Opcode : 'load' 'store'> <Ports = 2> <Width = 32> <Depth = 256> <RAM>
ST_16 : Operation 817 [1/2] ( I:3.25ns O:3.25ns )   --->   "%inputs_load_29 = load i8 %inputs_addr_29" [conv2.cpp:26]   --->   Operation 817 'load' 'inputs_load_29' <Predicate = (!tmp_29)> <Delay = 3.25> <CoreInst = "RAM">   --->   Core 81 'RAM' <Latency = 1> <II = 1> <Delay = 3.25> <Storage> <Opcode : 'load' 'store'> <Ports = 2> <Width = 32> <Depth = 256> <RAM>
ST_16 : Operation 818 [2/2] (3.25ns)   --->   "%inputs_load_30 = load i8 %inputs_addr_30" [conv2.cpp:26]   --->   Operation 818 'load' 'inputs_load_30' <Predicate = (!tmp_28)> <Delay = 3.25> <CoreInst = "RAM">   --->   Core 81 'RAM' <Latency = 1> <II = 1> <Delay = 3.25> <Storage> <Opcode : 'load' 'store'> <Ports = 2> <Width = 32> <Depth = 256> <RAM>
ST_16 : Operation 819 [2/2] (3.25ns)   --->   "%inputs_load_31 = load i8 %inputs_addr_31" [conv2.cpp:26]   --->   Operation 819 'load' 'inputs_load_31' <Predicate = true> <Delay = 3.25> <CoreInst = "RAM">   --->   Core 81 'RAM' <Latency = 1> <II = 1> <Delay = 3.25> <Storage> <Opcode : 'load' 'store'> <Ports = 2> <Width = 32> <Depth = 256> <RAM>

State 17 <SV = 16> <Delay = 7.25>
ST_17 : Operation 820 [1/1] (0.00ns)   --->   "%tmp_18 = bitconcatenate i10 @_ssdm_op_BitConcatenate.i10.i6.i4, i6 %oc, i4 10" [conv2.cpp:16]   --->   Operation 820 'bitconcatenate' 'tmp_18' <Predicate = true> <Delay = 0.00>
ST_17 : Operation 821 [1/1] (0.00ns)   --->   "%tmp_29_cast = zext i10 %tmp_18" [conv2.cpp:16]   --->   Operation 821 'zext' 'tmp_29_cast' <Predicate = true> <Delay = 0.00>
ST_17 : Operation 822 [1/1] (0.00ns)   --->   "%p_shl11 = bitconcatenate i12 @_ssdm_op_BitConcatenate.i12.i6.i6, i6 %oc, i6 40" [conv2.cpp:16]   --->   Operation 822 'bitconcatenate' 'p_shl11' <Predicate = true> <Delay = 0.00>
ST_17 : Operation 823 [1/1] (1.54ns)   --->   "%empty_34 = sub i12 %p_shl11, i12 %tmp_29_cast" [conv2.cpp:16]   --->   Operation 823 'sub' 'empty_34' <Predicate = true> <Delay = 1.54> <CoreInst = "Adder">   --->   Core 1 'Adder' <Latency = 0> <II = 1> <Delay = 1.54> <FuncUnit> <Opcode : 'add' 'sub'> <InPorts = 2> <OutPorts = 1>
ST_17 : Operation 824 [1/1] (0.00ns)   --->   "%p_cast52 = zext i12 %empty_34" [conv2.cpp:16]   --->   Operation 824 'zext' 'p_cast52' <Predicate = true> <Delay = 0.00>
ST_17 : Operation 825 [1/1] (0.00ns)   --->   "%empty_35 = trunc i12 %empty_34" [conv2.cpp:16]   --->   Operation 825 'trunc' 'empty_35' <Predicate = true> <Delay = 0.00>
ST_17 : Operation 826 [1/1] (0.00ns)   --->   "%weights_addr_30 = getelementptr i32 %weights, i64 0, i64 %p_cast52" [conv2.cpp:16]   --->   Operation 826 'getelementptr' 'weights_addr_30' <Predicate = true> <Delay = 0.00>
ST_17 : Operation 827 [1/1] (0.00ns)   --->   "%tmp_30_cast = partselect i10 @_ssdm_op_PartSelect.i10.i12.i32.i32, i12 %empty_34, i32 1, i32 10" [conv2.cpp:16]   --->   Operation 827 'partselect' 'tmp_30_cast' <Predicate = true> <Delay = 0.00>
ST_17 : Operation 828 [1/1] (0.00ns)   --->   "%tmp_19 = bitconcatenate i11 @_ssdm_op_BitConcatenate.i11.i10.i1, i10 %tmp_30_cast, i1 1" [conv2.cpp:16]   --->   Operation 828 'bitconcatenate' 'tmp_19' <Predicate = true> <Delay = 0.00>
ST_17 : Operation 829 [1/1] (0.00ns)   --->   "%tmp_31_cast = zext i11 %tmp_19" [conv2.cpp:16]   --->   Operation 829 'zext' 'tmp_31_cast' <Predicate = true> <Delay = 0.00>
ST_17 : Operation 830 [1/1] (0.00ns)   --->   "%weights_addr_31 = getelementptr i32 %weights, i64 0, i64 %tmp_31_cast" [conv2.cpp:16]   --->   Operation 830 'getelementptr' 'weights_addr_31' <Predicate = true> <Delay = 0.00>
ST_17 : Operation 831 [1/1] (0.00ns)   --->   "%empty_79 = bitcast i32 %weights_load_26" [conv2.cpp:16]   --->   Operation 831 'bitcast' 'empty_79' <Predicate = true> <Delay = 0.00>
ST_17 : Operation 832 [1/1] (0.00ns)   --->   "%empty_80 = bitcast i32 %weights_load_27" [conv2.cpp:16]   --->   Operation 832 'bitcast' 'empty_80' <Predicate = true> <Delay = 0.00>
ST_17 : Operation 833 [1/2] ( I:3.25ns O:3.25ns )   --->   "%weights_load_28 = load i11 %weights_addr_28" [conv2.cpp:16]   --->   Operation 833 'load' 'weights_load_28' <Predicate = true> <Delay = 3.25> <CoreInst = "RAM">   --->   Core 81 'RAM' <Latency = 1> <II = 1> <Delay = 3.25> <Storage> <Opcode : 'load' 'store'> <Ports = 2> <Width = 32> <Depth = 1536> <RAM>
ST_17 : Operation 834 [1/2] ( I:3.25ns O:3.25ns )   --->   "%weights_load_29 = load i11 %weights_addr_29" [conv2.cpp:16]   --->   Operation 834 'load' 'weights_load_29' <Predicate = true> <Delay = 3.25> <CoreInst = "RAM">   --->   Core 81 'RAM' <Latency = 1> <II = 1> <Delay = 3.25> <Storage> <Opcode : 'load' 'store'> <Ports = 2> <Width = 32> <Depth = 1536> <RAM>
ST_17 : Operation 835 [2/2] (3.25ns)   --->   "%weights_load_30 = load i11 %weights_addr_30" [conv2.cpp:16]   --->   Operation 835 'load' 'weights_load_30' <Predicate = true> <Delay = 3.25> <CoreInst = "RAM">   --->   Core 81 'RAM' <Latency = 1> <II = 1> <Delay = 3.25> <Storage> <Opcode : 'load' 'store'> <Ports = 2> <Width = 32> <Depth = 1536> <RAM>
ST_17 : Operation 836 [2/2] (3.25ns)   --->   "%weights_load_31 = load i11 %weights_addr_31" [conv2.cpp:16]   --->   Operation 836 'load' 'weights_load_31' <Predicate = true> <Delay = 3.25> <CoreInst = "RAM">   --->   Core 81 'RAM' <Latency = 1> <II = 1> <Delay = 3.25> <Storage> <Opcode : 'load' 'store'> <Ports = 2> <Width = 32> <Depth = 1536> <RAM>
ST_17 : Operation 837 [1/1] (1.91ns)   --->   "%add_ln26_15 = add i8 %sext_ln26_6, i8 176" [conv2.cpp:26]   --->   Operation 837 'add' 'add_ln26_15' <Predicate = (!tmp_28)> <Delay = 1.91> <CoreInst = "Adder">   --->   Core 1 'Adder' <Latency = 0> <II = 1> <Delay = 1.91> <FuncUnit> <Opcode : 'add' 'sub'> <InPorts = 2> <OutPorts = 1>
ST_17 : Operation 838 [1/1] (0.00ns)   --->   "%zext_ln26_30 = zext i8 %add_ln26_15" [conv2.cpp:26]   --->   Operation 838 'zext' 'zext_ln26_30' <Predicate = (!tmp_28)> <Delay = 0.00>
ST_17 : Operation 839 [1/1] (0.00ns)   --->   "%inputs_addr_33 = getelementptr i32 %inputs, i64 0, i64 %zext_ln26_30" [conv2.cpp:26]   --->   Operation 839 'getelementptr' 'inputs_addr_33' <Predicate = (!tmp_28)> <Delay = 0.00>
ST_17 : Operation 840 [1/5] (7.25ns)   --->   "%acc_2 = fadd i32 %acc_1, i32 %mul_s" [conv2.cpp:27]   --->   Operation 840 'fadd' 'acc_2' <Predicate = true> <Delay = 7.25> <CoreInst = "FAddSub_fulldsp">   --->   Core 18 'FAddSub_fulldsp' <Latency = 4> <II = 1> <Delay = 7.25> <FuncUnit> <Opcode : 'fadd' 'fsub'> <InPorts = 2> <OutPorts = 1>
ST_17 : Operation 841 [1/1] (0.00ns)   --->   "%tmp_55_cast = bitconcatenate i8 @_ssdm_op_BitConcatenate.i8.i3.i5, i3 5, i5 %o" [conv2.cpp:26]   --->   Operation 841 'bitconcatenate' 'tmp_55_cast' <Predicate = (!tmp_29)> <Delay = 0.00>
ST_17 : Operation 842 [1/1] (0.00ns)   --->   "%zext_ln26_47 = zext i8 %tmp_55_cast" [conv2.cpp:26]   --->   Operation 842 'zext' 'zext_ln26_47' <Predicate = (!tmp_29)> <Delay = 0.00>
ST_17 : Operation 843 [1/1] (0.00ns)   --->   "%inputs_addr_32 = getelementptr i32 %inputs, i64 0, i64 %zext_ln26_47" [conv2.cpp:26]   --->   Operation 843 'getelementptr' 'inputs_addr_32' <Predicate = (!tmp_29)> <Delay = 0.00>
ST_17 : Operation 844 [1/4] (5.70ns)   --->   "%mul_6_2 = fmul i32 %v_20, i32 %empty_73" [conv2.cpp:27]   --->   Operation 844 'fmul' 'mul_6_2' <Predicate = true> <Delay = 5.70> <CoreInst = "FMul_maxdsp">   --->   Core 30 'FMul_maxdsp' <Latency = 3> <II = 1> <Delay = 5.70> <FuncUnit> <Opcode : 'fmul'> <InPorts = 2> <OutPorts = 1>
ST_17 : Operation 845 [1/4] (5.70ns)   --->   "%mul_7 = fmul i32 %v_21, i32 %empty_74" [conv2.cpp:27]   --->   Operation 845 'fmul' 'mul_7' <Predicate = true> <Delay = 5.70> <CoreInst = "FMul_maxdsp">   --->   Core 30 'FMul_maxdsp' <Latency = 3> <II = 1> <Delay = 5.70> <FuncUnit> <Opcode : 'fmul'> <InPorts = 2> <OutPorts = 1>
ST_17 : Operation 846 [2/4] (5.70ns)   --->   "%mul_7_1 = fmul i32 %v_22, i32 %empty_75" [conv2.cpp:27]   --->   Operation 846 'fmul' 'mul_7_1' <Predicate = true> <Delay = 5.70> <CoreInst = "FMul_maxdsp">   --->   Core 30 'FMul_maxdsp' <Latency = 3> <II = 1> <Delay = 5.70> <FuncUnit> <Opcode : 'fmul'> <InPorts = 2> <OutPorts = 1>
ST_17 : Operation 847 [2/4] (5.70ns)   --->   "%mul_7_2 = fmul i32 %v_23, i32 %empty_76" [conv2.cpp:27]   --->   Operation 847 'fmul' 'mul_7_2' <Predicate = true> <Delay = 5.70> <CoreInst = "FMul_maxdsp">   --->   Core 30 'FMul_maxdsp' <Latency = 3> <II = 1> <Delay = 5.70> <FuncUnit> <Opcode : 'fmul'> <InPorts = 2> <OutPorts = 1>
ST_17 : Operation 848 [3/4] (5.70ns)   --->   "%mul_8 = fmul i32 %v_24, i32 %empty_77" [conv2.cpp:27]   --->   Operation 848 'fmul' 'mul_8' <Predicate = true> <Delay = 5.70> <CoreInst = "FMul_maxdsp">   --->   Core 30 'FMul_maxdsp' <Latency = 3> <II = 1> <Delay = 5.70> <FuncUnit> <Opcode : 'fmul'> <InPorts = 2> <OutPorts = 1>
ST_17 : Operation 849 [3/4] (5.70ns)   --->   "%mul_8_1 = fmul i32 %v_25, i32 %empty_78" [conv2.cpp:27]   --->   Operation 849 'fmul' 'mul_8_1' <Predicate = true> <Delay = 5.70> <CoreInst = "FMul_maxdsp">   --->   Core 30 'FMul_maxdsp' <Latency = 3> <II = 1> <Delay = 5.70> <FuncUnit> <Opcode : 'fmul'> <InPorts = 2> <OutPorts = 1>
ST_17 : Operation 850 [1/1] (0.00ns)   --->   "%bitcast_ln26_26 = bitcast i32 %inputs_load_26" [conv2.cpp:26]   --->   Operation 850 'bitcast' 'bitcast_ln26_26' <Predicate = (!tmp_29)> <Delay = 0.00>
ST_17 : Operation 851 [1/1] (0.69ns)   --->   "%v_26 = select i1 %tmp_29, i32 0, i32 %bitcast_ln26_26" [conv2.cpp:26]   --->   Operation 851 'select' 'v_26' <Predicate = true> <Delay = 0.69> <CoreInst = "Sel">   --->   Core 73 'Sel' <Latency = 0> <II = 1> <Delay = 0.69> <FuncUnit> <Opcode : 'select'> <InPorts = 3> <OutPorts = 1>
ST_17 : Operation 852 [4/4] (5.70ns)   --->   "%mul_8_2 = fmul i32 %v_26, i32 %empty_79" [conv2.cpp:27]   --->   Operation 852 'fmul' 'mul_8_2' <Predicate = true> <Delay = 5.70> <CoreInst = "FMul_maxdsp">   --->   Core 30 'FMul_maxdsp' <Latency = 3> <II = 1> <Delay = 5.70> <FuncUnit> <Opcode : 'fmul'> <InPorts = 2> <OutPorts = 1>
ST_17 : Operation 853 [1/1] (0.00ns)   --->   "%bitcast_ln26_27 = bitcast i32 %inputs_load_27" [conv2.cpp:26]   --->   Operation 853 'bitcast' 'bitcast_ln26_27' <Predicate = (!tmp_28)> <Delay = 0.00>
ST_17 : Operation 854 [1/1] (0.69ns)   --->   "%v_27 = select i1 %tmp_28, i32 0, i32 %bitcast_ln26_27" [conv2.cpp:26]   --->   Operation 854 'select' 'v_27' <Predicate = true> <Delay = 0.69> <CoreInst = "Sel">   --->   Core 73 'Sel' <Latency = 0> <II = 1> <Delay = 0.69> <FuncUnit> <Opcode : 'select'> <InPorts = 3> <OutPorts = 1>
ST_17 : Operation 855 [4/4] (5.70ns)   --->   "%mul_9 = fmul i32 %v_27, i32 %empty_80" [conv2.cpp:27]   --->   Operation 855 'fmul' 'mul_9' <Predicate = true> <Delay = 5.70> <CoreInst = "FMul_maxdsp">   --->   Core 30 'FMul_maxdsp' <Latency = 3> <II = 1> <Delay = 5.70> <FuncUnit> <Opcode : 'fmul'> <InPorts = 2> <OutPorts = 1>
ST_17 : Operation 856 [1/2] ( I:3.25ns O:3.25ns )   --->   "%inputs_load_30 = load i8 %inputs_addr_30" [conv2.cpp:26]   --->   Operation 856 'load' 'inputs_load_30' <Predicate = (!tmp_28)> <Delay = 3.25> <CoreInst = "RAM">   --->   Core 81 'RAM' <Latency = 1> <II = 1> <Delay = 3.25> <Storage> <Opcode : 'load' 'store'> <Ports = 2> <Width = 32> <Depth = 256> <RAM>
ST_17 : Operation 857 [1/2] ( I:3.25ns O:3.25ns )   --->   "%inputs_load_31 = load i8 %inputs_addr_31" [conv2.cpp:26]   --->   Operation 857 'load' 'inputs_load_31' <Predicate = true> <Delay = 3.25> <CoreInst = "RAM">   --->   Core 81 'RAM' <Latency = 1> <II = 1> <Delay = 3.25> <Storage> <Opcode : 'load' 'store'> <Ports = 2> <Width = 32> <Depth = 256> <RAM>
ST_17 : Operation 858 [2/2] (3.25ns)   --->   "%inputs_load_32 = load i8 %inputs_addr_32" [conv2.cpp:26]   --->   Operation 858 'load' 'inputs_load_32' <Predicate = (!tmp_29)> <Delay = 3.25> <CoreInst = "RAM">   --->   Core 81 'RAM' <Latency = 1> <II = 1> <Delay = 3.25> <Storage> <Opcode : 'load' 'store'> <Ports = 2> <Width = 32> <Depth = 256> <RAM>
ST_17 : Operation 859 [2/2] (3.25ns)   --->   "%inputs_load_33 = load i8 %inputs_addr_33" [conv2.cpp:26]   --->   Operation 859 'load' 'inputs_load_33' <Predicate = (!tmp_28)> <Delay = 3.25> <CoreInst = "RAM">   --->   Core 81 'RAM' <Latency = 1> <II = 1> <Delay = 3.25> <Storage> <Opcode : 'load' 'store'> <Ports = 2> <Width = 32> <Depth = 256> <RAM>

State 18 <SV = 17> <Delay = 7.25>
ST_18 : Operation 860 [1/1] (1.63ns)   --->   "%empty_36 = add i11 %empty_35, i11 2" [conv2.cpp:16]   --->   Operation 860 'add' 'empty_36' <Predicate = true> <Delay = 1.63> <CoreInst = "Adder">   --->   Core 1 'Adder' <Latency = 0> <II = 1> <Delay = 1.63> <FuncUnit> <Opcode : 'add' 'sub'> <InPorts = 2> <OutPorts = 1>
ST_18 : Operation 861 [1/1] (0.00ns)   --->   "%p_cast53 = zext i11 %empty_36" [conv2.cpp:16]   --->   Operation 861 'zext' 'p_cast53' <Predicate = true> <Delay = 0.00>
ST_18 : Operation 862 [1/1] (0.00ns)   --->   "%weights_addr_32 = getelementptr i32 %weights, i64 0, i64 %p_cast53" [conv2.cpp:16]   --->   Operation 862 'getelementptr' 'weights_addr_32' <Predicate = true> <Delay = 0.00>
ST_18 : Operation 863 [1/1] (0.00ns)   --->   "%tmp_20 = bitconcatenate i10 @_ssdm_op_BitConcatenate.i10.i6.i4, i6 %oc, i4 11" [conv2.cpp:16]   --->   Operation 863 'bitconcatenate' 'tmp_20' <Predicate = true> <Delay = 0.00>
ST_18 : Operation 864 [1/1] (0.00ns)   --->   "%tmp_32_cast = zext i10 %tmp_20" [conv2.cpp:16]   --->   Operation 864 'zext' 'tmp_32_cast' <Predicate = true> <Delay = 0.00>
ST_18 : Operation 865 [1/1] (0.00ns)   --->   "%p_shl12 = bitconcatenate i12 @_ssdm_op_BitConcatenate.i12.i6.i6, i6 %oc, i6 44" [conv2.cpp:16]   --->   Operation 865 'bitconcatenate' 'p_shl12' <Predicate = true> <Delay = 0.00>
ST_18 : Operation 866 [1/1] (1.54ns)   --->   "%empty_37 = sub i12 %p_shl12, i12 %tmp_32_cast" [conv2.cpp:16]   --->   Operation 866 'sub' 'empty_37' <Predicate = true> <Delay = 1.54> <CoreInst = "Adder">   --->   Core 1 'Adder' <Latency = 0> <II = 1> <Delay = 1.54> <FuncUnit> <Opcode : 'add' 'sub'> <InPorts = 2> <OutPorts = 1>
ST_18 : Operation 867 [1/1] (0.00ns)   --->   "%p_cast54 = zext i12 %empty_37" [conv2.cpp:16]   --->   Operation 867 'zext' 'p_cast54' <Predicate = true> <Delay = 0.00>
ST_18 : Operation 868 [1/1] (0.00ns)   --->   "%empty_38 = trunc i12 %empty_37" [conv2.cpp:16]   --->   Operation 868 'trunc' 'empty_38' <Predicate = true> <Delay = 0.00>
ST_18 : Operation 869 [1/1] (0.00ns)   --->   "%weights_addr_33 = getelementptr i32 %weights, i64 0, i64 %p_cast54" [conv2.cpp:16]   --->   Operation 869 'getelementptr' 'weights_addr_33' <Predicate = true> <Delay = 0.00>
ST_18 : Operation 870 [1/1] (0.00ns)   --->   "%empty_81 = bitcast i32 %weights_load_28" [conv2.cpp:16]   --->   Operation 870 'bitcast' 'empty_81' <Predicate = true> <Delay = 0.00>
ST_18 : Operation 871 [1/1] (0.00ns)   --->   "%empty_82 = bitcast i32 %weights_load_29" [conv2.cpp:16]   --->   Operation 871 'bitcast' 'empty_82' <Predicate = true> <Delay = 0.00>
ST_18 : Operation 872 [1/2] ( I:3.25ns O:3.25ns )   --->   "%weights_load_30 = load i11 %weights_addr_30" [conv2.cpp:16]   --->   Operation 872 'load' 'weights_load_30' <Predicate = true> <Delay = 3.25> <CoreInst = "RAM">   --->   Core 81 'RAM' <Latency = 1> <II = 1> <Delay = 3.25> <Storage> <Opcode : 'load' 'store'> <Ports = 2> <Width = 32> <Depth = 1536> <RAM>
ST_18 : Operation 873 [1/2] ( I:3.25ns O:3.25ns )   --->   "%weights_load_31 = load i11 %weights_addr_31" [conv2.cpp:16]   --->   Operation 873 'load' 'weights_load_31' <Predicate = true> <Delay = 3.25> <CoreInst = "RAM">   --->   Core 81 'RAM' <Latency = 1> <II = 1> <Delay = 3.25> <Storage> <Opcode : 'load' 'store'> <Ports = 2> <Width = 32> <Depth = 1536> <RAM>
ST_18 : Operation 874 [2/2] (3.25ns)   --->   "%weights_load_32 = load i11 %weights_addr_32" [conv2.cpp:16]   --->   Operation 874 'load' 'weights_load_32' <Predicate = true> <Delay = 3.25> <CoreInst = "RAM">   --->   Core 81 'RAM' <Latency = 1> <II = 1> <Delay = 3.25> <Storage> <Opcode : 'load' 'store'> <Ports = 2> <Width = 32> <Depth = 1536> <RAM>
ST_18 : Operation 875 [2/2] (3.25ns)   --->   "%weights_load_33 = load i11 %weights_addr_33" [conv2.cpp:16]   --->   Operation 875 'load' 'weights_load_33' <Predicate = true> <Delay = 3.25> <CoreInst = "RAM">   --->   Core 81 'RAM' <Latency = 1> <II = 1> <Delay = 3.25> <Storage> <Opcode : 'load' 'store'> <Ports = 2> <Width = 32> <Depth = 1536> <RAM>
ST_18 : Operation 876 [1/1] (1.91ns)   --->   "%add_ln26_5 = add i8 %zext_ln26_2, i8 176" [conv2.cpp:26]   --->   Operation 876 'add' 'add_ln26_5' <Predicate = true> <Delay = 1.91> <CoreInst = "Adder">   --->   Core 1 'Adder' <Latency = 0> <II = 1> <Delay = 1.91> <FuncUnit> <Opcode : 'add' 'sub'> <InPorts = 2> <OutPorts = 1>
ST_18 : Operation 877 [1/1] (0.00ns)   --->   "%zext_ln26_15 = zext i8 %add_ln26_5" [conv2.cpp:26]   --->   Operation 877 'zext' 'zext_ln26_15' <Predicate = true> <Delay = 0.00>
ST_18 : Operation 878 [1/1] (0.00ns)   --->   "%inputs_addr_34 = getelementptr i32 %inputs, i64 0, i64 %zext_ln26_15" [conv2.cpp:26]   --->   Operation 878 'getelementptr' 'inputs_addr_34' <Predicate = true> <Delay = 0.00>
ST_18 : Operation 879 [1/1] (1.91ns)   --->   "%add_ln26_22 = add i8 %zext_ln26_35, i8 176" [conv2.cpp:26]   --->   Operation 879 'add' 'add_ln26_22' <Predicate = (!tmp_29)> <Delay = 1.91> <CoreInst = "Adder">   --->   Core 1 'Adder' <Latency = 0> <II = 1> <Delay = 1.91> <FuncUnit> <Opcode : 'add' 'sub'> <InPorts = 2> <OutPorts = 1>
ST_18 : Operation 880 [1/1] (0.00ns)   --->   "%zext_ln26_48 = zext i8 %add_ln26_22" [conv2.cpp:26]   --->   Operation 880 'zext' 'zext_ln26_48' <Predicate = (!tmp_29)> <Delay = 0.00>
ST_18 : Operation 881 [1/1] (0.00ns)   --->   "%inputs_addr_35 = getelementptr i32 %inputs, i64 0, i64 %zext_ln26_48" [conv2.cpp:26]   --->   Operation 881 'getelementptr' 'inputs_addr_35' <Predicate = (!tmp_29)> <Delay = 0.00>
ST_18 : Operation 882 [5/5] (7.25ns)   --->   "%acc_3 = fadd i32 %acc_2, i32 %mul_16" [conv2.cpp:27]   --->   Operation 882 'fadd' 'acc_3' <Predicate = true> <Delay = 7.25> <CoreInst = "FAddSub_fulldsp">   --->   Core 18 'FAddSub_fulldsp' <Latency = 4> <II = 1> <Delay = 7.25> <FuncUnit> <Opcode : 'fadd' 'fsub'> <InPorts = 2> <OutPorts = 1>
ST_18 : Operation 883 [1/4] (5.70ns)   --->   "%mul_7_1 = fmul i32 %v_22, i32 %empty_75" [conv2.cpp:27]   --->   Operation 883 'fmul' 'mul_7_1' <Predicate = true> <Delay = 5.70> <CoreInst = "FMul_maxdsp">   --->   Core 30 'FMul_maxdsp' <Latency = 3> <II = 1> <Delay = 5.70> <FuncUnit> <Opcode : 'fmul'> <InPorts = 2> <OutPorts = 1>
ST_18 : Operation 884 [1/4] (5.70ns)   --->   "%mul_7_2 = fmul i32 %v_23, i32 %empty_76" [conv2.cpp:27]   --->   Operation 884 'fmul' 'mul_7_2' <Predicate = true> <Delay = 5.70> <CoreInst = "FMul_maxdsp">   --->   Core 30 'FMul_maxdsp' <Latency = 3> <II = 1> <Delay = 5.70> <FuncUnit> <Opcode : 'fmul'> <InPorts = 2> <OutPorts = 1>
ST_18 : Operation 885 [2/4] (5.70ns)   --->   "%mul_8 = fmul i32 %v_24, i32 %empty_77" [conv2.cpp:27]   --->   Operation 885 'fmul' 'mul_8' <Predicate = true> <Delay = 5.70> <CoreInst = "FMul_maxdsp">   --->   Core 30 'FMul_maxdsp' <Latency = 3> <II = 1> <Delay = 5.70> <FuncUnit> <Opcode : 'fmul'> <InPorts = 2> <OutPorts = 1>
ST_18 : Operation 886 [2/4] (5.70ns)   --->   "%mul_8_1 = fmul i32 %v_25, i32 %empty_78" [conv2.cpp:27]   --->   Operation 886 'fmul' 'mul_8_1' <Predicate = true> <Delay = 5.70> <CoreInst = "FMul_maxdsp">   --->   Core 30 'FMul_maxdsp' <Latency = 3> <II = 1> <Delay = 5.70> <FuncUnit> <Opcode : 'fmul'> <InPorts = 2> <OutPorts = 1>
ST_18 : Operation 887 [3/4] (5.70ns)   --->   "%mul_8_2 = fmul i32 %v_26, i32 %empty_79" [conv2.cpp:27]   --->   Operation 887 'fmul' 'mul_8_2' <Predicate = true> <Delay = 5.70> <CoreInst = "FMul_maxdsp">   --->   Core 30 'FMul_maxdsp' <Latency = 3> <II = 1> <Delay = 5.70> <FuncUnit> <Opcode : 'fmul'> <InPorts = 2> <OutPorts = 1>
ST_18 : Operation 888 [3/4] (5.70ns)   --->   "%mul_9 = fmul i32 %v_27, i32 %empty_80" [conv2.cpp:27]   --->   Operation 888 'fmul' 'mul_9' <Predicate = true> <Delay = 5.70> <CoreInst = "FMul_maxdsp">   --->   Core 30 'FMul_maxdsp' <Latency = 3> <II = 1> <Delay = 5.70> <FuncUnit> <Opcode : 'fmul'> <InPorts = 2> <OutPorts = 1>
ST_18 : Operation 889 [1/1] (0.00ns)   --->   "%v_28 = bitcast i32 %inputs_load_28" [conv2.cpp:26]   --->   Operation 889 'bitcast' 'v_28' <Predicate = true> <Delay = 0.00>
ST_18 : Operation 890 [4/4] (5.70ns)   --->   "%mul_9_1 = fmul i32 %v_28, i32 %empty_81" [conv2.cpp:27]   --->   Operation 890 'fmul' 'mul_9_1' <Predicate = true> <Delay = 5.70> <CoreInst = "FMul_maxdsp">   --->   Core 30 'FMul_maxdsp' <Latency = 3> <II = 1> <Delay = 5.70> <FuncUnit> <Opcode : 'fmul'> <InPorts = 2> <OutPorts = 1>
ST_18 : Operation 891 [1/1] (0.00ns)   --->   "%bitcast_ln26_29 = bitcast i32 %inputs_load_29" [conv2.cpp:26]   --->   Operation 891 'bitcast' 'bitcast_ln26_29' <Predicate = (!tmp_29)> <Delay = 0.00>
ST_18 : Operation 892 [1/1] (0.69ns)   --->   "%v_29 = select i1 %tmp_29, i32 0, i32 %bitcast_ln26_29" [conv2.cpp:26]   --->   Operation 892 'select' 'v_29' <Predicate = true> <Delay = 0.69> <CoreInst = "Sel">   --->   Core 73 'Sel' <Latency = 0> <II = 1> <Delay = 0.69> <FuncUnit> <Opcode : 'select'> <InPorts = 3> <OutPorts = 1>
ST_18 : Operation 893 [4/4] (5.70ns)   --->   "%mul_9_2 = fmul i32 %v_29, i32 %empty_82" [conv2.cpp:27]   --->   Operation 893 'fmul' 'mul_9_2' <Predicate = true> <Delay = 5.70> <CoreInst = "FMul_maxdsp">   --->   Core 30 'FMul_maxdsp' <Latency = 3> <II = 1> <Delay = 5.70> <FuncUnit> <Opcode : 'fmul'> <InPorts = 2> <OutPorts = 1>
ST_18 : Operation 894 [1/2] ( I:3.25ns O:3.25ns )   --->   "%inputs_load_32 = load i8 %inputs_addr_32" [conv2.cpp:26]   --->   Operation 894 'load' 'inputs_load_32' <Predicate = (!tmp_29)> <Delay = 3.25> <CoreInst = "RAM">   --->   Core 81 'RAM' <Latency = 1> <II = 1> <Delay = 3.25> <Storage> <Opcode : 'load' 'store'> <Ports = 2> <Width = 32> <Depth = 256> <RAM>
ST_18 : Operation 895 [1/2] ( I:3.25ns O:3.25ns )   --->   "%inputs_load_33 = load i8 %inputs_addr_33" [conv2.cpp:26]   --->   Operation 895 'load' 'inputs_load_33' <Predicate = (!tmp_28)> <Delay = 3.25> <CoreInst = "RAM">   --->   Core 81 'RAM' <Latency = 1> <II = 1> <Delay = 3.25> <Storage> <Opcode : 'load' 'store'> <Ports = 2> <Width = 32> <Depth = 256> <RAM>
ST_18 : Operation 896 [2/2] (3.25ns)   --->   "%inputs_load_34 = load i8 %inputs_addr_34" [conv2.cpp:26]   --->   Operation 896 'load' 'inputs_load_34' <Predicate = true> <Delay = 3.25> <CoreInst = "RAM">   --->   Core 81 'RAM' <Latency = 1> <II = 1> <Delay = 3.25> <Storage> <Opcode : 'load' 'store'> <Ports = 2> <Width = 32> <Depth = 256> <RAM>
ST_18 : Operation 897 [2/2] (3.25ns)   --->   "%inputs_load_35 = load i8 %inputs_addr_35" [conv2.cpp:26]   --->   Operation 897 'load' 'inputs_load_35' <Predicate = (!tmp_29)> <Delay = 3.25> <CoreInst = "RAM">   --->   Core 81 'RAM' <Latency = 1> <II = 1> <Delay = 3.25> <Storage> <Opcode : 'load' 'store'> <Ports = 2> <Width = 32> <Depth = 256> <RAM>

State 19 <SV = 18> <Delay = 7.25>
ST_19 : Operation 898 [1/1] (1.63ns)   --->   "%empty_39 = add i11 %empty_38, i11 1" [conv2.cpp:16]   --->   Operation 898 'add' 'empty_39' <Predicate = true> <Delay = 1.63> <CoreInst = "Adder">   --->   Core 1 'Adder' <Latency = 0> <II = 1> <Delay = 1.63> <FuncUnit> <Opcode : 'add' 'sub'> <InPorts = 2> <OutPorts = 1>
ST_19 : Operation 899 [1/1] (0.00ns)   --->   "%p_cast55 = zext i11 %empty_39" [conv2.cpp:16]   --->   Operation 899 'zext' 'p_cast55' <Predicate = true> <Delay = 0.00>
ST_19 : Operation 900 [1/1] (0.00ns)   --->   "%weights_addr_34 = getelementptr i32 %weights, i64 0, i64 %p_cast55" [conv2.cpp:16]   --->   Operation 900 'getelementptr' 'weights_addr_34' <Predicate = true> <Delay = 0.00>
ST_19 : Operation 901 [1/1] (1.63ns)   --->   "%empty_40 = add i11 %empty_38, i11 2" [conv2.cpp:16]   --->   Operation 901 'add' 'empty_40' <Predicate = true> <Delay = 1.63> <CoreInst = "Adder">   --->   Core 1 'Adder' <Latency = 0> <II = 1> <Delay = 1.63> <FuncUnit> <Opcode : 'add' 'sub'> <InPorts = 2> <OutPorts = 1>
ST_19 : Operation 902 [1/1] (0.00ns)   --->   "%p_cast56 = zext i11 %empty_40" [conv2.cpp:16]   --->   Operation 902 'zext' 'p_cast56' <Predicate = true> <Delay = 0.00>
ST_19 : Operation 903 [1/1] (0.00ns)   --->   "%weights_addr_35 = getelementptr i32 %weights, i64 0, i64 %p_cast56" [conv2.cpp:16]   --->   Operation 903 'getelementptr' 'weights_addr_35' <Predicate = true> <Delay = 0.00>
ST_19 : Operation 904 [1/1] (0.00ns)   --->   "%empty_83 = bitcast i32 %weights_load_30" [conv2.cpp:16]   --->   Operation 904 'bitcast' 'empty_83' <Predicate = true> <Delay = 0.00>
ST_19 : Operation 905 [1/1] (0.00ns)   --->   "%empty_84 = bitcast i32 %weights_load_31" [conv2.cpp:16]   --->   Operation 905 'bitcast' 'empty_84' <Predicate = true> <Delay = 0.00>
ST_19 : Operation 906 [1/2] ( I:3.25ns O:3.25ns )   --->   "%weights_load_32 = load i11 %weights_addr_32" [conv2.cpp:16]   --->   Operation 906 'load' 'weights_load_32' <Predicate = true> <Delay = 3.25> <CoreInst = "RAM">   --->   Core 81 'RAM' <Latency = 1> <II = 1> <Delay = 3.25> <Storage> <Opcode : 'load' 'store'> <Ports = 2> <Width = 32> <Depth = 1536> <RAM>
ST_19 : Operation 907 [1/2] ( I:3.25ns O:3.25ns )   --->   "%weights_load_33 = load i11 %weights_addr_33" [conv2.cpp:16]   --->   Operation 907 'load' 'weights_load_33' <Predicate = true> <Delay = 3.25> <CoreInst = "RAM">   --->   Core 81 'RAM' <Latency = 1> <II = 1> <Delay = 3.25> <Storage> <Opcode : 'load' 'store'> <Ports = 2> <Width = 32> <Depth = 1536> <RAM>
ST_19 : Operation 908 [2/2] (3.25ns)   --->   "%weights_load_34 = load i11 %weights_addr_34" [conv2.cpp:16]   --->   Operation 908 'load' 'weights_load_34' <Predicate = true> <Delay = 3.25> <CoreInst = "RAM">   --->   Core 81 'RAM' <Latency = 1> <II = 1> <Delay = 3.25> <Storage> <Opcode : 'load' 'store'> <Ports = 2> <Width = 32> <Depth = 1536> <RAM>
ST_19 : Operation 909 [2/2] (3.25ns)   --->   "%weights_load_35 = load i11 %weights_addr_35" [conv2.cpp:16]   --->   Operation 909 'load' 'weights_load_35' <Predicate = true> <Delay = 3.25> <CoreInst = "RAM">   --->   Core 81 'RAM' <Latency = 1> <II = 1> <Delay = 3.25> <Storage> <Opcode : 'load' 'store'> <Ports = 2> <Width = 32> <Depth = 1536> <RAM>
ST_19 : Operation 910 [1/1] (0.00ns)   --->   "%sext_ln26_2 = sext i7 %tmp_45_cast" [conv2.cpp:26]   --->   Operation 910 'sext' 'sext_ln26_2' <Predicate = true> <Delay = 0.00>
ST_19 : Operation 911 [1/1] (0.00ns)   --->   "%zext_ln26_16 = zext i8 %sext_ln26_2" [conv2.cpp:26]   --->   Operation 911 'zext' 'zext_ln26_16' <Predicate = true> <Delay = 0.00>
ST_19 : Operation 912 [1/1] (0.00ns)   --->   "%inputs_addr_37 = getelementptr i32 %inputs, i64 0, i64 %zext_ln26_16" [conv2.cpp:26]   --->   Operation 912 'getelementptr' 'inputs_addr_37' <Predicate = true> <Delay = 0.00>
ST_19 : Operation 913 [1/1] (1.87ns)   --->   "%add_ln26_16 = add i8 %sext_ln26_6, i8 192" [conv2.cpp:26]   --->   Operation 913 'add' 'add_ln26_16' <Predicate = (!tmp_28)> <Delay = 1.87> <CoreInst = "Adder">   --->   Core 1 'Adder' <Latency = 0> <II = 1> <Delay = 1.87> <FuncUnit> <Opcode : 'add' 'sub'> <InPorts = 2> <OutPorts = 1>
ST_19 : Operation 914 [1/1] (0.00ns)   --->   "%zext_ln26_31 = zext i8 %add_ln26_16" [conv2.cpp:26]   --->   Operation 914 'zext' 'zext_ln26_31' <Predicate = (!tmp_28)> <Delay = 0.00>
ST_19 : Operation 915 [1/1] (0.00ns)   --->   "%inputs_addr_36 = getelementptr i32 %inputs, i64 0, i64 %zext_ln26_31" [conv2.cpp:26]   --->   Operation 915 'getelementptr' 'inputs_addr_36' <Predicate = (!tmp_28)> <Delay = 0.00>
ST_19 : Operation 916 [4/5] (7.25ns)   --->   "%acc_3 = fadd i32 %acc_2, i32 %mul_16" [conv2.cpp:27]   --->   Operation 916 'fadd' 'acc_3' <Predicate = true> <Delay = 7.25> <CoreInst = "FAddSub_fulldsp">   --->   Core 18 'FAddSub_fulldsp' <Latency = 4> <II = 1> <Delay = 7.25> <FuncUnit> <Opcode : 'fadd' 'fsub'> <InPorts = 2> <OutPorts = 1>
ST_19 : Operation 917 [1/4] (5.70ns)   --->   "%mul_8 = fmul i32 %v_24, i32 %empty_77" [conv2.cpp:27]   --->   Operation 917 'fmul' 'mul_8' <Predicate = true> <Delay = 5.70> <CoreInst = "FMul_maxdsp">   --->   Core 30 'FMul_maxdsp' <Latency = 3> <II = 1> <Delay = 5.70> <FuncUnit> <Opcode : 'fmul'> <InPorts = 2> <OutPorts = 1>
ST_19 : Operation 918 [1/4] (5.70ns)   --->   "%mul_8_1 = fmul i32 %v_25, i32 %empty_78" [conv2.cpp:27]   --->   Operation 918 'fmul' 'mul_8_1' <Predicate = true> <Delay = 5.70> <CoreInst = "FMul_maxdsp">   --->   Core 30 'FMul_maxdsp' <Latency = 3> <II = 1> <Delay = 5.70> <FuncUnit> <Opcode : 'fmul'> <InPorts = 2> <OutPorts = 1>
ST_19 : Operation 919 [2/4] (5.70ns)   --->   "%mul_8_2 = fmul i32 %v_26, i32 %empty_79" [conv2.cpp:27]   --->   Operation 919 'fmul' 'mul_8_2' <Predicate = true> <Delay = 5.70> <CoreInst = "FMul_maxdsp">   --->   Core 30 'FMul_maxdsp' <Latency = 3> <II = 1> <Delay = 5.70> <FuncUnit> <Opcode : 'fmul'> <InPorts = 2> <OutPorts = 1>
ST_19 : Operation 920 [2/4] (5.70ns)   --->   "%mul_9 = fmul i32 %v_27, i32 %empty_80" [conv2.cpp:27]   --->   Operation 920 'fmul' 'mul_9' <Predicate = true> <Delay = 5.70> <CoreInst = "FMul_maxdsp">   --->   Core 30 'FMul_maxdsp' <Latency = 3> <II = 1> <Delay = 5.70> <FuncUnit> <Opcode : 'fmul'> <InPorts = 2> <OutPorts = 1>
ST_19 : Operation 921 [3/4] (5.70ns)   --->   "%mul_9_1 = fmul i32 %v_28, i32 %empty_81" [conv2.cpp:27]   --->   Operation 921 'fmul' 'mul_9_1' <Predicate = true> <Delay = 5.70> <CoreInst = "FMul_maxdsp">   --->   Core 30 'FMul_maxdsp' <Latency = 3> <II = 1> <Delay = 5.70> <FuncUnit> <Opcode : 'fmul'> <InPorts = 2> <OutPorts = 1>
ST_19 : Operation 922 [3/4] (5.70ns)   --->   "%mul_9_2 = fmul i32 %v_29, i32 %empty_82" [conv2.cpp:27]   --->   Operation 922 'fmul' 'mul_9_2' <Predicate = true> <Delay = 5.70> <CoreInst = "FMul_maxdsp">   --->   Core 30 'FMul_maxdsp' <Latency = 3> <II = 1> <Delay = 5.70> <FuncUnit> <Opcode : 'fmul'> <InPorts = 2> <OutPorts = 1>
ST_19 : Operation 923 [1/1] (0.00ns)   --->   "%bitcast_ln26_30 = bitcast i32 %inputs_load_30" [conv2.cpp:26]   --->   Operation 923 'bitcast' 'bitcast_ln26_30' <Predicate = (!tmp_28)> <Delay = 0.00>
ST_19 : Operation 924 [1/1] (0.69ns)   --->   "%v_30 = select i1 %tmp_28, i32 0, i32 %bitcast_ln26_30" [conv2.cpp:26]   --->   Operation 924 'select' 'v_30' <Predicate = true> <Delay = 0.69> <CoreInst = "Sel">   --->   Core 73 'Sel' <Latency = 0> <II = 1> <Delay = 0.69> <FuncUnit> <Opcode : 'select'> <InPorts = 3> <OutPorts = 1>
ST_19 : Operation 925 [4/4] (5.70ns)   --->   "%mul_10 = fmul i32 %v_30, i32 %empty_83" [conv2.cpp:27]   --->   Operation 925 'fmul' 'mul_10' <Predicate = true> <Delay = 5.70> <CoreInst = "FMul_maxdsp">   --->   Core 30 'FMul_maxdsp' <Latency = 3> <II = 1> <Delay = 5.70> <FuncUnit> <Opcode : 'fmul'> <InPorts = 2> <OutPorts = 1>
ST_19 : Operation 926 [1/1] (0.00ns)   --->   "%v_31 = bitcast i32 %inputs_load_31" [conv2.cpp:26]   --->   Operation 926 'bitcast' 'v_31' <Predicate = true> <Delay = 0.00>
ST_19 : Operation 927 [4/4] (5.70ns)   --->   "%mul_10_1 = fmul i32 %v_31, i32 %empty_84" [conv2.cpp:27]   --->   Operation 927 'fmul' 'mul_10_1' <Predicate = true> <Delay = 5.70> <CoreInst = "FMul_maxdsp">   --->   Core 30 'FMul_maxdsp' <Latency = 3> <II = 1> <Delay = 5.70> <FuncUnit> <Opcode : 'fmul'> <InPorts = 2> <OutPorts = 1>
ST_19 : Operation 928 [1/2] ( I:3.25ns O:3.25ns )   --->   "%inputs_load_34 = load i8 %inputs_addr_34" [conv2.cpp:26]   --->   Operation 928 'load' 'inputs_load_34' <Predicate = true> <Delay = 3.25> <CoreInst = "RAM">   --->   Core 81 'RAM' <Latency = 1> <II = 1> <Delay = 3.25> <Storage> <Opcode : 'load' 'store'> <Ports = 2> <Width = 32> <Depth = 256> <RAM>
ST_19 : Operation 929 [1/2] ( I:3.25ns O:3.25ns )   --->   "%inputs_load_35 = load i8 %inputs_addr_35" [conv2.cpp:26]   --->   Operation 929 'load' 'inputs_load_35' <Predicate = (!tmp_29)> <Delay = 3.25> <CoreInst = "RAM">   --->   Core 81 'RAM' <Latency = 1> <II = 1> <Delay = 3.25> <Storage> <Opcode : 'load' 'store'> <Ports = 2> <Width = 32> <Depth = 256> <RAM>
ST_19 : Operation 930 [2/2] (3.25ns)   --->   "%inputs_load_36 = load i8 %inputs_addr_36" [conv2.cpp:26]   --->   Operation 930 'load' 'inputs_load_36' <Predicate = (!tmp_28)> <Delay = 3.25> <CoreInst = "RAM">   --->   Core 81 'RAM' <Latency = 1> <II = 1> <Delay = 3.25> <Storage> <Opcode : 'load' 'store'> <Ports = 2> <Width = 32> <Depth = 256> <RAM>
ST_19 : Operation 931 [2/2] (3.25ns)   --->   "%inputs_load_37 = load i8 %inputs_addr_37" [conv2.cpp:26]   --->   Operation 931 'load' 'inputs_load_37' <Predicate = true> <Delay = 3.25> <CoreInst = "RAM">   --->   Core 81 'RAM' <Latency = 1> <II = 1> <Delay = 3.25> <Storage> <Opcode : 'load' 'store'> <Ports = 2> <Width = 32> <Depth = 256> <RAM>

State 20 <SV = 19> <Delay = 7.25>
ST_20 : Operation 932 [1/1] (0.00ns)   --->   "%tmp_21 = bitconcatenate i10 @_ssdm_op_BitConcatenate.i10.i6.i4, i6 %oc, i4 12" [conv2.cpp:16]   --->   Operation 932 'bitconcatenate' 'tmp_21' <Predicate = true> <Delay = 0.00>
ST_20 : Operation 933 [1/1] (0.00ns)   --->   "%tmp_33_cast = zext i10 %tmp_21" [conv2.cpp:16]   --->   Operation 933 'zext' 'tmp_33_cast' <Predicate = true> <Delay = 0.00>
ST_20 : Operation 934 [1/1] (0.00ns)   --->   "%p_shl13 = bitconcatenate i12 @_ssdm_op_BitConcatenate.i12.i6.i6, i6 %oc, i6 48" [conv2.cpp:16]   --->   Operation 934 'bitconcatenate' 'p_shl13' <Predicate = true> <Delay = 0.00>
ST_20 : Operation 935 [1/1] (1.54ns)   --->   "%empty_41 = sub i12 %p_shl13, i12 %tmp_33_cast" [conv2.cpp:16]   --->   Operation 935 'sub' 'empty_41' <Predicate = true> <Delay = 1.54> <CoreInst = "Adder">   --->   Core 1 'Adder' <Latency = 0> <II = 1> <Delay = 1.54> <FuncUnit> <Opcode : 'add' 'sub'> <InPorts = 2> <OutPorts = 1>
ST_20 : Operation 936 [1/1] (0.00ns)   --->   "%p_cast57 = zext i12 %empty_41" [conv2.cpp:16]   --->   Operation 936 'zext' 'p_cast57' <Predicate = true> <Delay = 0.00>
ST_20 : Operation 937 [1/1] (0.00ns)   --->   "%weights_addr_36 = getelementptr i32 %weights, i64 0, i64 %p_cast57" [conv2.cpp:16]   --->   Operation 937 'getelementptr' 'weights_addr_36' <Predicate = true> <Delay = 0.00>
ST_20 : Operation 938 [1/1] (0.00ns)   --->   "%tmp_34_cast = partselect i10 @_ssdm_op_PartSelect.i10.i12.i32.i32, i12 %empty_41, i32 1, i32 10" [conv2.cpp:16]   --->   Operation 938 'partselect' 'tmp_34_cast' <Predicate = true> <Delay = 0.00>
ST_20 : Operation 939 [1/1] (0.00ns)   --->   "%tmp_22 = bitconcatenate i11 @_ssdm_op_BitConcatenate.i11.i10.i1, i10 %tmp_34_cast, i1 1" [conv2.cpp:16]   --->   Operation 939 'bitconcatenate' 'tmp_22' <Predicate = true> <Delay = 0.00>
ST_20 : Operation 940 [1/1] (0.00ns)   --->   "%tmp_35_cast = zext i11 %tmp_22" [conv2.cpp:16]   --->   Operation 940 'zext' 'tmp_35_cast' <Predicate = true> <Delay = 0.00>
ST_20 : Operation 941 [1/1] (0.00ns)   --->   "%weights_addr_37 = getelementptr i32 %weights, i64 0, i64 %tmp_35_cast" [conv2.cpp:16]   --->   Operation 941 'getelementptr' 'weights_addr_37' <Predicate = true> <Delay = 0.00>
ST_20 : Operation 942 [1/1] (0.00ns)   --->   "%tmp_36_cast = partselect i9 @_ssdm_op_PartSelect.i9.i12.i32.i32, i12 %empty_41, i32 2, i32 10" [conv2.cpp:16]   --->   Operation 942 'partselect' 'tmp_36_cast' <Predicate = true> <Delay = 0.00>
ST_20 : Operation 943 [1/1] (0.00ns)   --->   "%empty_85 = bitcast i32 %weights_load_32" [conv2.cpp:16]   --->   Operation 943 'bitcast' 'empty_85' <Predicate = true> <Delay = 0.00>
ST_20 : Operation 944 [1/1] (0.00ns)   --->   "%empty_86 = bitcast i32 %weights_load_33" [conv2.cpp:16]   --->   Operation 944 'bitcast' 'empty_86' <Predicate = true> <Delay = 0.00>
ST_20 : Operation 945 [1/2] ( I:3.25ns O:3.25ns )   --->   "%weights_load_34 = load i11 %weights_addr_34" [conv2.cpp:16]   --->   Operation 945 'load' 'weights_load_34' <Predicate = true> <Delay = 3.25> <CoreInst = "RAM">   --->   Core 81 'RAM' <Latency = 1> <II = 1> <Delay = 3.25> <Storage> <Opcode : 'load' 'store'> <Ports = 2> <Width = 32> <Depth = 1536> <RAM>
ST_20 : Operation 946 [1/2] ( I:3.25ns O:3.25ns )   --->   "%weights_load_35 = load i11 %weights_addr_35" [conv2.cpp:16]   --->   Operation 946 'load' 'weights_load_35' <Predicate = true> <Delay = 3.25> <CoreInst = "RAM">   --->   Core 81 'RAM' <Latency = 1> <II = 1> <Delay = 3.25> <Storage> <Opcode : 'load' 'store'> <Ports = 2> <Width = 32> <Depth = 1536> <RAM>
ST_20 : Operation 947 [2/2] (3.25ns)   --->   "%weights_load_36 = load i11 %weights_addr_36" [conv2.cpp:16]   --->   Operation 947 'load' 'weights_load_36' <Predicate = true> <Delay = 3.25> <CoreInst = "RAM">   --->   Core 81 'RAM' <Latency = 1> <II = 1> <Delay = 3.25> <Storage> <Opcode : 'load' 'store'> <Ports = 2> <Width = 32> <Depth = 1536> <RAM>
ST_20 : Operation 948 [2/2] (3.25ns)   --->   "%weights_load_37 = load i11 %weights_addr_37" [conv2.cpp:16]   --->   Operation 948 'load' 'weights_load_37' <Predicate = true> <Delay = 3.25> <CoreInst = "RAM">   --->   Core 81 'RAM' <Latency = 1> <II = 1> <Delay = 3.25> <Storage> <Opcode : 'load' 'store'> <Ports = 2> <Width = 32> <Depth = 1536> <RAM>
ST_20 : Operation 949 [1/1] (0.00ns)   --->   "%sext_ln26_10 = sext i7 %add_ln26_10" [conv2.cpp:26]   --->   Operation 949 'sext' 'sext_ln26_10' <Predicate = (!tmp_28)> <Delay = 0.00>
ST_20 : Operation 950 [1/1] (0.00ns)   --->   "%zext_ln26_32 = zext i8 %sext_ln26_10" [conv2.cpp:26]   --->   Operation 950 'zext' 'zext_ln26_32' <Predicate = (!tmp_28)> <Delay = 0.00>
ST_20 : Operation 951 [1/1] (0.00ns)   --->   "%inputs_addr_39 = getelementptr i32 %inputs, i64 0, i64 %zext_ln26_32" [conv2.cpp:26]   --->   Operation 951 'getelementptr' 'inputs_addr_39' <Predicate = (!tmp_28)> <Delay = 0.00>
ST_20 : Operation 952 [1/1] (0.00ns)   --->   "%sext_ln26_14 = sext i7 %tmp_52_cast" [conv2.cpp:26]   --->   Operation 952 'sext' 'sext_ln26_14' <Predicate = (!tmp_29)> <Delay = 0.00>
ST_20 : Operation 953 [1/1] (0.00ns)   --->   "%zext_ln26_49 = zext i8 %sext_ln26_14" [conv2.cpp:26]   --->   Operation 953 'zext' 'zext_ln26_49' <Predicate = (!tmp_29)> <Delay = 0.00>
ST_20 : Operation 954 [1/1] (0.00ns)   --->   "%inputs_addr_38 = getelementptr i32 %inputs, i64 0, i64 %zext_ln26_49" [conv2.cpp:26]   --->   Operation 954 'getelementptr' 'inputs_addr_38' <Predicate = (!tmp_29)> <Delay = 0.00>
ST_20 : Operation 955 [3/5] (7.25ns)   --->   "%acc_3 = fadd i32 %acc_2, i32 %mul_16" [conv2.cpp:27]   --->   Operation 955 'fadd' 'acc_3' <Predicate = true> <Delay = 7.25> <CoreInst = "FAddSub_fulldsp">   --->   Core 18 'FAddSub_fulldsp' <Latency = 4> <II = 1> <Delay = 7.25> <FuncUnit> <Opcode : 'fadd' 'fsub'> <InPorts = 2> <OutPorts = 1>
ST_20 : Operation 956 [1/4] (5.70ns)   --->   "%mul_8_2 = fmul i32 %v_26, i32 %empty_79" [conv2.cpp:27]   --->   Operation 956 'fmul' 'mul_8_2' <Predicate = true> <Delay = 5.70> <CoreInst = "FMul_maxdsp">   --->   Core 30 'FMul_maxdsp' <Latency = 3> <II = 1> <Delay = 5.70> <FuncUnit> <Opcode : 'fmul'> <InPorts = 2> <OutPorts = 1>
ST_20 : Operation 957 [1/4] (5.70ns)   --->   "%mul_9 = fmul i32 %v_27, i32 %empty_80" [conv2.cpp:27]   --->   Operation 957 'fmul' 'mul_9' <Predicate = true> <Delay = 5.70> <CoreInst = "FMul_maxdsp">   --->   Core 30 'FMul_maxdsp' <Latency = 3> <II = 1> <Delay = 5.70> <FuncUnit> <Opcode : 'fmul'> <InPorts = 2> <OutPorts = 1>
ST_20 : Operation 958 [2/4] (5.70ns)   --->   "%mul_9_1 = fmul i32 %v_28, i32 %empty_81" [conv2.cpp:27]   --->   Operation 958 'fmul' 'mul_9_1' <Predicate = true> <Delay = 5.70> <CoreInst = "FMul_maxdsp">   --->   Core 30 'FMul_maxdsp' <Latency = 3> <II = 1> <Delay = 5.70> <FuncUnit> <Opcode : 'fmul'> <InPorts = 2> <OutPorts = 1>
ST_20 : Operation 959 [2/4] (5.70ns)   --->   "%mul_9_2 = fmul i32 %v_29, i32 %empty_82" [conv2.cpp:27]   --->   Operation 959 'fmul' 'mul_9_2' <Predicate = true> <Delay = 5.70> <CoreInst = "FMul_maxdsp">   --->   Core 30 'FMul_maxdsp' <Latency = 3> <II = 1> <Delay = 5.70> <FuncUnit> <Opcode : 'fmul'> <InPorts = 2> <OutPorts = 1>
ST_20 : Operation 960 [3/4] (5.70ns)   --->   "%mul_10 = fmul i32 %v_30, i32 %empty_83" [conv2.cpp:27]   --->   Operation 960 'fmul' 'mul_10' <Predicate = true> <Delay = 5.70> <CoreInst = "FMul_maxdsp">   --->   Core 30 'FMul_maxdsp' <Latency = 3> <II = 1> <Delay = 5.70> <FuncUnit> <Opcode : 'fmul'> <InPorts = 2> <OutPorts = 1>
ST_20 : Operation 961 [3/4] (5.70ns)   --->   "%mul_10_1 = fmul i32 %v_31, i32 %empty_84" [conv2.cpp:27]   --->   Operation 961 'fmul' 'mul_10_1' <Predicate = true> <Delay = 5.70> <CoreInst = "FMul_maxdsp">   --->   Core 30 'FMul_maxdsp' <Latency = 3> <II = 1> <Delay = 5.70> <FuncUnit> <Opcode : 'fmul'> <InPorts = 2> <OutPorts = 1>
ST_20 : Operation 962 [1/1] (0.00ns)   --->   "%bitcast_ln26_32 = bitcast i32 %inputs_load_32" [conv2.cpp:26]   --->   Operation 962 'bitcast' 'bitcast_ln26_32' <Predicate = (!tmp_29)> <Delay = 0.00>
ST_20 : Operation 963 [1/1] (0.69ns)   --->   "%v_32 = select i1 %tmp_29, i32 0, i32 %bitcast_ln26_32" [conv2.cpp:26]   --->   Operation 963 'select' 'v_32' <Predicate = true> <Delay = 0.69> <CoreInst = "Sel">   --->   Core 73 'Sel' <Latency = 0> <II = 1> <Delay = 0.69> <FuncUnit> <Opcode : 'select'> <InPorts = 3> <OutPorts = 1>
ST_20 : Operation 964 [4/4] (5.70ns)   --->   "%mul_10_2 = fmul i32 %v_32, i32 %empty_85" [conv2.cpp:27]   --->   Operation 964 'fmul' 'mul_10_2' <Predicate = true> <Delay = 5.70> <CoreInst = "FMul_maxdsp">   --->   Core 30 'FMul_maxdsp' <Latency = 3> <II = 1> <Delay = 5.70> <FuncUnit> <Opcode : 'fmul'> <InPorts = 2> <OutPorts = 1>
ST_20 : Operation 965 [1/1] (0.00ns)   --->   "%bitcast_ln26_33 = bitcast i32 %inputs_load_33" [conv2.cpp:26]   --->   Operation 965 'bitcast' 'bitcast_ln26_33' <Predicate = (!tmp_28)> <Delay = 0.00>
ST_20 : Operation 966 [1/1] (0.69ns)   --->   "%v_33 = select i1 %tmp_28, i32 0, i32 %bitcast_ln26_33" [conv2.cpp:26]   --->   Operation 966 'select' 'v_33' <Predicate = true> <Delay = 0.69> <CoreInst = "Sel">   --->   Core 73 'Sel' <Latency = 0> <II = 1> <Delay = 0.69> <FuncUnit> <Opcode : 'select'> <InPorts = 3> <OutPorts = 1>
ST_20 : Operation 967 [4/4] (5.70ns)   --->   "%mul_11 = fmul i32 %v_33, i32 %empty_86" [conv2.cpp:27]   --->   Operation 967 'fmul' 'mul_11' <Predicate = true> <Delay = 5.70> <CoreInst = "FMul_maxdsp">   --->   Core 30 'FMul_maxdsp' <Latency = 3> <II = 1> <Delay = 5.70> <FuncUnit> <Opcode : 'fmul'> <InPorts = 2> <OutPorts = 1>
ST_20 : Operation 968 [1/2] ( I:3.25ns O:3.25ns )   --->   "%inputs_load_36 = load i8 %inputs_addr_36" [conv2.cpp:26]   --->   Operation 968 'load' 'inputs_load_36' <Predicate = (!tmp_28)> <Delay = 3.25> <CoreInst = "RAM">   --->   Core 81 'RAM' <Latency = 1> <II = 1> <Delay = 3.25> <Storage> <Opcode : 'load' 'store'> <Ports = 2> <Width = 32> <Depth = 256> <RAM>
ST_20 : Operation 969 [1/2] ( I:3.25ns O:3.25ns )   --->   "%inputs_load_37 = load i8 %inputs_addr_37" [conv2.cpp:26]   --->   Operation 969 'load' 'inputs_load_37' <Predicate = true> <Delay = 3.25> <CoreInst = "RAM">   --->   Core 81 'RAM' <Latency = 1> <II = 1> <Delay = 3.25> <Storage> <Opcode : 'load' 'store'> <Ports = 2> <Width = 32> <Depth = 256> <RAM>
ST_20 : Operation 970 [2/2] (3.25ns)   --->   "%inputs_load_38 = load i8 %inputs_addr_38" [conv2.cpp:26]   --->   Operation 970 'load' 'inputs_load_38' <Predicate = (!tmp_29)> <Delay = 3.25> <CoreInst = "RAM">   --->   Core 81 'RAM' <Latency = 1> <II = 1> <Delay = 3.25> <Storage> <Opcode : 'load' 'store'> <Ports = 2> <Width = 32> <Depth = 256> <RAM>
ST_20 : Operation 971 [2/2] (3.25ns)   --->   "%inputs_load_39 = load i8 %inputs_addr_39" [conv2.cpp:26]   --->   Operation 971 'load' 'inputs_load_39' <Predicate = (!tmp_28)> <Delay = 3.25> <CoreInst = "RAM">   --->   Core 81 'RAM' <Latency = 1> <II = 1> <Delay = 3.25> <Storage> <Opcode : 'load' 'store'> <Ports = 2> <Width = 32> <Depth = 256> <RAM>

State 21 <SV = 20> <Delay = 7.25>
ST_21 : Operation 972 [1/1] (0.00ns)   --->   "%tmp_23 = bitconcatenate i11 @_ssdm_op_BitConcatenate.i11.i9.i2, i9 %tmp_36_cast, i2 2" [conv2.cpp:16]   --->   Operation 972 'bitconcatenate' 'tmp_23' <Predicate = true> <Delay = 0.00>
ST_21 : Operation 973 [1/1] (0.00ns)   --->   "%tmp_38_cast = zext i11 %tmp_23" [conv2.cpp:16]   --->   Operation 973 'zext' 'tmp_38_cast' <Predicate = true> <Delay = 0.00>
ST_21 : Operation 974 [1/1] (0.00ns)   --->   "%weights_addr_38 = getelementptr i32 %weights, i64 0, i64 %tmp_38_cast" [conv2.cpp:16]   --->   Operation 974 'getelementptr' 'weights_addr_38' <Predicate = true> <Delay = 0.00>
ST_21 : Operation 975 [1/1] (0.00ns)   --->   "%tmp_24 = bitconcatenate i10 @_ssdm_op_BitConcatenate.i10.i6.i4, i6 %oc, i4 13" [conv2.cpp:16]   --->   Operation 975 'bitconcatenate' 'tmp_24' <Predicate = true> <Delay = 0.00>
ST_21 : Operation 976 [1/1] (0.00ns)   --->   "%tmp_39_cast = zext i10 %tmp_24" [conv2.cpp:16]   --->   Operation 976 'zext' 'tmp_39_cast' <Predicate = true> <Delay = 0.00>
ST_21 : Operation 977 [1/1] (0.00ns)   --->   "%p_shl14 = bitconcatenate i12 @_ssdm_op_BitConcatenate.i12.i6.i6, i6 %oc, i6 52" [conv2.cpp:16]   --->   Operation 977 'bitconcatenate' 'p_shl14' <Predicate = true> <Delay = 0.00>
ST_21 : Operation 978 [1/1] (1.54ns)   --->   "%empty_42 = sub i12 %p_shl14, i12 %tmp_39_cast" [conv2.cpp:16]   --->   Operation 978 'sub' 'empty_42' <Predicate = true> <Delay = 1.54> <CoreInst = "Adder">   --->   Core 1 'Adder' <Latency = 0> <II = 1> <Delay = 1.54> <FuncUnit> <Opcode : 'add' 'sub'> <InPorts = 2> <OutPorts = 1>
ST_21 : Operation 979 [1/1] (0.00ns)   --->   "%p_cast58 = zext i12 %empty_42" [conv2.cpp:16]   --->   Operation 979 'zext' 'p_cast58' <Predicate = true> <Delay = 0.00>
ST_21 : Operation 980 [1/1] (0.00ns)   --->   "%empty_43 = trunc i12 %empty_42" [conv2.cpp:16]   --->   Operation 980 'trunc' 'empty_43' <Predicate = true> <Delay = 0.00>
ST_21 : Operation 981 [1/1] (0.00ns)   --->   "%weights_addr_39 = getelementptr i32 %weights, i64 0, i64 %p_cast58" [conv2.cpp:16]   --->   Operation 981 'getelementptr' 'weights_addr_39' <Predicate = true> <Delay = 0.00>
ST_21 : Operation 982 [1/1] (0.00ns)   --->   "%empty_87 = bitcast i32 %weights_load_34" [conv2.cpp:16]   --->   Operation 982 'bitcast' 'empty_87' <Predicate = true> <Delay = 0.00>
ST_21 : Operation 983 [1/1] (0.00ns)   --->   "%empty_88 = bitcast i32 %weights_load_35" [conv2.cpp:16]   --->   Operation 983 'bitcast' 'empty_88' <Predicate = true> <Delay = 0.00>
ST_21 : Operation 984 [1/2] ( I:3.25ns O:3.25ns )   --->   "%weights_load_36 = load i11 %weights_addr_36" [conv2.cpp:16]   --->   Operation 984 'load' 'weights_load_36' <Predicate = true> <Delay = 3.25> <CoreInst = "RAM">   --->   Core 81 'RAM' <Latency = 1> <II = 1> <Delay = 3.25> <Storage> <Opcode : 'load' 'store'> <Ports = 2> <Width = 32> <Depth = 1536> <RAM>
ST_21 : Operation 985 [1/2] ( I:3.25ns O:3.25ns )   --->   "%weights_load_37 = load i11 %weights_addr_37" [conv2.cpp:16]   --->   Operation 985 'load' 'weights_load_37' <Predicate = true> <Delay = 3.25> <CoreInst = "RAM">   --->   Core 81 'RAM' <Latency = 1> <II = 1> <Delay = 3.25> <Storage> <Opcode : 'load' 'store'> <Ports = 2> <Width = 32> <Depth = 1536> <RAM>
ST_21 : Operation 986 [2/2] (3.25ns)   --->   "%weights_load_38 = load i11 %weights_addr_38" [conv2.cpp:16]   --->   Operation 986 'load' 'weights_load_38' <Predicate = true> <Delay = 3.25> <CoreInst = "RAM">   --->   Core 81 'RAM' <Latency = 1> <II = 1> <Delay = 3.25> <Storage> <Opcode : 'load' 'store'> <Ports = 2> <Width = 32> <Depth = 1536> <RAM>
ST_21 : Operation 987 [2/2] (3.25ns)   --->   "%weights_load_39 = load i11 %weights_addr_39" [conv2.cpp:16]   --->   Operation 987 'load' 'weights_load_39' <Predicate = true> <Delay = 3.25> <CoreInst = "RAM">   --->   Core 81 'RAM' <Latency = 1> <II = 1> <Delay = 3.25> <Storage> <Opcode : 'load' 'store'> <Ports = 2> <Width = 32> <Depth = 1536> <RAM>
ST_21 : Operation 988 [1/1] (0.00ns)   --->   "%sext_ln26_3 = sext i7 %add_ln26_2" [conv2.cpp:26]   --->   Operation 988 'sext' 'sext_ln26_3' <Predicate = true> <Delay = 0.00>
ST_21 : Operation 989 [1/1] (0.00ns)   --->   "%zext_ln26_17 = zext i8 %sext_ln26_3" [conv2.cpp:26]   --->   Operation 989 'zext' 'zext_ln26_17' <Predicate = true> <Delay = 0.00>
ST_21 : Operation 990 [1/1] (0.00ns)   --->   "%inputs_addr_40 = getelementptr i32 %inputs, i64 0, i64 %zext_ln26_17" [conv2.cpp:26]   --->   Operation 990 'getelementptr' 'inputs_addr_40' <Predicate = true> <Delay = 0.00>
ST_21 : Operation 991 [1/1] (0.00ns)   --->   "%sext_ln26_15 = sext i7 %add_ln26_19" [conv2.cpp:26]   --->   Operation 991 'sext' 'sext_ln26_15' <Predicate = (!tmp_29)> <Delay = 0.00>
ST_21 : Operation 992 [1/1] (0.00ns)   --->   "%zext_ln26_50 = zext i8 %sext_ln26_15" [conv2.cpp:26]   --->   Operation 992 'zext' 'zext_ln26_50' <Predicate = (!tmp_29)> <Delay = 0.00>
ST_21 : Operation 993 [1/1] (0.00ns)   --->   "%inputs_addr_41 = getelementptr i32 %inputs, i64 0, i64 %zext_ln26_50" [conv2.cpp:26]   --->   Operation 993 'getelementptr' 'inputs_addr_41' <Predicate = (!tmp_29)> <Delay = 0.00>
ST_21 : Operation 994 [2/5] (7.25ns)   --->   "%acc_3 = fadd i32 %acc_2, i32 %mul_16" [conv2.cpp:27]   --->   Operation 994 'fadd' 'acc_3' <Predicate = true> <Delay = 7.25> <CoreInst = "FAddSub_fulldsp">   --->   Core 18 'FAddSub_fulldsp' <Latency = 4> <II = 1> <Delay = 7.25> <FuncUnit> <Opcode : 'fadd' 'fsub'> <InPorts = 2> <OutPorts = 1>
ST_21 : Operation 995 [1/4] (5.70ns)   --->   "%mul_9_1 = fmul i32 %v_28, i32 %empty_81" [conv2.cpp:27]   --->   Operation 995 'fmul' 'mul_9_1' <Predicate = true> <Delay = 5.70> <CoreInst = "FMul_maxdsp">   --->   Core 30 'FMul_maxdsp' <Latency = 3> <II = 1> <Delay = 5.70> <FuncUnit> <Opcode : 'fmul'> <InPorts = 2> <OutPorts = 1>
ST_21 : Operation 996 [1/4] (5.70ns)   --->   "%mul_9_2 = fmul i32 %v_29, i32 %empty_82" [conv2.cpp:27]   --->   Operation 996 'fmul' 'mul_9_2' <Predicate = true> <Delay = 5.70> <CoreInst = "FMul_maxdsp">   --->   Core 30 'FMul_maxdsp' <Latency = 3> <II = 1> <Delay = 5.70> <FuncUnit> <Opcode : 'fmul'> <InPorts = 2> <OutPorts = 1>
ST_21 : Operation 997 [2/4] (5.70ns)   --->   "%mul_10 = fmul i32 %v_30, i32 %empty_83" [conv2.cpp:27]   --->   Operation 997 'fmul' 'mul_10' <Predicate = true> <Delay = 5.70> <CoreInst = "FMul_maxdsp">   --->   Core 30 'FMul_maxdsp' <Latency = 3> <II = 1> <Delay = 5.70> <FuncUnit> <Opcode : 'fmul'> <InPorts = 2> <OutPorts = 1>
ST_21 : Operation 998 [2/4] (5.70ns)   --->   "%mul_10_1 = fmul i32 %v_31, i32 %empty_84" [conv2.cpp:27]   --->   Operation 998 'fmul' 'mul_10_1' <Predicate = true> <Delay = 5.70> <CoreInst = "FMul_maxdsp">   --->   Core 30 'FMul_maxdsp' <Latency = 3> <II = 1> <Delay = 5.70> <FuncUnit> <Opcode : 'fmul'> <InPorts = 2> <OutPorts = 1>
ST_21 : Operation 999 [3/4] (5.70ns)   --->   "%mul_10_2 = fmul i32 %v_32, i32 %empty_85" [conv2.cpp:27]   --->   Operation 999 'fmul' 'mul_10_2' <Predicate = true> <Delay = 5.70> <CoreInst = "FMul_maxdsp">   --->   Core 30 'FMul_maxdsp' <Latency = 3> <II = 1> <Delay = 5.70> <FuncUnit> <Opcode : 'fmul'> <InPorts = 2> <OutPorts = 1>
ST_21 : Operation 1000 [3/4] (5.70ns)   --->   "%mul_11 = fmul i32 %v_33, i32 %empty_86" [conv2.cpp:27]   --->   Operation 1000 'fmul' 'mul_11' <Predicate = true> <Delay = 5.70> <CoreInst = "FMul_maxdsp">   --->   Core 30 'FMul_maxdsp' <Latency = 3> <II = 1> <Delay = 5.70> <FuncUnit> <Opcode : 'fmul'> <InPorts = 2> <OutPorts = 1>
ST_21 : Operation 1001 [1/1] (0.00ns)   --->   "%v_34 = bitcast i32 %inputs_load_34" [conv2.cpp:26]   --->   Operation 1001 'bitcast' 'v_34' <Predicate = true> <Delay = 0.00>
ST_21 : Operation 1002 [4/4] (5.70ns)   --->   "%mul_11_1 = fmul i32 %v_34, i32 %empty_87" [conv2.cpp:27]   --->   Operation 1002 'fmul' 'mul_11_1' <Predicate = true> <Delay = 5.70> <CoreInst = "FMul_maxdsp">   --->   Core 30 'FMul_maxdsp' <Latency = 3> <II = 1> <Delay = 5.70> <FuncUnit> <Opcode : 'fmul'> <InPorts = 2> <OutPorts = 1>
ST_21 : Operation 1003 [1/1] (0.00ns)   --->   "%bitcast_ln26_35 = bitcast i32 %inputs_load_35" [conv2.cpp:26]   --->   Operation 1003 'bitcast' 'bitcast_ln26_35' <Predicate = (!tmp_29)> <Delay = 0.00>
ST_21 : Operation 1004 [1/1] (0.69ns)   --->   "%v_35 = select i1 %tmp_29, i32 0, i32 %bitcast_ln26_35" [conv2.cpp:26]   --->   Operation 1004 'select' 'v_35' <Predicate = true> <Delay = 0.69> <CoreInst = "Sel">   --->   Core 73 'Sel' <Latency = 0> <II = 1> <Delay = 0.69> <FuncUnit> <Opcode : 'select'> <InPorts = 3> <OutPorts = 1>
ST_21 : Operation 1005 [4/4] (5.70ns)   --->   "%mul_11_2 = fmul i32 %v_35, i32 %empty_88" [conv2.cpp:27]   --->   Operation 1005 'fmul' 'mul_11_2' <Predicate = true> <Delay = 5.70> <CoreInst = "FMul_maxdsp">   --->   Core 30 'FMul_maxdsp' <Latency = 3> <II = 1> <Delay = 5.70> <FuncUnit> <Opcode : 'fmul'> <InPorts = 2> <OutPorts = 1>
ST_21 : Operation 1006 [1/2] ( I:3.25ns O:3.25ns )   --->   "%inputs_load_38 = load i8 %inputs_addr_38" [conv2.cpp:26]   --->   Operation 1006 'load' 'inputs_load_38' <Predicate = (!tmp_29)> <Delay = 3.25> <CoreInst = "RAM">   --->   Core 81 'RAM' <Latency = 1> <II = 1> <Delay = 3.25> <Storage> <Opcode : 'load' 'store'> <Ports = 2> <Width = 32> <Depth = 256> <RAM>
ST_21 : Operation 1007 [1/2] ( I:3.25ns O:3.25ns )   --->   "%inputs_load_39 = load i8 %inputs_addr_39" [conv2.cpp:26]   --->   Operation 1007 'load' 'inputs_load_39' <Predicate = (!tmp_28)> <Delay = 3.25> <CoreInst = "RAM">   --->   Core 81 'RAM' <Latency = 1> <II = 1> <Delay = 3.25> <Storage> <Opcode : 'load' 'store'> <Ports = 2> <Width = 32> <Depth = 256> <RAM>
ST_21 : Operation 1008 [2/2] (3.25ns)   --->   "%inputs_load_40 = load i8 %inputs_addr_40" [conv2.cpp:26]   --->   Operation 1008 'load' 'inputs_load_40' <Predicate = true> <Delay = 3.25> <CoreInst = "RAM">   --->   Core 81 'RAM' <Latency = 1> <II = 1> <Delay = 3.25> <Storage> <Opcode : 'load' 'store'> <Ports = 2> <Width = 32> <Depth = 256> <RAM>
ST_21 : Operation 1009 [2/2] (3.25ns)   --->   "%inputs_load_41 = load i8 %inputs_addr_41" [conv2.cpp:26]   --->   Operation 1009 'load' 'inputs_load_41' <Predicate = (!tmp_29)> <Delay = 3.25> <CoreInst = "RAM">   --->   Core 81 'RAM' <Latency = 1> <II = 1> <Delay = 3.25> <Storage> <Opcode : 'load' 'store'> <Ports = 2> <Width = 32> <Depth = 256> <RAM>

State 22 <SV = 21> <Delay = 7.25>
ST_22 : Operation 1010 [1/1] (1.63ns)   --->   "%empty_44 = add i11 %empty_43, i11 1" [conv2.cpp:16]   --->   Operation 1010 'add' 'empty_44' <Predicate = true> <Delay = 1.63> <CoreInst = "Adder">   --->   Core 1 'Adder' <Latency = 0> <II = 1> <Delay = 1.63> <FuncUnit> <Opcode : 'add' 'sub'> <InPorts = 2> <OutPorts = 1>
ST_22 : Operation 1011 [1/1] (0.00ns)   --->   "%p_cast59 = zext i11 %empty_44" [conv2.cpp:16]   --->   Operation 1011 'zext' 'p_cast59' <Predicate = true> <Delay = 0.00>
ST_22 : Operation 1012 [1/1] (0.00ns)   --->   "%weights_addr_40 = getelementptr i32 %weights, i64 0, i64 %p_cast59" [conv2.cpp:16]   --->   Operation 1012 'getelementptr' 'weights_addr_40' <Predicate = true> <Delay = 0.00>
ST_22 : Operation 1013 [1/1] (1.63ns)   --->   "%empty_45 = add i11 %empty_43, i11 2" [conv2.cpp:16]   --->   Operation 1013 'add' 'empty_45' <Predicate = true> <Delay = 1.63> <CoreInst = "Adder">   --->   Core 1 'Adder' <Latency = 0> <II = 1> <Delay = 1.63> <FuncUnit> <Opcode : 'add' 'sub'> <InPorts = 2> <OutPorts = 1>
ST_22 : Operation 1014 [1/1] (0.00ns)   --->   "%p_cast60 = zext i11 %empty_45" [conv2.cpp:16]   --->   Operation 1014 'zext' 'p_cast60' <Predicate = true> <Delay = 0.00>
ST_22 : Operation 1015 [1/1] (0.00ns)   --->   "%weights_addr_41 = getelementptr i32 %weights, i64 0, i64 %p_cast60" [conv2.cpp:16]   --->   Operation 1015 'getelementptr' 'weights_addr_41' <Predicate = true> <Delay = 0.00>
ST_22 : Operation 1016 [1/1] (0.00ns)   --->   "%empty_89 = bitcast i32 %weights_load_36" [conv2.cpp:16]   --->   Operation 1016 'bitcast' 'empty_89' <Predicate = true> <Delay = 0.00>
ST_22 : Operation 1017 [1/1] (0.00ns)   --->   "%empty_90 = bitcast i32 %weights_load_37" [conv2.cpp:16]   --->   Operation 1017 'bitcast' 'empty_90' <Predicate = true> <Delay = 0.00>
ST_22 : Operation 1018 [1/2] ( I:3.25ns O:3.25ns )   --->   "%weights_load_38 = load i11 %weights_addr_38" [conv2.cpp:16]   --->   Operation 1018 'load' 'weights_load_38' <Predicate = true> <Delay = 3.25> <CoreInst = "RAM">   --->   Core 81 'RAM' <Latency = 1> <II = 1> <Delay = 3.25> <Storage> <Opcode : 'load' 'store'> <Ports = 2> <Width = 32> <Depth = 1536> <RAM>
ST_22 : Operation 1019 [1/2] ( I:3.25ns O:3.25ns )   --->   "%weights_load_39 = load i11 %weights_addr_39" [conv2.cpp:16]   --->   Operation 1019 'load' 'weights_load_39' <Predicate = true> <Delay = 3.25> <CoreInst = "RAM">   --->   Core 81 'RAM' <Latency = 1> <II = 1> <Delay = 3.25> <Storage> <Opcode : 'load' 'store'> <Ports = 2> <Width = 32> <Depth = 1536> <RAM>
ST_22 : Operation 1020 [2/2] (3.25ns)   --->   "%weights_load_40 = load i11 %weights_addr_40" [conv2.cpp:16]   --->   Operation 1020 'load' 'weights_load_40' <Predicate = true> <Delay = 3.25> <CoreInst = "RAM">   --->   Core 81 'RAM' <Latency = 1> <II = 1> <Delay = 3.25> <Storage> <Opcode : 'load' 'store'> <Ports = 2> <Width = 32> <Depth = 1536> <RAM>
ST_22 : Operation 1021 [2/2] (3.25ns)   --->   "%weights_load_41 = load i11 %weights_addr_41" [conv2.cpp:16]   --->   Operation 1021 'load' 'weights_load_41' <Predicate = true> <Delay = 3.25> <CoreInst = "RAM">   --->   Core 81 'RAM' <Latency = 1> <II = 1> <Delay = 3.25> <Storage> <Opcode : 'load' 'store'> <Ports = 2> <Width = 32> <Depth = 1536> <RAM>
ST_22 : Operation 1022 [1/1] (0.00ns)   --->   "%sext_ln26_4 = sext i6 %tmp_44_cast" [conv2.cpp:26]   --->   Operation 1022 'sext' 'sext_ln26_4' <Predicate = true> <Delay = 0.00>
ST_22 : Operation 1023 [1/1] (0.00ns)   --->   "%zext_ln26_18 = zext i8 %sext_ln26_4" [conv2.cpp:26]   --->   Operation 1023 'zext' 'zext_ln26_18' <Predicate = true> <Delay = 0.00>
ST_22 : Operation 1024 [1/1] (0.00ns)   --->   "%inputs_addr_43 = getelementptr i32 %inputs, i64 0, i64 %zext_ln26_18" [conv2.cpp:26]   --->   Operation 1024 'getelementptr' 'inputs_addr_43' <Predicate = true> <Delay = 0.00>
ST_22 : Operation 1025 [1/1] (0.00ns)   --->   "%sext_ln26_11 = sext i7 %add_ln26_11" [conv2.cpp:26]   --->   Operation 1025 'sext' 'sext_ln26_11' <Predicate = (!tmp_28)> <Delay = 0.00>
ST_22 : Operation 1026 [1/1] (0.00ns)   --->   "%zext_ln26_33 = zext i8 %sext_ln26_11" [conv2.cpp:26]   --->   Operation 1026 'zext' 'zext_ln26_33' <Predicate = (!tmp_28)> <Delay = 0.00>
ST_22 : Operation 1027 [1/1] (0.00ns)   --->   "%inputs_addr_42 = getelementptr i32 %inputs, i64 0, i64 %zext_ln26_33" [conv2.cpp:26]   --->   Operation 1027 'getelementptr' 'inputs_addr_42' <Predicate = (!tmp_28)> <Delay = 0.00>
ST_22 : Operation 1028 [1/5] (7.25ns)   --->   "%acc_3 = fadd i32 %acc_2, i32 %mul_16" [conv2.cpp:27]   --->   Operation 1028 'fadd' 'acc_3' <Predicate = true> <Delay = 7.25> <CoreInst = "FAddSub_fulldsp">   --->   Core 18 'FAddSub_fulldsp' <Latency = 4> <II = 1> <Delay = 7.25> <FuncUnit> <Opcode : 'fadd' 'fsub'> <InPorts = 2> <OutPorts = 1>
ST_22 : Operation 1029 [1/4] (5.70ns)   --->   "%mul_10 = fmul i32 %v_30, i32 %empty_83" [conv2.cpp:27]   --->   Operation 1029 'fmul' 'mul_10' <Predicate = true> <Delay = 5.70> <CoreInst = "FMul_maxdsp">   --->   Core 30 'FMul_maxdsp' <Latency = 3> <II = 1> <Delay = 5.70> <FuncUnit> <Opcode : 'fmul'> <InPorts = 2> <OutPorts = 1>
ST_22 : Operation 1030 [1/4] (5.70ns)   --->   "%mul_10_1 = fmul i32 %v_31, i32 %empty_84" [conv2.cpp:27]   --->   Operation 1030 'fmul' 'mul_10_1' <Predicate = true> <Delay = 5.70> <CoreInst = "FMul_maxdsp">   --->   Core 30 'FMul_maxdsp' <Latency = 3> <II = 1> <Delay = 5.70> <FuncUnit> <Opcode : 'fmul'> <InPorts = 2> <OutPorts = 1>
ST_22 : Operation 1031 [2/4] (5.70ns)   --->   "%mul_10_2 = fmul i32 %v_32, i32 %empty_85" [conv2.cpp:27]   --->   Operation 1031 'fmul' 'mul_10_2' <Predicate = true> <Delay = 5.70> <CoreInst = "FMul_maxdsp">   --->   Core 30 'FMul_maxdsp' <Latency = 3> <II = 1> <Delay = 5.70> <FuncUnit> <Opcode : 'fmul'> <InPorts = 2> <OutPorts = 1>
ST_22 : Operation 1032 [2/4] (5.70ns)   --->   "%mul_11 = fmul i32 %v_33, i32 %empty_86" [conv2.cpp:27]   --->   Operation 1032 'fmul' 'mul_11' <Predicate = true> <Delay = 5.70> <CoreInst = "FMul_maxdsp">   --->   Core 30 'FMul_maxdsp' <Latency = 3> <II = 1> <Delay = 5.70> <FuncUnit> <Opcode : 'fmul'> <InPorts = 2> <OutPorts = 1>
ST_22 : Operation 1033 [3/4] (5.70ns)   --->   "%mul_11_1 = fmul i32 %v_34, i32 %empty_87" [conv2.cpp:27]   --->   Operation 1033 'fmul' 'mul_11_1' <Predicate = true> <Delay = 5.70> <CoreInst = "FMul_maxdsp">   --->   Core 30 'FMul_maxdsp' <Latency = 3> <II = 1> <Delay = 5.70> <FuncUnit> <Opcode : 'fmul'> <InPorts = 2> <OutPorts = 1>
ST_22 : Operation 1034 [3/4] (5.70ns)   --->   "%mul_11_2 = fmul i32 %v_35, i32 %empty_88" [conv2.cpp:27]   --->   Operation 1034 'fmul' 'mul_11_2' <Predicate = true> <Delay = 5.70> <CoreInst = "FMul_maxdsp">   --->   Core 30 'FMul_maxdsp' <Latency = 3> <II = 1> <Delay = 5.70> <FuncUnit> <Opcode : 'fmul'> <InPorts = 2> <OutPorts = 1>
ST_22 : Operation 1035 [1/1] (0.00ns)   --->   "%bitcast_ln26_36 = bitcast i32 %inputs_load_36" [conv2.cpp:26]   --->   Operation 1035 'bitcast' 'bitcast_ln26_36' <Predicate = (!tmp_28)> <Delay = 0.00>
ST_22 : Operation 1036 [1/1] (0.69ns)   --->   "%v_36 = select i1 %tmp_28, i32 0, i32 %bitcast_ln26_36" [conv2.cpp:26]   --->   Operation 1036 'select' 'v_36' <Predicate = true> <Delay = 0.69> <CoreInst = "Sel">   --->   Core 73 'Sel' <Latency = 0> <II = 1> <Delay = 0.69> <FuncUnit> <Opcode : 'select'> <InPorts = 3> <OutPorts = 1>
ST_22 : Operation 1037 [4/4] (5.70ns)   --->   "%mul_12 = fmul i32 %v_36, i32 %empty_89" [conv2.cpp:27]   --->   Operation 1037 'fmul' 'mul_12' <Predicate = true> <Delay = 5.70> <CoreInst = "FMul_maxdsp">   --->   Core 30 'FMul_maxdsp' <Latency = 3> <II = 1> <Delay = 5.70> <FuncUnit> <Opcode : 'fmul'> <InPorts = 2> <OutPorts = 1>
ST_22 : Operation 1038 [1/1] (0.00ns)   --->   "%v_37 = bitcast i32 %inputs_load_37" [conv2.cpp:26]   --->   Operation 1038 'bitcast' 'v_37' <Predicate = true> <Delay = 0.00>
ST_22 : Operation 1039 [4/4] (5.70ns)   --->   "%mul_12_1 = fmul i32 %v_37, i32 %empty_90" [conv2.cpp:27]   --->   Operation 1039 'fmul' 'mul_12_1' <Predicate = true> <Delay = 5.70> <CoreInst = "FMul_maxdsp">   --->   Core 30 'FMul_maxdsp' <Latency = 3> <II = 1> <Delay = 5.70> <FuncUnit> <Opcode : 'fmul'> <InPorts = 2> <OutPorts = 1>
ST_22 : Operation 1040 [1/2] ( I:3.25ns O:3.25ns )   --->   "%inputs_load_40 = load i8 %inputs_addr_40" [conv2.cpp:26]   --->   Operation 1040 'load' 'inputs_load_40' <Predicate = true> <Delay = 3.25> <CoreInst = "RAM">   --->   Core 81 'RAM' <Latency = 1> <II = 1> <Delay = 3.25> <Storage> <Opcode : 'load' 'store'> <Ports = 2> <Width = 32> <Depth = 256> <RAM>
ST_22 : Operation 1041 [1/2] ( I:3.25ns O:3.25ns )   --->   "%inputs_load_41 = load i8 %inputs_addr_41" [conv2.cpp:26]   --->   Operation 1041 'load' 'inputs_load_41' <Predicate = (!tmp_29)> <Delay = 3.25> <CoreInst = "RAM">   --->   Core 81 'RAM' <Latency = 1> <II = 1> <Delay = 3.25> <Storage> <Opcode : 'load' 'store'> <Ports = 2> <Width = 32> <Depth = 256> <RAM>
ST_22 : Operation 1042 [2/2] (3.25ns)   --->   "%inputs_load_42 = load i8 %inputs_addr_42" [conv2.cpp:26]   --->   Operation 1042 'load' 'inputs_load_42' <Predicate = (!tmp_28)> <Delay = 3.25> <CoreInst = "RAM">   --->   Core 81 'RAM' <Latency = 1> <II = 1> <Delay = 3.25> <Storage> <Opcode : 'load' 'store'> <Ports = 2> <Width = 32> <Depth = 256> <RAM>
ST_22 : Operation 1043 [2/2] (3.25ns)   --->   "%inputs_load_43 = load i8 %inputs_addr_43" [conv2.cpp:26]   --->   Operation 1043 'load' 'inputs_load_43' <Predicate = true> <Delay = 3.25> <CoreInst = "RAM">   --->   Core 81 'RAM' <Latency = 1> <II = 1> <Delay = 3.25> <Storage> <Opcode : 'load' 'store'> <Ports = 2> <Width = 32> <Depth = 256> <RAM>

State 23 <SV = 22> <Delay = 7.25>
ST_23 : Operation 1044 [1/1] (0.00ns)   --->   "%tmp_25 = bitconcatenate i10 @_ssdm_op_BitConcatenate.i10.i6.i4, i6 %oc, i4 14" [conv2.cpp:16]   --->   Operation 1044 'bitconcatenate' 'tmp_25' <Predicate = true> <Delay = 0.00>
ST_23 : Operation 1045 [1/1] (0.00ns)   --->   "%tmp_40_cast = zext i10 %tmp_25" [conv2.cpp:16]   --->   Operation 1045 'zext' 'tmp_40_cast' <Predicate = true> <Delay = 0.00>
ST_23 : Operation 1046 [1/1] (0.00ns)   --->   "%p_shl15 = bitconcatenate i12 @_ssdm_op_BitConcatenate.i12.i6.i6, i6 %oc, i6 56" [conv2.cpp:16]   --->   Operation 1046 'bitconcatenate' 'p_shl15' <Predicate = true> <Delay = 0.00>
ST_23 : Operation 1047 [1/1] (1.54ns)   --->   "%empty_46 = sub i12 %p_shl15, i12 %tmp_40_cast" [conv2.cpp:16]   --->   Operation 1047 'sub' 'empty_46' <Predicate = true> <Delay = 1.54> <CoreInst = "Adder">   --->   Core 1 'Adder' <Latency = 0> <II = 1> <Delay = 1.54> <FuncUnit> <Opcode : 'add' 'sub'> <InPorts = 2> <OutPorts = 1>
ST_23 : Operation 1048 [1/1] (0.00ns)   --->   "%p_cast61 = zext i12 %empty_46" [conv2.cpp:16]   --->   Operation 1048 'zext' 'p_cast61' <Predicate = true> <Delay = 0.00>
ST_23 : Operation 1049 [1/1] (0.00ns)   --->   "%empty_47 = trunc i12 %empty_46" [conv2.cpp:16]   --->   Operation 1049 'trunc' 'empty_47' <Predicate = true> <Delay = 0.00>
ST_23 : Operation 1050 [1/1] (0.00ns)   --->   "%weights_addr_42 = getelementptr i32 %weights, i64 0, i64 %p_cast61" [conv2.cpp:16]   --->   Operation 1050 'getelementptr' 'weights_addr_42' <Predicate = true> <Delay = 0.00>
ST_23 : Operation 1051 [1/1] (0.00ns)   --->   "%tmp_41_cast = partselect i10 @_ssdm_op_PartSelect.i10.i12.i32.i32, i12 %empty_46, i32 1, i32 10" [conv2.cpp:16]   --->   Operation 1051 'partselect' 'tmp_41_cast' <Predicate = true> <Delay = 0.00>
ST_23 : Operation 1052 [1/1] (0.00ns)   --->   "%tmp_26 = bitconcatenate i11 @_ssdm_op_BitConcatenate.i11.i10.i1, i10 %tmp_41_cast, i1 1" [conv2.cpp:16]   --->   Operation 1052 'bitconcatenate' 'tmp_26' <Predicate = true> <Delay = 0.00>
ST_23 : Operation 1053 [1/1] (0.00ns)   --->   "%tmp_42_cast = zext i11 %tmp_26" [conv2.cpp:16]   --->   Operation 1053 'zext' 'tmp_42_cast' <Predicate = true> <Delay = 0.00>
ST_23 : Operation 1054 [1/1] (0.00ns)   --->   "%weights_addr_43 = getelementptr i32 %weights, i64 0, i64 %tmp_42_cast" [conv2.cpp:16]   --->   Operation 1054 'getelementptr' 'weights_addr_43' <Predicate = true> <Delay = 0.00>
ST_23 : Operation 1055 [1/1] (0.00ns)   --->   "%empty_91 = bitcast i32 %weights_load_38" [conv2.cpp:16]   --->   Operation 1055 'bitcast' 'empty_91' <Predicate = true> <Delay = 0.00>
ST_23 : Operation 1056 [1/1] (0.00ns)   --->   "%empty_92 = bitcast i32 %weights_load_39" [conv2.cpp:16]   --->   Operation 1056 'bitcast' 'empty_92' <Predicate = true> <Delay = 0.00>
ST_23 : Operation 1057 [1/2] ( I:3.25ns O:3.25ns )   --->   "%weights_load_40 = load i11 %weights_addr_40" [conv2.cpp:16]   --->   Operation 1057 'load' 'weights_load_40' <Predicate = true> <Delay = 3.25> <CoreInst = "RAM">   --->   Core 81 'RAM' <Latency = 1> <II = 1> <Delay = 3.25> <Storage> <Opcode : 'load' 'store'> <Ports = 2> <Width = 32> <Depth = 1536> <RAM>
ST_23 : Operation 1058 [1/2] ( I:3.25ns O:3.25ns )   --->   "%weights_load_41 = load i11 %weights_addr_41" [conv2.cpp:16]   --->   Operation 1058 'load' 'weights_load_41' <Predicate = true> <Delay = 3.25> <CoreInst = "RAM">   --->   Core 81 'RAM' <Latency = 1> <II = 1> <Delay = 3.25> <Storage> <Opcode : 'load' 'store'> <Ports = 2> <Width = 32> <Depth = 1536> <RAM>
ST_23 : Operation 1059 [2/2] (3.25ns)   --->   "%weights_load_42 = load i11 %weights_addr_42" [conv2.cpp:16]   --->   Operation 1059 'load' 'weights_load_42' <Predicate = true> <Delay = 3.25> <CoreInst = "RAM">   --->   Core 81 'RAM' <Latency = 1> <II = 1> <Delay = 3.25> <Storage> <Opcode : 'load' 'store'> <Ports = 2> <Width = 32> <Depth = 1536> <RAM>
ST_23 : Operation 1060 [2/2] (3.25ns)   --->   "%weights_load_43 = load i11 %weights_addr_43" [conv2.cpp:16]   --->   Operation 1060 'load' 'weights_load_43' <Predicate = true> <Delay = 3.25> <CoreInst = "RAM">   --->   Core 81 'RAM' <Latency = 1> <II = 1> <Delay = 3.25> <Storage> <Opcode : 'load' 'store'> <Ports = 2> <Width = 32> <Depth = 1536> <RAM>
ST_23 : Operation 1061 [1/1] (0.00ns)   --->   "%sext_ln26_12 = sext i6 %add_ln26_8" [conv2.cpp:26]   --->   Operation 1061 'sext' 'sext_ln26_12' <Predicate = (!tmp_28)> <Delay = 0.00>
ST_23 : Operation 1062 [1/1] (0.00ns)   --->   "%zext_ln26_34 = zext i8 %sext_ln26_12" [conv2.cpp:26]   --->   Operation 1062 'zext' 'zext_ln26_34' <Predicate = (!tmp_28)> <Delay = 0.00>
ST_23 : Operation 1063 [1/1] (0.00ns)   --->   "%inputs_addr_45 = getelementptr i32 %inputs, i64 0, i64 %zext_ln26_34" [conv2.cpp:26]   --->   Operation 1063 'getelementptr' 'inputs_addr_45' <Predicate = (!tmp_28)> <Delay = 0.00>
ST_23 : Operation 1064 [1/1] (0.00ns)   --->   "%sext_ln26_16 = sext i6 %tmp_51_cast" [conv2.cpp:26]   --->   Operation 1064 'sext' 'sext_ln26_16' <Predicate = (!tmp_29)> <Delay = 0.00>
ST_23 : Operation 1065 [1/1] (0.00ns)   --->   "%zext_ln26_51 = zext i8 %sext_ln26_16" [conv2.cpp:26]   --->   Operation 1065 'zext' 'zext_ln26_51' <Predicate = (!tmp_29)> <Delay = 0.00>
ST_23 : Operation 1066 [1/1] (0.00ns)   --->   "%inputs_addr_44 = getelementptr i32 %inputs, i64 0, i64 %zext_ln26_51" [conv2.cpp:26]   --->   Operation 1066 'getelementptr' 'inputs_addr_44' <Predicate = (!tmp_29)> <Delay = 0.00>
ST_23 : Operation 1067 [5/5] (7.25ns)   --->   "%acc_4 = fadd i32 %acc_3, i32 %mul_1" [conv2.cpp:27]   --->   Operation 1067 'fadd' 'acc_4' <Predicate = true> <Delay = 7.25> <CoreInst = "FAddSub_fulldsp">   --->   Core 18 'FAddSub_fulldsp' <Latency = 4> <II = 1> <Delay = 7.25> <FuncUnit> <Opcode : 'fadd' 'fsub'> <InPorts = 2> <OutPorts = 1>
ST_23 : Operation 1068 [1/4] (5.70ns)   --->   "%mul_10_2 = fmul i32 %v_32, i32 %empty_85" [conv2.cpp:27]   --->   Operation 1068 'fmul' 'mul_10_2' <Predicate = true> <Delay = 5.70> <CoreInst = "FMul_maxdsp">   --->   Core 30 'FMul_maxdsp' <Latency = 3> <II = 1> <Delay = 5.70> <FuncUnit> <Opcode : 'fmul'> <InPorts = 2> <OutPorts = 1>
ST_23 : Operation 1069 [1/4] (5.70ns)   --->   "%mul_11 = fmul i32 %v_33, i32 %empty_86" [conv2.cpp:27]   --->   Operation 1069 'fmul' 'mul_11' <Predicate = true> <Delay = 5.70> <CoreInst = "FMul_maxdsp">   --->   Core 30 'FMul_maxdsp' <Latency = 3> <II = 1> <Delay = 5.70> <FuncUnit> <Opcode : 'fmul'> <InPorts = 2> <OutPorts = 1>
ST_23 : Operation 1070 [2/4] (5.70ns)   --->   "%mul_11_1 = fmul i32 %v_34, i32 %empty_87" [conv2.cpp:27]   --->   Operation 1070 'fmul' 'mul_11_1' <Predicate = true> <Delay = 5.70> <CoreInst = "FMul_maxdsp">   --->   Core 30 'FMul_maxdsp' <Latency = 3> <II = 1> <Delay = 5.70> <FuncUnit> <Opcode : 'fmul'> <InPorts = 2> <OutPorts = 1>
ST_23 : Operation 1071 [2/4] (5.70ns)   --->   "%mul_11_2 = fmul i32 %v_35, i32 %empty_88" [conv2.cpp:27]   --->   Operation 1071 'fmul' 'mul_11_2' <Predicate = true> <Delay = 5.70> <CoreInst = "FMul_maxdsp">   --->   Core 30 'FMul_maxdsp' <Latency = 3> <II = 1> <Delay = 5.70> <FuncUnit> <Opcode : 'fmul'> <InPorts = 2> <OutPorts = 1>
ST_23 : Operation 1072 [3/4] (5.70ns)   --->   "%mul_12 = fmul i32 %v_36, i32 %empty_89" [conv2.cpp:27]   --->   Operation 1072 'fmul' 'mul_12' <Predicate = true> <Delay = 5.70> <CoreInst = "FMul_maxdsp">   --->   Core 30 'FMul_maxdsp' <Latency = 3> <II = 1> <Delay = 5.70> <FuncUnit> <Opcode : 'fmul'> <InPorts = 2> <OutPorts = 1>
ST_23 : Operation 1073 [3/4] (5.70ns)   --->   "%mul_12_1 = fmul i32 %v_37, i32 %empty_90" [conv2.cpp:27]   --->   Operation 1073 'fmul' 'mul_12_1' <Predicate = true> <Delay = 5.70> <CoreInst = "FMul_maxdsp">   --->   Core 30 'FMul_maxdsp' <Latency = 3> <II = 1> <Delay = 5.70> <FuncUnit> <Opcode : 'fmul'> <InPorts = 2> <OutPorts = 1>
ST_23 : Operation 1074 [1/1] (0.00ns)   --->   "%bitcast_ln26_38 = bitcast i32 %inputs_load_38" [conv2.cpp:26]   --->   Operation 1074 'bitcast' 'bitcast_ln26_38' <Predicate = (!tmp_29)> <Delay = 0.00>
ST_23 : Operation 1075 [1/1] (0.69ns)   --->   "%v_38 = select i1 %tmp_29, i32 0, i32 %bitcast_ln26_38" [conv2.cpp:26]   --->   Operation 1075 'select' 'v_38' <Predicate = true> <Delay = 0.69> <CoreInst = "Sel">   --->   Core 73 'Sel' <Latency = 0> <II = 1> <Delay = 0.69> <FuncUnit> <Opcode : 'select'> <InPorts = 3> <OutPorts = 1>
ST_23 : Operation 1076 [4/4] (5.70ns)   --->   "%mul_12_2 = fmul i32 %v_38, i32 %empty_91" [conv2.cpp:27]   --->   Operation 1076 'fmul' 'mul_12_2' <Predicate = true> <Delay = 5.70> <CoreInst = "FMul_maxdsp">   --->   Core 30 'FMul_maxdsp' <Latency = 3> <II = 1> <Delay = 5.70> <FuncUnit> <Opcode : 'fmul'> <InPorts = 2> <OutPorts = 1>
ST_23 : Operation 1077 [1/1] (0.00ns)   --->   "%bitcast_ln26_39 = bitcast i32 %inputs_load_39" [conv2.cpp:26]   --->   Operation 1077 'bitcast' 'bitcast_ln26_39' <Predicate = (!tmp_28)> <Delay = 0.00>
ST_23 : Operation 1078 [1/1] (0.69ns)   --->   "%v_39 = select i1 %tmp_28, i32 0, i32 %bitcast_ln26_39" [conv2.cpp:26]   --->   Operation 1078 'select' 'v_39' <Predicate = true> <Delay = 0.69> <CoreInst = "Sel">   --->   Core 73 'Sel' <Latency = 0> <II = 1> <Delay = 0.69> <FuncUnit> <Opcode : 'select'> <InPorts = 3> <OutPorts = 1>
ST_23 : Operation 1079 [4/4] (5.70ns)   --->   "%mul_13 = fmul i32 %v_39, i32 %empty_92" [conv2.cpp:27]   --->   Operation 1079 'fmul' 'mul_13' <Predicate = true> <Delay = 5.70> <CoreInst = "FMul_maxdsp">   --->   Core 30 'FMul_maxdsp' <Latency = 3> <II = 1> <Delay = 5.70> <FuncUnit> <Opcode : 'fmul'> <InPorts = 2> <OutPorts = 1>
ST_23 : Operation 1080 [1/2] ( I:3.25ns O:3.25ns )   --->   "%inputs_load_42 = load i8 %inputs_addr_42" [conv2.cpp:26]   --->   Operation 1080 'load' 'inputs_load_42' <Predicate = (!tmp_28)> <Delay = 3.25> <CoreInst = "RAM">   --->   Core 81 'RAM' <Latency = 1> <II = 1> <Delay = 3.25> <Storage> <Opcode : 'load' 'store'> <Ports = 2> <Width = 32> <Depth = 256> <RAM>
ST_23 : Operation 1081 [1/2] ( I:3.25ns O:3.25ns )   --->   "%inputs_load_43 = load i8 %inputs_addr_43" [conv2.cpp:26]   --->   Operation 1081 'load' 'inputs_load_43' <Predicate = true> <Delay = 3.25> <CoreInst = "RAM">   --->   Core 81 'RAM' <Latency = 1> <II = 1> <Delay = 3.25> <Storage> <Opcode : 'load' 'store'> <Ports = 2> <Width = 32> <Depth = 256> <RAM>
ST_23 : Operation 1082 [2/2] (3.25ns)   --->   "%inputs_load_44 = load i8 %inputs_addr_44" [conv2.cpp:26]   --->   Operation 1082 'load' 'inputs_load_44' <Predicate = (!tmp_29)> <Delay = 3.25> <CoreInst = "RAM">   --->   Core 81 'RAM' <Latency = 1> <II = 1> <Delay = 3.25> <Storage> <Opcode : 'load' 'store'> <Ports = 2> <Width = 32> <Depth = 256> <RAM>
ST_23 : Operation 1083 [2/2] (3.25ns)   --->   "%inputs_load_45 = load i8 %inputs_addr_45" [conv2.cpp:26]   --->   Operation 1083 'load' 'inputs_load_45' <Predicate = (!tmp_28)> <Delay = 3.25> <CoreInst = "RAM">   --->   Core 81 'RAM' <Latency = 1> <II = 1> <Delay = 3.25> <Storage> <Opcode : 'load' 'store'> <Ports = 2> <Width = 32> <Depth = 256> <RAM>

State 24 <SV = 23> <Delay = 7.25>
ST_24 : Operation 1084 [1/1] (0.00ns)   --->   "%indvar_flatten1_load = load i9 %indvar_flatten1" [conv2.cpp:16]   --->   Operation 1084 'load' 'indvar_flatten1_load' <Predicate = true> <Delay = 0.00>
ST_24 : Operation 1085 [1/1] (1.63ns)   --->   "%empty_48 = add i11 %empty_47, i11 2" [conv2.cpp:16]   --->   Operation 1085 'add' 'empty_48' <Predicate = true> <Delay = 1.63> <CoreInst = "Adder">   --->   Core 1 'Adder' <Latency = 0> <II = 1> <Delay = 1.63> <FuncUnit> <Opcode : 'add' 'sub'> <InPorts = 2> <OutPorts = 1>
ST_24 : Operation 1086 [1/1] (0.00ns)   --->   "%p_cast62 = zext i11 %empty_48" [conv2.cpp:16]   --->   Operation 1086 'zext' 'p_cast62' <Predicate = true> <Delay = 0.00>
ST_24 : Operation 1087 [1/1] (0.00ns)   --->   "%weights_addr_44 = getelementptr i32 %weights, i64 0, i64 %p_cast62" [conv2.cpp:16]   --->   Operation 1087 'getelementptr' 'weights_addr_44' <Predicate = true> <Delay = 0.00>
ST_24 : Operation 1088 [1/1] (0.00ns)   --->   "%tmp_27 = bitconcatenate i10 @_ssdm_op_BitConcatenate.i10.i6.i4, i6 %oc, i4 15" [conv2.cpp:16]   --->   Operation 1088 'bitconcatenate' 'tmp_27' <Predicate = true> <Delay = 0.00>
ST_24 : Operation 1089 [1/1] (0.00ns)   --->   "%tmp_43_cast = zext i10 %tmp_27" [conv2.cpp:16]   --->   Operation 1089 'zext' 'tmp_43_cast' <Predicate = true> <Delay = 0.00>
ST_24 : Operation 1090 [1/1] (0.00ns)   --->   "%p_shl = bitconcatenate i12 @_ssdm_op_BitConcatenate.i12.i6.i6, i6 %oc, i6 60" [conv2.cpp:16]   --->   Operation 1090 'bitconcatenate' 'p_shl' <Predicate = true> <Delay = 0.00>
ST_24 : Operation 1091 [1/1] (1.54ns)   --->   "%empty_49 = sub i12 %p_shl, i12 %tmp_43_cast" [conv2.cpp:16]   --->   Operation 1091 'sub' 'empty_49' <Predicate = true> <Delay = 1.54> <CoreInst = "Adder">   --->   Core 1 'Adder' <Latency = 0> <II = 1> <Delay = 1.54> <FuncUnit> <Opcode : 'add' 'sub'> <InPorts = 2> <OutPorts = 1>
ST_24 : Operation 1092 [1/1] (0.00ns)   --->   "%p_cast63 = zext i12 %empty_49" [conv2.cpp:16]   --->   Operation 1092 'zext' 'p_cast63' <Predicate = true> <Delay = 0.00>
ST_24 : Operation 1093 [1/1] (0.00ns)   --->   "%empty_50 = trunc i12 %empty_49" [conv2.cpp:16]   --->   Operation 1093 'trunc' 'empty_50' <Predicate = true> <Delay = 0.00>
ST_24 : Operation 1094 [1/1] (0.00ns)   --->   "%weights_addr_45 = getelementptr i32 %weights, i64 0, i64 %p_cast63" [conv2.cpp:16]   --->   Operation 1094 'getelementptr' 'weights_addr_45' <Predicate = true> <Delay = 0.00>
ST_24 : Operation 1095 [1/1] (0.00ns)   --->   "%empty_93 = bitcast i32 %weights_load_40" [conv2.cpp:16]   --->   Operation 1095 'bitcast' 'empty_93' <Predicate = true> <Delay = 0.00>
ST_24 : Operation 1096 [1/1] (0.00ns)   --->   "%empty_94 = bitcast i32 %weights_load_41" [conv2.cpp:16]   --->   Operation 1096 'bitcast' 'empty_94' <Predicate = true> <Delay = 0.00>
ST_24 : Operation 1097 [1/2] ( I:3.25ns O:3.25ns )   --->   "%weights_load_42 = load i11 %weights_addr_42" [conv2.cpp:16]   --->   Operation 1097 'load' 'weights_load_42' <Predicate = true> <Delay = 3.25> <CoreInst = "RAM">   --->   Core 81 'RAM' <Latency = 1> <II = 1> <Delay = 3.25> <Storage> <Opcode : 'load' 'store'> <Ports = 2> <Width = 32> <Depth = 1536> <RAM>
ST_24 : Operation 1098 [1/2] ( I:3.25ns O:3.25ns )   --->   "%weights_load_43 = load i11 %weights_addr_43" [conv2.cpp:16]   --->   Operation 1098 'load' 'weights_load_43' <Predicate = true> <Delay = 3.25> <CoreInst = "RAM">   --->   Core 81 'RAM' <Latency = 1> <II = 1> <Delay = 3.25> <Storage> <Opcode : 'load' 'store'> <Ports = 2> <Width = 32> <Depth = 1536> <RAM>
ST_24 : Operation 1099 [2/2] (3.25ns)   --->   "%weights_load_44 = load i11 %weights_addr_44" [conv2.cpp:16]   --->   Operation 1099 'load' 'weights_load_44' <Predicate = true> <Delay = 3.25> <CoreInst = "RAM">   --->   Core 81 'RAM' <Latency = 1> <II = 1> <Delay = 3.25> <Storage> <Opcode : 'load' 'store'> <Ports = 2> <Width = 32> <Depth = 1536> <RAM>
ST_24 : Operation 1100 [2/2] (3.25ns)   --->   "%weights_load_45 = load i11 %weights_addr_45" [conv2.cpp:16]   --->   Operation 1100 'load' 'weights_load_45' <Predicate = true> <Delay = 3.25> <CoreInst = "RAM">   --->   Core 81 'RAM' <Latency = 1> <II = 1> <Delay = 3.25> <Storage> <Opcode : 'load' 'store'> <Ports = 2> <Width = 32> <Depth = 1536> <RAM>
ST_24 : Operation 1101 [1/1] (0.97ns)   --->   "%xor_ln26 = xor i1 %bit_sel1, i1 1" [conv2.cpp:26]   --->   Operation 1101 'xor' 'xor_ln26' <Predicate = true> <Delay = 0.97> <CoreInst = "LogicGate">   --->   Core 74 'LogicGate' <Latency = 0> <II = 1> <Delay = 0.97> <FuncUnit> <Opcode : 'and' 'or' 'xor'> <InPorts = 2> <OutPorts = 1>
ST_24 : Operation 1102 [1/1] (0.00ns)   --->   "%add_ln26_7 = bitconcatenate i5 @_ssdm_op_BitConcatenate.i5.i1.i4, i1 %xor_ln26, i4 %trunc_ln26" [conv2.cpp:26]   --->   Operation 1102 'bitconcatenate' 'add_ln26_7' <Predicate = true> <Delay = 0.00>
ST_24 : Operation 1103 [1/1] (0.00ns)   --->   "%sext_ln26_5 = sext i5 %add_ln26_7" [conv2.cpp:26]   --->   Operation 1103 'sext' 'sext_ln26_5' <Predicate = true> <Delay = 0.00>
ST_24 : Operation 1104 [1/1] (0.00ns)   --->   "%zext_ln26_19 = zext i8 %sext_ln26_5" [conv2.cpp:26]   --->   Operation 1104 'zext' 'zext_ln26_19' <Predicate = true> <Delay = 0.00>
ST_24 : Operation 1105 [1/1] (0.00ns)   --->   "%inputs_addr_46 = getelementptr i32 %inputs, i64 0, i64 %zext_ln26_19" [conv2.cpp:26]   --->   Operation 1105 'getelementptr' 'inputs_addr_46' <Predicate = true> <Delay = 0.00>
ST_24 : Operation 1106 [1/1] (1.78ns)   --->   "%add_ln26_23 = add i5 %select_ln16, i5 17" [conv2.cpp:26]   --->   Operation 1106 'add' 'add_ln26_23' <Predicate = (!tmp_29)> <Delay = 1.78> <CoreInst = "Adder">   --->   Core 1 'Adder' <Latency = 0> <II = 1> <Delay = 1.78> <FuncUnit> <Opcode : 'add' 'sub'> <InPorts = 2> <OutPorts = 1>
ST_24 : Operation 1107 [1/1] (0.00ns)   --->   "%sext_ln26_17 = sext i5 %add_ln26_23" [conv2.cpp:26]   --->   Operation 1107 'sext' 'sext_ln26_17' <Predicate = (!tmp_29)> <Delay = 0.00>
ST_24 : Operation 1108 [1/1] (0.00ns)   --->   "%zext_ln26_52 = zext i8 %sext_ln26_17" [conv2.cpp:26]   --->   Operation 1108 'zext' 'zext_ln26_52' <Predicate = (!tmp_29)> <Delay = 0.00>
ST_24 : Operation 1109 [1/1] (0.00ns)   --->   "%inputs_addr_47 = getelementptr i32 %inputs, i64 0, i64 %zext_ln26_52" [conv2.cpp:26]   --->   Operation 1109 'getelementptr' 'inputs_addr_47' <Predicate = (!tmp_29)> <Delay = 0.00>
ST_24 : Operation 1110 [4/5] (7.25ns)   --->   "%acc_4 = fadd i32 %acc_3, i32 %mul_1" [conv2.cpp:27]   --->   Operation 1110 'fadd' 'acc_4' <Predicate = true> <Delay = 7.25> <CoreInst = "FAddSub_fulldsp">   --->   Core 18 'FAddSub_fulldsp' <Latency = 4> <II = 1> <Delay = 7.25> <FuncUnit> <Opcode : 'fadd' 'fsub'> <InPorts = 2> <OutPorts = 1>
ST_24 : Operation 1111 [1/4] (5.70ns)   --->   "%mul_11_1 = fmul i32 %v_34, i32 %empty_87" [conv2.cpp:27]   --->   Operation 1111 'fmul' 'mul_11_1' <Predicate = true> <Delay = 5.70> <CoreInst = "FMul_maxdsp">   --->   Core 30 'FMul_maxdsp' <Latency = 3> <II = 1> <Delay = 5.70> <FuncUnit> <Opcode : 'fmul'> <InPorts = 2> <OutPorts = 1>
ST_24 : Operation 1112 [1/4] (5.70ns)   --->   "%mul_11_2 = fmul i32 %v_35, i32 %empty_88" [conv2.cpp:27]   --->   Operation 1112 'fmul' 'mul_11_2' <Predicate = true> <Delay = 5.70> <CoreInst = "FMul_maxdsp">   --->   Core 30 'FMul_maxdsp' <Latency = 3> <II = 1> <Delay = 5.70> <FuncUnit> <Opcode : 'fmul'> <InPorts = 2> <OutPorts = 1>
ST_24 : Operation 1113 [2/4] (5.70ns)   --->   "%mul_12 = fmul i32 %v_36, i32 %empty_89" [conv2.cpp:27]   --->   Operation 1113 'fmul' 'mul_12' <Predicate = true> <Delay = 5.70> <CoreInst = "FMul_maxdsp">   --->   Core 30 'FMul_maxdsp' <Latency = 3> <II = 1> <Delay = 5.70> <FuncUnit> <Opcode : 'fmul'> <InPorts = 2> <OutPorts = 1>
ST_24 : Operation 1114 [2/4] (5.70ns)   --->   "%mul_12_1 = fmul i32 %v_37, i32 %empty_90" [conv2.cpp:27]   --->   Operation 1114 'fmul' 'mul_12_1' <Predicate = true> <Delay = 5.70> <CoreInst = "FMul_maxdsp">   --->   Core 30 'FMul_maxdsp' <Latency = 3> <II = 1> <Delay = 5.70> <FuncUnit> <Opcode : 'fmul'> <InPorts = 2> <OutPorts = 1>
ST_24 : Operation 1115 [3/4] (5.70ns)   --->   "%mul_12_2 = fmul i32 %v_38, i32 %empty_91" [conv2.cpp:27]   --->   Operation 1115 'fmul' 'mul_12_2' <Predicate = true> <Delay = 5.70> <CoreInst = "FMul_maxdsp">   --->   Core 30 'FMul_maxdsp' <Latency = 3> <II = 1> <Delay = 5.70> <FuncUnit> <Opcode : 'fmul'> <InPorts = 2> <OutPorts = 1>
ST_24 : Operation 1116 [3/4] (5.70ns)   --->   "%mul_13 = fmul i32 %v_39, i32 %empty_92" [conv2.cpp:27]   --->   Operation 1116 'fmul' 'mul_13' <Predicate = true> <Delay = 5.70> <CoreInst = "FMul_maxdsp">   --->   Core 30 'FMul_maxdsp' <Latency = 3> <II = 1> <Delay = 5.70> <FuncUnit> <Opcode : 'fmul'> <InPorts = 2> <OutPorts = 1>
ST_24 : Operation 1117 [1/1] (0.00ns)   --->   "%v_40 = bitcast i32 %inputs_load_40" [conv2.cpp:26]   --->   Operation 1117 'bitcast' 'v_40' <Predicate = true> <Delay = 0.00>
ST_24 : Operation 1118 [4/4] (5.70ns)   --->   "%mul_13_1 = fmul i32 %v_40, i32 %empty_93" [conv2.cpp:27]   --->   Operation 1118 'fmul' 'mul_13_1' <Predicate = true> <Delay = 5.70> <CoreInst = "FMul_maxdsp">   --->   Core 30 'FMul_maxdsp' <Latency = 3> <II = 1> <Delay = 5.70> <FuncUnit> <Opcode : 'fmul'> <InPorts = 2> <OutPorts = 1>
ST_24 : Operation 1119 [1/1] (0.00ns)   --->   "%bitcast_ln26_41 = bitcast i32 %inputs_load_41" [conv2.cpp:26]   --->   Operation 1119 'bitcast' 'bitcast_ln26_41' <Predicate = (!tmp_29)> <Delay = 0.00>
ST_24 : Operation 1120 [1/1] (0.69ns)   --->   "%v_41 = select i1 %tmp_29, i32 0, i32 %bitcast_ln26_41" [conv2.cpp:26]   --->   Operation 1120 'select' 'v_41' <Predicate = true> <Delay = 0.69> <CoreInst = "Sel">   --->   Core 73 'Sel' <Latency = 0> <II = 1> <Delay = 0.69> <FuncUnit> <Opcode : 'select'> <InPorts = 3> <OutPorts = 1>
ST_24 : Operation 1121 [4/4] (5.70ns)   --->   "%mul_13_2 = fmul i32 %v_41, i32 %empty_94" [conv2.cpp:27]   --->   Operation 1121 'fmul' 'mul_13_2' <Predicate = true> <Delay = 5.70> <CoreInst = "FMul_maxdsp">   --->   Core 30 'FMul_maxdsp' <Latency = 3> <II = 1> <Delay = 5.70> <FuncUnit> <Opcode : 'fmul'> <InPorts = 2> <OutPorts = 1>
ST_24 : Operation 1122 [1/1] (0.00ns)   --->   "%bitcast_ln26_42 = bitcast i32 %inputs_load_42" [conv2.cpp:26]   --->   Operation 1122 'bitcast' 'bitcast_ln26_42' <Predicate = (!tmp_28)> <Delay = 0.00>
ST_24 : Operation 1123 [1/1] (0.69ns)   --->   "%v_42 = select i1 %tmp_28, i32 0, i32 %bitcast_ln26_42" [conv2.cpp:26]   --->   Operation 1123 'select' 'v_42' <Predicate = true> <Delay = 0.69> <CoreInst = "Sel">   --->   Core 73 'Sel' <Latency = 0> <II = 1> <Delay = 0.69> <FuncUnit> <Opcode : 'select'> <InPorts = 3> <OutPorts = 1>
ST_24 : Operation 1124 [1/2] ( I:3.25ns O:3.25ns )   --->   "%inputs_load_44 = load i8 %inputs_addr_44" [conv2.cpp:26]   --->   Operation 1124 'load' 'inputs_load_44' <Predicate = (!tmp_29)> <Delay = 3.25> <CoreInst = "RAM">   --->   Core 81 'RAM' <Latency = 1> <II = 1> <Delay = 3.25> <Storage> <Opcode : 'load' 'store'> <Ports = 2> <Width = 32> <Depth = 256> <RAM>
ST_24 : Operation 1125 [1/2] ( I:3.25ns O:3.25ns )   --->   "%inputs_load_45 = load i8 %inputs_addr_45" [conv2.cpp:26]   --->   Operation 1125 'load' 'inputs_load_45' <Predicate = (!tmp_28)> <Delay = 3.25> <CoreInst = "RAM">   --->   Core 81 'RAM' <Latency = 1> <II = 1> <Delay = 3.25> <Storage> <Opcode : 'load' 'store'> <Ports = 2> <Width = 32> <Depth = 256> <RAM>
ST_24 : Operation 1126 [1/1] (0.00ns)   --->   "%bitcast_ln26_45 = bitcast i32 %inputs_load_45" [conv2.cpp:26]   --->   Operation 1126 'bitcast' 'bitcast_ln26_45' <Predicate = (!tmp_28)> <Delay = 0.00>
ST_24 : Operation 1127 [1/1] (0.69ns)   --->   "%v_45 = select i1 %tmp_28, i32 0, i32 %bitcast_ln26_45" [conv2.cpp:26]   --->   Operation 1127 'select' 'v_45' <Predicate = true> <Delay = 0.69> <CoreInst = "Sel">   --->   Core 73 'Sel' <Latency = 0> <II = 1> <Delay = 0.69> <FuncUnit> <Opcode : 'select'> <InPorts = 3> <OutPorts = 1>
ST_24 : Operation 1128 [2/2] (3.25ns)   --->   "%inputs_load_46 = load i8 %inputs_addr_46" [conv2.cpp:26]   --->   Operation 1128 'load' 'inputs_load_46' <Predicate = true> <Delay = 3.25> <CoreInst = "RAM">   --->   Core 81 'RAM' <Latency = 1> <II = 1> <Delay = 3.25> <Storage> <Opcode : 'load' 'store'> <Ports = 2> <Width = 32> <Depth = 256> <RAM>
ST_24 : Operation 1129 [2/2] (3.25ns)   --->   "%inputs_load_47 = load i8 %inputs_addr_47" [conv2.cpp:26]   --->   Operation 1129 'load' 'inputs_load_47' <Predicate = (!tmp_29)> <Delay = 3.25> <CoreInst = "RAM">   --->   Core 81 'RAM' <Latency = 1> <II = 1> <Delay = 3.25> <Storage> <Opcode : 'load' 'store'> <Ports = 2> <Width = 32> <Depth = 256> <RAM>
ST_24 : Operation 1130 [1/1] (1.82ns)   --->   "%add_ln16_1 = add i9 %indvar_flatten1_load, i9 1" [conv2.cpp:16]   --->   Operation 1130 'add' 'add_ln16_1' <Predicate = true> <Delay = 1.82> <CoreInst = "Adder">   --->   Core 1 'Adder' <Latency = 0> <II = 1> <Delay = 1.82> <FuncUnit> <Opcode : 'add' 'sub'> <InPorts = 2> <OutPorts = 1>
ST_24 : Operation 1131 [1/1] (1.78ns)   --->   "%icmp_ln17 = icmp_eq  i5 %o, i5 16" [conv2.cpp:17]   --->   Operation 1131 'icmp' 'icmp_ln17' <Predicate = true> <Delay = 1.78> <CoreInst = "Cmp">   --->   Core 9 'Cmp' <Latency = 0> <II = 1> <Delay = 1.78> <FuncUnit> <Opcode : 'seteq' 'setne' 'setle' 'setge' 'setlt' 'setgt'> <InPorts = 2> <OutPorts = 1>
ST_24 : Operation 1132 [1/1] (1.82ns)   --->   "%icmp_ln16 = icmp_eq  i9 %indvar_flatten1_load, i9 511" [conv2.cpp:16]   --->   Operation 1132 'icmp' 'icmp_ln16' <Predicate = true> <Delay = 1.82> <CoreInst = "Cmp">   --->   Core 9 'Cmp' <Latency = 0> <II = 1> <Delay = 1.82> <FuncUnit> <Opcode : 'seteq' 'setne' 'setle' 'setge' 'setlt' 'setgt'> <InPorts = 2> <OutPorts = 1>
ST_24 : Operation 1133 [1/1] (1.58ns)   --->   "%store_ln16 = store i9 %add_ln16_1, i9 %indvar_flatten1" [conv2.cpp:16]   --->   Operation 1133 'store' 'store_ln16' <Predicate = true> <Delay = 1.58>
ST_24 : Operation 1134 [1/1] (0.00ns)   --->   "%br_ln16 = br i1 %icmp_ln16, void %for.inc36, void %for.end38" [conv2.cpp:16]   --->   Operation 1134 'br' 'br_ln16' <Predicate = true> <Delay = 0.00>

State 25 <SV = 24> <Delay = 7.25>
ST_25 : Operation 1135 [1/1] (1.63ns)   --->   "%empty_51 = add i11 %empty_50, i11 1" [conv2.cpp:16]   --->   Operation 1135 'add' 'empty_51' <Predicate = true> <Delay = 1.63> <CoreInst = "Adder">   --->   Core 1 'Adder' <Latency = 0> <II = 1> <Delay = 1.63> <FuncUnit> <Opcode : 'add' 'sub'> <InPorts = 2> <OutPorts = 1>
ST_25 : Operation 1136 [1/1] (0.00ns)   --->   "%p_cast64 = zext i11 %empty_51" [conv2.cpp:16]   --->   Operation 1136 'zext' 'p_cast64' <Predicate = true> <Delay = 0.00>
ST_25 : Operation 1137 [1/1] (0.00ns)   --->   "%weights_addr_46 = getelementptr i32 %weights, i64 0, i64 %p_cast64" [conv2.cpp:16]   --->   Operation 1137 'getelementptr' 'weights_addr_46' <Predicate = true> <Delay = 0.00>
ST_25 : Operation 1138 [1/1] (1.63ns)   --->   "%empty_52 = add i11 %empty_50, i11 2" [conv2.cpp:16]   --->   Operation 1138 'add' 'empty_52' <Predicate = true> <Delay = 1.63> <CoreInst = "Adder">   --->   Core 1 'Adder' <Latency = 0> <II = 1> <Delay = 1.63> <FuncUnit> <Opcode : 'add' 'sub'> <InPorts = 2> <OutPorts = 1>
ST_25 : Operation 1139 [1/1] (0.00ns)   --->   "%p_cast65 = zext i11 %empty_52" [conv2.cpp:16]   --->   Operation 1139 'zext' 'p_cast65' <Predicate = true> <Delay = 0.00>
ST_25 : Operation 1140 [1/1] (0.00ns)   --->   "%weights_addr_47 = getelementptr i32 %weights, i64 0, i64 %p_cast65" [conv2.cpp:16]   --->   Operation 1140 'getelementptr' 'weights_addr_47' <Predicate = true> <Delay = 0.00>
ST_25 : Operation 1141 [1/1] (0.00ns)   --->   "%empty_95 = bitcast i32 %weights_load_42" [conv2.cpp:16]   --->   Operation 1141 'bitcast' 'empty_95' <Predicate = true> <Delay = 0.00>
ST_25 : Operation 1142 [1/1] (0.00ns)   --->   "%empty_96 = bitcast i32 %weights_load_43" [conv2.cpp:16]   --->   Operation 1142 'bitcast' 'empty_96' <Predicate = true> <Delay = 0.00>
ST_25 : Operation 1143 [1/2] ( I:3.25ns O:3.25ns )   --->   "%weights_load_44 = load i11 %weights_addr_44" [conv2.cpp:16]   --->   Operation 1143 'load' 'weights_load_44' <Predicate = true> <Delay = 3.25> <CoreInst = "RAM">   --->   Core 81 'RAM' <Latency = 1> <II = 1> <Delay = 3.25> <Storage> <Opcode : 'load' 'store'> <Ports = 2> <Width = 32> <Depth = 1536> <RAM>
ST_25 : Operation 1144 [1/2] ( I:3.25ns O:3.25ns )   --->   "%weights_load_45 = load i11 %weights_addr_45" [conv2.cpp:16]   --->   Operation 1144 'load' 'weights_load_45' <Predicate = true> <Delay = 3.25> <CoreInst = "RAM">   --->   Core 81 'RAM' <Latency = 1> <II = 1> <Delay = 3.25> <Storage> <Opcode : 'load' 'store'> <Ports = 2> <Width = 32> <Depth = 1536> <RAM>
ST_25 : Operation 1145 [2/2] (3.25ns)   --->   "%weights_load_46 = load i11 %weights_addr_46" [conv2.cpp:16]   --->   Operation 1145 'load' 'weights_load_46' <Predicate = true> <Delay = 3.25> <CoreInst = "RAM">   --->   Core 81 'RAM' <Latency = 1> <II = 1> <Delay = 3.25> <Storage> <Opcode : 'load' 'store'> <Ports = 2> <Width = 32> <Depth = 1536> <RAM>
ST_25 : Operation 1146 [2/2] (3.25ns)   --->   "%weights_load_47 = load i11 %weights_addr_47" [conv2.cpp:16]   --->   Operation 1146 'load' 'weights_load_47' <Predicate = true> <Delay = 3.25> <CoreInst = "RAM">   --->   Core 81 'RAM' <Latency = 1> <II = 1> <Delay = 3.25> <Storage> <Opcode : 'load' 'store'> <Ports = 2> <Width = 32> <Depth = 1536> <RAM>
ST_25 : Operation 1147 [3/5] (7.25ns)   --->   "%acc_4 = fadd i32 %acc_3, i32 %mul_1" [conv2.cpp:27]   --->   Operation 1147 'fadd' 'acc_4' <Predicate = true> <Delay = 7.25> <CoreInst = "FAddSub_fulldsp">   --->   Core 18 'FAddSub_fulldsp' <Latency = 4> <II = 1> <Delay = 7.25> <FuncUnit> <Opcode : 'fadd' 'fsub'> <InPorts = 2> <OutPorts = 1>
ST_25 : Operation 1148 [1/4] (5.70ns)   --->   "%mul_12 = fmul i32 %v_36, i32 %empty_89" [conv2.cpp:27]   --->   Operation 1148 'fmul' 'mul_12' <Predicate = true> <Delay = 5.70> <CoreInst = "FMul_maxdsp">   --->   Core 30 'FMul_maxdsp' <Latency = 3> <II = 1> <Delay = 5.70> <FuncUnit> <Opcode : 'fmul'> <InPorts = 2> <OutPorts = 1>
ST_25 : Operation 1149 [1/4] (5.70ns)   --->   "%mul_12_1 = fmul i32 %v_37, i32 %empty_90" [conv2.cpp:27]   --->   Operation 1149 'fmul' 'mul_12_1' <Predicate = true> <Delay = 5.70> <CoreInst = "FMul_maxdsp">   --->   Core 30 'FMul_maxdsp' <Latency = 3> <II = 1> <Delay = 5.70> <FuncUnit> <Opcode : 'fmul'> <InPorts = 2> <OutPorts = 1>
ST_25 : Operation 1150 [2/4] (5.70ns)   --->   "%mul_12_2 = fmul i32 %v_38, i32 %empty_91" [conv2.cpp:27]   --->   Operation 1150 'fmul' 'mul_12_2' <Predicate = true> <Delay = 5.70> <CoreInst = "FMul_maxdsp">   --->   Core 30 'FMul_maxdsp' <Latency = 3> <II = 1> <Delay = 5.70> <FuncUnit> <Opcode : 'fmul'> <InPorts = 2> <OutPorts = 1>
ST_25 : Operation 1151 [2/4] (5.70ns)   --->   "%mul_13 = fmul i32 %v_39, i32 %empty_92" [conv2.cpp:27]   --->   Operation 1151 'fmul' 'mul_13' <Predicate = true> <Delay = 5.70> <CoreInst = "FMul_maxdsp">   --->   Core 30 'FMul_maxdsp' <Latency = 3> <II = 1> <Delay = 5.70> <FuncUnit> <Opcode : 'fmul'> <InPorts = 2> <OutPorts = 1>
ST_25 : Operation 1152 [3/4] (5.70ns)   --->   "%mul_13_1 = fmul i32 %v_40, i32 %empty_93" [conv2.cpp:27]   --->   Operation 1152 'fmul' 'mul_13_1' <Predicate = true> <Delay = 5.70> <CoreInst = "FMul_maxdsp">   --->   Core 30 'FMul_maxdsp' <Latency = 3> <II = 1> <Delay = 5.70> <FuncUnit> <Opcode : 'fmul'> <InPorts = 2> <OutPorts = 1>
ST_25 : Operation 1153 [3/4] (5.70ns)   --->   "%mul_13_2 = fmul i32 %v_41, i32 %empty_94" [conv2.cpp:27]   --->   Operation 1153 'fmul' 'mul_13_2' <Predicate = true> <Delay = 5.70> <CoreInst = "FMul_maxdsp">   --->   Core 30 'FMul_maxdsp' <Latency = 3> <II = 1> <Delay = 5.70> <FuncUnit> <Opcode : 'fmul'> <InPorts = 2> <OutPorts = 1>
ST_25 : Operation 1154 [4/4] (5.70ns)   --->   "%mul_14 = fmul i32 %v_42, i32 %empty_95" [conv2.cpp:27]   --->   Operation 1154 'fmul' 'mul_14' <Predicate = true> <Delay = 5.70> <CoreInst = "FMul_maxdsp">   --->   Core 30 'FMul_maxdsp' <Latency = 3> <II = 1> <Delay = 5.70> <FuncUnit> <Opcode : 'fmul'> <InPorts = 2> <OutPorts = 1>
ST_25 : Operation 1155 [1/1] (0.00ns)   --->   "%v_43 = bitcast i32 %inputs_load_43" [conv2.cpp:26]   --->   Operation 1155 'bitcast' 'v_43' <Predicate = true> <Delay = 0.00>
ST_25 : Operation 1156 [4/4] (5.70ns)   --->   "%mul_14_1 = fmul i32 %v_43, i32 %empty_96" [conv2.cpp:27]   --->   Operation 1156 'fmul' 'mul_14_1' <Predicate = true> <Delay = 5.70> <CoreInst = "FMul_maxdsp">   --->   Core 30 'FMul_maxdsp' <Latency = 3> <II = 1> <Delay = 5.70> <FuncUnit> <Opcode : 'fmul'> <InPorts = 2> <OutPorts = 1>
ST_25 : Operation 1157 [1/1] (0.00ns)   --->   "%bitcast_ln26_44 = bitcast i32 %inputs_load_44" [conv2.cpp:26]   --->   Operation 1157 'bitcast' 'bitcast_ln26_44' <Predicate = (!tmp_29)> <Delay = 0.00>
ST_25 : Operation 1158 [1/1] (0.69ns)   --->   "%v_44 = select i1 %tmp_29, i32 0, i32 %bitcast_ln26_44" [conv2.cpp:26]   --->   Operation 1158 'select' 'v_44' <Predicate = true> <Delay = 0.69> <CoreInst = "Sel">   --->   Core 73 'Sel' <Latency = 0> <II = 1> <Delay = 0.69> <FuncUnit> <Opcode : 'select'> <InPorts = 3> <OutPorts = 1>
ST_25 : Operation 1159 [1/2] ( I:3.25ns O:3.25ns )   --->   "%inputs_load_46 = load i8 %inputs_addr_46" [conv2.cpp:26]   --->   Operation 1159 'load' 'inputs_load_46' <Predicate = true> <Delay = 3.25> <CoreInst = "RAM">   --->   Core 81 'RAM' <Latency = 1> <II = 1> <Delay = 3.25> <Storage> <Opcode : 'load' 'store'> <Ports = 2> <Width = 32> <Depth = 256> <RAM>
ST_25 : Operation 1160 [1/2] ( I:3.25ns O:3.25ns )   --->   "%inputs_load_47 = load i8 %inputs_addr_47" [conv2.cpp:26]   --->   Operation 1160 'load' 'inputs_load_47' <Predicate = (!tmp_29)> <Delay = 3.25> <CoreInst = "RAM">   --->   Core 81 'RAM' <Latency = 1> <II = 1> <Delay = 3.25> <Storage> <Opcode : 'load' 'store'> <Ports = 2> <Width = 32> <Depth = 256> <RAM>
ST_25 : Operation 1161 [1/1] (0.00ns)   --->   "%bitcast_ln26_47 = bitcast i32 %inputs_load_47" [conv2.cpp:26]   --->   Operation 1161 'bitcast' 'bitcast_ln26_47' <Predicate = (!tmp_29)> <Delay = 0.00>
ST_25 : Operation 1162 [1/1] (0.69ns)   --->   "%v_47 = select i1 %tmp_29, i32 0, i32 %bitcast_ln26_47" [conv2.cpp:26]   --->   Operation 1162 'select' 'v_47' <Predicate = true> <Delay = 0.69> <CoreInst = "Sel">   --->   Core 73 'Sel' <Latency = 0> <II = 1> <Delay = 0.69> <FuncUnit> <Opcode : 'select'> <InPorts = 3> <OutPorts = 1>

State 26 <SV = 25> <Delay = 7.25>
ST_26 : Operation 1163 [1/1] (0.00ns)   --->   "%empty_97 = bitcast i32 %weights_load_44" [conv2.cpp:16]   --->   Operation 1163 'bitcast' 'empty_97' <Predicate = true> <Delay = 0.00>
ST_26 : Operation 1164 [1/1] (0.00ns)   --->   "%empty_98 = bitcast i32 %weights_load_45" [conv2.cpp:16]   --->   Operation 1164 'bitcast' 'empty_98' <Predicate = true> <Delay = 0.00>
ST_26 : Operation 1165 [1/2] ( I:3.25ns O:3.25ns )   --->   "%weights_load_46 = load i11 %weights_addr_46" [conv2.cpp:16]   --->   Operation 1165 'load' 'weights_load_46' <Predicate = true> <Delay = 3.25> <CoreInst = "RAM">   --->   Core 81 'RAM' <Latency = 1> <II = 1> <Delay = 3.25> <Storage> <Opcode : 'load' 'store'> <Ports = 2> <Width = 32> <Depth = 1536> <RAM>
ST_26 : Operation 1166 [1/2] ( I:3.25ns O:3.25ns )   --->   "%weights_load_47 = load i11 %weights_addr_47" [conv2.cpp:16]   --->   Operation 1166 'load' 'weights_load_47' <Predicate = true> <Delay = 3.25> <CoreInst = "RAM">   --->   Core 81 'RAM' <Latency = 1> <II = 1> <Delay = 3.25> <Storage> <Opcode : 'load' 'store'> <Ports = 2> <Width = 32> <Depth = 1536> <RAM>
ST_26 : Operation 1167 [2/5] (7.25ns)   --->   "%acc_4 = fadd i32 %acc_3, i32 %mul_1" [conv2.cpp:27]   --->   Operation 1167 'fadd' 'acc_4' <Predicate = true> <Delay = 7.25> <CoreInst = "FAddSub_fulldsp">   --->   Core 18 'FAddSub_fulldsp' <Latency = 4> <II = 1> <Delay = 7.25> <FuncUnit> <Opcode : 'fadd' 'fsub'> <InPorts = 2> <OutPorts = 1>
ST_26 : Operation 1168 [1/4] (5.70ns)   --->   "%mul_12_2 = fmul i32 %v_38, i32 %empty_91" [conv2.cpp:27]   --->   Operation 1168 'fmul' 'mul_12_2' <Predicate = true> <Delay = 5.70> <CoreInst = "FMul_maxdsp">   --->   Core 30 'FMul_maxdsp' <Latency = 3> <II = 1> <Delay = 5.70> <FuncUnit> <Opcode : 'fmul'> <InPorts = 2> <OutPorts = 1>
ST_26 : Operation 1169 [1/4] (5.70ns)   --->   "%mul_13 = fmul i32 %v_39, i32 %empty_92" [conv2.cpp:27]   --->   Operation 1169 'fmul' 'mul_13' <Predicate = true> <Delay = 5.70> <CoreInst = "FMul_maxdsp">   --->   Core 30 'FMul_maxdsp' <Latency = 3> <II = 1> <Delay = 5.70> <FuncUnit> <Opcode : 'fmul'> <InPorts = 2> <OutPorts = 1>
ST_26 : Operation 1170 [2/4] (5.70ns)   --->   "%mul_13_1 = fmul i32 %v_40, i32 %empty_93" [conv2.cpp:27]   --->   Operation 1170 'fmul' 'mul_13_1' <Predicate = true> <Delay = 5.70> <CoreInst = "FMul_maxdsp">   --->   Core 30 'FMul_maxdsp' <Latency = 3> <II = 1> <Delay = 5.70> <FuncUnit> <Opcode : 'fmul'> <InPorts = 2> <OutPorts = 1>
ST_26 : Operation 1171 [2/4] (5.70ns)   --->   "%mul_13_2 = fmul i32 %v_41, i32 %empty_94" [conv2.cpp:27]   --->   Operation 1171 'fmul' 'mul_13_2' <Predicate = true> <Delay = 5.70> <CoreInst = "FMul_maxdsp">   --->   Core 30 'FMul_maxdsp' <Latency = 3> <II = 1> <Delay = 5.70> <FuncUnit> <Opcode : 'fmul'> <InPorts = 2> <OutPorts = 1>
ST_26 : Operation 1172 [3/4] (5.70ns)   --->   "%mul_14 = fmul i32 %v_42, i32 %empty_95" [conv2.cpp:27]   --->   Operation 1172 'fmul' 'mul_14' <Predicate = true> <Delay = 5.70> <CoreInst = "FMul_maxdsp">   --->   Core 30 'FMul_maxdsp' <Latency = 3> <II = 1> <Delay = 5.70> <FuncUnit> <Opcode : 'fmul'> <InPorts = 2> <OutPorts = 1>
ST_26 : Operation 1173 [3/4] (5.70ns)   --->   "%mul_14_1 = fmul i32 %v_43, i32 %empty_96" [conv2.cpp:27]   --->   Operation 1173 'fmul' 'mul_14_1' <Predicate = true> <Delay = 5.70> <CoreInst = "FMul_maxdsp">   --->   Core 30 'FMul_maxdsp' <Latency = 3> <II = 1> <Delay = 5.70> <FuncUnit> <Opcode : 'fmul'> <InPorts = 2> <OutPorts = 1>
ST_26 : Operation 1174 [4/4] (5.70ns)   --->   "%mul_14_2 = fmul i32 %v_44, i32 %empty_97" [conv2.cpp:27]   --->   Operation 1174 'fmul' 'mul_14_2' <Predicate = true> <Delay = 5.70> <CoreInst = "FMul_maxdsp">   --->   Core 30 'FMul_maxdsp' <Latency = 3> <II = 1> <Delay = 5.70> <FuncUnit> <Opcode : 'fmul'> <InPorts = 2> <OutPorts = 1>
ST_26 : Operation 1175 [4/4] (5.70ns)   --->   "%mul_15 = fmul i32 %v_45, i32 %empty_98" [conv2.cpp:27]   --->   Operation 1175 'fmul' 'mul_15' <Predicate = true> <Delay = 5.70> <CoreInst = "FMul_maxdsp">   --->   Core 30 'FMul_maxdsp' <Latency = 3> <II = 1> <Delay = 5.70> <FuncUnit> <Opcode : 'fmul'> <InPorts = 2> <OutPorts = 1>

State 27 <SV = 26> <Delay = 7.25>
ST_27 : Operation 1176 [1/1] (0.00ns)   --->   "%empty_99 = bitcast i32 %weights_load_46" [conv2.cpp:16]   --->   Operation 1176 'bitcast' 'empty_99' <Predicate = true> <Delay = 0.00>
ST_27 : Operation 1177 [1/1] (0.00ns)   --->   "%empty_100 = bitcast i32 %weights_load_47" [conv2.cpp:16]   --->   Operation 1177 'bitcast' 'empty_100' <Predicate = true> <Delay = 0.00>
ST_27 : Operation 1178 [1/5] (7.25ns)   --->   "%acc_4 = fadd i32 %acc_3, i32 %mul_1" [conv2.cpp:27]   --->   Operation 1178 'fadd' 'acc_4' <Predicate = true> <Delay = 7.25> <CoreInst = "FAddSub_fulldsp">   --->   Core 18 'FAddSub_fulldsp' <Latency = 4> <II = 1> <Delay = 7.25> <FuncUnit> <Opcode : 'fadd' 'fsub'> <InPorts = 2> <OutPorts = 1>
ST_27 : Operation 1179 [1/4] (5.70ns)   --->   "%mul_13_1 = fmul i32 %v_40, i32 %empty_93" [conv2.cpp:27]   --->   Operation 1179 'fmul' 'mul_13_1' <Predicate = true> <Delay = 5.70> <CoreInst = "FMul_maxdsp">   --->   Core 30 'FMul_maxdsp' <Latency = 3> <II = 1> <Delay = 5.70> <FuncUnit> <Opcode : 'fmul'> <InPorts = 2> <OutPorts = 1>
ST_27 : Operation 1180 [1/4] (5.70ns)   --->   "%mul_13_2 = fmul i32 %v_41, i32 %empty_94" [conv2.cpp:27]   --->   Operation 1180 'fmul' 'mul_13_2' <Predicate = true> <Delay = 5.70> <CoreInst = "FMul_maxdsp">   --->   Core 30 'FMul_maxdsp' <Latency = 3> <II = 1> <Delay = 5.70> <FuncUnit> <Opcode : 'fmul'> <InPorts = 2> <OutPorts = 1>
ST_27 : Operation 1181 [2/4] (5.70ns)   --->   "%mul_14 = fmul i32 %v_42, i32 %empty_95" [conv2.cpp:27]   --->   Operation 1181 'fmul' 'mul_14' <Predicate = true> <Delay = 5.70> <CoreInst = "FMul_maxdsp">   --->   Core 30 'FMul_maxdsp' <Latency = 3> <II = 1> <Delay = 5.70> <FuncUnit> <Opcode : 'fmul'> <InPorts = 2> <OutPorts = 1>
ST_27 : Operation 1182 [2/4] (5.70ns)   --->   "%mul_14_1 = fmul i32 %v_43, i32 %empty_96" [conv2.cpp:27]   --->   Operation 1182 'fmul' 'mul_14_1' <Predicate = true> <Delay = 5.70> <CoreInst = "FMul_maxdsp">   --->   Core 30 'FMul_maxdsp' <Latency = 3> <II = 1> <Delay = 5.70> <FuncUnit> <Opcode : 'fmul'> <InPorts = 2> <OutPorts = 1>
ST_27 : Operation 1183 [3/4] (5.70ns)   --->   "%mul_14_2 = fmul i32 %v_44, i32 %empty_97" [conv2.cpp:27]   --->   Operation 1183 'fmul' 'mul_14_2' <Predicate = true> <Delay = 5.70> <CoreInst = "FMul_maxdsp">   --->   Core 30 'FMul_maxdsp' <Latency = 3> <II = 1> <Delay = 5.70> <FuncUnit> <Opcode : 'fmul'> <InPorts = 2> <OutPorts = 1>
ST_27 : Operation 1184 [3/4] (5.70ns)   --->   "%mul_15 = fmul i32 %v_45, i32 %empty_98" [conv2.cpp:27]   --->   Operation 1184 'fmul' 'mul_15' <Predicate = true> <Delay = 5.70> <CoreInst = "FMul_maxdsp">   --->   Core 30 'FMul_maxdsp' <Latency = 3> <II = 1> <Delay = 5.70> <FuncUnit> <Opcode : 'fmul'> <InPorts = 2> <OutPorts = 1>
ST_27 : Operation 1185 [1/1] (0.00ns)   --->   "%v_46 = bitcast i32 %inputs_load_46" [conv2.cpp:26]   --->   Operation 1185 'bitcast' 'v_46' <Predicate = true> <Delay = 0.00>
ST_27 : Operation 1186 [4/4] (5.70ns)   --->   "%mul_15_1 = fmul i32 %v_46, i32 %empty_99" [conv2.cpp:27]   --->   Operation 1186 'fmul' 'mul_15_1' <Predicate = true> <Delay = 5.70> <CoreInst = "FMul_maxdsp">   --->   Core 30 'FMul_maxdsp' <Latency = 3> <II = 1> <Delay = 5.70> <FuncUnit> <Opcode : 'fmul'> <InPorts = 2> <OutPorts = 1>
ST_27 : Operation 1187 [4/4] (5.70ns)   --->   "%mul_15_2 = fmul i32 %v_47, i32 %empty_100" [conv2.cpp:27]   --->   Operation 1187 'fmul' 'mul_15_2' <Predicate = true> <Delay = 5.70> <CoreInst = "FMul_maxdsp">   --->   Core 30 'FMul_maxdsp' <Latency = 3> <II = 1> <Delay = 5.70> <FuncUnit> <Opcode : 'fmul'> <InPorts = 2> <OutPorts = 1>

State 28 <SV = 27> <Delay = 7.25>
ST_28 : Operation 1188 [5/5] (7.25ns)   --->   "%acc_5 = fadd i32 %acc_4, i32 %mul_1_1" [conv2.cpp:27]   --->   Operation 1188 'fadd' 'acc_5' <Predicate = true> <Delay = 7.25> <CoreInst = "FAddSub_fulldsp">   --->   Core 18 'FAddSub_fulldsp' <Latency = 4> <II = 1> <Delay = 7.25> <FuncUnit> <Opcode : 'fadd' 'fsub'> <InPorts = 2> <OutPorts = 1>
ST_28 : Operation 1189 [1/4] (5.70ns)   --->   "%mul_14 = fmul i32 %v_42, i32 %empty_95" [conv2.cpp:27]   --->   Operation 1189 'fmul' 'mul_14' <Predicate = true> <Delay = 5.70> <CoreInst = "FMul_maxdsp">   --->   Core 30 'FMul_maxdsp' <Latency = 3> <II = 1> <Delay = 5.70> <FuncUnit> <Opcode : 'fmul'> <InPorts = 2> <OutPorts = 1>
ST_28 : Operation 1190 [1/4] (5.70ns)   --->   "%mul_14_1 = fmul i32 %v_43, i32 %empty_96" [conv2.cpp:27]   --->   Operation 1190 'fmul' 'mul_14_1' <Predicate = true> <Delay = 5.70> <CoreInst = "FMul_maxdsp">   --->   Core 30 'FMul_maxdsp' <Latency = 3> <II = 1> <Delay = 5.70> <FuncUnit> <Opcode : 'fmul'> <InPorts = 2> <OutPorts = 1>
ST_28 : Operation 1191 [2/4] (5.70ns)   --->   "%mul_14_2 = fmul i32 %v_44, i32 %empty_97" [conv2.cpp:27]   --->   Operation 1191 'fmul' 'mul_14_2' <Predicate = true> <Delay = 5.70> <CoreInst = "FMul_maxdsp">   --->   Core 30 'FMul_maxdsp' <Latency = 3> <II = 1> <Delay = 5.70> <FuncUnit> <Opcode : 'fmul'> <InPorts = 2> <OutPorts = 1>
ST_28 : Operation 1192 [2/4] (5.70ns)   --->   "%mul_15 = fmul i32 %v_45, i32 %empty_98" [conv2.cpp:27]   --->   Operation 1192 'fmul' 'mul_15' <Predicate = true> <Delay = 5.70> <CoreInst = "FMul_maxdsp">   --->   Core 30 'FMul_maxdsp' <Latency = 3> <II = 1> <Delay = 5.70> <FuncUnit> <Opcode : 'fmul'> <InPorts = 2> <OutPorts = 1>
ST_28 : Operation 1193 [3/4] (5.70ns)   --->   "%mul_15_1 = fmul i32 %v_46, i32 %empty_99" [conv2.cpp:27]   --->   Operation 1193 'fmul' 'mul_15_1' <Predicate = true> <Delay = 5.70> <CoreInst = "FMul_maxdsp">   --->   Core 30 'FMul_maxdsp' <Latency = 3> <II = 1> <Delay = 5.70> <FuncUnit> <Opcode : 'fmul'> <InPorts = 2> <OutPorts = 1>
ST_28 : Operation 1194 [3/4] (5.70ns)   --->   "%mul_15_2 = fmul i32 %v_47, i32 %empty_100" [conv2.cpp:27]   --->   Operation 1194 'fmul' 'mul_15_2' <Predicate = true> <Delay = 5.70> <CoreInst = "FMul_maxdsp">   --->   Core 30 'FMul_maxdsp' <Latency = 3> <II = 1> <Delay = 5.70> <FuncUnit> <Opcode : 'fmul'> <InPorts = 2> <OutPorts = 1>

State 29 <SV = 28> <Delay = 7.25>
ST_29 : Operation 1195 [4/5] (7.25ns)   --->   "%acc_5 = fadd i32 %acc_4, i32 %mul_1_1" [conv2.cpp:27]   --->   Operation 1195 'fadd' 'acc_5' <Predicate = true> <Delay = 7.25> <CoreInst = "FAddSub_fulldsp">   --->   Core 18 'FAddSub_fulldsp' <Latency = 4> <II = 1> <Delay = 7.25> <FuncUnit> <Opcode : 'fadd' 'fsub'> <InPorts = 2> <OutPorts = 1>
ST_29 : Operation 1196 [1/4] (5.70ns)   --->   "%mul_14_2 = fmul i32 %v_44, i32 %empty_97" [conv2.cpp:27]   --->   Operation 1196 'fmul' 'mul_14_2' <Predicate = true> <Delay = 5.70> <CoreInst = "FMul_maxdsp">   --->   Core 30 'FMul_maxdsp' <Latency = 3> <II = 1> <Delay = 5.70> <FuncUnit> <Opcode : 'fmul'> <InPorts = 2> <OutPorts = 1>
ST_29 : Operation 1197 [1/4] (5.70ns)   --->   "%mul_15 = fmul i32 %v_45, i32 %empty_98" [conv2.cpp:27]   --->   Operation 1197 'fmul' 'mul_15' <Predicate = true> <Delay = 5.70> <CoreInst = "FMul_maxdsp">   --->   Core 30 'FMul_maxdsp' <Latency = 3> <II = 1> <Delay = 5.70> <FuncUnit> <Opcode : 'fmul'> <InPorts = 2> <OutPorts = 1>
ST_29 : Operation 1198 [2/4] (5.70ns)   --->   "%mul_15_1 = fmul i32 %v_46, i32 %empty_99" [conv2.cpp:27]   --->   Operation 1198 'fmul' 'mul_15_1' <Predicate = true> <Delay = 5.70> <CoreInst = "FMul_maxdsp">   --->   Core 30 'FMul_maxdsp' <Latency = 3> <II = 1> <Delay = 5.70> <FuncUnit> <Opcode : 'fmul'> <InPorts = 2> <OutPorts = 1>
ST_29 : Operation 1199 [2/4] (5.70ns)   --->   "%mul_15_2 = fmul i32 %v_47, i32 %empty_100" [conv2.cpp:27]   --->   Operation 1199 'fmul' 'mul_15_2' <Predicate = true> <Delay = 5.70> <CoreInst = "FMul_maxdsp">   --->   Core 30 'FMul_maxdsp' <Latency = 3> <II = 1> <Delay = 5.70> <FuncUnit> <Opcode : 'fmul'> <InPorts = 2> <OutPorts = 1>

State 30 <SV = 29> <Delay = 7.25>
ST_30 : Operation 1200 [3/5] (7.25ns)   --->   "%acc_5 = fadd i32 %acc_4, i32 %mul_1_1" [conv2.cpp:27]   --->   Operation 1200 'fadd' 'acc_5' <Predicate = true> <Delay = 7.25> <CoreInst = "FAddSub_fulldsp">   --->   Core 18 'FAddSub_fulldsp' <Latency = 4> <II = 1> <Delay = 7.25> <FuncUnit> <Opcode : 'fadd' 'fsub'> <InPorts = 2> <OutPorts = 1>
ST_30 : Operation 1201 [1/4] (5.70ns)   --->   "%mul_15_1 = fmul i32 %v_46, i32 %empty_99" [conv2.cpp:27]   --->   Operation 1201 'fmul' 'mul_15_1' <Predicate = true> <Delay = 5.70> <CoreInst = "FMul_maxdsp">   --->   Core 30 'FMul_maxdsp' <Latency = 3> <II = 1> <Delay = 5.70> <FuncUnit> <Opcode : 'fmul'> <InPorts = 2> <OutPorts = 1>
ST_30 : Operation 1202 [1/4] (5.70ns)   --->   "%mul_15_2 = fmul i32 %v_47, i32 %empty_100" [conv2.cpp:27]   --->   Operation 1202 'fmul' 'mul_15_2' <Predicate = true> <Delay = 5.70> <CoreInst = "FMul_maxdsp">   --->   Core 30 'FMul_maxdsp' <Latency = 3> <II = 1> <Delay = 5.70> <FuncUnit> <Opcode : 'fmul'> <InPorts = 2> <OutPorts = 1>

State 31 <SV = 30> <Delay = 7.25>
ST_31 : Operation 1203 [2/5] (7.25ns)   --->   "%acc_5 = fadd i32 %acc_4, i32 %mul_1_1" [conv2.cpp:27]   --->   Operation 1203 'fadd' 'acc_5' <Predicate = true> <Delay = 7.25> <CoreInst = "FAddSub_fulldsp">   --->   Core 18 'FAddSub_fulldsp' <Latency = 4> <II = 1> <Delay = 7.25> <FuncUnit> <Opcode : 'fadd' 'fsub'> <InPorts = 2> <OutPorts = 1>

State 32 <SV = 31> <Delay = 7.25>
ST_32 : Operation 1204 [1/5] (7.25ns)   --->   "%acc_5 = fadd i32 %acc_4, i32 %mul_1_1" [conv2.cpp:27]   --->   Operation 1204 'fadd' 'acc_5' <Predicate = true> <Delay = 7.25> <CoreInst = "FAddSub_fulldsp">   --->   Core 18 'FAddSub_fulldsp' <Latency = 4> <II = 1> <Delay = 7.25> <FuncUnit> <Opcode : 'fadd' 'fsub'> <InPorts = 2> <OutPorts = 1>

State 33 <SV = 32> <Delay = 7.25>
ST_33 : Operation 1205 [5/5] (7.25ns)   --->   "%acc_6 = fadd i32 %acc_5, i32 %mul_1_2" [conv2.cpp:27]   --->   Operation 1205 'fadd' 'acc_6' <Predicate = true> <Delay = 7.25> <CoreInst = "FAddSub_fulldsp">   --->   Core 18 'FAddSub_fulldsp' <Latency = 4> <II = 1> <Delay = 7.25> <FuncUnit> <Opcode : 'fadd' 'fsub'> <InPorts = 2> <OutPorts = 1>

State 34 <SV = 33> <Delay = 7.25>
ST_34 : Operation 1206 [4/5] (7.25ns)   --->   "%acc_6 = fadd i32 %acc_5, i32 %mul_1_2" [conv2.cpp:27]   --->   Operation 1206 'fadd' 'acc_6' <Predicate = true> <Delay = 7.25> <CoreInst = "FAddSub_fulldsp">   --->   Core 18 'FAddSub_fulldsp' <Latency = 4> <II = 1> <Delay = 7.25> <FuncUnit> <Opcode : 'fadd' 'fsub'> <InPorts = 2> <OutPorts = 1>

State 35 <SV = 34> <Delay = 7.25>
ST_35 : Operation 1207 [3/5] (7.25ns)   --->   "%acc_6 = fadd i32 %acc_5, i32 %mul_1_2" [conv2.cpp:27]   --->   Operation 1207 'fadd' 'acc_6' <Predicate = true> <Delay = 7.25> <CoreInst = "FAddSub_fulldsp">   --->   Core 18 'FAddSub_fulldsp' <Latency = 4> <II = 1> <Delay = 7.25> <FuncUnit> <Opcode : 'fadd' 'fsub'> <InPorts = 2> <OutPorts = 1>

State 36 <SV = 35> <Delay = 7.25>
ST_36 : Operation 1208 [2/5] (7.25ns)   --->   "%acc_6 = fadd i32 %acc_5, i32 %mul_1_2" [conv2.cpp:27]   --->   Operation 1208 'fadd' 'acc_6' <Predicate = true> <Delay = 7.25> <CoreInst = "FAddSub_fulldsp">   --->   Core 18 'FAddSub_fulldsp' <Latency = 4> <II = 1> <Delay = 7.25> <FuncUnit> <Opcode : 'fadd' 'fsub'> <InPorts = 2> <OutPorts = 1>

State 37 <SV = 36> <Delay = 7.25>
ST_37 : Operation 1209 [1/5] (7.25ns)   --->   "%acc_6 = fadd i32 %acc_5, i32 %mul_1_2" [conv2.cpp:27]   --->   Operation 1209 'fadd' 'acc_6' <Predicate = true> <Delay = 7.25> <CoreInst = "FAddSub_fulldsp">   --->   Core 18 'FAddSub_fulldsp' <Latency = 4> <II = 1> <Delay = 7.25> <FuncUnit> <Opcode : 'fadd' 'fsub'> <InPorts = 2> <OutPorts = 1>

State 38 <SV = 37> <Delay = 7.25>
ST_38 : Operation 1210 [5/5] (7.25ns)   --->   "%acc_7 = fadd i32 %acc_6, i32 %mul_2" [conv2.cpp:27]   --->   Operation 1210 'fadd' 'acc_7' <Predicate = true> <Delay = 7.25> <CoreInst = "FAddSub_fulldsp">   --->   Core 18 'FAddSub_fulldsp' <Latency = 4> <II = 1> <Delay = 7.25> <FuncUnit> <Opcode : 'fadd' 'fsub'> <InPorts = 2> <OutPorts = 1>

State 39 <SV = 38> <Delay = 7.25>
ST_39 : Operation 1211 [4/5] (7.25ns)   --->   "%acc_7 = fadd i32 %acc_6, i32 %mul_2" [conv2.cpp:27]   --->   Operation 1211 'fadd' 'acc_7' <Predicate = true> <Delay = 7.25> <CoreInst = "FAddSub_fulldsp">   --->   Core 18 'FAddSub_fulldsp' <Latency = 4> <II = 1> <Delay = 7.25> <FuncUnit> <Opcode : 'fadd' 'fsub'> <InPorts = 2> <OutPorts = 1>

State 40 <SV = 39> <Delay = 7.25>
ST_40 : Operation 1212 [3/5] (7.25ns)   --->   "%acc_7 = fadd i32 %acc_6, i32 %mul_2" [conv2.cpp:27]   --->   Operation 1212 'fadd' 'acc_7' <Predicate = true> <Delay = 7.25> <CoreInst = "FAddSub_fulldsp">   --->   Core 18 'FAddSub_fulldsp' <Latency = 4> <II = 1> <Delay = 7.25> <FuncUnit> <Opcode : 'fadd' 'fsub'> <InPorts = 2> <OutPorts = 1>

State 41 <SV = 40> <Delay = 7.25>
ST_41 : Operation 1213 [2/5] (7.25ns)   --->   "%acc_7 = fadd i32 %acc_6, i32 %mul_2" [conv2.cpp:27]   --->   Operation 1213 'fadd' 'acc_7' <Predicate = true> <Delay = 7.25> <CoreInst = "FAddSub_fulldsp">   --->   Core 18 'FAddSub_fulldsp' <Latency = 4> <II = 1> <Delay = 7.25> <FuncUnit> <Opcode : 'fadd' 'fsub'> <InPorts = 2> <OutPorts = 1>

State 42 <SV = 41> <Delay = 7.25>
ST_42 : Operation 1214 [1/5] (7.25ns)   --->   "%acc_7 = fadd i32 %acc_6, i32 %mul_2" [conv2.cpp:27]   --->   Operation 1214 'fadd' 'acc_7' <Predicate = true> <Delay = 7.25> <CoreInst = "FAddSub_fulldsp">   --->   Core 18 'FAddSub_fulldsp' <Latency = 4> <II = 1> <Delay = 7.25> <FuncUnit> <Opcode : 'fadd' 'fsub'> <InPorts = 2> <OutPorts = 1>

State 43 <SV = 42> <Delay = 7.25>
ST_43 : Operation 1215 [5/5] (7.25ns)   --->   "%acc_8 = fadd i32 %acc_7, i32 %mul_2_1" [conv2.cpp:27]   --->   Operation 1215 'fadd' 'acc_8' <Predicate = true> <Delay = 7.25> <CoreInst = "FAddSub_fulldsp">   --->   Core 18 'FAddSub_fulldsp' <Latency = 4> <II = 1> <Delay = 7.25> <FuncUnit> <Opcode : 'fadd' 'fsub'> <InPorts = 2> <OutPorts = 1>

State 44 <SV = 43> <Delay = 7.25>
ST_44 : Operation 1216 [4/5] (7.25ns)   --->   "%acc_8 = fadd i32 %acc_7, i32 %mul_2_1" [conv2.cpp:27]   --->   Operation 1216 'fadd' 'acc_8' <Predicate = true> <Delay = 7.25> <CoreInst = "FAddSub_fulldsp">   --->   Core 18 'FAddSub_fulldsp' <Latency = 4> <II = 1> <Delay = 7.25> <FuncUnit> <Opcode : 'fadd' 'fsub'> <InPorts = 2> <OutPorts = 1>

State 45 <SV = 44> <Delay = 7.25>
ST_45 : Operation 1217 [3/5] (7.25ns)   --->   "%acc_8 = fadd i32 %acc_7, i32 %mul_2_1" [conv2.cpp:27]   --->   Operation 1217 'fadd' 'acc_8' <Predicate = true> <Delay = 7.25> <CoreInst = "FAddSub_fulldsp">   --->   Core 18 'FAddSub_fulldsp' <Latency = 4> <II = 1> <Delay = 7.25> <FuncUnit> <Opcode : 'fadd' 'fsub'> <InPorts = 2> <OutPorts = 1>

State 46 <SV = 45> <Delay = 7.25>
ST_46 : Operation 1218 [2/5] (7.25ns)   --->   "%acc_8 = fadd i32 %acc_7, i32 %mul_2_1" [conv2.cpp:27]   --->   Operation 1218 'fadd' 'acc_8' <Predicate = true> <Delay = 7.25> <CoreInst = "FAddSub_fulldsp">   --->   Core 18 'FAddSub_fulldsp' <Latency = 4> <II = 1> <Delay = 7.25> <FuncUnit> <Opcode : 'fadd' 'fsub'> <InPorts = 2> <OutPorts = 1>

State 47 <SV = 46> <Delay = 7.25>
ST_47 : Operation 1219 [1/5] (7.25ns)   --->   "%acc_8 = fadd i32 %acc_7, i32 %mul_2_1" [conv2.cpp:27]   --->   Operation 1219 'fadd' 'acc_8' <Predicate = true> <Delay = 7.25> <CoreInst = "FAddSub_fulldsp">   --->   Core 18 'FAddSub_fulldsp' <Latency = 4> <II = 1> <Delay = 7.25> <FuncUnit> <Opcode : 'fadd' 'fsub'> <InPorts = 2> <OutPorts = 1>

State 48 <SV = 47> <Delay = 7.25>
ST_48 : Operation 1220 [5/5] (7.25ns)   --->   "%acc_9 = fadd i32 %acc_8, i32 %mul_2_2" [conv2.cpp:27]   --->   Operation 1220 'fadd' 'acc_9' <Predicate = true> <Delay = 7.25> <CoreInst = "FAddSub_fulldsp">   --->   Core 18 'FAddSub_fulldsp' <Latency = 4> <II = 1> <Delay = 7.25> <FuncUnit> <Opcode : 'fadd' 'fsub'> <InPorts = 2> <OutPorts = 1>

State 49 <SV = 48> <Delay = 7.25>
ST_49 : Operation 1221 [4/5] (7.25ns)   --->   "%acc_9 = fadd i32 %acc_8, i32 %mul_2_2" [conv2.cpp:27]   --->   Operation 1221 'fadd' 'acc_9' <Predicate = true> <Delay = 7.25> <CoreInst = "FAddSub_fulldsp">   --->   Core 18 'FAddSub_fulldsp' <Latency = 4> <II = 1> <Delay = 7.25> <FuncUnit> <Opcode : 'fadd' 'fsub'> <InPorts = 2> <OutPorts = 1>

State 50 <SV = 49> <Delay = 7.25>
ST_50 : Operation 1222 [3/5] (7.25ns)   --->   "%acc_9 = fadd i32 %acc_8, i32 %mul_2_2" [conv2.cpp:27]   --->   Operation 1222 'fadd' 'acc_9' <Predicate = true> <Delay = 7.25> <CoreInst = "FAddSub_fulldsp">   --->   Core 18 'FAddSub_fulldsp' <Latency = 4> <II = 1> <Delay = 7.25> <FuncUnit> <Opcode : 'fadd' 'fsub'> <InPorts = 2> <OutPorts = 1>

State 51 <SV = 50> <Delay = 7.25>
ST_51 : Operation 1223 [2/5] (7.25ns)   --->   "%acc_9 = fadd i32 %acc_8, i32 %mul_2_2" [conv2.cpp:27]   --->   Operation 1223 'fadd' 'acc_9' <Predicate = true> <Delay = 7.25> <CoreInst = "FAddSub_fulldsp">   --->   Core 18 'FAddSub_fulldsp' <Latency = 4> <II = 1> <Delay = 7.25> <FuncUnit> <Opcode : 'fadd' 'fsub'> <InPorts = 2> <OutPorts = 1>

State 52 <SV = 51> <Delay = 7.25>
ST_52 : Operation 1224 [1/5] (7.25ns)   --->   "%acc_9 = fadd i32 %acc_8, i32 %mul_2_2" [conv2.cpp:27]   --->   Operation 1224 'fadd' 'acc_9' <Predicate = true> <Delay = 7.25> <CoreInst = "FAddSub_fulldsp">   --->   Core 18 'FAddSub_fulldsp' <Latency = 4> <II = 1> <Delay = 7.25> <FuncUnit> <Opcode : 'fadd' 'fsub'> <InPorts = 2> <OutPorts = 1>

State 53 <SV = 52> <Delay = 7.25>
ST_53 : Operation 1225 [5/5] (7.25ns)   --->   "%acc_10 = fadd i32 %acc_9, i32 %mul_3" [conv2.cpp:27]   --->   Operation 1225 'fadd' 'acc_10' <Predicate = true> <Delay = 7.25> <CoreInst = "FAddSub_fulldsp">   --->   Core 18 'FAddSub_fulldsp' <Latency = 4> <II = 1> <Delay = 7.25> <FuncUnit> <Opcode : 'fadd' 'fsub'> <InPorts = 2> <OutPorts = 1>

State 54 <SV = 53> <Delay = 7.25>
ST_54 : Operation 1226 [4/5] (7.25ns)   --->   "%acc_10 = fadd i32 %acc_9, i32 %mul_3" [conv2.cpp:27]   --->   Operation 1226 'fadd' 'acc_10' <Predicate = true> <Delay = 7.25> <CoreInst = "FAddSub_fulldsp">   --->   Core 18 'FAddSub_fulldsp' <Latency = 4> <II = 1> <Delay = 7.25> <FuncUnit> <Opcode : 'fadd' 'fsub'> <InPorts = 2> <OutPorts = 1>

State 55 <SV = 54> <Delay = 7.25>
ST_55 : Operation 1227 [3/5] (7.25ns)   --->   "%acc_10 = fadd i32 %acc_9, i32 %mul_3" [conv2.cpp:27]   --->   Operation 1227 'fadd' 'acc_10' <Predicate = true> <Delay = 7.25> <CoreInst = "FAddSub_fulldsp">   --->   Core 18 'FAddSub_fulldsp' <Latency = 4> <II = 1> <Delay = 7.25> <FuncUnit> <Opcode : 'fadd' 'fsub'> <InPorts = 2> <OutPorts = 1>

State 56 <SV = 55> <Delay = 7.25>
ST_56 : Operation 1228 [2/5] (7.25ns)   --->   "%acc_10 = fadd i32 %acc_9, i32 %mul_3" [conv2.cpp:27]   --->   Operation 1228 'fadd' 'acc_10' <Predicate = true> <Delay = 7.25> <CoreInst = "FAddSub_fulldsp">   --->   Core 18 'FAddSub_fulldsp' <Latency = 4> <II = 1> <Delay = 7.25> <FuncUnit> <Opcode : 'fadd' 'fsub'> <InPorts = 2> <OutPorts = 1>

State 57 <SV = 56> <Delay = 7.25>
ST_57 : Operation 1229 [1/5] (7.25ns)   --->   "%acc_10 = fadd i32 %acc_9, i32 %mul_3" [conv2.cpp:27]   --->   Operation 1229 'fadd' 'acc_10' <Predicate = true> <Delay = 7.25> <CoreInst = "FAddSub_fulldsp">   --->   Core 18 'FAddSub_fulldsp' <Latency = 4> <II = 1> <Delay = 7.25> <FuncUnit> <Opcode : 'fadd' 'fsub'> <InPorts = 2> <OutPorts = 1>

State 58 <SV = 57> <Delay = 7.25>
ST_58 : Operation 1230 [5/5] (7.25ns)   --->   "%acc_11 = fadd i32 %acc_10, i32 %mul_3_1" [conv2.cpp:27]   --->   Operation 1230 'fadd' 'acc_11' <Predicate = true> <Delay = 7.25> <CoreInst = "FAddSub_fulldsp">   --->   Core 18 'FAddSub_fulldsp' <Latency = 4> <II = 1> <Delay = 7.25> <FuncUnit> <Opcode : 'fadd' 'fsub'> <InPorts = 2> <OutPorts = 1>

State 59 <SV = 58> <Delay = 7.25>
ST_59 : Operation 1231 [4/5] (7.25ns)   --->   "%acc_11 = fadd i32 %acc_10, i32 %mul_3_1" [conv2.cpp:27]   --->   Operation 1231 'fadd' 'acc_11' <Predicate = true> <Delay = 7.25> <CoreInst = "FAddSub_fulldsp">   --->   Core 18 'FAddSub_fulldsp' <Latency = 4> <II = 1> <Delay = 7.25> <FuncUnit> <Opcode : 'fadd' 'fsub'> <InPorts = 2> <OutPorts = 1>

State 60 <SV = 59> <Delay = 7.25>
ST_60 : Operation 1232 [3/5] (7.25ns)   --->   "%acc_11 = fadd i32 %acc_10, i32 %mul_3_1" [conv2.cpp:27]   --->   Operation 1232 'fadd' 'acc_11' <Predicate = true> <Delay = 7.25> <CoreInst = "FAddSub_fulldsp">   --->   Core 18 'FAddSub_fulldsp' <Latency = 4> <II = 1> <Delay = 7.25> <FuncUnit> <Opcode : 'fadd' 'fsub'> <InPorts = 2> <OutPorts = 1>

State 61 <SV = 60> <Delay = 7.25>
ST_61 : Operation 1233 [2/5] (7.25ns)   --->   "%acc_11 = fadd i32 %acc_10, i32 %mul_3_1" [conv2.cpp:27]   --->   Operation 1233 'fadd' 'acc_11' <Predicate = true> <Delay = 7.25> <CoreInst = "FAddSub_fulldsp">   --->   Core 18 'FAddSub_fulldsp' <Latency = 4> <II = 1> <Delay = 7.25> <FuncUnit> <Opcode : 'fadd' 'fsub'> <InPorts = 2> <OutPorts = 1>

State 62 <SV = 61> <Delay = 7.25>
ST_62 : Operation 1234 [1/5] (7.25ns)   --->   "%acc_11 = fadd i32 %acc_10, i32 %mul_3_1" [conv2.cpp:27]   --->   Operation 1234 'fadd' 'acc_11' <Predicate = true> <Delay = 7.25> <CoreInst = "FAddSub_fulldsp">   --->   Core 18 'FAddSub_fulldsp' <Latency = 4> <II = 1> <Delay = 7.25> <FuncUnit> <Opcode : 'fadd' 'fsub'> <InPorts = 2> <OutPorts = 1>

State 63 <SV = 62> <Delay = 7.25>
ST_63 : Operation 1235 [5/5] (7.25ns)   --->   "%acc_12 = fadd i32 %acc_11, i32 %mul_3_2" [conv2.cpp:27]   --->   Operation 1235 'fadd' 'acc_12' <Predicate = true> <Delay = 7.25> <CoreInst = "FAddSub_fulldsp">   --->   Core 18 'FAddSub_fulldsp' <Latency = 4> <II = 1> <Delay = 7.25> <FuncUnit> <Opcode : 'fadd' 'fsub'> <InPorts = 2> <OutPorts = 1>

State 64 <SV = 63> <Delay = 7.25>
ST_64 : Operation 1236 [4/5] (7.25ns)   --->   "%acc_12 = fadd i32 %acc_11, i32 %mul_3_2" [conv2.cpp:27]   --->   Operation 1236 'fadd' 'acc_12' <Predicate = true> <Delay = 7.25> <CoreInst = "FAddSub_fulldsp">   --->   Core 18 'FAddSub_fulldsp' <Latency = 4> <II = 1> <Delay = 7.25> <FuncUnit> <Opcode : 'fadd' 'fsub'> <InPorts = 2> <OutPorts = 1>

State 65 <SV = 64> <Delay = 7.25>
ST_65 : Operation 1237 [3/5] (7.25ns)   --->   "%acc_12 = fadd i32 %acc_11, i32 %mul_3_2" [conv2.cpp:27]   --->   Operation 1237 'fadd' 'acc_12' <Predicate = true> <Delay = 7.25> <CoreInst = "FAddSub_fulldsp">   --->   Core 18 'FAddSub_fulldsp' <Latency = 4> <II = 1> <Delay = 7.25> <FuncUnit> <Opcode : 'fadd' 'fsub'> <InPorts = 2> <OutPorts = 1>

State 66 <SV = 65> <Delay = 7.25>
ST_66 : Operation 1238 [2/5] (7.25ns)   --->   "%acc_12 = fadd i32 %acc_11, i32 %mul_3_2" [conv2.cpp:27]   --->   Operation 1238 'fadd' 'acc_12' <Predicate = true> <Delay = 7.25> <CoreInst = "FAddSub_fulldsp">   --->   Core 18 'FAddSub_fulldsp' <Latency = 4> <II = 1> <Delay = 7.25> <FuncUnit> <Opcode : 'fadd' 'fsub'> <InPorts = 2> <OutPorts = 1>

State 67 <SV = 66> <Delay = 7.25>
ST_67 : Operation 1239 [1/5] (7.25ns)   --->   "%acc_12 = fadd i32 %acc_11, i32 %mul_3_2" [conv2.cpp:27]   --->   Operation 1239 'fadd' 'acc_12' <Predicate = true> <Delay = 7.25> <CoreInst = "FAddSub_fulldsp">   --->   Core 18 'FAddSub_fulldsp' <Latency = 4> <II = 1> <Delay = 7.25> <FuncUnit> <Opcode : 'fadd' 'fsub'> <InPorts = 2> <OutPorts = 1>

State 68 <SV = 67> <Delay = 7.25>
ST_68 : Operation 1240 [5/5] (7.25ns)   --->   "%acc_13 = fadd i32 %acc_12, i32 %mul_4" [conv2.cpp:27]   --->   Operation 1240 'fadd' 'acc_13' <Predicate = true> <Delay = 7.25> <CoreInst = "FAddSub_fulldsp">   --->   Core 18 'FAddSub_fulldsp' <Latency = 4> <II = 1> <Delay = 7.25> <FuncUnit> <Opcode : 'fadd' 'fsub'> <InPorts = 2> <OutPorts = 1>

State 69 <SV = 68> <Delay = 7.25>
ST_69 : Operation 1241 [4/5] (7.25ns)   --->   "%acc_13 = fadd i32 %acc_12, i32 %mul_4" [conv2.cpp:27]   --->   Operation 1241 'fadd' 'acc_13' <Predicate = true> <Delay = 7.25> <CoreInst = "FAddSub_fulldsp">   --->   Core 18 'FAddSub_fulldsp' <Latency = 4> <II = 1> <Delay = 7.25> <FuncUnit> <Opcode : 'fadd' 'fsub'> <InPorts = 2> <OutPorts = 1>

State 70 <SV = 69> <Delay = 7.25>
ST_70 : Operation 1242 [3/5] (7.25ns)   --->   "%acc_13 = fadd i32 %acc_12, i32 %mul_4" [conv2.cpp:27]   --->   Operation 1242 'fadd' 'acc_13' <Predicate = true> <Delay = 7.25> <CoreInst = "FAddSub_fulldsp">   --->   Core 18 'FAddSub_fulldsp' <Latency = 4> <II = 1> <Delay = 7.25> <FuncUnit> <Opcode : 'fadd' 'fsub'> <InPorts = 2> <OutPorts = 1>

State 71 <SV = 70> <Delay = 7.25>
ST_71 : Operation 1243 [2/5] (7.25ns)   --->   "%acc_13 = fadd i32 %acc_12, i32 %mul_4" [conv2.cpp:27]   --->   Operation 1243 'fadd' 'acc_13' <Predicate = true> <Delay = 7.25> <CoreInst = "FAddSub_fulldsp">   --->   Core 18 'FAddSub_fulldsp' <Latency = 4> <II = 1> <Delay = 7.25> <FuncUnit> <Opcode : 'fadd' 'fsub'> <InPorts = 2> <OutPorts = 1>

State 72 <SV = 71> <Delay = 7.25>
ST_72 : Operation 1244 [1/5] (7.25ns)   --->   "%acc_13 = fadd i32 %acc_12, i32 %mul_4" [conv2.cpp:27]   --->   Operation 1244 'fadd' 'acc_13' <Predicate = true> <Delay = 7.25> <CoreInst = "FAddSub_fulldsp">   --->   Core 18 'FAddSub_fulldsp' <Latency = 4> <II = 1> <Delay = 7.25> <FuncUnit> <Opcode : 'fadd' 'fsub'> <InPorts = 2> <OutPorts = 1>

State 73 <SV = 72> <Delay = 7.25>
ST_73 : Operation 1245 [5/5] (7.25ns)   --->   "%acc_14 = fadd i32 %acc_13, i32 %mul_4_1" [conv2.cpp:27]   --->   Operation 1245 'fadd' 'acc_14' <Predicate = true> <Delay = 7.25> <CoreInst = "FAddSub_fulldsp">   --->   Core 18 'FAddSub_fulldsp' <Latency = 4> <II = 1> <Delay = 7.25> <FuncUnit> <Opcode : 'fadd' 'fsub'> <InPorts = 2> <OutPorts = 1>

State 74 <SV = 73> <Delay = 7.25>
ST_74 : Operation 1246 [4/5] (7.25ns)   --->   "%acc_14 = fadd i32 %acc_13, i32 %mul_4_1" [conv2.cpp:27]   --->   Operation 1246 'fadd' 'acc_14' <Predicate = true> <Delay = 7.25> <CoreInst = "FAddSub_fulldsp">   --->   Core 18 'FAddSub_fulldsp' <Latency = 4> <II = 1> <Delay = 7.25> <FuncUnit> <Opcode : 'fadd' 'fsub'> <InPorts = 2> <OutPorts = 1>

State 75 <SV = 74> <Delay = 7.25>
ST_75 : Operation 1247 [3/5] (7.25ns)   --->   "%acc_14 = fadd i32 %acc_13, i32 %mul_4_1" [conv2.cpp:27]   --->   Operation 1247 'fadd' 'acc_14' <Predicate = true> <Delay = 7.25> <CoreInst = "FAddSub_fulldsp">   --->   Core 18 'FAddSub_fulldsp' <Latency = 4> <II = 1> <Delay = 7.25> <FuncUnit> <Opcode : 'fadd' 'fsub'> <InPorts = 2> <OutPorts = 1>

State 76 <SV = 75> <Delay = 7.25>
ST_76 : Operation 1248 [2/5] (7.25ns)   --->   "%acc_14 = fadd i32 %acc_13, i32 %mul_4_1" [conv2.cpp:27]   --->   Operation 1248 'fadd' 'acc_14' <Predicate = true> <Delay = 7.25> <CoreInst = "FAddSub_fulldsp">   --->   Core 18 'FAddSub_fulldsp' <Latency = 4> <II = 1> <Delay = 7.25> <FuncUnit> <Opcode : 'fadd' 'fsub'> <InPorts = 2> <OutPorts = 1>

State 77 <SV = 76> <Delay = 7.25>
ST_77 : Operation 1249 [1/5] (7.25ns)   --->   "%acc_14 = fadd i32 %acc_13, i32 %mul_4_1" [conv2.cpp:27]   --->   Operation 1249 'fadd' 'acc_14' <Predicate = true> <Delay = 7.25> <CoreInst = "FAddSub_fulldsp">   --->   Core 18 'FAddSub_fulldsp' <Latency = 4> <II = 1> <Delay = 7.25> <FuncUnit> <Opcode : 'fadd' 'fsub'> <InPorts = 2> <OutPorts = 1>

State 78 <SV = 77> <Delay = 7.25>
ST_78 : Operation 1250 [5/5] (7.25ns)   --->   "%acc_15 = fadd i32 %acc_14, i32 %mul_4_2" [conv2.cpp:27]   --->   Operation 1250 'fadd' 'acc_15' <Predicate = true> <Delay = 7.25> <CoreInst = "FAddSub_fulldsp">   --->   Core 18 'FAddSub_fulldsp' <Latency = 4> <II = 1> <Delay = 7.25> <FuncUnit> <Opcode : 'fadd' 'fsub'> <InPorts = 2> <OutPorts = 1>

State 79 <SV = 78> <Delay = 7.25>
ST_79 : Operation 1251 [4/5] (7.25ns)   --->   "%acc_15 = fadd i32 %acc_14, i32 %mul_4_2" [conv2.cpp:27]   --->   Operation 1251 'fadd' 'acc_15' <Predicate = true> <Delay = 7.25> <CoreInst = "FAddSub_fulldsp">   --->   Core 18 'FAddSub_fulldsp' <Latency = 4> <II = 1> <Delay = 7.25> <FuncUnit> <Opcode : 'fadd' 'fsub'> <InPorts = 2> <OutPorts = 1>

State 80 <SV = 79> <Delay = 7.25>
ST_80 : Operation 1252 [3/5] (7.25ns)   --->   "%acc_15 = fadd i32 %acc_14, i32 %mul_4_2" [conv2.cpp:27]   --->   Operation 1252 'fadd' 'acc_15' <Predicate = true> <Delay = 7.25> <CoreInst = "FAddSub_fulldsp">   --->   Core 18 'FAddSub_fulldsp' <Latency = 4> <II = 1> <Delay = 7.25> <FuncUnit> <Opcode : 'fadd' 'fsub'> <InPorts = 2> <OutPorts = 1>

State 81 <SV = 80> <Delay = 7.25>
ST_81 : Operation 1253 [2/5] (7.25ns)   --->   "%acc_15 = fadd i32 %acc_14, i32 %mul_4_2" [conv2.cpp:27]   --->   Operation 1253 'fadd' 'acc_15' <Predicate = true> <Delay = 7.25> <CoreInst = "FAddSub_fulldsp">   --->   Core 18 'FAddSub_fulldsp' <Latency = 4> <II = 1> <Delay = 7.25> <FuncUnit> <Opcode : 'fadd' 'fsub'> <InPorts = 2> <OutPorts = 1>

State 82 <SV = 81> <Delay = 7.25>
ST_82 : Operation 1254 [1/5] (7.25ns)   --->   "%acc_15 = fadd i32 %acc_14, i32 %mul_4_2" [conv2.cpp:27]   --->   Operation 1254 'fadd' 'acc_15' <Predicate = true> <Delay = 7.25> <CoreInst = "FAddSub_fulldsp">   --->   Core 18 'FAddSub_fulldsp' <Latency = 4> <II = 1> <Delay = 7.25> <FuncUnit> <Opcode : 'fadd' 'fsub'> <InPorts = 2> <OutPorts = 1>

State 83 <SV = 82> <Delay = 7.25>
ST_83 : Operation 1255 [5/5] (7.25ns)   --->   "%acc_16 = fadd i32 %acc_15, i32 %mul_5" [conv2.cpp:27]   --->   Operation 1255 'fadd' 'acc_16' <Predicate = true> <Delay = 7.25> <CoreInst = "FAddSub_fulldsp">   --->   Core 18 'FAddSub_fulldsp' <Latency = 4> <II = 1> <Delay = 7.25> <FuncUnit> <Opcode : 'fadd' 'fsub'> <InPorts = 2> <OutPorts = 1>

State 84 <SV = 83> <Delay = 7.25>
ST_84 : Operation 1256 [4/5] (7.25ns)   --->   "%acc_16 = fadd i32 %acc_15, i32 %mul_5" [conv2.cpp:27]   --->   Operation 1256 'fadd' 'acc_16' <Predicate = true> <Delay = 7.25> <CoreInst = "FAddSub_fulldsp">   --->   Core 18 'FAddSub_fulldsp' <Latency = 4> <II = 1> <Delay = 7.25> <FuncUnit> <Opcode : 'fadd' 'fsub'> <InPorts = 2> <OutPorts = 1>

State 85 <SV = 84> <Delay = 7.25>
ST_85 : Operation 1257 [3/5] (7.25ns)   --->   "%acc_16 = fadd i32 %acc_15, i32 %mul_5" [conv2.cpp:27]   --->   Operation 1257 'fadd' 'acc_16' <Predicate = true> <Delay = 7.25> <CoreInst = "FAddSub_fulldsp">   --->   Core 18 'FAddSub_fulldsp' <Latency = 4> <II = 1> <Delay = 7.25> <FuncUnit> <Opcode : 'fadd' 'fsub'> <InPorts = 2> <OutPorts = 1>

State 86 <SV = 85> <Delay = 7.25>
ST_86 : Operation 1258 [2/5] (7.25ns)   --->   "%acc_16 = fadd i32 %acc_15, i32 %mul_5" [conv2.cpp:27]   --->   Operation 1258 'fadd' 'acc_16' <Predicate = true> <Delay = 7.25> <CoreInst = "FAddSub_fulldsp">   --->   Core 18 'FAddSub_fulldsp' <Latency = 4> <II = 1> <Delay = 7.25> <FuncUnit> <Opcode : 'fadd' 'fsub'> <InPorts = 2> <OutPorts = 1>

State 87 <SV = 86> <Delay = 7.25>
ST_87 : Operation 1259 [1/5] (7.25ns)   --->   "%acc_16 = fadd i32 %acc_15, i32 %mul_5" [conv2.cpp:27]   --->   Operation 1259 'fadd' 'acc_16' <Predicate = true> <Delay = 7.25> <CoreInst = "FAddSub_fulldsp">   --->   Core 18 'FAddSub_fulldsp' <Latency = 4> <II = 1> <Delay = 7.25> <FuncUnit> <Opcode : 'fadd' 'fsub'> <InPorts = 2> <OutPorts = 1>

State 88 <SV = 87> <Delay = 7.25>
ST_88 : Operation 1260 [5/5] (7.25ns)   --->   "%acc_17 = fadd i32 %acc_16, i32 %mul_5_1" [conv2.cpp:27]   --->   Operation 1260 'fadd' 'acc_17' <Predicate = true> <Delay = 7.25> <CoreInst = "FAddSub_fulldsp">   --->   Core 18 'FAddSub_fulldsp' <Latency = 4> <II = 1> <Delay = 7.25> <FuncUnit> <Opcode : 'fadd' 'fsub'> <InPorts = 2> <OutPorts = 1>

State 89 <SV = 88> <Delay = 7.25>
ST_89 : Operation 1261 [4/5] (7.25ns)   --->   "%acc_17 = fadd i32 %acc_16, i32 %mul_5_1" [conv2.cpp:27]   --->   Operation 1261 'fadd' 'acc_17' <Predicate = true> <Delay = 7.25> <CoreInst = "FAddSub_fulldsp">   --->   Core 18 'FAddSub_fulldsp' <Latency = 4> <II = 1> <Delay = 7.25> <FuncUnit> <Opcode : 'fadd' 'fsub'> <InPorts = 2> <OutPorts = 1>

State 90 <SV = 89> <Delay = 7.25>
ST_90 : Operation 1262 [3/5] (7.25ns)   --->   "%acc_17 = fadd i32 %acc_16, i32 %mul_5_1" [conv2.cpp:27]   --->   Operation 1262 'fadd' 'acc_17' <Predicate = true> <Delay = 7.25> <CoreInst = "FAddSub_fulldsp">   --->   Core 18 'FAddSub_fulldsp' <Latency = 4> <II = 1> <Delay = 7.25> <FuncUnit> <Opcode : 'fadd' 'fsub'> <InPorts = 2> <OutPorts = 1>

State 91 <SV = 90> <Delay = 7.25>
ST_91 : Operation 1263 [2/5] (7.25ns)   --->   "%acc_17 = fadd i32 %acc_16, i32 %mul_5_1" [conv2.cpp:27]   --->   Operation 1263 'fadd' 'acc_17' <Predicate = true> <Delay = 7.25> <CoreInst = "FAddSub_fulldsp">   --->   Core 18 'FAddSub_fulldsp' <Latency = 4> <II = 1> <Delay = 7.25> <FuncUnit> <Opcode : 'fadd' 'fsub'> <InPorts = 2> <OutPorts = 1>

State 92 <SV = 91> <Delay = 7.25>
ST_92 : Operation 1264 [1/5] (7.25ns)   --->   "%acc_17 = fadd i32 %acc_16, i32 %mul_5_1" [conv2.cpp:27]   --->   Operation 1264 'fadd' 'acc_17' <Predicate = true> <Delay = 7.25> <CoreInst = "FAddSub_fulldsp">   --->   Core 18 'FAddSub_fulldsp' <Latency = 4> <II = 1> <Delay = 7.25> <FuncUnit> <Opcode : 'fadd' 'fsub'> <InPorts = 2> <OutPorts = 1>

State 93 <SV = 92> <Delay = 7.25>
ST_93 : Operation 1265 [5/5] (7.25ns)   --->   "%acc_18 = fadd i32 %acc_17, i32 %mul_5_2" [conv2.cpp:27]   --->   Operation 1265 'fadd' 'acc_18' <Predicate = true> <Delay = 7.25> <CoreInst = "FAddSub_fulldsp">   --->   Core 18 'FAddSub_fulldsp' <Latency = 4> <II = 1> <Delay = 7.25> <FuncUnit> <Opcode : 'fadd' 'fsub'> <InPorts = 2> <OutPorts = 1>

State 94 <SV = 93> <Delay = 7.25>
ST_94 : Operation 1266 [4/5] (7.25ns)   --->   "%acc_18 = fadd i32 %acc_17, i32 %mul_5_2" [conv2.cpp:27]   --->   Operation 1266 'fadd' 'acc_18' <Predicate = true> <Delay = 7.25> <CoreInst = "FAddSub_fulldsp">   --->   Core 18 'FAddSub_fulldsp' <Latency = 4> <II = 1> <Delay = 7.25> <FuncUnit> <Opcode : 'fadd' 'fsub'> <InPorts = 2> <OutPorts = 1>

State 95 <SV = 94> <Delay = 7.25>
ST_95 : Operation 1267 [3/5] (7.25ns)   --->   "%acc_18 = fadd i32 %acc_17, i32 %mul_5_2" [conv2.cpp:27]   --->   Operation 1267 'fadd' 'acc_18' <Predicate = true> <Delay = 7.25> <CoreInst = "FAddSub_fulldsp">   --->   Core 18 'FAddSub_fulldsp' <Latency = 4> <II = 1> <Delay = 7.25> <FuncUnit> <Opcode : 'fadd' 'fsub'> <InPorts = 2> <OutPorts = 1>

State 96 <SV = 95> <Delay = 7.25>
ST_96 : Operation 1268 [2/5] (7.25ns)   --->   "%acc_18 = fadd i32 %acc_17, i32 %mul_5_2" [conv2.cpp:27]   --->   Operation 1268 'fadd' 'acc_18' <Predicate = true> <Delay = 7.25> <CoreInst = "FAddSub_fulldsp">   --->   Core 18 'FAddSub_fulldsp' <Latency = 4> <II = 1> <Delay = 7.25> <FuncUnit> <Opcode : 'fadd' 'fsub'> <InPorts = 2> <OutPorts = 1>

State 97 <SV = 96> <Delay = 7.25>
ST_97 : Operation 1269 [1/5] (7.25ns)   --->   "%acc_18 = fadd i32 %acc_17, i32 %mul_5_2" [conv2.cpp:27]   --->   Operation 1269 'fadd' 'acc_18' <Predicate = true> <Delay = 7.25> <CoreInst = "FAddSub_fulldsp">   --->   Core 18 'FAddSub_fulldsp' <Latency = 4> <II = 1> <Delay = 7.25> <FuncUnit> <Opcode : 'fadd' 'fsub'> <InPorts = 2> <OutPorts = 1>

State 98 <SV = 97> <Delay = 7.25>
ST_98 : Operation 1270 [5/5] (7.25ns)   --->   "%acc_19 = fadd i32 %acc_18, i32 %mul_6" [conv2.cpp:27]   --->   Operation 1270 'fadd' 'acc_19' <Predicate = true> <Delay = 7.25> <CoreInst = "FAddSub_fulldsp">   --->   Core 18 'FAddSub_fulldsp' <Latency = 4> <II = 1> <Delay = 7.25> <FuncUnit> <Opcode : 'fadd' 'fsub'> <InPorts = 2> <OutPorts = 1>

State 99 <SV = 98> <Delay = 7.25>
ST_99 : Operation 1271 [4/5] (7.25ns)   --->   "%acc_19 = fadd i32 %acc_18, i32 %mul_6" [conv2.cpp:27]   --->   Operation 1271 'fadd' 'acc_19' <Predicate = true> <Delay = 7.25> <CoreInst = "FAddSub_fulldsp">   --->   Core 18 'FAddSub_fulldsp' <Latency = 4> <II = 1> <Delay = 7.25> <FuncUnit> <Opcode : 'fadd' 'fsub'> <InPorts = 2> <OutPorts = 1>

State 100 <SV = 99> <Delay = 7.25>
ST_100 : Operation 1272 [3/5] (7.25ns)   --->   "%acc_19 = fadd i32 %acc_18, i32 %mul_6" [conv2.cpp:27]   --->   Operation 1272 'fadd' 'acc_19' <Predicate = true> <Delay = 7.25> <CoreInst = "FAddSub_fulldsp">   --->   Core 18 'FAddSub_fulldsp' <Latency = 4> <II = 1> <Delay = 7.25> <FuncUnit> <Opcode : 'fadd' 'fsub'> <InPorts = 2> <OutPorts = 1>

State 101 <SV = 100> <Delay = 7.25>
ST_101 : Operation 1273 [2/5] (7.25ns)   --->   "%acc_19 = fadd i32 %acc_18, i32 %mul_6" [conv2.cpp:27]   --->   Operation 1273 'fadd' 'acc_19' <Predicate = true> <Delay = 7.25> <CoreInst = "FAddSub_fulldsp">   --->   Core 18 'FAddSub_fulldsp' <Latency = 4> <II = 1> <Delay = 7.25> <FuncUnit> <Opcode : 'fadd' 'fsub'> <InPorts = 2> <OutPorts = 1>

State 102 <SV = 101> <Delay = 7.25>
ST_102 : Operation 1274 [1/5] (7.25ns)   --->   "%acc_19 = fadd i32 %acc_18, i32 %mul_6" [conv2.cpp:27]   --->   Operation 1274 'fadd' 'acc_19' <Predicate = true> <Delay = 7.25> <CoreInst = "FAddSub_fulldsp">   --->   Core 18 'FAddSub_fulldsp' <Latency = 4> <II = 1> <Delay = 7.25> <FuncUnit> <Opcode : 'fadd' 'fsub'> <InPorts = 2> <OutPorts = 1>

State 103 <SV = 102> <Delay = 7.25>
ST_103 : Operation 1275 [5/5] (7.25ns)   --->   "%acc_20 = fadd i32 %acc_19, i32 %mul_6_1" [conv2.cpp:27]   --->   Operation 1275 'fadd' 'acc_20' <Predicate = true> <Delay = 7.25> <CoreInst = "FAddSub_fulldsp">   --->   Core 18 'FAddSub_fulldsp' <Latency = 4> <II = 1> <Delay = 7.25> <FuncUnit> <Opcode : 'fadd' 'fsub'> <InPorts = 2> <OutPorts = 1>

State 104 <SV = 103> <Delay = 7.25>
ST_104 : Operation 1276 [4/5] (7.25ns)   --->   "%acc_20 = fadd i32 %acc_19, i32 %mul_6_1" [conv2.cpp:27]   --->   Operation 1276 'fadd' 'acc_20' <Predicate = true> <Delay = 7.25> <CoreInst = "FAddSub_fulldsp">   --->   Core 18 'FAddSub_fulldsp' <Latency = 4> <II = 1> <Delay = 7.25> <FuncUnit> <Opcode : 'fadd' 'fsub'> <InPorts = 2> <OutPorts = 1>

State 105 <SV = 104> <Delay = 7.25>
ST_105 : Operation 1277 [3/5] (7.25ns)   --->   "%acc_20 = fadd i32 %acc_19, i32 %mul_6_1" [conv2.cpp:27]   --->   Operation 1277 'fadd' 'acc_20' <Predicate = true> <Delay = 7.25> <CoreInst = "FAddSub_fulldsp">   --->   Core 18 'FAddSub_fulldsp' <Latency = 4> <II = 1> <Delay = 7.25> <FuncUnit> <Opcode : 'fadd' 'fsub'> <InPorts = 2> <OutPorts = 1>

State 106 <SV = 105> <Delay = 7.25>
ST_106 : Operation 1278 [2/5] (7.25ns)   --->   "%acc_20 = fadd i32 %acc_19, i32 %mul_6_1" [conv2.cpp:27]   --->   Operation 1278 'fadd' 'acc_20' <Predicate = true> <Delay = 7.25> <CoreInst = "FAddSub_fulldsp">   --->   Core 18 'FAddSub_fulldsp' <Latency = 4> <II = 1> <Delay = 7.25> <FuncUnit> <Opcode : 'fadd' 'fsub'> <InPorts = 2> <OutPorts = 1>

State 107 <SV = 106> <Delay = 7.25>
ST_107 : Operation 1279 [1/5] (7.25ns)   --->   "%acc_20 = fadd i32 %acc_19, i32 %mul_6_1" [conv2.cpp:27]   --->   Operation 1279 'fadd' 'acc_20' <Predicate = true> <Delay = 7.25> <CoreInst = "FAddSub_fulldsp">   --->   Core 18 'FAddSub_fulldsp' <Latency = 4> <II = 1> <Delay = 7.25> <FuncUnit> <Opcode : 'fadd' 'fsub'> <InPorts = 2> <OutPorts = 1>

State 108 <SV = 107> <Delay = 7.25>
ST_108 : Operation 1280 [5/5] (7.25ns)   --->   "%acc_21 = fadd i32 %acc_20, i32 %mul_6_2" [conv2.cpp:27]   --->   Operation 1280 'fadd' 'acc_21' <Predicate = true> <Delay = 7.25> <CoreInst = "FAddSub_fulldsp">   --->   Core 18 'FAddSub_fulldsp' <Latency = 4> <II = 1> <Delay = 7.25> <FuncUnit> <Opcode : 'fadd' 'fsub'> <InPorts = 2> <OutPorts = 1>

State 109 <SV = 108> <Delay = 7.25>
ST_109 : Operation 1281 [4/5] (7.25ns)   --->   "%acc_21 = fadd i32 %acc_20, i32 %mul_6_2" [conv2.cpp:27]   --->   Operation 1281 'fadd' 'acc_21' <Predicate = true> <Delay = 7.25> <CoreInst = "FAddSub_fulldsp">   --->   Core 18 'FAddSub_fulldsp' <Latency = 4> <II = 1> <Delay = 7.25> <FuncUnit> <Opcode : 'fadd' 'fsub'> <InPorts = 2> <OutPorts = 1>

State 110 <SV = 109> <Delay = 7.25>
ST_110 : Operation 1282 [3/5] (7.25ns)   --->   "%acc_21 = fadd i32 %acc_20, i32 %mul_6_2" [conv2.cpp:27]   --->   Operation 1282 'fadd' 'acc_21' <Predicate = true> <Delay = 7.25> <CoreInst = "FAddSub_fulldsp">   --->   Core 18 'FAddSub_fulldsp' <Latency = 4> <II = 1> <Delay = 7.25> <FuncUnit> <Opcode : 'fadd' 'fsub'> <InPorts = 2> <OutPorts = 1>

State 111 <SV = 110> <Delay = 7.25>
ST_111 : Operation 1283 [2/5] (7.25ns)   --->   "%acc_21 = fadd i32 %acc_20, i32 %mul_6_2" [conv2.cpp:27]   --->   Operation 1283 'fadd' 'acc_21' <Predicate = true> <Delay = 7.25> <CoreInst = "FAddSub_fulldsp">   --->   Core 18 'FAddSub_fulldsp' <Latency = 4> <II = 1> <Delay = 7.25> <FuncUnit> <Opcode : 'fadd' 'fsub'> <InPorts = 2> <OutPorts = 1>

State 112 <SV = 111> <Delay = 7.25>
ST_112 : Operation 1284 [1/5] (7.25ns)   --->   "%acc_21 = fadd i32 %acc_20, i32 %mul_6_2" [conv2.cpp:27]   --->   Operation 1284 'fadd' 'acc_21' <Predicate = true> <Delay = 7.25> <CoreInst = "FAddSub_fulldsp">   --->   Core 18 'FAddSub_fulldsp' <Latency = 4> <II = 1> <Delay = 7.25> <FuncUnit> <Opcode : 'fadd' 'fsub'> <InPorts = 2> <OutPorts = 1>

State 113 <SV = 112> <Delay = 7.25>
ST_113 : Operation 1285 [5/5] (7.25ns)   --->   "%acc_22 = fadd i32 %acc_21, i32 %mul_7" [conv2.cpp:27]   --->   Operation 1285 'fadd' 'acc_22' <Predicate = true> <Delay = 7.25> <CoreInst = "FAddSub_fulldsp">   --->   Core 18 'FAddSub_fulldsp' <Latency = 4> <II = 1> <Delay = 7.25> <FuncUnit> <Opcode : 'fadd' 'fsub'> <InPorts = 2> <OutPorts = 1>

State 114 <SV = 113> <Delay = 7.25>
ST_114 : Operation 1286 [4/5] (7.25ns)   --->   "%acc_22 = fadd i32 %acc_21, i32 %mul_7" [conv2.cpp:27]   --->   Operation 1286 'fadd' 'acc_22' <Predicate = true> <Delay = 7.25> <CoreInst = "FAddSub_fulldsp">   --->   Core 18 'FAddSub_fulldsp' <Latency = 4> <II = 1> <Delay = 7.25> <FuncUnit> <Opcode : 'fadd' 'fsub'> <InPorts = 2> <OutPorts = 1>

State 115 <SV = 114> <Delay = 7.25>
ST_115 : Operation 1287 [3/5] (7.25ns)   --->   "%acc_22 = fadd i32 %acc_21, i32 %mul_7" [conv2.cpp:27]   --->   Operation 1287 'fadd' 'acc_22' <Predicate = true> <Delay = 7.25> <CoreInst = "FAddSub_fulldsp">   --->   Core 18 'FAddSub_fulldsp' <Latency = 4> <II = 1> <Delay = 7.25> <FuncUnit> <Opcode : 'fadd' 'fsub'> <InPorts = 2> <OutPorts = 1>

State 116 <SV = 115> <Delay = 7.25>
ST_116 : Operation 1288 [2/5] (7.25ns)   --->   "%acc_22 = fadd i32 %acc_21, i32 %mul_7" [conv2.cpp:27]   --->   Operation 1288 'fadd' 'acc_22' <Predicate = true> <Delay = 7.25> <CoreInst = "FAddSub_fulldsp">   --->   Core 18 'FAddSub_fulldsp' <Latency = 4> <II = 1> <Delay = 7.25> <FuncUnit> <Opcode : 'fadd' 'fsub'> <InPorts = 2> <OutPorts = 1>

State 117 <SV = 116> <Delay = 7.25>
ST_117 : Operation 1289 [1/5] (7.25ns)   --->   "%acc_22 = fadd i32 %acc_21, i32 %mul_7" [conv2.cpp:27]   --->   Operation 1289 'fadd' 'acc_22' <Predicate = true> <Delay = 7.25> <CoreInst = "FAddSub_fulldsp">   --->   Core 18 'FAddSub_fulldsp' <Latency = 4> <II = 1> <Delay = 7.25> <FuncUnit> <Opcode : 'fadd' 'fsub'> <InPorts = 2> <OutPorts = 1>

State 118 <SV = 117> <Delay = 7.25>
ST_118 : Operation 1290 [5/5] (7.25ns)   --->   "%acc_23 = fadd i32 %acc_22, i32 %mul_7_1" [conv2.cpp:27]   --->   Operation 1290 'fadd' 'acc_23' <Predicate = true> <Delay = 7.25> <CoreInst = "FAddSub_fulldsp">   --->   Core 18 'FAddSub_fulldsp' <Latency = 4> <II = 1> <Delay = 7.25> <FuncUnit> <Opcode : 'fadd' 'fsub'> <InPorts = 2> <OutPorts = 1>

State 119 <SV = 118> <Delay = 7.25>
ST_119 : Operation 1291 [4/5] (7.25ns)   --->   "%acc_23 = fadd i32 %acc_22, i32 %mul_7_1" [conv2.cpp:27]   --->   Operation 1291 'fadd' 'acc_23' <Predicate = true> <Delay = 7.25> <CoreInst = "FAddSub_fulldsp">   --->   Core 18 'FAddSub_fulldsp' <Latency = 4> <II = 1> <Delay = 7.25> <FuncUnit> <Opcode : 'fadd' 'fsub'> <InPorts = 2> <OutPorts = 1>

State 120 <SV = 119> <Delay = 7.25>
ST_120 : Operation 1292 [3/5] (7.25ns)   --->   "%acc_23 = fadd i32 %acc_22, i32 %mul_7_1" [conv2.cpp:27]   --->   Operation 1292 'fadd' 'acc_23' <Predicate = true> <Delay = 7.25> <CoreInst = "FAddSub_fulldsp">   --->   Core 18 'FAddSub_fulldsp' <Latency = 4> <II = 1> <Delay = 7.25> <FuncUnit> <Opcode : 'fadd' 'fsub'> <InPorts = 2> <OutPorts = 1>

State 121 <SV = 120> <Delay = 7.25>
ST_121 : Operation 1293 [2/5] (7.25ns)   --->   "%acc_23 = fadd i32 %acc_22, i32 %mul_7_1" [conv2.cpp:27]   --->   Operation 1293 'fadd' 'acc_23' <Predicate = true> <Delay = 7.25> <CoreInst = "FAddSub_fulldsp">   --->   Core 18 'FAddSub_fulldsp' <Latency = 4> <II = 1> <Delay = 7.25> <FuncUnit> <Opcode : 'fadd' 'fsub'> <InPorts = 2> <OutPorts = 1>

State 122 <SV = 121> <Delay = 7.25>
ST_122 : Operation 1294 [1/5] (7.25ns)   --->   "%acc_23 = fadd i32 %acc_22, i32 %mul_7_1" [conv2.cpp:27]   --->   Operation 1294 'fadd' 'acc_23' <Predicate = true> <Delay = 7.25> <CoreInst = "FAddSub_fulldsp">   --->   Core 18 'FAddSub_fulldsp' <Latency = 4> <II = 1> <Delay = 7.25> <FuncUnit> <Opcode : 'fadd' 'fsub'> <InPorts = 2> <OutPorts = 1>

State 123 <SV = 122> <Delay = 7.25>
ST_123 : Operation 1295 [5/5] (7.25ns)   --->   "%acc_24 = fadd i32 %acc_23, i32 %mul_7_2" [conv2.cpp:27]   --->   Operation 1295 'fadd' 'acc_24' <Predicate = true> <Delay = 7.25> <CoreInst = "FAddSub_fulldsp">   --->   Core 18 'FAddSub_fulldsp' <Latency = 4> <II = 1> <Delay = 7.25> <FuncUnit> <Opcode : 'fadd' 'fsub'> <InPorts = 2> <OutPorts = 1>

State 124 <SV = 123> <Delay = 7.25>
ST_124 : Operation 1296 [4/5] (7.25ns)   --->   "%acc_24 = fadd i32 %acc_23, i32 %mul_7_2" [conv2.cpp:27]   --->   Operation 1296 'fadd' 'acc_24' <Predicate = true> <Delay = 7.25> <CoreInst = "FAddSub_fulldsp">   --->   Core 18 'FAddSub_fulldsp' <Latency = 4> <II = 1> <Delay = 7.25> <FuncUnit> <Opcode : 'fadd' 'fsub'> <InPorts = 2> <OutPorts = 1>

State 125 <SV = 124> <Delay = 7.25>
ST_125 : Operation 1297 [3/5] (7.25ns)   --->   "%acc_24 = fadd i32 %acc_23, i32 %mul_7_2" [conv2.cpp:27]   --->   Operation 1297 'fadd' 'acc_24' <Predicate = true> <Delay = 7.25> <CoreInst = "FAddSub_fulldsp">   --->   Core 18 'FAddSub_fulldsp' <Latency = 4> <II = 1> <Delay = 7.25> <FuncUnit> <Opcode : 'fadd' 'fsub'> <InPorts = 2> <OutPorts = 1>

State 126 <SV = 125> <Delay = 7.25>
ST_126 : Operation 1298 [2/5] (7.25ns)   --->   "%acc_24 = fadd i32 %acc_23, i32 %mul_7_2" [conv2.cpp:27]   --->   Operation 1298 'fadd' 'acc_24' <Predicate = true> <Delay = 7.25> <CoreInst = "FAddSub_fulldsp">   --->   Core 18 'FAddSub_fulldsp' <Latency = 4> <II = 1> <Delay = 7.25> <FuncUnit> <Opcode : 'fadd' 'fsub'> <InPorts = 2> <OutPorts = 1>

State 127 <SV = 126> <Delay = 7.25>
ST_127 : Operation 1299 [1/5] (7.25ns)   --->   "%acc_24 = fadd i32 %acc_23, i32 %mul_7_2" [conv2.cpp:27]   --->   Operation 1299 'fadd' 'acc_24' <Predicate = true> <Delay = 7.25> <CoreInst = "FAddSub_fulldsp">   --->   Core 18 'FAddSub_fulldsp' <Latency = 4> <II = 1> <Delay = 7.25> <FuncUnit> <Opcode : 'fadd' 'fsub'> <InPorts = 2> <OutPorts = 1>

State 128 <SV = 127> <Delay = 7.25>
ST_128 : Operation 1300 [5/5] (7.25ns)   --->   "%acc_25 = fadd i32 %acc_24, i32 %mul_8" [conv2.cpp:27]   --->   Operation 1300 'fadd' 'acc_25' <Predicate = true> <Delay = 7.25> <CoreInst = "FAddSub_fulldsp">   --->   Core 18 'FAddSub_fulldsp' <Latency = 4> <II = 1> <Delay = 7.25> <FuncUnit> <Opcode : 'fadd' 'fsub'> <InPorts = 2> <OutPorts = 1>

State 129 <SV = 128> <Delay = 7.25>
ST_129 : Operation 1301 [4/5] (7.25ns)   --->   "%acc_25 = fadd i32 %acc_24, i32 %mul_8" [conv2.cpp:27]   --->   Operation 1301 'fadd' 'acc_25' <Predicate = true> <Delay = 7.25> <CoreInst = "FAddSub_fulldsp">   --->   Core 18 'FAddSub_fulldsp' <Latency = 4> <II = 1> <Delay = 7.25> <FuncUnit> <Opcode : 'fadd' 'fsub'> <InPorts = 2> <OutPorts = 1>

State 130 <SV = 129> <Delay = 7.25>
ST_130 : Operation 1302 [3/5] (7.25ns)   --->   "%acc_25 = fadd i32 %acc_24, i32 %mul_8" [conv2.cpp:27]   --->   Operation 1302 'fadd' 'acc_25' <Predicate = true> <Delay = 7.25> <CoreInst = "FAddSub_fulldsp">   --->   Core 18 'FAddSub_fulldsp' <Latency = 4> <II = 1> <Delay = 7.25> <FuncUnit> <Opcode : 'fadd' 'fsub'> <InPorts = 2> <OutPorts = 1>

State 131 <SV = 130> <Delay = 7.25>
ST_131 : Operation 1303 [2/5] (7.25ns)   --->   "%acc_25 = fadd i32 %acc_24, i32 %mul_8" [conv2.cpp:27]   --->   Operation 1303 'fadd' 'acc_25' <Predicate = true> <Delay = 7.25> <CoreInst = "FAddSub_fulldsp">   --->   Core 18 'FAddSub_fulldsp' <Latency = 4> <II = 1> <Delay = 7.25> <FuncUnit> <Opcode : 'fadd' 'fsub'> <InPorts = 2> <OutPorts = 1>

State 132 <SV = 131> <Delay = 7.25>
ST_132 : Operation 1304 [1/5] (7.25ns)   --->   "%acc_25 = fadd i32 %acc_24, i32 %mul_8" [conv2.cpp:27]   --->   Operation 1304 'fadd' 'acc_25' <Predicate = true> <Delay = 7.25> <CoreInst = "FAddSub_fulldsp">   --->   Core 18 'FAddSub_fulldsp' <Latency = 4> <II = 1> <Delay = 7.25> <FuncUnit> <Opcode : 'fadd' 'fsub'> <InPorts = 2> <OutPorts = 1>

State 133 <SV = 132> <Delay = 7.25>
ST_133 : Operation 1305 [5/5] (7.25ns)   --->   "%acc_26 = fadd i32 %acc_25, i32 %mul_8_1" [conv2.cpp:27]   --->   Operation 1305 'fadd' 'acc_26' <Predicate = true> <Delay = 7.25> <CoreInst = "FAddSub_fulldsp">   --->   Core 18 'FAddSub_fulldsp' <Latency = 4> <II = 1> <Delay = 7.25> <FuncUnit> <Opcode : 'fadd' 'fsub'> <InPorts = 2> <OutPorts = 1>

State 134 <SV = 133> <Delay = 7.25>
ST_134 : Operation 1306 [4/5] (7.25ns)   --->   "%acc_26 = fadd i32 %acc_25, i32 %mul_8_1" [conv2.cpp:27]   --->   Operation 1306 'fadd' 'acc_26' <Predicate = true> <Delay = 7.25> <CoreInst = "FAddSub_fulldsp">   --->   Core 18 'FAddSub_fulldsp' <Latency = 4> <II = 1> <Delay = 7.25> <FuncUnit> <Opcode : 'fadd' 'fsub'> <InPorts = 2> <OutPorts = 1>

State 135 <SV = 134> <Delay = 7.25>
ST_135 : Operation 1307 [3/5] (7.25ns)   --->   "%acc_26 = fadd i32 %acc_25, i32 %mul_8_1" [conv2.cpp:27]   --->   Operation 1307 'fadd' 'acc_26' <Predicate = true> <Delay = 7.25> <CoreInst = "FAddSub_fulldsp">   --->   Core 18 'FAddSub_fulldsp' <Latency = 4> <II = 1> <Delay = 7.25> <FuncUnit> <Opcode : 'fadd' 'fsub'> <InPorts = 2> <OutPorts = 1>

State 136 <SV = 135> <Delay = 7.25>
ST_136 : Operation 1308 [2/5] (7.25ns)   --->   "%acc_26 = fadd i32 %acc_25, i32 %mul_8_1" [conv2.cpp:27]   --->   Operation 1308 'fadd' 'acc_26' <Predicate = true> <Delay = 7.25> <CoreInst = "FAddSub_fulldsp">   --->   Core 18 'FAddSub_fulldsp' <Latency = 4> <II = 1> <Delay = 7.25> <FuncUnit> <Opcode : 'fadd' 'fsub'> <InPorts = 2> <OutPorts = 1>

State 137 <SV = 136> <Delay = 7.25>
ST_137 : Operation 1309 [1/5] (7.25ns)   --->   "%acc_26 = fadd i32 %acc_25, i32 %mul_8_1" [conv2.cpp:27]   --->   Operation 1309 'fadd' 'acc_26' <Predicate = true> <Delay = 7.25> <CoreInst = "FAddSub_fulldsp">   --->   Core 18 'FAddSub_fulldsp' <Latency = 4> <II = 1> <Delay = 7.25> <FuncUnit> <Opcode : 'fadd' 'fsub'> <InPorts = 2> <OutPorts = 1>

State 138 <SV = 137> <Delay = 7.25>
ST_138 : Operation 1310 [5/5] (7.25ns)   --->   "%acc_27 = fadd i32 %acc_26, i32 %mul_8_2" [conv2.cpp:27]   --->   Operation 1310 'fadd' 'acc_27' <Predicate = true> <Delay = 7.25> <CoreInst = "FAddSub_fulldsp">   --->   Core 18 'FAddSub_fulldsp' <Latency = 4> <II = 1> <Delay = 7.25> <FuncUnit> <Opcode : 'fadd' 'fsub'> <InPorts = 2> <OutPorts = 1>

State 139 <SV = 138> <Delay = 7.25>
ST_139 : Operation 1311 [4/5] (7.25ns)   --->   "%acc_27 = fadd i32 %acc_26, i32 %mul_8_2" [conv2.cpp:27]   --->   Operation 1311 'fadd' 'acc_27' <Predicate = true> <Delay = 7.25> <CoreInst = "FAddSub_fulldsp">   --->   Core 18 'FAddSub_fulldsp' <Latency = 4> <II = 1> <Delay = 7.25> <FuncUnit> <Opcode : 'fadd' 'fsub'> <InPorts = 2> <OutPorts = 1>

State 140 <SV = 139> <Delay = 7.25>
ST_140 : Operation 1312 [3/5] (7.25ns)   --->   "%acc_27 = fadd i32 %acc_26, i32 %mul_8_2" [conv2.cpp:27]   --->   Operation 1312 'fadd' 'acc_27' <Predicate = true> <Delay = 7.25> <CoreInst = "FAddSub_fulldsp">   --->   Core 18 'FAddSub_fulldsp' <Latency = 4> <II = 1> <Delay = 7.25> <FuncUnit> <Opcode : 'fadd' 'fsub'> <InPorts = 2> <OutPorts = 1>

State 141 <SV = 140> <Delay = 7.25>
ST_141 : Operation 1313 [2/5] (7.25ns)   --->   "%acc_27 = fadd i32 %acc_26, i32 %mul_8_2" [conv2.cpp:27]   --->   Operation 1313 'fadd' 'acc_27' <Predicate = true> <Delay = 7.25> <CoreInst = "FAddSub_fulldsp">   --->   Core 18 'FAddSub_fulldsp' <Latency = 4> <II = 1> <Delay = 7.25> <FuncUnit> <Opcode : 'fadd' 'fsub'> <InPorts = 2> <OutPorts = 1>

State 142 <SV = 141> <Delay = 7.25>
ST_142 : Operation 1314 [1/5] (7.25ns)   --->   "%acc_27 = fadd i32 %acc_26, i32 %mul_8_2" [conv2.cpp:27]   --->   Operation 1314 'fadd' 'acc_27' <Predicate = true> <Delay = 7.25> <CoreInst = "FAddSub_fulldsp">   --->   Core 18 'FAddSub_fulldsp' <Latency = 4> <II = 1> <Delay = 7.25> <FuncUnit> <Opcode : 'fadd' 'fsub'> <InPorts = 2> <OutPorts = 1>

State 143 <SV = 142> <Delay = 7.25>
ST_143 : Operation 1315 [5/5] (7.25ns)   --->   "%acc_28 = fadd i32 %acc_27, i32 %mul_9" [conv2.cpp:27]   --->   Operation 1315 'fadd' 'acc_28' <Predicate = true> <Delay = 7.25> <CoreInst = "FAddSub_fulldsp">   --->   Core 18 'FAddSub_fulldsp' <Latency = 4> <II = 1> <Delay = 7.25> <FuncUnit> <Opcode : 'fadd' 'fsub'> <InPorts = 2> <OutPorts = 1>

State 144 <SV = 143> <Delay = 7.25>
ST_144 : Operation 1316 [4/5] (7.25ns)   --->   "%acc_28 = fadd i32 %acc_27, i32 %mul_9" [conv2.cpp:27]   --->   Operation 1316 'fadd' 'acc_28' <Predicate = true> <Delay = 7.25> <CoreInst = "FAddSub_fulldsp">   --->   Core 18 'FAddSub_fulldsp' <Latency = 4> <II = 1> <Delay = 7.25> <FuncUnit> <Opcode : 'fadd' 'fsub'> <InPorts = 2> <OutPorts = 1>

State 145 <SV = 144> <Delay = 7.25>
ST_145 : Operation 1317 [3/5] (7.25ns)   --->   "%acc_28 = fadd i32 %acc_27, i32 %mul_9" [conv2.cpp:27]   --->   Operation 1317 'fadd' 'acc_28' <Predicate = true> <Delay = 7.25> <CoreInst = "FAddSub_fulldsp">   --->   Core 18 'FAddSub_fulldsp' <Latency = 4> <II = 1> <Delay = 7.25> <FuncUnit> <Opcode : 'fadd' 'fsub'> <InPorts = 2> <OutPorts = 1>

State 146 <SV = 145> <Delay = 7.25>
ST_146 : Operation 1318 [2/5] (7.25ns)   --->   "%acc_28 = fadd i32 %acc_27, i32 %mul_9" [conv2.cpp:27]   --->   Operation 1318 'fadd' 'acc_28' <Predicate = true> <Delay = 7.25> <CoreInst = "FAddSub_fulldsp">   --->   Core 18 'FAddSub_fulldsp' <Latency = 4> <II = 1> <Delay = 7.25> <FuncUnit> <Opcode : 'fadd' 'fsub'> <InPorts = 2> <OutPorts = 1>

State 147 <SV = 146> <Delay = 7.25>
ST_147 : Operation 1319 [1/5] (7.25ns)   --->   "%acc_28 = fadd i32 %acc_27, i32 %mul_9" [conv2.cpp:27]   --->   Operation 1319 'fadd' 'acc_28' <Predicate = true> <Delay = 7.25> <CoreInst = "FAddSub_fulldsp">   --->   Core 18 'FAddSub_fulldsp' <Latency = 4> <II = 1> <Delay = 7.25> <FuncUnit> <Opcode : 'fadd' 'fsub'> <InPorts = 2> <OutPorts = 1>

State 148 <SV = 147> <Delay = 7.25>
ST_148 : Operation 1320 [5/5] (7.25ns)   --->   "%acc_29 = fadd i32 %acc_28, i32 %mul_9_1" [conv2.cpp:27]   --->   Operation 1320 'fadd' 'acc_29' <Predicate = true> <Delay = 7.25> <CoreInst = "FAddSub_fulldsp">   --->   Core 18 'FAddSub_fulldsp' <Latency = 4> <II = 1> <Delay = 7.25> <FuncUnit> <Opcode : 'fadd' 'fsub'> <InPorts = 2> <OutPorts = 1>

State 149 <SV = 148> <Delay = 7.25>
ST_149 : Operation 1321 [4/5] (7.25ns)   --->   "%acc_29 = fadd i32 %acc_28, i32 %mul_9_1" [conv2.cpp:27]   --->   Operation 1321 'fadd' 'acc_29' <Predicate = true> <Delay = 7.25> <CoreInst = "FAddSub_fulldsp">   --->   Core 18 'FAddSub_fulldsp' <Latency = 4> <II = 1> <Delay = 7.25> <FuncUnit> <Opcode : 'fadd' 'fsub'> <InPorts = 2> <OutPorts = 1>

State 150 <SV = 149> <Delay = 7.25>
ST_150 : Operation 1322 [3/5] (7.25ns)   --->   "%acc_29 = fadd i32 %acc_28, i32 %mul_9_1" [conv2.cpp:27]   --->   Operation 1322 'fadd' 'acc_29' <Predicate = true> <Delay = 7.25> <CoreInst = "FAddSub_fulldsp">   --->   Core 18 'FAddSub_fulldsp' <Latency = 4> <II = 1> <Delay = 7.25> <FuncUnit> <Opcode : 'fadd' 'fsub'> <InPorts = 2> <OutPorts = 1>

State 151 <SV = 150> <Delay = 7.25>
ST_151 : Operation 1323 [2/5] (7.25ns)   --->   "%acc_29 = fadd i32 %acc_28, i32 %mul_9_1" [conv2.cpp:27]   --->   Operation 1323 'fadd' 'acc_29' <Predicate = true> <Delay = 7.25> <CoreInst = "FAddSub_fulldsp">   --->   Core 18 'FAddSub_fulldsp' <Latency = 4> <II = 1> <Delay = 7.25> <FuncUnit> <Opcode : 'fadd' 'fsub'> <InPorts = 2> <OutPorts = 1>

State 152 <SV = 151> <Delay = 7.25>
ST_152 : Operation 1324 [1/5] (7.25ns)   --->   "%acc_29 = fadd i32 %acc_28, i32 %mul_9_1" [conv2.cpp:27]   --->   Operation 1324 'fadd' 'acc_29' <Predicate = true> <Delay = 7.25> <CoreInst = "FAddSub_fulldsp">   --->   Core 18 'FAddSub_fulldsp' <Latency = 4> <II = 1> <Delay = 7.25> <FuncUnit> <Opcode : 'fadd' 'fsub'> <InPorts = 2> <OutPorts = 1>

State 153 <SV = 152> <Delay = 7.25>
ST_153 : Operation 1325 [5/5] (7.25ns)   --->   "%acc_30 = fadd i32 %acc_29, i32 %mul_9_2" [conv2.cpp:27]   --->   Operation 1325 'fadd' 'acc_30' <Predicate = true> <Delay = 7.25> <CoreInst = "FAddSub_fulldsp">   --->   Core 18 'FAddSub_fulldsp' <Latency = 4> <II = 1> <Delay = 7.25> <FuncUnit> <Opcode : 'fadd' 'fsub'> <InPorts = 2> <OutPorts = 1>

State 154 <SV = 153> <Delay = 7.25>
ST_154 : Operation 1326 [4/5] (7.25ns)   --->   "%acc_30 = fadd i32 %acc_29, i32 %mul_9_2" [conv2.cpp:27]   --->   Operation 1326 'fadd' 'acc_30' <Predicate = true> <Delay = 7.25> <CoreInst = "FAddSub_fulldsp">   --->   Core 18 'FAddSub_fulldsp' <Latency = 4> <II = 1> <Delay = 7.25> <FuncUnit> <Opcode : 'fadd' 'fsub'> <InPorts = 2> <OutPorts = 1>

State 155 <SV = 154> <Delay = 7.25>
ST_155 : Operation 1327 [3/5] (7.25ns)   --->   "%acc_30 = fadd i32 %acc_29, i32 %mul_9_2" [conv2.cpp:27]   --->   Operation 1327 'fadd' 'acc_30' <Predicate = true> <Delay = 7.25> <CoreInst = "FAddSub_fulldsp">   --->   Core 18 'FAddSub_fulldsp' <Latency = 4> <II = 1> <Delay = 7.25> <FuncUnit> <Opcode : 'fadd' 'fsub'> <InPorts = 2> <OutPorts = 1>

State 156 <SV = 155> <Delay = 7.25>
ST_156 : Operation 1328 [2/5] (7.25ns)   --->   "%acc_30 = fadd i32 %acc_29, i32 %mul_9_2" [conv2.cpp:27]   --->   Operation 1328 'fadd' 'acc_30' <Predicate = true> <Delay = 7.25> <CoreInst = "FAddSub_fulldsp">   --->   Core 18 'FAddSub_fulldsp' <Latency = 4> <II = 1> <Delay = 7.25> <FuncUnit> <Opcode : 'fadd' 'fsub'> <InPorts = 2> <OutPorts = 1>

State 157 <SV = 156> <Delay = 7.25>
ST_157 : Operation 1329 [1/5] (7.25ns)   --->   "%acc_30 = fadd i32 %acc_29, i32 %mul_9_2" [conv2.cpp:27]   --->   Operation 1329 'fadd' 'acc_30' <Predicate = true> <Delay = 7.25> <CoreInst = "FAddSub_fulldsp">   --->   Core 18 'FAddSub_fulldsp' <Latency = 4> <II = 1> <Delay = 7.25> <FuncUnit> <Opcode : 'fadd' 'fsub'> <InPorts = 2> <OutPorts = 1>

State 158 <SV = 157> <Delay = 7.25>
ST_158 : Operation 1330 [5/5] (7.25ns)   --->   "%acc_31 = fadd i32 %acc_30, i32 %mul_10" [conv2.cpp:27]   --->   Operation 1330 'fadd' 'acc_31' <Predicate = true> <Delay = 7.25> <CoreInst = "FAddSub_fulldsp">   --->   Core 18 'FAddSub_fulldsp' <Latency = 4> <II = 1> <Delay = 7.25> <FuncUnit> <Opcode : 'fadd' 'fsub'> <InPorts = 2> <OutPorts = 1>

State 159 <SV = 158> <Delay = 7.25>
ST_159 : Operation 1331 [4/5] (7.25ns)   --->   "%acc_31 = fadd i32 %acc_30, i32 %mul_10" [conv2.cpp:27]   --->   Operation 1331 'fadd' 'acc_31' <Predicate = true> <Delay = 7.25> <CoreInst = "FAddSub_fulldsp">   --->   Core 18 'FAddSub_fulldsp' <Latency = 4> <II = 1> <Delay = 7.25> <FuncUnit> <Opcode : 'fadd' 'fsub'> <InPorts = 2> <OutPorts = 1>

State 160 <SV = 159> <Delay = 7.25>
ST_160 : Operation 1332 [3/5] (7.25ns)   --->   "%acc_31 = fadd i32 %acc_30, i32 %mul_10" [conv2.cpp:27]   --->   Operation 1332 'fadd' 'acc_31' <Predicate = true> <Delay = 7.25> <CoreInst = "FAddSub_fulldsp">   --->   Core 18 'FAddSub_fulldsp' <Latency = 4> <II = 1> <Delay = 7.25> <FuncUnit> <Opcode : 'fadd' 'fsub'> <InPorts = 2> <OutPorts = 1>

State 161 <SV = 160> <Delay = 7.25>
ST_161 : Operation 1333 [2/5] (7.25ns)   --->   "%acc_31 = fadd i32 %acc_30, i32 %mul_10" [conv2.cpp:27]   --->   Operation 1333 'fadd' 'acc_31' <Predicate = true> <Delay = 7.25> <CoreInst = "FAddSub_fulldsp">   --->   Core 18 'FAddSub_fulldsp' <Latency = 4> <II = 1> <Delay = 7.25> <FuncUnit> <Opcode : 'fadd' 'fsub'> <InPorts = 2> <OutPorts = 1>

State 162 <SV = 161> <Delay = 7.25>
ST_162 : Operation 1334 [1/5] (7.25ns)   --->   "%acc_31 = fadd i32 %acc_30, i32 %mul_10" [conv2.cpp:27]   --->   Operation 1334 'fadd' 'acc_31' <Predicate = true> <Delay = 7.25> <CoreInst = "FAddSub_fulldsp">   --->   Core 18 'FAddSub_fulldsp' <Latency = 4> <II = 1> <Delay = 7.25> <FuncUnit> <Opcode : 'fadd' 'fsub'> <InPorts = 2> <OutPorts = 1>

State 163 <SV = 162> <Delay = 7.25>
ST_163 : Operation 1335 [5/5] (7.25ns)   --->   "%acc_32 = fadd i32 %acc_31, i32 %mul_10_1" [conv2.cpp:27]   --->   Operation 1335 'fadd' 'acc_32' <Predicate = true> <Delay = 7.25> <CoreInst = "FAddSub_fulldsp">   --->   Core 18 'FAddSub_fulldsp' <Latency = 4> <II = 1> <Delay = 7.25> <FuncUnit> <Opcode : 'fadd' 'fsub'> <InPorts = 2> <OutPorts = 1>

State 164 <SV = 163> <Delay = 7.25>
ST_164 : Operation 1336 [4/5] (7.25ns)   --->   "%acc_32 = fadd i32 %acc_31, i32 %mul_10_1" [conv2.cpp:27]   --->   Operation 1336 'fadd' 'acc_32' <Predicate = true> <Delay = 7.25> <CoreInst = "FAddSub_fulldsp">   --->   Core 18 'FAddSub_fulldsp' <Latency = 4> <II = 1> <Delay = 7.25> <FuncUnit> <Opcode : 'fadd' 'fsub'> <InPorts = 2> <OutPorts = 1>

State 165 <SV = 164> <Delay = 7.25>
ST_165 : Operation 1337 [3/5] (7.25ns)   --->   "%acc_32 = fadd i32 %acc_31, i32 %mul_10_1" [conv2.cpp:27]   --->   Operation 1337 'fadd' 'acc_32' <Predicate = true> <Delay = 7.25> <CoreInst = "FAddSub_fulldsp">   --->   Core 18 'FAddSub_fulldsp' <Latency = 4> <II = 1> <Delay = 7.25> <FuncUnit> <Opcode : 'fadd' 'fsub'> <InPorts = 2> <OutPorts = 1>

State 166 <SV = 165> <Delay = 7.25>
ST_166 : Operation 1338 [2/5] (7.25ns)   --->   "%acc_32 = fadd i32 %acc_31, i32 %mul_10_1" [conv2.cpp:27]   --->   Operation 1338 'fadd' 'acc_32' <Predicate = true> <Delay = 7.25> <CoreInst = "FAddSub_fulldsp">   --->   Core 18 'FAddSub_fulldsp' <Latency = 4> <II = 1> <Delay = 7.25> <FuncUnit> <Opcode : 'fadd' 'fsub'> <InPorts = 2> <OutPorts = 1>

State 167 <SV = 166> <Delay = 7.25>
ST_167 : Operation 1339 [1/5] (7.25ns)   --->   "%acc_32 = fadd i32 %acc_31, i32 %mul_10_1" [conv2.cpp:27]   --->   Operation 1339 'fadd' 'acc_32' <Predicate = true> <Delay = 7.25> <CoreInst = "FAddSub_fulldsp">   --->   Core 18 'FAddSub_fulldsp' <Latency = 4> <II = 1> <Delay = 7.25> <FuncUnit> <Opcode : 'fadd' 'fsub'> <InPorts = 2> <OutPorts = 1>

State 168 <SV = 167> <Delay = 7.25>
ST_168 : Operation 1340 [5/5] (7.25ns)   --->   "%acc_33 = fadd i32 %acc_32, i32 %mul_10_2" [conv2.cpp:27]   --->   Operation 1340 'fadd' 'acc_33' <Predicate = true> <Delay = 7.25> <CoreInst = "FAddSub_fulldsp">   --->   Core 18 'FAddSub_fulldsp' <Latency = 4> <II = 1> <Delay = 7.25> <FuncUnit> <Opcode : 'fadd' 'fsub'> <InPorts = 2> <OutPorts = 1>

State 169 <SV = 168> <Delay = 7.25>
ST_169 : Operation 1341 [4/5] (7.25ns)   --->   "%acc_33 = fadd i32 %acc_32, i32 %mul_10_2" [conv2.cpp:27]   --->   Operation 1341 'fadd' 'acc_33' <Predicate = true> <Delay = 7.25> <CoreInst = "FAddSub_fulldsp">   --->   Core 18 'FAddSub_fulldsp' <Latency = 4> <II = 1> <Delay = 7.25> <FuncUnit> <Opcode : 'fadd' 'fsub'> <InPorts = 2> <OutPorts = 1>

State 170 <SV = 169> <Delay = 7.25>
ST_170 : Operation 1342 [3/5] (7.25ns)   --->   "%acc_33 = fadd i32 %acc_32, i32 %mul_10_2" [conv2.cpp:27]   --->   Operation 1342 'fadd' 'acc_33' <Predicate = true> <Delay = 7.25> <CoreInst = "FAddSub_fulldsp">   --->   Core 18 'FAddSub_fulldsp' <Latency = 4> <II = 1> <Delay = 7.25> <FuncUnit> <Opcode : 'fadd' 'fsub'> <InPorts = 2> <OutPorts = 1>

State 171 <SV = 170> <Delay = 7.25>
ST_171 : Operation 1343 [2/5] (7.25ns)   --->   "%acc_33 = fadd i32 %acc_32, i32 %mul_10_2" [conv2.cpp:27]   --->   Operation 1343 'fadd' 'acc_33' <Predicate = true> <Delay = 7.25> <CoreInst = "FAddSub_fulldsp">   --->   Core 18 'FAddSub_fulldsp' <Latency = 4> <II = 1> <Delay = 7.25> <FuncUnit> <Opcode : 'fadd' 'fsub'> <InPorts = 2> <OutPorts = 1>

State 172 <SV = 171> <Delay = 7.25>
ST_172 : Operation 1344 [1/5] (7.25ns)   --->   "%acc_33 = fadd i32 %acc_32, i32 %mul_10_2" [conv2.cpp:27]   --->   Operation 1344 'fadd' 'acc_33' <Predicate = true> <Delay = 7.25> <CoreInst = "FAddSub_fulldsp">   --->   Core 18 'FAddSub_fulldsp' <Latency = 4> <II = 1> <Delay = 7.25> <FuncUnit> <Opcode : 'fadd' 'fsub'> <InPorts = 2> <OutPorts = 1>

State 173 <SV = 172> <Delay = 7.25>
ST_173 : Operation 1345 [5/5] (7.25ns)   --->   "%acc_34 = fadd i32 %acc_33, i32 %mul_11" [conv2.cpp:27]   --->   Operation 1345 'fadd' 'acc_34' <Predicate = true> <Delay = 7.25> <CoreInst = "FAddSub_fulldsp">   --->   Core 18 'FAddSub_fulldsp' <Latency = 4> <II = 1> <Delay = 7.25> <FuncUnit> <Opcode : 'fadd' 'fsub'> <InPorts = 2> <OutPorts = 1>

State 174 <SV = 173> <Delay = 7.25>
ST_174 : Operation 1346 [4/5] (7.25ns)   --->   "%acc_34 = fadd i32 %acc_33, i32 %mul_11" [conv2.cpp:27]   --->   Operation 1346 'fadd' 'acc_34' <Predicate = true> <Delay = 7.25> <CoreInst = "FAddSub_fulldsp">   --->   Core 18 'FAddSub_fulldsp' <Latency = 4> <II = 1> <Delay = 7.25> <FuncUnit> <Opcode : 'fadd' 'fsub'> <InPorts = 2> <OutPorts = 1>

State 175 <SV = 174> <Delay = 7.25>
ST_175 : Operation 1347 [3/5] (7.25ns)   --->   "%acc_34 = fadd i32 %acc_33, i32 %mul_11" [conv2.cpp:27]   --->   Operation 1347 'fadd' 'acc_34' <Predicate = true> <Delay = 7.25> <CoreInst = "FAddSub_fulldsp">   --->   Core 18 'FAddSub_fulldsp' <Latency = 4> <II = 1> <Delay = 7.25> <FuncUnit> <Opcode : 'fadd' 'fsub'> <InPorts = 2> <OutPorts = 1>

State 176 <SV = 175> <Delay = 7.25>
ST_176 : Operation 1348 [2/5] (7.25ns)   --->   "%acc_34 = fadd i32 %acc_33, i32 %mul_11" [conv2.cpp:27]   --->   Operation 1348 'fadd' 'acc_34' <Predicate = true> <Delay = 7.25> <CoreInst = "FAddSub_fulldsp">   --->   Core 18 'FAddSub_fulldsp' <Latency = 4> <II = 1> <Delay = 7.25> <FuncUnit> <Opcode : 'fadd' 'fsub'> <InPorts = 2> <OutPorts = 1>

State 177 <SV = 176> <Delay = 7.25>
ST_177 : Operation 1349 [1/5] (7.25ns)   --->   "%acc_34 = fadd i32 %acc_33, i32 %mul_11" [conv2.cpp:27]   --->   Operation 1349 'fadd' 'acc_34' <Predicate = true> <Delay = 7.25> <CoreInst = "FAddSub_fulldsp">   --->   Core 18 'FAddSub_fulldsp' <Latency = 4> <II = 1> <Delay = 7.25> <FuncUnit> <Opcode : 'fadd' 'fsub'> <InPorts = 2> <OutPorts = 1>

State 178 <SV = 177> <Delay = 7.25>
ST_178 : Operation 1350 [5/5] (7.25ns)   --->   "%acc_35 = fadd i32 %acc_34, i32 %mul_11_1" [conv2.cpp:27]   --->   Operation 1350 'fadd' 'acc_35' <Predicate = true> <Delay = 7.25> <CoreInst = "FAddSub_fulldsp">   --->   Core 18 'FAddSub_fulldsp' <Latency = 4> <II = 1> <Delay = 7.25> <FuncUnit> <Opcode : 'fadd' 'fsub'> <InPorts = 2> <OutPorts = 1>

State 179 <SV = 178> <Delay = 7.25>
ST_179 : Operation 1351 [4/5] (7.25ns)   --->   "%acc_35 = fadd i32 %acc_34, i32 %mul_11_1" [conv2.cpp:27]   --->   Operation 1351 'fadd' 'acc_35' <Predicate = true> <Delay = 7.25> <CoreInst = "FAddSub_fulldsp">   --->   Core 18 'FAddSub_fulldsp' <Latency = 4> <II = 1> <Delay = 7.25> <FuncUnit> <Opcode : 'fadd' 'fsub'> <InPorts = 2> <OutPorts = 1>

State 180 <SV = 179> <Delay = 7.25>
ST_180 : Operation 1352 [3/5] (7.25ns)   --->   "%acc_35 = fadd i32 %acc_34, i32 %mul_11_1" [conv2.cpp:27]   --->   Operation 1352 'fadd' 'acc_35' <Predicate = true> <Delay = 7.25> <CoreInst = "FAddSub_fulldsp">   --->   Core 18 'FAddSub_fulldsp' <Latency = 4> <II = 1> <Delay = 7.25> <FuncUnit> <Opcode : 'fadd' 'fsub'> <InPorts = 2> <OutPorts = 1>

State 181 <SV = 180> <Delay = 7.25>
ST_181 : Operation 1353 [2/5] (7.25ns)   --->   "%acc_35 = fadd i32 %acc_34, i32 %mul_11_1" [conv2.cpp:27]   --->   Operation 1353 'fadd' 'acc_35' <Predicate = true> <Delay = 7.25> <CoreInst = "FAddSub_fulldsp">   --->   Core 18 'FAddSub_fulldsp' <Latency = 4> <II = 1> <Delay = 7.25> <FuncUnit> <Opcode : 'fadd' 'fsub'> <InPorts = 2> <OutPorts = 1>

State 182 <SV = 181> <Delay = 7.25>
ST_182 : Operation 1354 [1/5] (7.25ns)   --->   "%acc_35 = fadd i32 %acc_34, i32 %mul_11_1" [conv2.cpp:27]   --->   Operation 1354 'fadd' 'acc_35' <Predicate = true> <Delay = 7.25> <CoreInst = "FAddSub_fulldsp">   --->   Core 18 'FAddSub_fulldsp' <Latency = 4> <II = 1> <Delay = 7.25> <FuncUnit> <Opcode : 'fadd' 'fsub'> <InPorts = 2> <OutPorts = 1>

State 183 <SV = 182> <Delay = 7.25>
ST_183 : Operation 1355 [5/5] (7.25ns)   --->   "%acc_36 = fadd i32 %acc_35, i32 %mul_11_2" [conv2.cpp:27]   --->   Operation 1355 'fadd' 'acc_36' <Predicate = true> <Delay = 7.25> <CoreInst = "FAddSub_fulldsp">   --->   Core 18 'FAddSub_fulldsp' <Latency = 4> <II = 1> <Delay = 7.25> <FuncUnit> <Opcode : 'fadd' 'fsub'> <InPorts = 2> <OutPorts = 1>

State 184 <SV = 183> <Delay = 7.25>
ST_184 : Operation 1356 [4/5] (7.25ns)   --->   "%acc_36 = fadd i32 %acc_35, i32 %mul_11_2" [conv2.cpp:27]   --->   Operation 1356 'fadd' 'acc_36' <Predicate = true> <Delay = 7.25> <CoreInst = "FAddSub_fulldsp">   --->   Core 18 'FAddSub_fulldsp' <Latency = 4> <II = 1> <Delay = 7.25> <FuncUnit> <Opcode : 'fadd' 'fsub'> <InPorts = 2> <OutPorts = 1>

State 185 <SV = 184> <Delay = 7.25>
ST_185 : Operation 1357 [3/5] (7.25ns)   --->   "%acc_36 = fadd i32 %acc_35, i32 %mul_11_2" [conv2.cpp:27]   --->   Operation 1357 'fadd' 'acc_36' <Predicate = true> <Delay = 7.25> <CoreInst = "FAddSub_fulldsp">   --->   Core 18 'FAddSub_fulldsp' <Latency = 4> <II = 1> <Delay = 7.25> <FuncUnit> <Opcode : 'fadd' 'fsub'> <InPorts = 2> <OutPorts = 1>

State 186 <SV = 185> <Delay = 7.25>
ST_186 : Operation 1358 [2/5] (7.25ns)   --->   "%acc_36 = fadd i32 %acc_35, i32 %mul_11_2" [conv2.cpp:27]   --->   Operation 1358 'fadd' 'acc_36' <Predicate = true> <Delay = 7.25> <CoreInst = "FAddSub_fulldsp">   --->   Core 18 'FAddSub_fulldsp' <Latency = 4> <II = 1> <Delay = 7.25> <FuncUnit> <Opcode : 'fadd' 'fsub'> <InPorts = 2> <OutPorts = 1>

State 187 <SV = 186> <Delay = 7.25>
ST_187 : Operation 1359 [1/5] (7.25ns)   --->   "%acc_36 = fadd i32 %acc_35, i32 %mul_11_2" [conv2.cpp:27]   --->   Operation 1359 'fadd' 'acc_36' <Predicate = true> <Delay = 7.25> <CoreInst = "FAddSub_fulldsp">   --->   Core 18 'FAddSub_fulldsp' <Latency = 4> <II = 1> <Delay = 7.25> <FuncUnit> <Opcode : 'fadd' 'fsub'> <InPorts = 2> <OutPorts = 1>

State 188 <SV = 187> <Delay = 7.25>
ST_188 : Operation 1360 [5/5] (7.25ns)   --->   "%acc_37 = fadd i32 %acc_36, i32 %mul_12" [conv2.cpp:27]   --->   Operation 1360 'fadd' 'acc_37' <Predicate = true> <Delay = 7.25> <CoreInst = "FAddSub_fulldsp">   --->   Core 18 'FAddSub_fulldsp' <Latency = 4> <II = 1> <Delay = 7.25> <FuncUnit> <Opcode : 'fadd' 'fsub'> <InPorts = 2> <OutPorts = 1>

State 189 <SV = 188> <Delay = 7.25>
ST_189 : Operation 1361 [4/5] (7.25ns)   --->   "%acc_37 = fadd i32 %acc_36, i32 %mul_12" [conv2.cpp:27]   --->   Operation 1361 'fadd' 'acc_37' <Predicate = true> <Delay = 7.25> <CoreInst = "FAddSub_fulldsp">   --->   Core 18 'FAddSub_fulldsp' <Latency = 4> <II = 1> <Delay = 7.25> <FuncUnit> <Opcode : 'fadd' 'fsub'> <InPorts = 2> <OutPorts = 1>

State 190 <SV = 189> <Delay = 7.25>
ST_190 : Operation 1362 [3/5] (7.25ns)   --->   "%acc_37 = fadd i32 %acc_36, i32 %mul_12" [conv2.cpp:27]   --->   Operation 1362 'fadd' 'acc_37' <Predicate = true> <Delay = 7.25> <CoreInst = "FAddSub_fulldsp">   --->   Core 18 'FAddSub_fulldsp' <Latency = 4> <II = 1> <Delay = 7.25> <FuncUnit> <Opcode : 'fadd' 'fsub'> <InPorts = 2> <OutPorts = 1>

State 191 <SV = 190> <Delay = 7.25>
ST_191 : Operation 1363 [2/5] (7.25ns)   --->   "%acc_37 = fadd i32 %acc_36, i32 %mul_12" [conv2.cpp:27]   --->   Operation 1363 'fadd' 'acc_37' <Predicate = true> <Delay = 7.25> <CoreInst = "FAddSub_fulldsp">   --->   Core 18 'FAddSub_fulldsp' <Latency = 4> <II = 1> <Delay = 7.25> <FuncUnit> <Opcode : 'fadd' 'fsub'> <InPorts = 2> <OutPorts = 1>

State 192 <SV = 191> <Delay = 7.25>
ST_192 : Operation 1364 [1/5] (7.25ns)   --->   "%acc_37 = fadd i32 %acc_36, i32 %mul_12" [conv2.cpp:27]   --->   Operation 1364 'fadd' 'acc_37' <Predicate = true> <Delay = 7.25> <CoreInst = "FAddSub_fulldsp">   --->   Core 18 'FAddSub_fulldsp' <Latency = 4> <II = 1> <Delay = 7.25> <FuncUnit> <Opcode : 'fadd' 'fsub'> <InPorts = 2> <OutPorts = 1>

State 193 <SV = 192> <Delay = 7.25>
ST_193 : Operation 1365 [5/5] (7.25ns)   --->   "%acc_38 = fadd i32 %acc_37, i32 %mul_12_1" [conv2.cpp:27]   --->   Operation 1365 'fadd' 'acc_38' <Predicate = true> <Delay = 7.25> <CoreInst = "FAddSub_fulldsp">   --->   Core 18 'FAddSub_fulldsp' <Latency = 4> <II = 1> <Delay = 7.25> <FuncUnit> <Opcode : 'fadd' 'fsub'> <InPorts = 2> <OutPorts = 1>

State 194 <SV = 193> <Delay = 7.25>
ST_194 : Operation 1366 [4/5] (7.25ns)   --->   "%acc_38 = fadd i32 %acc_37, i32 %mul_12_1" [conv2.cpp:27]   --->   Operation 1366 'fadd' 'acc_38' <Predicate = true> <Delay = 7.25> <CoreInst = "FAddSub_fulldsp">   --->   Core 18 'FAddSub_fulldsp' <Latency = 4> <II = 1> <Delay = 7.25> <FuncUnit> <Opcode : 'fadd' 'fsub'> <InPorts = 2> <OutPorts = 1>

State 195 <SV = 194> <Delay = 7.25>
ST_195 : Operation 1367 [3/5] (7.25ns)   --->   "%acc_38 = fadd i32 %acc_37, i32 %mul_12_1" [conv2.cpp:27]   --->   Operation 1367 'fadd' 'acc_38' <Predicate = true> <Delay = 7.25> <CoreInst = "FAddSub_fulldsp">   --->   Core 18 'FAddSub_fulldsp' <Latency = 4> <II = 1> <Delay = 7.25> <FuncUnit> <Opcode : 'fadd' 'fsub'> <InPorts = 2> <OutPorts = 1>

State 196 <SV = 195> <Delay = 7.25>
ST_196 : Operation 1368 [2/5] (7.25ns)   --->   "%acc_38 = fadd i32 %acc_37, i32 %mul_12_1" [conv2.cpp:27]   --->   Operation 1368 'fadd' 'acc_38' <Predicate = true> <Delay = 7.25> <CoreInst = "FAddSub_fulldsp">   --->   Core 18 'FAddSub_fulldsp' <Latency = 4> <II = 1> <Delay = 7.25> <FuncUnit> <Opcode : 'fadd' 'fsub'> <InPorts = 2> <OutPorts = 1>

State 197 <SV = 196> <Delay = 7.25>
ST_197 : Operation 1369 [1/5] (7.25ns)   --->   "%acc_38 = fadd i32 %acc_37, i32 %mul_12_1" [conv2.cpp:27]   --->   Operation 1369 'fadd' 'acc_38' <Predicate = true> <Delay = 7.25> <CoreInst = "FAddSub_fulldsp">   --->   Core 18 'FAddSub_fulldsp' <Latency = 4> <II = 1> <Delay = 7.25> <FuncUnit> <Opcode : 'fadd' 'fsub'> <InPorts = 2> <OutPorts = 1>

State 198 <SV = 197> <Delay = 7.25>
ST_198 : Operation 1370 [5/5] (7.25ns)   --->   "%acc_39 = fadd i32 %acc_38, i32 %mul_12_2" [conv2.cpp:27]   --->   Operation 1370 'fadd' 'acc_39' <Predicate = true> <Delay = 7.25> <CoreInst = "FAddSub_fulldsp">   --->   Core 18 'FAddSub_fulldsp' <Latency = 4> <II = 1> <Delay = 7.25> <FuncUnit> <Opcode : 'fadd' 'fsub'> <InPorts = 2> <OutPorts = 1>

State 199 <SV = 198> <Delay = 7.25>
ST_199 : Operation 1371 [4/5] (7.25ns)   --->   "%acc_39 = fadd i32 %acc_38, i32 %mul_12_2" [conv2.cpp:27]   --->   Operation 1371 'fadd' 'acc_39' <Predicate = true> <Delay = 7.25> <CoreInst = "FAddSub_fulldsp">   --->   Core 18 'FAddSub_fulldsp' <Latency = 4> <II = 1> <Delay = 7.25> <FuncUnit> <Opcode : 'fadd' 'fsub'> <InPorts = 2> <OutPorts = 1>

State 200 <SV = 199> <Delay = 7.25>
ST_200 : Operation 1372 [3/5] (7.25ns)   --->   "%acc_39 = fadd i32 %acc_38, i32 %mul_12_2" [conv2.cpp:27]   --->   Operation 1372 'fadd' 'acc_39' <Predicate = true> <Delay = 7.25> <CoreInst = "FAddSub_fulldsp">   --->   Core 18 'FAddSub_fulldsp' <Latency = 4> <II = 1> <Delay = 7.25> <FuncUnit> <Opcode : 'fadd' 'fsub'> <InPorts = 2> <OutPorts = 1>

State 201 <SV = 200> <Delay = 7.25>
ST_201 : Operation 1373 [2/5] (7.25ns)   --->   "%acc_39 = fadd i32 %acc_38, i32 %mul_12_2" [conv2.cpp:27]   --->   Operation 1373 'fadd' 'acc_39' <Predicate = true> <Delay = 7.25> <CoreInst = "FAddSub_fulldsp">   --->   Core 18 'FAddSub_fulldsp' <Latency = 4> <II = 1> <Delay = 7.25> <FuncUnit> <Opcode : 'fadd' 'fsub'> <InPorts = 2> <OutPorts = 1>

State 202 <SV = 201> <Delay = 7.25>
ST_202 : Operation 1374 [1/5] (7.25ns)   --->   "%acc_39 = fadd i32 %acc_38, i32 %mul_12_2" [conv2.cpp:27]   --->   Operation 1374 'fadd' 'acc_39' <Predicate = true> <Delay = 7.25> <CoreInst = "FAddSub_fulldsp">   --->   Core 18 'FAddSub_fulldsp' <Latency = 4> <II = 1> <Delay = 7.25> <FuncUnit> <Opcode : 'fadd' 'fsub'> <InPorts = 2> <OutPorts = 1>

State 203 <SV = 202> <Delay = 7.25>
ST_203 : Operation 1375 [5/5] (7.25ns)   --->   "%acc_40 = fadd i32 %acc_39, i32 %mul_13" [conv2.cpp:27]   --->   Operation 1375 'fadd' 'acc_40' <Predicate = true> <Delay = 7.25> <CoreInst = "FAddSub_fulldsp">   --->   Core 18 'FAddSub_fulldsp' <Latency = 4> <II = 1> <Delay = 7.25> <FuncUnit> <Opcode : 'fadd' 'fsub'> <InPorts = 2> <OutPorts = 1>

State 204 <SV = 203> <Delay = 7.25>
ST_204 : Operation 1376 [4/5] (7.25ns)   --->   "%acc_40 = fadd i32 %acc_39, i32 %mul_13" [conv2.cpp:27]   --->   Operation 1376 'fadd' 'acc_40' <Predicate = true> <Delay = 7.25> <CoreInst = "FAddSub_fulldsp">   --->   Core 18 'FAddSub_fulldsp' <Latency = 4> <II = 1> <Delay = 7.25> <FuncUnit> <Opcode : 'fadd' 'fsub'> <InPorts = 2> <OutPorts = 1>

State 205 <SV = 204> <Delay = 7.25>
ST_205 : Operation 1377 [3/5] (7.25ns)   --->   "%acc_40 = fadd i32 %acc_39, i32 %mul_13" [conv2.cpp:27]   --->   Operation 1377 'fadd' 'acc_40' <Predicate = true> <Delay = 7.25> <CoreInst = "FAddSub_fulldsp">   --->   Core 18 'FAddSub_fulldsp' <Latency = 4> <II = 1> <Delay = 7.25> <FuncUnit> <Opcode : 'fadd' 'fsub'> <InPorts = 2> <OutPorts = 1>

State 206 <SV = 205> <Delay = 7.25>
ST_206 : Operation 1378 [2/5] (7.25ns)   --->   "%acc_40 = fadd i32 %acc_39, i32 %mul_13" [conv2.cpp:27]   --->   Operation 1378 'fadd' 'acc_40' <Predicate = true> <Delay = 7.25> <CoreInst = "FAddSub_fulldsp">   --->   Core 18 'FAddSub_fulldsp' <Latency = 4> <II = 1> <Delay = 7.25> <FuncUnit> <Opcode : 'fadd' 'fsub'> <InPorts = 2> <OutPorts = 1>

State 207 <SV = 206> <Delay = 7.25>
ST_207 : Operation 1379 [1/5] (7.25ns)   --->   "%acc_40 = fadd i32 %acc_39, i32 %mul_13" [conv2.cpp:27]   --->   Operation 1379 'fadd' 'acc_40' <Predicate = true> <Delay = 7.25> <CoreInst = "FAddSub_fulldsp">   --->   Core 18 'FAddSub_fulldsp' <Latency = 4> <II = 1> <Delay = 7.25> <FuncUnit> <Opcode : 'fadd' 'fsub'> <InPorts = 2> <OutPorts = 1>

State 208 <SV = 207> <Delay = 7.25>
ST_208 : Operation 1380 [5/5] (7.25ns)   --->   "%acc_41 = fadd i32 %acc_40, i32 %mul_13_1" [conv2.cpp:27]   --->   Operation 1380 'fadd' 'acc_41' <Predicate = true> <Delay = 7.25> <CoreInst = "FAddSub_fulldsp">   --->   Core 18 'FAddSub_fulldsp' <Latency = 4> <II = 1> <Delay = 7.25> <FuncUnit> <Opcode : 'fadd' 'fsub'> <InPorts = 2> <OutPorts = 1>

State 209 <SV = 208> <Delay = 7.25>
ST_209 : Operation 1381 [4/5] (7.25ns)   --->   "%acc_41 = fadd i32 %acc_40, i32 %mul_13_1" [conv2.cpp:27]   --->   Operation 1381 'fadd' 'acc_41' <Predicate = true> <Delay = 7.25> <CoreInst = "FAddSub_fulldsp">   --->   Core 18 'FAddSub_fulldsp' <Latency = 4> <II = 1> <Delay = 7.25> <FuncUnit> <Opcode : 'fadd' 'fsub'> <InPorts = 2> <OutPorts = 1>

State 210 <SV = 209> <Delay = 7.25>
ST_210 : Operation 1382 [3/5] (7.25ns)   --->   "%acc_41 = fadd i32 %acc_40, i32 %mul_13_1" [conv2.cpp:27]   --->   Operation 1382 'fadd' 'acc_41' <Predicate = true> <Delay = 7.25> <CoreInst = "FAddSub_fulldsp">   --->   Core 18 'FAddSub_fulldsp' <Latency = 4> <II = 1> <Delay = 7.25> <FuncUnit> <Opcode : 'fadd' 'fsub'> <InPorts = 2> <OutPorts = 1>

State 211 <SV = 210> <Delay = 7.25>
ST_211 : Operation 1383 [2/5] (7.25ns)   --->   "%acc_41 = fadd i32 %acc_40, i32 %mul_13_1" [conv2.cpp:27]   --->   Operation 1383 'fadd' 'acc_41' <Predicate = true> <Delay = 7.25> <CoreInst = "FAddSub_fulldsp">   --->   Core 18 'FAddSub_fulldsp' <Latency = 4> <II = 1> <Delay = 7.25> <FuncUnit> <Opcode : 'fadd' 'fsub'> <InPorts = 2> <OutPorts = 1>

State 212 <SV = 211> <Delay = 7.25>
ST_212 : Operation 1384 [1/5] (7.25ns)   --->   "%acc_41 = fadd i32 %acc_40, i32 %mul_13_1" [conv2.cpp:27]   --->   Operation 1384 'fadd' 'acc_41' <Predicate = true> <Delay = 7.25> <CoreInst = "FAddSub_fulldsp">   --->   Core 18 'FAddSub_fulldsp' <Latency = 4> <II = 1> <Delay = 7.25> <FuncUnit> <Opcode : 'fadd' 'fsub'> <InPorts = 2> <OutPorts = 1>

State 213 <SV = 212> <Delay = 7.25>
ST_213 : Operation 1385 [5/5] (7.25ns)   --->   "%acc_42 = fadd i32 %acc_41, i32 %mul_13_2" [conv2.cpp:27]   --->   Operation 1385 'fadd' 'acc_42' <Predicate = true> <Delay = 7.25> <CoreInst = "FAddSub_fulldsp">   --->   Core 18 'FAddSub_fulldsp' <Latency = 4> <II = 1> <Delay = 7.25> <FuncUnit> <Opcode : 'fadd' 'fsub'> <InPorts = 2> <OutPorts = 1>

State 214 <SV = 213> <Delay = 7.25>
ST_214 : Operation 1386 [4/5] (7.25ns)   --->   "%acc_42 = fadd i32 %acc_41, i32 %mul_13_2" [conv2.cpp:27]   --->   Operation 1386 'fadd' 'acc_42' <Predicate = true> <Delay = 7.25> <CoreInst = "FAddSub_fulldsp">   --->   Core 18 'FAddSub_fulldsp' <Latency = 4> <II = 1> <Delay = 7.25> <FuncUnit> <Opcode : 'fadd' 'fsub'> <InPorts = 2> <OutPorts = 1>

State 215 <SV = 214> <Delay = 7.25>
ST_215 : Operation 1387 [3/5] (7.25ns)   --->   "%acc_42 = fadd i32 %acc_41, i32 %mul_13_2" [conv2.cpp:27]   --->   Operation 1387 'fadd' 'acc_42' <Predicate = true> <Delay = 7.25> <CoreInst = "FAddSub_fulldsp">   --->   Core 18 'FAddSub_fulldsp' <Latency = 4> <II = 1> <Delay = 7.25> <FuncUnit> <Opcode : 'fadd' 'fsub'> <InPorts = 2> <OutPorts = 1>

State 216 <SV = 215> <Delay = 7.25>
ST_216 : Operation 1388 [2/5] (7.25ns)   --->   "%acc_42 = fadd i32 %acc_41, i32 %mul_13_2" [conv2.cpp:27]   --->   Operation 1388 'fadd' 'acc_42' <Predicate = true> <Delay = 7.25> <CoreInst = "FAddSub_fulldsp">   --->   Core 18 'FAddSub_fulldsp' <Latency = 4> <II = 1> <Delay = 7.25> <FuncUnit> <Opcode : 'fadd' 'fsub'> <InPorts = 2> <OutPorts = 1>

State 217 <SV = 216> <Delay = 7.25>
ST_217 : Operation 1389 [1/5] (7.25ns)   --->   "%acc_42 = fadd i32 %acc_41, i32 %mul_13_2" [conv2.cpp:27]   --->   Operation 1389 'fadd' 'acc_42' <Predicate = true> <Delay = 7.25> <CoreInst = "FAddSub_fulldsp">   --->   Core 18 'FAddSub_fulldsp' <Latency = 4> <II = 1> <Delay = 7.25> <FuncUnit> <Opcode : 'fadd' 'fsub'> <InPorts = 2> <OutPorts = 1>

State 218 <SV = 217> <Delay = 7.25>
ST_218 : Operation 1390 [5/5] (7.25ns)   --->   "%acc_43 = fadd i32 %acc_42, i32 %mul_14" [conv2.cpp:27]   --->   Operation 1390 'fadd' 'acc_43' <Predicate = true> <Delay = 7.25> <CoreInst = "FAddSub_fulldsp">   --->   Core 18 'FAddSub_fulldsp' <Latency = 4> <II = 1> <Delay = 7.25> <FuncUnit> <Opcode : 'fadd' 'fsub'> <InPorts = 2> <OutPorts = 1>

State 219 <SV = 218> <Delay = 7.25>
ST_219 : Operation 1391 [4/5] (7.25ns)   --->   "%acc_43 = fadd i32 %acc_42, i32 %mul_14" [conv2.cpp:27]   --->   Operation 1391 'fadd' 'acc_43' <Predicate = true> <Delay = 7.25> <CoreInst = "FAddSub_fulldsp">   --->   Core 18 'FAddSub_fulldsp' <Latency = 4> <II = 1> <Delay = 7.25> <FuncUnit> <Opcode : 'fadd' 'fsub'> <InPorts = 2> <OutPorts = 1>

State 220 <SV = 219> <Delay = 7.25>
ST_220 : Operation 1392 [3/5] (7.25ns)   --->   "%acc_43 = fadd i32 %acc_42, i32 %mul_14" [conv2.cpp:27]   --->   Operation 1392 'fadd' 'acc_43' <Predicate = true> <Delay = 7.25> <CoreInst = "FAddSub_fulldsp">   --->   Core 18 'FAddSub_fulldsp' <Latency = 4> <II = 1> <Delay = 7.25> <FuncUnit> <Opcode : 'fadd' 'fsub'> <InPorts = 2> <OutPorts = 1>

State 221 <SV = 220> <Delay = 7.25>
ST_221 : Operation 1393 [2/5] (7.25ns)   --->   "%acc_43 = fadd i32 %acc_42, i32 %mul_14" [conv2.cpp:27]   --->   Operation 1393 'fadd' 'acc_43' <Predicate = true> <Delay = 7.25> <CoreInst = "FAddSub_fulldsp">   --->   Core 18 'FAddSub_fulldsp' <Latency = 4> <II = 1> <Delay = 7.25> <FuncUnit> <Opcode : 'fadd' 'fsub'> <InPorts = 2> <OutPorts = 1>

State 222 <SV = 221> <Delay = 7.25>
ST_222 : Operation 1394 [1/5] (7.25ns)   --->   "%acc_43 = fadd i32 %acc_42, i32 %mul_14" [conv2.cpp:27]   --->   Operation 1394 'fadd' 'acc_43' <Predicate = true> <Delay = 7.25> <CoreInst = "FAddSub_fulldsp">   --->   Core 18 'FAddSub_fulldsp' <Latency = 4> <II = 1> <Delay = 7.25> <FuncUnit> <Opcode : 'fadd' 'fsub'> <InPorts = 2> <OutPorts = 1>

State 223 <SV = 222> <Delay = 7.25>
ST_223 : Operation 1395 [5/5] (7.25ns)   --->   "%acc_44 = fadd i32 %acc_43, i32 %mul_14_1" [conv2.cpp:27]   --->   Operation 1395 'fadd' 'acc_44' <Predicate = true> <Delay = 7.25> <CoreInst = "FAddSub_fulldsp">   --->   Core 18 'FAddSub_fulldsp' <Latency = 4> <II = 1> <Delay = 7.25> <FuncUnit> <Opcode : 'fadd' 'fsub'> <InPorts = 2> <OutPorts = 1>

State 224 <SV = 223> <Delay = 7.25>
ST_224 : Operation 1396 [4/5] (7.25ns)   --->   "%acc_44 = fadd i32 %acc_43, i32 %mul_14_1" [conv2.cpp:27]   --->   Operation 1396 'fadd' 'acc_44' <Predicate = true> <Delay = 7.25> <CoreInst = "FAddSub_fulldsp">   --->   Core 18 'FAddSub_fulldsp' <Latency = 4> <II = 1> <Delay = 7.25> <FuncUnit> <Opcode : 'fadd' 'fsub'> <InPorts = 2> <OutPorts = 1>

State 225 <SV = 224> <Delay = 7.25>
ST_225 : Operation 1397 [3/5] (7.25ns)   --->   "%acc_44 = fadd i32 %acc_43, i32 %mul_14_1" [conv2.cpp:27]   --->   Operation 1397 'fadd' 'acc_44' <Predicate = true> <Delay = 7.25> <CoreInst = "FAddSub_fulldsp">   --->   Core 18 'FAddSub_fulldsp' <Latency = 4> <II = 1> <Delay = 7.25> <FuncUnit> <Opcode : 'fadd' 'fsub'> <InPorts = 2> <OutPorts = 1>

State 226 <SV = 225> <Delay = 7.25>
ST_226 : Operation 1398 [2/5] (7.25ns)   --->   "%acc_44 = fadd i32 %acc_43, i32 %mul_14_1" [conv2.cpp:27]   --->   Operation 1398 'fadd' 'acc_44' <Predicate = true> <Delay = 7.25> <CoreInst = "FAddSub_fulldsp">   --->   Core 18 'FAddSub_fulldsp' <Latency = 4> <II = 1> <Delay = 7.25> <FuncUnit> <Opcode : 'fadd' 'fsub'> <InPorts = 2> <OutPorts = 1>

State 227 <SV = 226> <Delay = 7.25>
ST_227 : Operation 1399 [1/5] (7.25ns)   --->   "%acc_44 = fadd i32 %acc_43, i32 %mul_14_1" [conv2.cpp:27]   --->   Operation 1399 'fadd' 'acc_44' <Predicate = true> <Delay = 7.25> <CoreInst = "FAddSub_fulldsp">   --->   Core 18 'FAddSub_fulldsp' <Latency = 4> <II = 1> <Delay = 7.25> <FuncUnit> <Opcode : 'fadd' 'fsub'> <InPorts = 2> <OutPorts = 1>

State 228 <SV = 227> <Delay = 7.25>
ST_228 : Operation 1400 [5/5] (7.25ns)   --->   "%acc_45 = fadd i32 %acc_44, i32 %mul_14_2" [conv2.cpp:27]   --->   Operation 1400 'fadd' 'acc_45' <Predicate = true> <Delay = 7.25> <CoreInst = "FAddSub_fulldsp">   --->   Core 18 'FAddSub_fulldsp' <Latency = 4> <II = 1> <Delay = 7.25> <FuncUnit> <Opcode : 'fadd' 'fsub'> <InPorts = 2> <OutPorts = 1>

State 229 <SV = 228> <Delay = 7.25>
ST_229 : Operation 1401 [4/5] (7.25ns)   --->   "%acc_45 = fadd i32 %acc_44, i32 %mul_14_2" [conv2.cpp:27]   --->   Operation 1401 'fadd' 'acc_45' <Predicate = true> <Delay = 7.25> <CoreInst = "FAddSub_fulldsp">   --->   Core 18 'FAddSub_fulldsp' <Latency = 4> <II = 1> <Delay = 7.25> <FuncUnit> <Opcode : 'fadd' 'fsub'> <InPorts = 2> <OutPorts = 1>

State 230 <SV = 229> <Delay = 7.25>
ST_230 : Operation 1402 [3/5] (7.25ns)   --->   "%acc_45 = fadd i32 %acc_44, i32 %mul_14_2" [conv2.cpp:27]   --->   Operation 1402 'fadd' 'acc_45' <Predicate = true> <Delay = 7.25> <CoreInst = "FAddSub_fulldsp">   --->   Core 18 'FAddSub_fulldsp' <Latency = 4> <II = 1> <Delay = 7.25> <FuncUnit> <Opcode : 'fadd' 'fsub'> <InPorts = 2> <OutPorts = 1>

State 231 <SV = 230> <Delay = 7.25>
ST_231 : Operation 1403 [2/5] (7.25ns)   --->   "%acc_45 = fadd i32 %acc_44, i32 %mul_14_2" [conv2.cpp:27]   --->   Operation 1403 'fadd' 'acc_45' <Predicate = true> <Delay = 7.25> <CoreInst = "FAddSub_fulldsp">   --->   Core 18 'FAddSub_fulldsp' <Latency = 4> <II = 1> <Delay = 7.25> <FuncUnit> <Opcode : 'fadd' 'fsub'> <InPorts = 2> <OutPorts = 1>

State 232 <SV = 231> <Delay = 7.25>
ST_232 : Operation 1404 [1/5] (7.25ns)   --->   "%acc_45 = fadd i32 %acc_44, i32 %mul_14_2" [conv2.cpp:27]   --->   Operation 1404 'fadd' 'acc_45' <Predicate = true> <Delay = 7.25> <CoreInst = "FAddSub_fulldsp">   --->   Core 18 'FAddSub_fulldsp' <Latency = 4> <II = 1> <Delay = 7.25> <FuncUnit> <Opcode : 'fadd' 'fsub'> <InPorts = 2> <OutPorts = 1>

State 233 <SV = 232> <Delay = 7.25>
ST_233 : Operation 1405 [5/5] (7.25ns)   --->   "%acc_46 = fadd i32 %acc_45, i32 %mul_15" [conv2.cpp:27]   --->   Operation 1405 'fadd' 'acc_46' <Predicate = true> <Delay = 7.25> <CoreInst = "FAddSub_fulldsp">   --->   Core 18 'FAddSub_fulldsp' <Latency = 4> <II = 1> <Delay = 7.25> <FuncUnit> <Opcode : 'fadd' 'fsub'> <InPorts = 2> <OutPorts = 1>

State 234 <SV = 233> <Delay = 7.25>
ST_234 : Operation 1406 [4/5] (7.25ns)   --->   "%acc_46 = fadd i32 %acc_45, i32 %mul_15" [conv2.cpp:27]   --->   Operation 1406 'fadd' 'acc_46' <Predicate = true> <Delay = 7.25> <CoreInst = "FAddSub_fulldsp">   --->   Core 18 'FAddSub_fulldsp' <Latency = 4> <II = 1> <Delay = 7.25> <FuncUnit> <Opcode : 'fadd' 'fsub'> <InPorts = 2> <OutPorts = 1>

State 235 <SV = 234> <Delay = 7.25>
ST_235 : Operation 1407 [3/5] (7.25ns)   --->   "%acc_46 = fadd i32 %acc_45, i32 %mul_15" [conv2.cpp:27]   --->   Operation 1407 'fadd' 'acc_46' <Predicate = true> <Delay = 7.25> <CoreInst = "FAddSub_fulldsp">   --->   Core 18 'FAddSub_fulldsp' <Latency = 4> <II = 1> <Delay = 7.25> <FuncUnit> <Opcode : 'fadd' 'fsub'> <InPorts = 2> <OutPorts = 1>

State 236 <SV = 235> <Delay = 7.25>
ST_236 : Operation 1408 [2/5] (7.25ns)   --->   "%acc_46 = fadd i32 %acc_45, i32 %mul_15" [conv2.cpp:27]   --->   Operation 1408 'fadd' 'acc_46' <Predicate = true> <Delay = 7.25> <CoreInst = "FAddSub_fulldsp">   --->   Core 18 'FAddSub_fulldsp' <Latency = 4> <II = 1> <Delay = 7.25> <FuncUnit> <Opcode : 'fadd' 'fsub'> <InPorts = 2> <OutPorts = 1>

State 237 <SV = 236> <Delay = 7.25>
ST_237 : Operation 1409 [1/5] (7.25ns)   --->   "%acc_46 = fadd i32 %acc_45, i32 %mul_15" [conv2.cpp:27]   --->   Operation 1409 'fadd' 'acc_46' <Predicate = true> <Delay = 7.25> <CoreInst = "FAddSub_fulldsp">   --->   Core 18 'FAddSub_fulldsp' <Latency = 4> <II = 1> <Delay = 7.25> <FuncUnit> <Opcode : 'fadd' 'fsub'> <InPorts = 2> <OutPorts = 1>

State 238 <SV = 237> <Delay = 7.25>
ST_238 : Operation 1410 [5/5] (7.25ns)   --->   "%acc_47 = fadd i32 %acc_46, i32 %mul_15_1" [conv2.cpp:27]   --->   Operation 1410 'fadd' 'acc_47' <Predicate = true> <Delay = 7.25> <CoreInst = "FAddSub_fulldsp">   --->   Core 18 'FAddSub_fulldsp' <Latency = 4> <II = 1> <Delay = 7.25> <FuncUnit> <Opcode : 'fadd' 'fsub'> <InPorts = 2> <OutPorts = 1>

State 239 <SV = 238> <Delay = 7.25>
ST_239 : Operation 1411 [4/5] (7.25ns)   --->   "%acc_47 = fadd i32 %acc_46, i32 %mul_15_1" [conv2.cpp:27]   --->   Operation 1411 'fadd' 'acc_47' <Predicate = true> <Delay = 7.25> <CoreInst = "FAddSub_fulldsp">   --->   Core 18 'FAddSub_fulldsp' <Latency = 4> <II = 1> <Delay = 7.25> <FuncUnit> <Opcode : 'fadd' 'fsub'> <InPorts = 2> <OutPorts = 1>

State 240 <SV = 239> <Delay = 7.25>
ST_240 : Operation 1412 [3/5] (7.25ns)   --->   "%acc_47 = fadd i32 %acc_46, i32 %mul_15_1" [conv2.cpp:27]   --->   Operation 1412 'fadd' 'acc_47' <Predicate = true> <Delay = 7.25> <CoreInst = "FAddSub_fulldsp">   --->   Core 18 'FAddSub_fulldsp' <Latency = 4> <II = 1> <Delay = 7.25> <FuncUnit> <Opcode : 'fadd' 'fsub'> <InPorts = 2> <OutPorts = 1>

State 241 <SV = 240> <Delay = 7.25>
ST_241 : Operation 1413 [2/5] (7.25ns)   --->   "%acc_47 = fadd i32 %acc_46, i32 %mul_15_1" [conv2.cpp:27]   --->   Operation 1413 'fadd' 'acc_47' <Predicate = true> <Delay = 7.25> <CoreInst = "FAddSub_fulldsp">   --->   Core 18 'FAddSub_fulldsp' <Latency = 4> <II = 1> <Delay = 7.25> <FuncUnit> <Opcode : 'fadd' 'fsub'> <InPorts = 2> <OutPorts = 1>

State 242 <SV = 241> <Delay = 7.25>
ST_242 : Operation 1414 [1/5] (7.25ns)   --->   "%acc_47 = fadd i32 %acc_46, i32 %mul_15_1" [conv2.cpp:27]   --->   Operation 1414 'fadd' 'acc_47' <Predicate = true> <Delay = 7.25> <CoreInst = "FAddSub_fulldsp">   --->   Core 18 'FAddSub_fulldsp' <Latency = 4> <II = 1> <Delay = 7.25> <FuncUnit> <Opcode : 'fadd' 'fsub'> <InPorts = 2> <OutPorts = 1>

State 243 <SV = 242> <Delay = 7.25>
ST_243 : Operation 1415 [5/5] (7.25ns)   --->   "%acc_48 = fadd i32 %acc_47, i32 %mul_15_2" [conv2.cpp:27]   --->   Operation 1415 'fadd' 'acc_48' <Predicate = true> <Delay = 7.25> <CoreInst = "FAddSub_fulldsp">   --->   Core 18 'FAddSub_fulldsp' <Latency = 4> <II = 1> <Delay = 7.25> <FuncUnit> <Opcode : 'fadd' 'fsub'> <InPorts = 2> <OutPorts = 1>

State 244 <SV = 243> <Delay = 7.25>
ST_244 : Operation 1416 [4/5] (7.25ns)   --->   "%acc_48 = fadd i32 %acc_47, i32 %mul_15_2" [conv2.cpp:27]   --->   Operation 1416 'fadd' 'acc_48' <Predicate = true> <Delay = 7.25> <CoreInst = "FAddSub_fulldsp">   --->   Core 18 'FAddSub_fulldsp' <Latency = 4> <II = 1> <Delay = 7.25> <FuncUnit> <Opcode : 'fadd' 'fsub'> <InPorts = 2> <OutPorts = 1>

State 245 <SV = 244> <Delay = 7.25>
ST_245 : Operation 1417 [3/5] (7.25ns)   --->   "%acc_48 = fadd i32 %acc_47, i32 %mul_15_2" [conv2.cpp:27]   --->   Operation 1417 'fadd' 'acc_48' <Predicate = true> <Delay = 7.25> <CoreInst = "FAddSub_fulldsp">   --->   Core 18 'FAddSub_fulldsp' <Latency = 4> <II = 1> <Delay = 7.25> <FuncUnit> <Opcode : 'fadd' 'fsub'> <InPorts = 2> <OutPorts = 1>

State 246 <SV = 245> <Delay = 7.25>
ST_246 : Operation 1418 [2/5] (7.25ns)   --->   "%acc_48 = fadd i32 %acc_47, i32 %mul_15_2" [conv2.cpp:27]   --->   Operation 1418 'fadd' 'acc_48' <Predicate = true> <Delay = 7.25> <CoreInst = "FAddSub_fulldsp">   --->   Core 18 'FAddSub_fulldsp' <Latency = 4> <II = 1> <Delay = 7.25> <FuncUnit> <Opcode : 'fadd' 'fsub'> <InPorts = 2> <OutPorts = 1>

State 247 <SV = 246> <Delay = 7.25>
ST_247 : Operation 1419 [1/5] (7.25ns)   --->   "%acc_48 = fadd i32 %acc_47, i32 %mul_15_2" [conv2.cpp:27]   --->   Operation 1419 'fadd' 'acc_48' <Predicate = true> <Delay = 7.25> <CoreInst = "FAddSub_fulldsp">   --->   Core 18 'FAddSub_fulldsp' <Latency = 4> <II = 1> <Delay = 7.25> <FuncUnit> <Opcode : 'fadd' 'fsub'> <InPorts = 2> <OutPorts = 1>

State 248 <SV = 247> <Delay = 5.07>
ST_248 : Operation 1420 [1/1] (0.00ns)   --->   "%specloopname_ln0 = specloopname void @_ssdm_op_SpecLoopName, void @VITIS_LOOP_16_1_VITIS_LOOP_17_2_str"   --->   Operation 1420 'specloopname' 'specloopname_ln0' <Predicate = true> <Delay = 0.00>
ST_248 : Operation 1421 [1/1] (0.00ns)   --->   "%speclooptripcount_ln0 = speclooptripcount void @_ssdm_op_SpecLoopTripCount, i64 512, i64 512, i64 512"   --->   Operation 1421 'speclooptripcount' 'speclooptripcount_ln0' <Predicate = true> <Delay = 0.00>
ST_248 : Operation 1422 [1/1] (0.00ns)   --->   "%tmp = bitconcatenate i9 @_ssdm_op_BitConcatenate.i9.i5.i4, i5 %trunc_ln16, i4 0" [conv2.cpp:30]   --->   Operation 1422 'bitconcatenate' 'tmp' <Predicate = true> <Delay = 0.00>
ST_248 : Operation 1423 [1/1] (0.00ns)   --->   "%zext_ln26_1 = zext i5 %select_ln16" [conv2.cpp:26]   --->   Operation 1423 'zext' 'zext_ln26_1' <Predicate = true> <Delay = 0.00>
ST_248 : Operation 1424 [1/1] (1.82ns)   --->   "%add_ln30 = add i9 %tmp, i9 %zext_ln26_1" [conv2.cpp:30]   --->   Operation 1424 'add' 'add_ln30' <Predicate = true> <Delay = 1.82> <CoreInst = "Adder">   --->   Core 1 'Adder' <Latency = 0> <II = 1> <Delay = 1.82> <FuncUnit> <Opcode : 'add' 'sub'> <InPorts = 2> <OutPorts = 1>
ST_248 : Operation 1425 [1/1] (0.00ns)   --->   "%zext_ln30 = zext i9 %add_ln30" [conv2.cpp:30]   --->   Operation 1425 'zext' 'zext_ln30' <Predicate = true> <Delay = 0.00>
ST_248 : Operation 1426 [1/1] (0.00ns)   --->   "%outputs_addr = getelementptr i32 %outputs, i64 0, i64 %zext_ln30" [conv2.cpp:30]   --->   Operation 1426 'getelementptr' 'outputs_addr' <Predicate = true> <Delay = 0.00>
ST_248 : Operation 1427 [1/1] (0.00ns)   --->   "%specpipeline_ln18 = specpipeline void @_ssdm_op_SpecPipeline, i32 4294967295, i32 0, i32 0, i32 0, void @empty_0" [conv2.cpp:18]   --->   Operation 1427 'specpipeline' 'specpipeline_ln18' <Predicate = true> <Delay = 0.00>
ST_248 : Operation 1428 [1/1] (0.00ns)   --->   "%bitcast_ln30 = bitcast i32 %acc_48" [conv2.cpp:30]   --->   Operation 1428 'bitcast' 'bitcast_ln30' <Predicate = true> <Delay = 0.00>
ST_248 : Operation 1429 [1/1] ( I:3.25ns O:3.25ns )   --->   "%store_ln30 = store i32 %bitcast_ln30, i9 %outputs_addr" [conv2.cpp:30]   --->   Operation 1429 'store' 'store_ln30' <Predicate = true> <Delay = 3.25> <CoreInst = "RAM">   --->   Core 81 'RAM' <Latency = 1> <II = 1> <Delay = 3.25> <Storage> <Opcode : 'load' 'store'> <Ports = 2> <Width = 32> <Depth = 512> <RAM>
ST_248 : Operation 1430 [1/1] (1.58ns)   --->   "%ret_ln33 = ret" [conv2.cpp:33]   --->   Operation 1430 'ret' 'ret_ln33' <Predicate = (icmp_ln16)> <Delay = 1.58>


============================================================
+ Verbose Summary: Timing violations
============================================================
Target clock period: 12.000ns, clock uncertainty: 3.240ns.

 <State 1>: 7.855ns
The critical path consists of the following:
	'store' operation 0 bit ('store_ln0') of constant 0 on local variable 'oc2' [18]  (1.588 ns)
	'load' operation 6 bit ('oc2_load', conv2.cpp:16) on local variable 'oc2' [24]  (0.000 ns)
	'add' operation 6 bit ('add_ln16', conv2.cpp:16) [26]  (1.825 ns)
	'select' operation 6 bit ('oc', conv2.cpp:16) [30]  (1.188 ns)
	'getelementptr' operation 5 bit ('bias_addr', conv2.cpp:16) [250]  (0.000 ns)
	'load' operation 32 bit ('bias_load', conv2.cpp:16) on array 'bias' [251]  (3.254 ns)

 <State 2>: 5.034ns
The critical path consists of the following:
	'add' operation 5 bit ('o', conv2.cpp:25) [475]  (1.780 ns)
	'getelementptr' operation 8 bit ('inputs_addr_2', conv2.cpp:26) [480]  (0.000 ns)
	'load' operation 32 bit ('inputs_load_2', conv2.cpp:26) on array 'inputs' [528]  (3.254 ns)

 <State 3>: 5.079ns
The critical path consists of the following:
	'add' operation 6 bit ('add_ln26', conv2.cpp:26) [355]  (1.825 ns)
	'getelementptr' operation 8 bit ('inputs_addr_4', conv2.cpp:26) [357]  (0.000 ns)
	'load' operation 32 bit ('inputs_load_4', conv2.cpp:26) on array 'inputs' [538]  (3.254 ns)

 <State 4>: 6.400ns
The critical path consists of the following:
	'select' operation 32 bit ('v', conv2.cpp:26) [468]  (0.698 ns)
	'fmul' operation 32 bit ('mul', conv2.cpp:27) [469]  (5.702 ns)

 <State 5>: 6.400ns
The critical path consists of the following:
	'select' operation 32 bit ('v', conv2.cpp:26) [530]  (0.698 ns)
	'fmul' operation 32 bit ('mul_16', conv2.cpp:27) [531]  (5.702 ns)

 <State 6>: 6.400ns
The critical path consists of the following:
	'select' operation 32 bit ('v', conv2.cpp:26) [544]  (0.698 ns)
	'fmul' operation 32 bit ('mul_1_2', conv2.cpp:27) [545]  (5.702 ns)

 <State 7>: 6.400ns
The critical path consists of the following:
	'select' operation 32 bit ('v', conv2.cpp:26) [549]  (0.698 ns)
	'fmul' operation 32 bit ('mul_2', conv2.cpp:27) [550]  (5.702 ns)

 <State 8>: 7.256ns
The critical path consists of the following:
	'fadd' operation 32 bit ('acc', conv2.cpp:27) [470]  (7.256 ns)

 <State 9>: 7.256ns
The critical path consists of the following:
	'fadd' operation 32 bit ('acc', conv2.cpp:27) [470]  (7.256 ns)

 <State 10>: 7.256ns
The critical path consists of the following:
	'fadd' operation 32 bit ('acc', conv2.cpp:27) [470]  (7.256 ns)

 <State 11>: 7.256ns
The critical path consists of the following:
	'fadd' operation 32 bit ('acc', conv2.cpp:27) [470]  (7.256 ns)

 <State 12>: 7.256ns
The critical path consists of the following:
	'fadd' operation 32 bit ('acc', conv2.cpp:27) [470]  (7.256 ns)

 <State 13>: 7.256ns
The critical path consists of the following:
	'fadd' operation 32 bit ('acc', conv2.cpp:27) [474]  (7.256 ns)

 <State 14>: 7.256ns
The critical path consists of the following:
	'fadd' operation 32 bit ('acc', conv2.cpp:27) [474]  (7.256 ns)

 <State 15>: 7.256ns
The critical path consists of the following:
	'fadd' operation 32 bit ('acc', conv2.cpp:27) [474]  (7.256 ns)

 <State 16>: 7.256ns
The critical path consists of the following:
	'fadd' operation 32 bit ('acc', conv2.cpp:27) [474]  (7.256 ns)

 <State 17>: 7.256ns
The critical path consists of the following:
	'fadd' operation 32 bit ('acc', conv2.cpp:27) [474]  (7.256 ns)

 <State 18>: 7.256ns
The critical path consists of the following:
	'fadd' operation 32 bit ('acc', conv2.cpp:27) [532]  (7.256 ns)

 <State 19>: 7.256ns
The critical path consists of the following:
	'fadd' operation 32 bit ('acc', conv2.cpp:27) [532]  (7.256 ns)

 <State 20>: 7.256ns
The critical path consists of the following:
	'fadd' operation 32 bit ('acc', conv2.cpp:27) [532]  (7.256 ns)

 <State 21>: 7.256ns
The critical path consists of the following:
	'fadd' operation 32 bit ('acc', conv2.cpp:27) [532]  (7.256 ns)

 <State 22>: 7.256ns
The critical path consists of the following:
	'fadd' operation 32 bit ('acc', conv2.cpp:27) [532]  (7.256 ns)

 <State 23>: 7.256ns
The critical path consists of the following:
	'fadd' operation 32 bit ('acc', conv2.cpp:27) [537]  (7.256 ns)

 <State 24>: 7.256ns
The critical path consists of the following:
	'fadd' operation 32 bit ('acc', conv2.cpp:27) [537]  (7.256 ns)

 <State 25>: 7.256ns
The critical path consists of the following:
	'fadd' operation 32 bit ('acc', conv2.cpp:27) [537]  (7.256 ns)

 <State 26>: 7.256ns
The critical path consists of the following:
	'fadd' operation 32 bit ('acc', conv2.cpp:27) [537]  (7.256 ns)

 <State 27>: 7.256ns
The critical path consists of the following:
	'fadd' operation 32 bit ('acc', conv2.cpp:27) [537]  (7.256 ns)

 <State 28>: 7.256ns
The critical path consists of the following:
	'fadd' operation 32 bit ('acc', conv2.cpp:27) [541]  (7.256 ns)

 <State 29>: 7.256ns
The critical path consists of the following:
	'fadd' operation 32 bit ('acc', conv2.cpp:27) [541]  (7.256 ns)

 <State 30>: 7.256ns
The critical path consists of the following:
	'fadd' operation 32 bit ('acc', conv2.cpp:27) [541]  (7.256 ns)

 <State 31>: 7.256ns
The critical path consists of the following:
	'fadd' operation 32 bit ('acc', conv2.cpp:27) [541]  (7.256 ns)

 <State 32>: 7.256ns
The critical path consists of the following:
	'fadd' operation 32 bit ('acc', conv2.cpp:27) [541]  (7.256 ns)

 <State 33>: 7.256ns
The critical path consists of the following:
	'fadd' operation 32 bit ('acc', conv2.cpp:27) [546]  (7.256 ns)

 <State 34>: 7.256ns
The critical path consists of the following:
	'fadd' operation 32 bit ('acc', conv2.cpp:27) [546]  (7.256 ns)

 <State 35>: 7.256ns
The critical path consists of the following:
	'fadd' operation 32 bit ('acc', conv2.cpp:27) [546]  (7.256 ns)

 <State 36>: 7.256ns
The critical path consists of the following:
	'fadd' operation 32 bit ('acc', conv2.cpp:27) [546]  (7.256 ns)

 <State 37>: 7.256ns
The critical path consists of the following:
	'fadd' operation 32 bit ('acc', conv2.cpp:27) [546]  (7.256 ns)

 <State 38>: 7.256ns
The critical path consists of the following:
	'fadd' operation 32 bit ('acc', conv2.cpp:27) [551]  (7.256 ns)

 <State 39>: 7.256ns
The critical path consists of the following:
	'fadd' operation 32 bit ('acc', conv2.cpp:27) [551]  (7.256 ns)

 <State 40>: 7.256ns
The critical path consists of the following:
	'fadd' operation 32 bit ('acc', conv2.cpp:27) [551]  (7.256 ns)

 <State 41>: 7.256ns
The critical path consists of the following:
	'fadd' operation 32 bit ('acc', conv2.cpp:27) [551]  (7.256 ns)

 <State 42>: 7.256ns
The critical path consists of the following:
	'fadd' operation 32 bit ('acc', conv2.cpp:27) [551]  (7.256 ns)

 <State 43>: 7.256ns
The critical path consists of the following:
	'fadd' operation 32 bit ('acc', conv2.cpp:27) [555]  (7.256 ns)

 <State 44>: 7.256ns
The critical path consists of the following:
	'fadd' operation 32 bit ('acc', conv2.cpp:27) [555]  (7.256 ns)

 <State 45>: 7.256ns
The critical path consists of the following:
	'fadd' operation 32 bit ('acc', conv2.cpp:27) [555]  (7.256 ns)

 <State 46>: 7.256ns
The critical path consists of the following:
	'fadd' operation 32 bit ('acc', conv2.cpp:27) [555]  (7.256 ns)

 <State 47>: 7.256ns
The critical path consists of the following:
	'fadd' operation 32 bit ('acc', conv2.cpp:27) [555]  (7.256 ns)

 <State 48>: 7.256ns
The critical path consists of the following:
	'fadd' operation 32 bit ('acc', conv2.cpp:27) [560]  (7.256 ns)

 <State 49>: 7.256ns
The critical path consists of the following:
	'fadd' operation 32 bit ('acc', conv2.cpp:27) [560]  (7.256 ns)

 <State 50>: 7.256ns
The critical path consists of the following:
	'fadd' operation 32 bit ('acc', conv2.cpp:27) [560]  (7.256 ns)

 <State 51>: 7.256ns
The critical path consists of the following:
	'fadd' operation 32 bit ('acc', conv2.cpp:27) [560]  (7.256 ns)

 <State 52>: 7.256ns
The critical path consists of the following:
	'fadd' operation 32 bit ('acc', conv2.cpp:27) [560]  (7.256 ns)

 <State 53>: 7.256ns
The critical path consists of the following:
	'fadd' operation 32 bit ('acc', conv2.cpp:27) [565]  (7.256 ns)

 <State 54>: 7.256ns
The critical path consists of the following:
	'fadd' operation 32 bit ('acc', conv2.cpp:27) [565]  (7.256 ns)

 <State 55>: 7.256ns
The critical path consists of the following:
	'fadd' operation 32 bit ('acc', conv2.cpp:27) [565]  (7.256 ns)

 <State 56>: 7.256ns
The critical path consists of the following:
	'fadd' operation 32 bit ('acc', conv2.cpp:27) [565]  (7.256 ns)

 <State 57>: 7.256ns
The critical path consists of the following:
	'fadd' operation 32 bit ('acc', conv2.cpp:27) [565]  (7.256 ns)

 <State 58>: 7.256ns
The critical path consists of the following:
	'fadd' operation 32 bit ('acc', conv2.cpp:27) [569]  (7.256 ns)

 <State 59>: 7.256ns
The critical path consists of the following:
	'fadd' operation 32 bit ('acc', conv2.cpp:27) [569]  (7.256 ns)

 <State 60>: 7.256ns
The critical path consists of the following:
	'fadd' operation 32 bit ('acc', conv2.cpp:27) [569]  (7.256 ns)

 <State 61>: 7.256ns
The critical path consists of the following:
	'fadd' operation 32 bit ('acc', conv2.cpp:27) [569]  (7.256 ns)

 <State 62>: 7.256ns
The critical path consists of the following:
	'fadd' operation 32 bit ('acc', conv2.cpp:27) [569]  (7.256 ns)

 <State 63>: 7.256ns
The critical path consists of the following:
	'fadd' operation 32 bit ('acc', conv2.cpp:27) [574]  (7.256 ns)

 <State 64>: 7.256ns
The critical path consists of the following:
	'fadd' operation 32 bit ('acc', conv2.cpp:27) [574]  (7.256 ns)

 <State 65>: 7.256ns
The critical path consists of the following:
	'fadd' operation 32 bit ('acc', conv2.cpp:27) [574]  (7.256 ns)

 <State 66>: 7.256ns
The critical path consists of the following:
	'fadd' operation 32 bit ('acc', conv2.cpp:27) [574]  (7.256 ns)

 <State 67>: 7.256ns
The critical path consists of the following:
	'fadd' operation 32 bit ('acc', conv2.cpp:27) [574]  (7.256 ns)

 <State 68>: 7.256ns
The critical path consists of the following:
	'fadd' operation 32 bit ('acc', conv2.cpp:27) [579]  (7.256 ns)

 <State 69>: 7.256ns
The critical path consists of the following:
	'fadd' operation 32 bit ('acc', conv2.cpp:27) [579]  (7.256 ns)

 <State 70>: 7.256ns
The critical path consists of the following:
	'fadd' operation 32 bit ('acc', conv2.cpp:27) [579]  (7.256 ns)

 <State 71>: 7.256ns
The critical path consists of the following:
	'fadd' operation 32 bit ('acc', conv2.cpp:27) [579]  (7.256 ns)

 <State 72>: 7.256ns
The critical path consists of the following:
	'fadd' operation 32 bit ('acc', conv2.cpp:27) [579]  (7.256 ns)

 <State 73>: 7.256ns
The critical path consists of the following:
	'fadd' operation 32 bit ('acc', conv2.cpp:27) [583]  (7.256 ns)

 <State 74>: 7.256ns
The critical path consists of the following:
	'fadd' operation 32 bit ('acc', conv2.cpp:27) [583]  (7.256 ns)

 <State 75>: 7.256ns
The critical path consists of the following:
	'fadd' operation 32 bit ('acc', conv2.cpp:27) [583]  (7.256 ns)

 <State 76>: 7.256ns
The critical path consists of the following:
	'fadd' operation 32 bit ('acc', conv2.cpp:27) [583]  (7.256 ns)

 <State 77>: 7.256ns
The critical path consists of the following:
	'fadd' operation 32 bit ('acc', conv2.cpp:27) [583]  (7.256 ns)

 <State 78>: 7.256ns
The critical path consists of the following:
	'fadd' operation 32 bit ('acc', conv2.cpp:27) [588]  (7.256 ns)

 <State 79>: 7.256ns
The critical path consists of the following:
	'fadd' operation 32 bit ('acc', conv2.cpp:27) [588]  (7.256 ns)

 <State 80>: 7.256ns
The critical path consists of the following:
	'fadd' operation 32 bit ('acc', conv2.cpp:27) [588]  (7.256 ns)

 <State 81>: 7.256ns
The critical path consists of the following:
	'fadd' operation 32 bit ('acc', conv2.cpp:27) [588]  (7.256 ns)

 <State 82>: 7.256ns
The critical path consists of the following:
	'fadd' operation 32 bit ('acc', conv2.cpp:27) [588]  (7.256 ns)

 <State 83>: 7.256ns
The critical path consists of the following:
	'fadd' operation 32 bit ('acc', conv2.cpp:27) [593]  (7.256 ns)

 <State 84>: 7.256ns
The critical path consists of the following:
	'fadd' operation 32 bit ('acc', conv2.cpp:27) [593]  (7.256 ns)

 <State 85>: 7.256ns
The critical path consists of the following:
	'fadd' operation 32 bit ('acc', conv2.cpp:27) [593]  (7.256 ns)

 <State 86>: 7.256ns
The critical path consists of the following:
	'fadd' operation 32 bit ('acc', conv2.cpp:27) [593]  (7.256 ns)

 <State 87>: 7.256ns
The critical path consists of the following:
	'fadd' operation 32 bit ('acc', conv2.cpp:27) [593]  (7.256 ns)

 <State 88>: 7.256ns
The critical path consists of the following:
	'fadd' operation 32 bit ('acc', conv2.cpp:27) [597]  (7.256 ns)

 <State 89>: 7.256ns
The critical path consists of the following:
	'fadd' operation 32 bit ('acc', conv2.cpp:27) [597]  (7.256 ns)

 <State 90>: 7.256ns
The critical path consists of the following:
	'fadd' operation 32 bit ('acc', conv2.cpp:27) [597]  (7.256 ns)

 <State 91>: 7.256ns
The critical path consists of the following:
	'fadd' operation 32 bit ('acc', conv2.cpp:27) [597]  (7.256 ns)

 <State 92>: 7.256ns
The critical path consists of the following:
	'fadd' operation 32 bit ('acc', conv2.cpp:27) [597]  (7.256 ns)

 <State 93>: 7.256ns
The critical path consists of the following:
	'fadd' operation 32 bit ('acc', conv2.cpp:27) [602]  (7.256 ns)

 <State 94>: 7.256ns
The critical path consists of the following:
	'fadd' operation 32 bit ('acc', conv2.cpp:27) [602]  (7.256 ns)

 <State 95>: 7.256ns
The critical path consists of the following:
	'fadd' operation 32 bit ('acc', conv2.cpp:27) [602]  (7.256 ns)

 <State 96>: 7.256ns
The critical path consists of the following:
	'fadd' operation 32 bit ('acc', conv2.cpp:27) [602]  (7.256 ns)

 <State 97>: 7.256ns
The critical path consists of the following:
	'fadd' operation 32 bit ('acc', conv2.cpp:27) [602]  (7.256 ns)

 <State 98>: 7.256ns
The critical path consists of the following:
	'fadd' operation 32 bit ('acc', conv2.cpp:27) [607]  (7.256 ns)

 <State 99>: 7.256ns
The critical path consists of the following:
	'fadd' operation 32 bit ('acc', conv2.cpp:27) [607]  (7.256 ns)

 <State 100>: 7.256ns
The critical path consists of the following:
	'fadd' operation 32 bit ('acc', conv2.cpp:27) [607]  (7.256 ns)

 <State 101>: 7.256ns
The critical path consists of the following:
	'fadd' operation 32 bit ('acc', conv2.cpp:27) [607]  (7.256 ns)

 <State 102>: 7.256ns
The critical path consists of the following:
	'fadd' operation 32 bit ('acc', conv2.cpp:27) [607]  (7.256 ns)

 <State 103>: 7.256ns
The critical path consists of the following:
	'fadd' operation 32 bit ('acc', conv2.cpp:27) [611]  (7.256 ns)

 <State 104>: 7.256ns
The critical path consists of the following:
	'fadd' operation 32 bit ('acc', conv2.cpp:27) [611]  (7.256 ns)

 <State 105>: 7.256ns
The critical path consists of the following:
	'fadd' operation 32 bit ('acc', conv2.cpp:27) [611]  (7.256 ns)

 <State 106>: 7.256ns
The critical path consists of the following:
	'fadd' operation 32 bit ('acc', conv2.cpp:27) [611]  (7.256 ns)

 <State 107>: 7.256ns
The critical path consists of the following:
	'fadd' operation 32 bit ('acc', conv2.cpp:27) [611]  (7.256 ns)

 <State 108>: 7.256ns
The critical path consists of the following:
	'fadd' operation 32 bit ('acc', conv2.cpp:27) [616]  (7.256 ns)

 <State 109>: 7.256ns
The critical path consists of the following:
	'fadd' operation 32 bit ('acc', conv2.cpp:27) [616]  (7.256 ns)

 <State 110>: 7.256ns
The critical path consists of the following:
	'fadd' operation 32 bit ('acc', conv2.cpp:27) [616]  (7.256 ns)

 <State 111>: 7.256ns
The critical path consists of the following:
	'fadd' operation 32 bit ('acc', conv2.cpp:27) [616]  (7.256 ns)

 <State 112>: 7.256ns
The critical path consists of the following:
	'fadd' operation 32 bit ('acc', conv2.cpp:27) [616]  (7.256 ns)

 <State 113>: 7.256ns
The critical path consists of the following:
	'fadd' operation 32 bit ('acc', conv2.cpp:27) [621]  (7.256 ns)

 <State 114>: 7.256ns
The critical path consists of the following:
	'fadd' operation 32 bit ('acc', conv2.cpp:27) [621]  (7.256 ns)

 <State 115>: 7.256ns
The critical path consists of the following:
	'fadd' operation 32 bit ('acc', conv2.cpp:27) [621]  (7.256 ns)

 <State 116>: 7.256ns
The critical path consists of the following:
	'fadd' operation 32 bit ('acc', conv2.cpp:27) [621]  (7.256 ns)

 <State 117>: 7.256ns
The critical path consists of the following:
	'fadd' operation 32 bit ('acc', conv2.cpp:27) [621]  (7.256 ns)

 <State 118>: 7.256ns
The critical path consists of the following:
	'fadd' operation 32 bit ('acc', conv2.cpp:27) [625]  (7.256 ns)

 <State 119>: 7.256ns
The critical path consists of the following:
	'fadd' operation 32 bit ('acc', conv2.cpp:27) [625]  (7.256 ns)

 <State 120>: 7.256ns
The critical path consists of the following:
	'fadd' operation 32 bit ('acc', conv2.cpp:27) [625]  (7.256 ns)

 <State 121>: 7.256ns
The critical path consists of the following:
	'fadd' operation 32 bit ('acc', conv2.cpp:27) [625]  (7.256 ns)

 <State 122>: 7.256ns
The critical path consists of the following:
	'fadd' operation 32 bit ('acc', conv2.cpp:27) [625]  (7.256 ns)

 <State 123>: 7.256ns
The critical path consists of the following:
	'fadd' operation 32 bit ('acc', conv2.cpp:27) [630]  (7.256 ns)

 <State 124>: 7.256ns
The critical path consists of the following:
	'fadd' operation 32 bit ('acc', conv2.cpp:27) [630]  (7.256 ns)

 <State 125>: 7.256ns
The critical path consists of the following:
	'fadd' operation 32 bit ('acc', conv2.cpp:27) [630]  (7.256 ns)

 <State 126>: 7.256ns
The critical path consists of the following:
	'fadd' operation 32 bit ('acc', conv2.cpp:27) [630]  (7.256 ns)

 <State 127>: 7.256ns
The critical path consists of the following:
	'fadd' operation 32 bit ('acc', conv2.cpp:27) [630]  (7.256 ns)

 <State 128>: 7.256ns
The critical path consists of the following:
	'fadd' operation 32 bit ('acc', conv2.cpp:27) [635]  (7.256 ns)

 <State 129>: 7.256ns
The critical path consists of the following:
	'fadd' operation 32 bit ('acc', conv2.cpp:27) [635]  (7.256 ns)

 <State 130>: 7.256ns
The critical path consists of the following:
	'fadd' operation 32 bit ('acc', conv2.cpp:27) [635]  (7.256 ns)

 <State 131>: 7.256ns
The critical path consists of the following:
	'fadd' operation 32 bit ('acc', conv2.cpp:27) [635]  (7.256 ns)

 <State 132>: 7.256ns
The critical path consists of the following:
	'fadd' operation 32 bit ('acc', conv2.cpp:27) [635]  (7.256 ns)

 <State 133>: 7.256ns
The critical path consists of the following:
	'fadd' operation 32 bit ('acc', conv2.cpp:27) [639]  (7.256 ns)

 <State 134>: 7.256ns
The critical path consists of the following:
	'fadd' operation 32 bit ('acc', conv2.cpp:27) [639]  (7.256 ns)

 <State 135>: 7.256ns
The critical path consists of the following:
	'fadd' operation 32 bit ('acc', conv2.cpp:27) [639]  (7.256 ns)

 <State 136>: 7.256ns
The critical path consists of the following:
	'fadd' operation 32 bit ('acc', conv2.cpp:27) [639]  (7.256 ns)

 <State 137>: 7.256ns
The critical path consists of the following:
	'fadd' operation 32 bit ('acc', conv2.cpp:27) [639]  (7.256 ns)

 <State 138>: 7.256ns
The critical path consists of the following:
	'fadd' operation 32 bit ('acc', conv2.cpp:27) [644]  (7.256 ns)

 <State 139>: 7.256ns
The critical path consists of the following:
	'fadd' operation 32 bit ('acc', conv2.cpp:27) [644]  (7.256 ns)

 <State 140>: 7.256ns
The critical path consists of the following:
	'fadd' operation 32 bit ('acc', conv2.cpp:27) [644]  (7.256 ns)

 <State 141>: 7.256ns
The critical path consists of the following:
	'fadd' operation 32 bit ('acc', conv2.cpp:27) [644]  (7.256 ns)

 <State 142>: 7.256ns
The critical path consists of the following:
	'fadd' operation 32 bit ('acc', conv2.cpp:27) [644]  (7.256 ns)

 <State 143>: 7.256ns
The critical path consists of the following:
	'fadd' operation 32 bit ('acc', conv2.cpp:27) [649]  (7.256 ns)

 <State 144>: 7.256ns
The critical path consists of the following:
	'fadd' operation 32 bit ('acc', conv2.cpp:27) [649]  (7.256 ns)

 <State 145>: 7.256ns
The critical path consists of the following:
	'fadd' operation 32 bit ('acc', conv2.cpp:27) [649]  (7.256 ns)

 <State 146>: 7.256ns
The critical path consists of the following:
	'fadd' operation 32 bit ('acc', conv2.cpp:27) [649]  (7.256 ns)

 <State 147>: 7.256ns
The critical path consists of the following:
	'fadd' operation 32 bit ('acc', conv2.cpp:27) [649]  (7.256 ns)

 <State 148>: 7.256ns
The critical path consists of the following:
	'fadd' operation 32 bit ('acc', conv2.cpp:27) [653]  (7.256 ns)

 <State 149>: 7.256ns
The critical path consists of the following:
	'fadd' operation 32 bit ('acc', conv2.cpp:27) [653]  (7.256 ns)

 <State 150>: 7.256ns
The critical path consists of the following:
	'fadd' operation 32 bit ('acc', conv2.cpp:27) [653]  (7.256 ns)

 <State 151>: 7.256ns
The critical path consists of the following:
	'fadd' operation 32 bit ('acc', conv2.cpp:27) [653]  (7.256 ns)

 <State 152>: 7.256ns
The critical path consists of the following:
	'fadd' operation 32 bit ('acc', conv2.cpp:27) [653]  (7.256 ns)

 <State 153>: 7.256ns
The critical path consists of the following:
	'fadd' operation 32 bit ('acc', conv2.cpp:27) [658]  (7.256 ns)

 <State 154>: 7.256ns
The critical path consists of the following:
	'fadd' operation 32 bit ('acc', conv2.cpp:27) [658]  (7.256 ns)

 <State 155>: 7.256ns
The critical path consists of the following:
	'fadd' operation 32 bit ('acc', conv2.cpp:27) [658]  (7.256 ns)

 <State 156>: 7.256ns
The critical path consists of the following:
	'fadd' operation 32 bit ('acc', conv2.cpp:27) [658]  (7.256 ns)

 <State 157>: 7.256ns
The critical path consists of the following:
	'fadd' operation 32 bit ('acc', conv2.cpp:27) [658]  (7.256 ns)

 <State 158>: 7.256ns
The critical path consists of the following:
	'fadd' operation 32 bit ('acc', conv2.cpp:27) [663]  (7.256 ns)

 <State 159>: 7.256ns
The critical path consists of the following:
	'fadd' operation 32 bit ('acc', conv2.cpp:27) [663]  (7.256 ns)

 <State 160>: 7.256ns
The critical path consists of the following:
	'fadd' operation 32 bit ('acc', conv2.cpp:27) [663]  (7.256 ns)

 <State 161>: 7.256ns
The critical path consists of the following:
	'fadd' operation 32 bit ('acc', conv2.cpp:27) [663]  (7.256 ns)

 <State 162>: 7.256ns
The critical path consists of the following:
	'fadd' operation 32 bit ('acc', conv2.cpp:27) [663]  (7.256 ns)

 <State 163>: 7.256ns
The critical path consists of the following:
	'fadd' operation 32 bit ('acc', conv2.cpp:27) [667]  (7.256 ns)

 <State 164>: 7.256ns
The critical path consists of the following:
	'fadd' operation 32 bit ('acc', conv2.cpp:27) [667]  (7.256 ns)

 <State 165>: 7.256ns
The critical path consists of the following:
	'fadd' operation 32 bit ('acc', conv2.cpp:27) [667]  (7.256 ns)

 <State 166>: 7.256ns
The critical path consists of the following:
	'fadd' operation 32 bit ('acc', conv2.cpp:27) [667]  (7.256 ns)

 <State 167>: 7.256ns
The critical path consists of the following:
	'fadd' operation 32 bit ('acc', conv2.cpp:27) [667]  (7.256 ns)

 <State 168>: 7.256ns
The critical path consists of the following:
	'fadd' operation 32 bit ('acc', conv2.cpp:27) [672]  (7.256 ns)

 <State 169>: 7.256ns
The critical path consists of the following:
	'fadd' operation 32 bit ('acc', conv2.cpp:27) [672]  (7.256 ns)

 <State 170>: 7.256ns
The critical path consists of the following:
	'fadd' operation 32 bit ('acc', conv2.cpp:27) [672]  (7.256 ns)

 <State 171>: 7.256ns
The critical path consists of the following:
	'fadd' operation 32 bit ('acc', conv2.cpp:27) [672]  (7.256 ns)

 <State 172>: 7.256ns
The critical path consists of the following:
	'fadd' operation 32 bit ('acc', conv2.cpp:27) [672]  (7.256 ns)

 <State 173>: 7.256ns
The critical path consists of the following:
	'fadd' operation 32 bit ('acc', conv2.cpp:27) [677]  (7.256 ns)

 <State 174>: 7.256ns
The critical path consists of the following:
	'fadd' operation 32 bit ('acc', conv2.cpp:27) [677]  (7.256 ns)

 <State 175>: 7.256ns
The critical path consists of the following:
	'fadd' operation 32 bit ('acc', conv2.cpp:27) [677]  (7.256 ns)

 <State 176>: 7.256ns
The critical path consists of the following:
	'fadd' operation 32 bit ('acc', conv2.cpp:27) [677]  (7.256 ns)

 <State 177>: 7.256ns
The critical path consists of the following:
	'fadd' operation 32 bit ('acc', conv2.cpp:27) [677]  (7.256 ns)

 <State 178>: 7.256ns
The critical path consists of the following:
	'fadd' operation 32 bit ('acc', conv2.cpp:27) [681]  (7.256 ns)

 <State 179>: 7.256ns
The critical path consists of the following:
	'fadd' operation 32 bit ('acc', conv2.cpp:27) [681]  (7.256 ns)

 <State 180>: 7.256ns
The critical path consists of the following:
	'fadd' operation 32 bit ('acc', conv2.cpp:27) [681]  (7.256 ns)

 <State 181>: 7.256ns
The critical path consists of the following:
	'fadd' operation 32 bit ('acc', conv2.cpp:27) [681]  (7.256 ns)

 <State 182>: 7.256ns
The critical path consists of the following:
	'fadd' operation 32 bit ('acc', conv2.cpp:27) [681]  (7.256 ns)

 <State 183>: 7.256ns
The critical path consists of the following:
	'fadd' operation 32 bit ('acc', conv2.cpp:27) [686]  (7.256 ns)

 <State 184>: 7.256ns
The critical path consists of the following:
	'fadd' operation 32 bit ('acc', conv2.cpp:27) [686]  (7.256 ns)

 <State 185>: 7.256ns
The critical path consists of the following:
	'fadd' operation 32 bit ('acc', conv2.cpp:27) [686]  (7.256 ns)

 <State 186>: 7.256ns
The critical path consists of the following:
	'fadd' operation 32 bit ('acc', conv2.cpp:27) [686]  (7.256 ns)

 <State 187>: 7.256ns
The critical path consists of the following:
	'fadd' operation 32 bit ('acc', conv2.cpp:27) [686]  (7.256 ns)

 <State 188>: 7.256ns
The critical path consists of the following:
	'fadd' operation 32 bit ('acc', conv2.cpp:27) [691]  (7.256 ns)

 <State 189>: 7.256ns
The critical path consists of the following:
	'fadd' operation 32 bit ('acc', conv2.cpp:27) [691]  (7.256 ns)

 <State 190>: 7.256ns
The critical path consists of the following:
	'fadd' operation 32 bit ('acc', conv2.cpp:27) [691]  (7.256 ns)

 <State 191>: 7.256ns
The critical path consists of the following:
	'fadd' operation 32 bit ('acc', conv2.cpp:27) [691]  (7.256 ns)

 <State 192>: 7.256ns
The critical path consists of the following:
	'fadd' operation 32 bit ('acc', conv2.cpp:27) [691]  (7.256 ns)

 <State 193>: 7.256ns
The critical path consists of the following:
	'fadd' operation 32 bit ('acc', conv2.cpp:27) [695]  (7.256 ns)

 <State 194>: 7.256ns
The critical path consists of the following:
	'fadd' operation 32 bit ('acc', conv2.cpp:27) [695]  (7.256 ns)

 <State 195>: 7.256ns
The critical path consists of the following:
	'fadd' operation 32 bit ('acc', conv2.cpp:27) [695]  (7.256 ns)

 <State 196>: 7.256ns
The critical path consists of the following:
	'fadd' operation 32 bit ('acc', conv2.cpp:27) [695]  (7.256 ns)

 <State 197>: 7.256ns
The critical path consists of the following:
	'fadd' operation 32 bit ('acc', conv2.cpp:27) [695]  (7.256 ns)

 <State 198>: 7.256ns
The critical path consists of the following:
	'fadd' operation 32 bit ('acc', conv2.cpp:27) [700]  (7.256 ns)

 <State 199>: 7.256ns
The critical path consists of the following:
	'fadd' operation 32 bit ('acc', conv2.cpp:27) [700]  (7.256 ns)

 <State 200>: 7.256ns
The critical path consists of the following:
	'fadd' operation 32 bit ('acc', conv2.cpp:27) [700]  (7.256 ns)

 <State 201>: 7.256ns
The critical path consists of the following:
	'fadd' operation 32 bit ('acc', conv2.cpp:27) [700]  (7.256 ns)

 <State 202>: 7.256ns
The critical path consists of the following:
	'fadd' operation 32 bit ('acc', conv2.cpp:27) [700]  (7.256 ns)

 <State 203>: 7.256ns
The critical path consists of the following:
	'fadd' operation 32 bit ('acc', conv2.cpp:27) [705]  (7.256 ns)

 <State 204>: 7.256ns
The critical path consists of the following:
	'fadd' operation 32 bit ('acc', conv2.cpp:27) [705]  (7.256 ns)

 <State 205>: 7.256ns
The critical path consists of the following:
	'fadd' operation 32 bit ('acc', conv2.cpp:27) [705]  (7.256 ns)

 <State 206>: 7.256ns
The critical path consists of the following:
	'fadd' operation 32 bit ('acc', conv2.cpp:27) [705]  (7.256 ns)

 <State 207>: 7.256ns
The critical path consists of the following:
	'fadd' operation 32 bit ('acc', conv2.cpp:27) [705]  (7.256 ns)

 <State 208>: 7.256ns
The critical path consists of the following:
	'fadd' operation 32 bit ('acc', conv2.cpp:27) [709]  (7.256 ns)

 <State 209>: 7.256ns
The critical path consists of the following:
	'fadd' operation 32 bit ('acc', conv2.cpp:27) [709]  (7.256 ns)

 <State 210>: 7.256ns
The critical path consists of the following:
	'fadd' operation 32 bit ('acc', conv2.cpp:27) [709]  (7.256 ns)

 <State 211>: 7.256ns
The critical path consists of the following:
	'fadd' operation 32 bit ('acc', conv2.cpp:27) [709]  (7.256 ns)

 <State 212>: 7.256ns
The critical path consists of the following:
	'fadd' operation 32 bit ('acc', conv2.cpp:27) [709]  (7.256 ns)

 <State 213>: 7.256ns
The critical path consists of the following:
	'fadd' operation 32 bit ('acc', conv2.cpp:27) [714]  (7.256 ns)

 <State 214>: 7.256ns
The critical path consists of the following:
	'fadd' operation 32 bit ('acc', conv2.cpp:27) [714]  (7.256 ns)

 <State 215>: 7.256ns
The critical path consists of the following:
	'fadd' operation 32 bit ('acc', conv2.cpp:27) [714]  (7.256 ns)

 <State 216>: 7.256ns
The critical path consists of the following:
	'fadd' operation 32 bit ('acc', conv2.cpp:27) [714]  (7.256 ns)

 <State 217>: 7.256ns
The critical path consists of the following:
	'fadd' operation 32 bit ('acc', conv2.cpp:27) [714]  (7.256 ns)

 <State 218>: 7.256ns
The critical path consists of the following:
	'fadd' operation 32 bit ('acc', conv2.cpp:27) [719]  (7.256 ns)

 <State 219>: 7.256ns
The critical path consists of the following:
	'fadd' operation 32 bit ('acc', conv2.cpp:27) [719]  (7.256 ns)

 <State 220>: 7.256ns
The critical path consists of the following:
	'fadd' operation 32 bit ('acc', conv2.cpp:27) [719]  (7.256 ns)

 <State 221>: 7.256ns
The critical path consists of the following:
	'fadd' operation 32 bit ('acc', conv2.cpp:27) [719]  (7.256 ns)

 <State 222>: 7.256ns
The critical path consists of the following:
	'fadd' operation 32 bit ('acc', conv2.cpp:27) [719]  (7.256 ns)

 <State 223>: 7.256ns
The critical path consists of the following:
	'fadd' operation 32 bit ('acc', conv2.cpp:27) [723]  (7.256 ns)

 <State 224>: 7.256ns
The critical path consists of the following:
	'fadd' operation 32 bit ('acc', conv2.cpp:27) [723]  (7.256 ns)

 <State 225>: 7.256ns
The critical path consists of the following:
	'fadd' operation 32 bit ('acc', conv2.cpp:27) [723]  (7.256 ns)

 <State 226>: 7.256ns
The critical path consists of the following:
	'fadd' operation 32 bit ('acc', conv2.cpp:27) [723]  (7.256 ns)

 <State 227>: 7.256ns
The critical path consists of the following:
	'fadd' operation 32 bit ('acc', conv2.cpp:27) [723]  (7.256 ns)

 <State 228>: 7.256ns
The critical path consists of the following:
	'fadd' operation 32 bit ('acc', conv2.cpp:27) [728]  (7.256 ns)

 <State 229>: 7.256ns
The critical path consists of the following:
	'fadd' operation 32 bit ('acc', conv2.cpp:27) [728]  (7.256 ns)

 <State 230>: 7.256ns
The critical path consists of the following:
	'fadd' operation 32 bit ('acc', conv2.cpp:27) [728]  (7.256 ns)

 <State 231>: 7.256ns
The critical path consists of the following:
	'fadd' operation 32 bit ('acc', conv2.cpp:27) [728]  (7.256 ns)

 <State 232>: 7.256ns
The critical path consists of the following:
	'fadd' operation 32 bit ('acc', conv2.cpp:27) [728]  (7.256 ns)

 <State 233>: 7.256ns
The critical path consists of the following:
	'fadd' operation 32 bit ('acc', conv2.cpp:27) [733]  (7.256 ns)

 <State 234>: 7.256ns
The critical path consists of the following:
	'fadd' operation 32 bit ('acc', conv2.cpp:27) [733]  (7.256 ns)

 <State 235>: 7.256ns
The critical path consists of the following:
	'fadd' operation 32 bit ('acc', conv2.cpp:27) [733]  (7.256 ns)

 <State 236>: 7.256ns
The critical path consists of the following:
	'fadd' operation 32 bit ('acc', conv2.cpp:27) [733]  (7.256 ns)

 <State 237>: 7.256ns
The critical path consists of the following:
	'fadd' operation 32 bit ('acc', conv2.cpp:27) [733]  (7.256 ns)

 <State 238>: 7.256ns
The critical path consists of the following:
	'fadd' operation 32 bit ('acc', conv2.cpp:27) [737]  (7.256 ns)

 <State 239>: 7.256ns
The critical path consists of the following:
	'fadd' operation 32 bit ('acc', conv2.cpp:27) [737]  (7.256 ns)

 <State 240>: 7.256ns
The critical path consists of the following:
	'fadd' operation 32 bit ('acc', conv2.cpp:27) [737]  (7.256 ns)

 <State 241>: 7.256ns
The critical path consists of the following:
	'fadd' operation 32 bit ('acc', conv2.cpp:27) [737]  (7.256 ns)

 <State 242>: 7.256ns
The critical path consists of the following:
	'fadd' operation 32 bit ('acc', conv2.cpp:27) [737]  (7.256 ns)

 <State 243>: 7.256ns
The critical path consists of the following:
	'fadd' operation 32 bit ('acc', conv2.cpp:27) [742]  (7.256 ns)

 <State 244>: 7.256ns
The critical path consists of the following:
	'fadd' operation 32 bit ('acc', conv2.cpp:27) [742]  (7.256 ns)

 <State 245>: 7.256ns
The critical path consists of the following:
	'fadd' operation 32 bit ('acc', conv2.cpp:27) [742]  (7.256 ns)

 <State 246>: 7.256ns
The critical path consists of the following:
	'fadd' operation 32 bit ('acc', conv2.cpp:27) [742]  (7.256 ns)

 <State 247>: 7.256ns
The critical path consists of the following:
	'fadd' operation 32 bit ('acc', conv2.cpp:27) [742]  (7.256 ns)

 <State 248>: 5.077ns
The critical path consists of the following:
	'add' operation 9 bit ('add_ln30', conv2.cpp:30) [404]  (1.823 ns)
	'getelementptr' operation 9 bit ('outputs_addr', conv2.cpp:30) [406]  (0.000 ns)
	'store' operation 0 bit ('store_ln30', conv2.cpp:30) of variable 'bitcast_ln30', conv2.cpp:30 on array 'outputs' [744]  (3.254 ns)


============================================================
+ Verbose Summary: Binding
============================================================
N/A
* FSMD analyzer results:
  - Output states:
 - Input state : 
  - Chain level:
	State 1
	State 2
	State 3
	State 4
	State 5
	State 6
	State 7
	State 8
	State 9
	State 10
	State 11
	State 12
	State 13
	State 14
	State 15
	State 16
	State 17
	State 18
	State 19
	State 20
	State 21
	State 22
	State 23
	State 24
	State 25
	State 26
	State 27
	State 28
	State 29
	State 30
	State 31
	State 32
	State 33
	State 34
	State 35
	State 36
	State 37
	State 38
	State 39
	State 40
	State 41
	State 42
	State 43
	State 44
	State 45
	State 46
	State 47
	State 48
	State 49
	State 50
	State 51
	State 52
	State 53
	State 54
	State 55
	State 56
	State 57
	State 58
	State 59
	State 60
	State 61
	State 62
	State 63
	State 64
	State 65
	State 66
	State 67
	State 68
	State 69
	State 70
	State 71
	State 72
	State 73
	State 74
	State 75
	State 76
	State 77
	State 78
	State 79
	State 80
	State 81
	State 82
	State 83
	State 84
	State 85
	State 86
	State 87
	State 88
	State 89
	State 90
	State 91
	State 92
	State 93
	State 94
	State 95
	State 96
	State 97
	State 98
	State 99
	State 100
	State 101
	State 102
	State 103
	State 104
	State 105
	State 106
	State 107
	State 108
	State 109
	State 110
	State 111
	State 112
	State 113
	State 114
	State 115
	State 116
	State 117
	State 118
	State 119
	State 120
	State 121
	State 122
	State 123
	State 124
	State 125
	State 126
	State 127
	State 128
	State 129
	State 130
	State 131
	State 132
	State 133
	State 134
	State 135
	State 136
	State 137
	State 138
	State 139
	State 140
	State 141
	State 142
	State 143
	State 144
	State 145
	State 146
	State 147
	State 148
	State 149
	State 150
	State 151
	State 152
	State 153
	State 154
	State 155
	State 156
	State 157
	State 158
	State 159
	State 160
	State 161
	State 162
	State 163
	State 164
	State 165
	State 166
	State 167
	State 168
	State 169
	State 170
	State 171
	State 172
	State 173
	State 174
	State 175
	State 176
	State 177
	State 178
	State 179
	State 180
	State 181
	State 182
	State 183
	State 184
	State 185
	State 186
	State 187
	State 188
	State 189
	State 190
	State 191
	State 192
	State 193
	State 194
	State 195
	State 196
	State 197
	State 198
	State 199
	State 200
	State 201
	State 202
	State 203
	State 204
	State 205
	State 206
	State 207
	State 208
	State 209
	State 210
	State 211
	State 212
	State 213
	State 214
	State 215
	State 216
	State 217
	State 218
	State 219
	State 220
	State 221
	State 222
	State 223
	State 224
	State 225
	State 226
	State 227
	State 228
	State 229
	State 230
	State 231
	State 232
	State 233
	State 234
	State 235
	State 236
	State 237
	State 238
	State 239
	State 240
	State 241
	State 242
	State 243
	State 244
	State 245
	State 246
	State 247
	State 248


============================================================
+ Verbose Summary: Datapath Resource usage 
============================================================
N/A
