

================================================================
== Synthesis Summary Report of 'LSTM'
================================================================
+ General Information: 
    * Date:           Wed Jul 22 22:22:33 2026
    * Version:        2025.1 (Build 6135595 on May 21 2025)
    * Project:        LSTM
    * Solution:       hls (Vivado IP Flow Target)
    * Product family: zynq
    * Target device:  xc7z020-clg400-1
    

+ Performance & Resource Estimates: 
    
    PS: '+' for module; 'o' for loop; '*' for dataflow
    +--------------------------------+------+------+---------+-----------+----------+---------+------+----------+--------+-----------+-------------+-------------+-----+
    |             Modules            | Issue|      |       Latency       | Iteration|         | Trip |          |        |           |             |             |     |
    |             & Loops            | Type | Slack| (cycles)|    (ns)   |  Latency | Interval| Count| Pipelined|  BRAM  |    DSP    |      FF     |     LUT     | URAM|
    +--------------------------------+------+------+---------+-----------+----------+---------+------+----------+--------+-----------+-------------+-------------+-----+
    |+ LSTM                          |     -|  0.01|     8148|  9.778e+04|         -|     8149|     -|        no|  9 (3%)|  134 (60%)|  47022 (44%)|  34782 (65%)|    -|
    | + LSTM_Pipeline_INIT           |     -|  2.09|       34|    408.000|         -|       33|     -|    rewind|       -|          -|      8 (~0%)|     55 (~0%)|    -|
    |  o INIT                        |     -|  8.76|       32|    384.000|         1|        1|    32|       yes|       -|          -|            -|            -|    -|
    | o TIME                         |     -|  8.76|     8112|  9.734e+04|      1014|        -|     8|        no|       -|          -|            -|            -|    -|
    |  + LSTM_step                   |     -|  0.01|     1012|  1.214e+04|         -|     1012|     -|        no|  9 (3%)|  134 (60%)|  47001 (44%)|  34537 (64%)|    -|
    |   + LSTM_step_Pipeline_GATES   |     -|  0.01|      884|  1.061e+04|         -|      528|     -|    rewind|       -|   78 (35%)|  32699 (30%)|  24911 (46%)|    -|
    |    o GATES                     |    II|  8.76|      882|  1.058e+04|       387|       16|    32|       yes|       -|          -|            -|            -|    -|
    |     + generic_tanh_float_s     |     -|  0.01|       59|    708.000|         -|        1|     -|       yes|  5 (1%)|   45 (20%)|    9060 (8%)|   7356 (13%)|    -|
    |      + exp_generic_double_s    |     -|  0.13|       21|    252.000|         -|        1|     -|       yes|  5 (1%)|   29 (13%)|    3232 (3%)|    3214 (6%)|    -|
    |   + LSTM_step_Pipeline_UPDATE  |     -|  0.01|      109|  1.308e+03|         -|       33|     -|    rewind|       -|          -|    618 (~0%)|    130 (~0%)|    -|
    |    o UPDATE                    |     -|  8.76|      107|  1.284e+03|        77|        1|    32|       yes|       -|          -|            -|            -|    -|
    |     + generic_tanh_float_s     |     -|  0.01|       59|    708.000|         -|        1|     -|       yes|  5 (1%)|   45 (20%)|    9060 (8%)|   7356 (13%)|    -|
    |      + exp_generic_double_s    |     -|  0.13|       21|    252.000|         -|        1|     -|       yes|  5 (1%)|   29 (13%)|    3232 (3%)|    3214 (6%)|    -|
    +--------------------------------+------+------+---------+-----------+----------+---------+------+----------+--------+-----------+-------------+-------------+-----+


================================================================
== HW Interfaces
================================================================
* AP_MEMORY
+--------------+-----------+----------+
| Port         | Direction | Bitwidth |
+--------------+-----------+----------+
| U_f_address0 | out       | 10       |
| U_f_address1 | out       | 10       |
| U_f_q0       | in        | 32       |
| U_f_q1       | in        | 32       |
| U_g_address0 | out       | 10       |
| U_g_address1 | out       | 10       |
| U_g_q0       | in        | 32       |
| U_g_q1       | in        | 32       |
| U_i_address0 | out       | 10       |
| U_i_address1 | out       | 10       |
| U_i_q0       | in        | 32       |
| U_i_q1       | in        | 32       |
| U_o_address0 | out       | 10       |
| U_o_address1 | out       | 10       |
| U_o_q0       | in        | 32       |
| U_o_q1       | in        | 32       |
| W_f_address0 | out       | 10       |
| W_f_address1 | out       | 10       |
| W_f_q0       | in        | 32       |
| W_f_q1       | in        | 32       |
| W_g_address0 | out       | 10       |
| W_g_address1 | out       | 10       |
| W_g_q0       | in        | 32       |
| W_g_q1       | in        | 32       |
| W_i_address0 | out       | 10       |
| W_i_address1 | out       | 10       |
| W_i_q0       | in        | 32       |
| W_i_q1       | in        | 32       |
| W_o_address0 | out       | 10       |
| W_o_address1 | out       | 10       |
| W_o_q0       | in        | 32       |
| W_o_q1       | in        | 32       |
| b_f_address0 | out       | 5        |
| b_f_q0       | in        | 32       |
| b_g_address0 | out       | 5        |
| b_g_q0       | in        | 32       |
| b_i_address0 | out       | 5        |
| b_i_q0       | in        | 32       |
| b_o_address0 | out       | 5        |
| b_o_q0       | in        | 32       |
| c_address0   | out       | 5        |
| c_address1   | out       | 5        |
| c_d0         | out       | 32       |
| c_q1         | in        | 32       |
| h_address0   | out       | 5        |
| h_address1   | out       | 5        |
| h_d0         | out       | 32       |
| h_q0         | in        | 32       |
| h_q1         | in        | 32       |
| x_address0   | out       | 8        |
| x_address1   | out       | 8        |
| x_q0         | in        | 32       |
| x_q1         | in        | 32       |
+--------------+-----------+----------+

* TOP LEVEL CONTROL
+-----------+------------+-----------------------------------+
| Interface | Type       | Ports                             |
+-----------+------------+-----------------------------------+
| ap_clk    | clock      | ap_clk                            |
| ap_rst    | reset      | ap_rst                            |
| ap_ctrl   | ap_ctrl_hs | ap_done ap_idle ap_ready ap_start |
+-----------+------------+-----------------------------------+


================================================================
== SW I/O Information
================================================================
* Top Function Arguments
+----------+-----------+---------------+
| Argument | Direction | Datatype      |
+----------+-----------+---------------+
| W_f      | in        | float const * |
| U_f      | in        | float const * |
| b_f      | in        | float const * |
| W_i      | in        | float const * |
| U_i      | in        | float const * |
| b_i      | in        | float const * |
| W_g      | in        | float const * |
| U_g      | in        | float const * |
| b_g      | in        | float const * |
| W_o      | in        | float const * |
| U_o      | in        | float const * |
| b_o      | in        | float const * |
| x        | in        | float const * |
| h        | inout     | float*        |
| c        | inout     | float*        |
+----------+-----------+---------------+

* SW-to-HW Mapping
+----------+--------------+---------+----------+
| Argument | HW Interface | HW Type | HW Usage |
+----------+--------------+---------+----------+
| W_f      | W_f_address0 | port    | offset   |
| W_f      | W_f_ce0      | port    |          |
| W_f      | W_f_q0       | port    |          |
| W_f      | W_f_address1 | port    | offset   |
| W_f      | W_f_ce1      | port    |          |
| W_f      | W_f_q1       | port    |          |
| U_f      | U_f_address0 | port    | offset   |
| U_f      | U_f_ce0      | port    |          |
| U_f      | U_f_q0       | port    |          |
| U_f      | U_f_address1 | port    | offset   |
| U_f      | U_f_ce1      | port    |          |
| U_f      | U_f_q1       | port    |          |
| b_f      | b_f_address0 | port    | offset   |
| b_f      | b_f_ce0      | port    |          |
| b_f      | b_f_q0       | port    |          |
| W_i      | W_i_address0 | port    | offset   |
| W_i      | W_i_ce0      | port    |          |
| W_i      | W_i_q0       | port    |          |
| W_i      | W_i_address1 | port    | offset   |
| W_i      | W_i_ce1      | port    |          |
| W_i      | W_i_q1       | port    |          |
| U_i      | U_i_address0 | port    | offset   |
| U_i      | U_i_ce0      | port    |          |
| U_i      | U_i_q0       | port    |          |
| U_i      | U_i_address1 | port    | offset   |
| U_i      | U_i_ce1      | port    |          |
| U_i      | U_i_q1       | port    |          |
| b_i      | b_i_address0 | port    | offset   |
| b_i      | b_i_ce0      | port    |          |
| b_i      | b_i_q0       | port    |          |
| W_g      | W_g_address0 | port    | offset   |
| W_g      | W_g_ce0      | port    |          |
| W_g      | W_g_q0       | port    |          |
| W_g      | W_g_address1 | port    | offset   |
| W_g      | W_g_ce1      | port    |          |
| W_g      | W_g_q1       | port    |          |
| U_g      | U_g_address0 | port    | offset   |
| U_g      | U_g_ce0      | port    |          |
| U_g      | U_g_q0       | port    |          |
| U_g      | U_g_address1 | port    | offset   |
| U_g      | U_g_ce1      | port    |          |
| U_g      | U_g_q1       | port    |          |
| b_g      | b_g_address0 | port    | offset   |
| b_g      | b_g_ce0      | port    |          |
| b_g      | b_g_q0       | port    |          |
| W_o      | W_o_address0 | port    | offset   |
| W_o      | W_o_ce0      | port    |          |
| W_o      | W_o_q0       | port    |          |
| W_o      | W_o_address1 | port    | offset   |
| W_o      | W_o_ce1      | port    |          |
| W_o      | W_o_q1       | port    |          |
| U_o      | U_o_address0 | port    | offset   |
| U_o      | U_o_ce0      | port    |          |
| U_o      | U_o_q0       | port    |          |
| U_o      | U_o_address1 | port    | offset   |
| U_o      | U_o_ce1      | port    |          |
| U_o      | U_o_q1       | port    |          |
| b_o      | b_o_address0 | port    | offset   |
| b_o      | b_o_ce0      | port    |          |
| b_o      | b_o_q0       | port    |          |
| x        | x_address0   | port    | offset   |
| x        | x_ce0        | port    |          |
| x        | x_q0         | port    |          |
| x        | x_address1   | port    | offset   |
| x        | x_ce1        | port    |          |
| x        | x_q1         | port    |          |
| h        | h_address0   | port    | offset   |
| h        | h_ce0        | port    |          |
| h        | h_we0        | port    |          |
| h        | h_d0         | port    |          |
| h        | h_q0         | port    |          |
| h        | h_address1   | port    | offset   |
| h        | h_ce1        | port    |          |
| h        | h_q1         | port    |          |
| c        | c_address0   | port    | offset   |
| c        | c_ce0        | port    |          |
| c        | c_we0        | port    |          |
| c        | c_d0         | port    |          |
| c        | c_address1   | port    | offset   |
| c        | c_ce1        | port    |          |
| c        | c_q1         | port    |          |
+----------+--------------+---------+----------+


================================================================
== Bind Op Report
================================================================
+--------------------------------------------------------------+-----+--------+----------------+-----------+------------------------+---------+
| Name                                                         | DSP | Pragma | Variable       | Op        | Impl                   | Latency |
+--------------------------------------------------------------+-----+--------+----------------+-----------+------------------------+---------+
| + LSTM                                                       | 134 |        |                |           |                        |         |
|   icmp_ln70_fu_133_p2                                        |     |        | icmp_ln70      | seteq     | auto                   | 0       |
|   add_ln70_fu_139_p2                                         |     |        | add_ln70       | add       | fabric                 | 0       |
|  + LSTM_Pipeline_INIT                                        | 0   |        |                |           |                        |         |
|    icmp_ln65_fu_74_p2                                        |     |        | icmp_ln65      | seteq     | auto                   | 0       |
|    add_ln65_fu_80_p2                                         |     |        | add_ln65       | add       | fabric                 | 0       |
|  + LSTM_step                                                 | 134 |        |                |           |                        |         |
|   + LSTM_step_Pipeline_GATES                                 | 78  |        |                |           |                        |         |
|     icmp_ln20_fu_3524_p2                                     |     |        | icmp_ln20      | seteq     | auto                   | 0       |
|     add_ln20_fu_3530_p2                                      |     |        | add_ln20       | add       | fabric                 | 0       |
|     fadd_32ns_32ns_32_5_full_dsp_1_U43                       | 2   |        | acc_f_17       | fadd      | fulldsp                | 4       |
|     fadd_32ns_32ns_32_5_full_dsp_1_U43                       | 2   |        | acc_f_18       | fadd      | fulldsp                | 4       |
|     fadd_32ns_32ns_32_5_full_dsp_1_U43                       | 2   |        | acc_f_19       | fadd      | fulldsp                | 4       |
|     fadd_32ns_32ns_32_5_full_dsp_1_U43                       | 2   |        | acc_f_20       | fadd      | fulldsp                | 4       |
|     fadd_32ns_32ns_32_5_full_dsp_1_U43                       | 2   |        | acc_f_21       | fadd      | fulldsp                | 4       |
|     fadd_32ns_32ns_32_5_full_dsp_1_U43                       | 2   |        | acc_f_22       | fadd      | fulldsp                | 4       |
|     fadd_32ns_32ns_32_5_full_dsp_1_U43                       | 2   |        | acc_f_23       | fadd      | fulldsp                | 4       |
|     fadd_32ns_32ns_32_5_full_dsp_1_U43                       | 2   |        | acc_f_24       | fadd      | fulldsp                | 4       |
|     fadd_32ns_32ns_32_5_full_dsp_1_U43                       | 2   |        | acc_f_25       | fadd      | fulldsp                | 4       |
|     fadd_32ns_32ns_32_5_full_dsp_1_U43                       | 2   |        | acc_f_26       | fadd      | fulldsp                | 4       |
|     fadd_32ns_32ns_32_5_full_dsp_1_U43                       | 2   |        | acc_f_27       | fadd      | fulldsp                | 4       |
|     fadd_32ns_32ns_32_5_full_dsp_1_U43                       | 2   |        | acc_f_28       | fadd      | fulldsp                | 4       |
|     fadd_32ns_32ns_32_5_full_dsp_1_U43                       | 2   |        | acc_f_29       | fadd      | fulldsp                | 4       |
|     fadd_32ns_32ns_32_5_full_dsp_1_U43                       | 2   |        | acc_f_30       | fadd      | fulldsp                | 4       |
|     fadd_32ns_32ns_32_5_full_dsp_1_U43                       | 2   |        | acc_f_31       | fadd      | fulldsp                | 4       |
|     fadd_32ns_32ns_32_5_full_dsp_1_U43                       | 2   |        | acc_f_32       | fadd      | fulldsp                | 4       |
|     fadd_32ns_32ns_32_5_full_dsp_1_U47                       | 2   |        | acc_f_33       | fadd      | fulldsp                | 4       |
|     fmul_32ns_32ns_32_4_max_dsp_1_U59                        | 3   |        | mul21_1        | fmul      | maxdsp                 | 3       |
|     fadd_32ns_32ns_32_5_full_dsp_1_U47                       | 2   |        | acc_f_34       | fadd      | fulldsp                | 4       |
|     fadd_32ns_32ns_32_5_full_dsp_1_U47                       | 2   |        | acc_f_35       | fadd      | fulldsp                | 4       |
|     fmul_32ns_32ns_32_4_max_dsp_1_U59                        | 3   |        | mul21_3        | fmul      | maxdsp                 | 3       |
|     fadd_32ns_32ns_32_5_full_dsp_1_U47                       | 2   |        | acc_f_36       | fadd      | fulldsp                | 4       |
|     fadd_32ns_32ns_32_5_full_dsp_1_U47                       | 2   |        | acc_f_37       | fadd      | fulldsp                | 4       |
|     fmul_32ns_32ns_32_4_max_dsp_1_U59                        | 3   |        | mul21_5        | fmul      | maxdsp                 | 3       |
|     fadd_32ns_32ns_32_5_full_dsp_1_U47                       | 2   |        | acc_f_38       | fadd      | fulldsp                | 4       |
|     fadd_32ns_32ns_32_5_full_dsp_1_U47                       | 2   |        | acc_f_39       | fadd      | fulldsp                | 4       |
|     fmul_32ns_32ns_32_4_max_dsp_1_U59                        | 3   |        | mul21_7        | fmul      | maxdsp                 | 3       |
|     fadd_32ns_32ns_32_5_full_dsp_1_U47                       | 2   |        | acc_f_40       | fadd      | fulldsp                | 4       |
|     fadd_32ns_32ns_32_5_full_dsp_1_U47                       | 2   |        | acc_f_41       | fadd      | fulldsp                | 4       |
|     fmul_32ns_32ns_32_4_max_dsp_1_U59                        | 3   |        | mul21_9        | fmul      | maxdsp                 | 3       |
|     fadd_32ns_32ns_32_5_full_dsp_1_U47                       | 2   |        | acc_f_42       | fadd      | fulldsp                | 4       |
|     fadd_32ns_32ns_32_5_full_dsp_1_U47                       | 2   |        | acc_f_43       | fadd      | fulldsp                | 4       |
|     fmul_32ns_32ns_32_4_max_dsp_1_U59                        | 3   |        | mul21_10       | fmul      | maxdsp                 | 3       |
|     fadd_32ns_32ns_32_5_full_dsp_1_U47                       | 2   |        | acc_f_44       | fadd      | fulldsp                | 4       |
|     fadd_32ns_32ns_32_5_full_dsp_1_U47                       | 2   |        | acc_f_45       | fadd      | fulldsp                | 4       |
|     fmul_32ns_32ns_32_4_max_dsp_1_U59                        | 3   |        | mul21_12       | fmul      | maxdsp                 | 3       |
|     fadd_32ns_32ns_32_5_full_dsp_1_U47                       | 2   |        | acc_f_46       | fadd      | fulldsp                | 4       |
|     fadd_32ns_32ns_32_5_full_dsp_1_U47                       | 2   |        | acc_f_47       | fadd      | fulldsp                | 4       |
|     fmul_32ns_32ns_32_4_max_dsp_1_U59                        | 3   |        | mul21_14       | fmul      | maxdsp                 | 3       |
|     fadd_32ns_32ns_32_5_full_dsp_1_U47                       | 2   |        | acc_f_48       | fadd      | fulldsp                | 4       |
|     fadd_32ns_32ns_32_5_full_dsp_1_U51                       | 2   |        | acc_f_49       | fadd      | fulldsp                | 4       |
|     fmul_32ns_32ns_32_4_max_dsp_1_U59                        | 3   |        | mul21_16       | fmul      | maxdsp                 | 3       |
|     fadd_32ns_32ns_32_5_full_dsp_1_U51                       | 2   |        | acc_f_50       | fadd      | fulldsp                | 4       |
|     fadd_32ns_32ns_32_5_full_dsp_1_U51                       | 2   |        | acc_f_51       | fadd      | fulldsp                | 4       |
|     fmul_32ns_32ns_32_4_max_dsp_1_U59                        | 3   |        | mul21_18       | fmul      | maxdsp                 | 3       |
|     fadd_32ns_32ns_32_5_full_dsp_1_U51                       | 2   |        | acc_f_52       | fadd      | fulldsp                | 4       |
|     fadd_32ns_32ns_32_5_full_dsp_1_U51                       | 2   |        | acc_f_53       | fadd      | fulldsp                | 4       |
|     fmul_32ns_32ns_32_4_max_dsp_1_U59                        | 3   |        | mul21_20       | fmul      | maxdsp                 | 3       |
|     fadd_32ns_32ns_32_5_full_dsp_1_U51                       | 2   |        | acc_f_54       | fadd      | fulldsp                | 4       |
|     fadd_32ns_32ns_32_5_full_dsp_1_U51                       | 2   |        | acc_f_55       | fadd      | fulldsp                | 4       |
|     fmul_32ns_32ns_32_4_max_dsp_1_U59                        | 3   |        | mul21_22       | fmul      | maxdsp                 | 3       |
|     fadd_32ns_32ns_32_5_full_dsp_1_U51                       | 2   |        | acc_f_56       | fadd      | fulldsp                | 4       |
|     fadd_32ns_32ns_32_5_full_dsp_1_U51                       | 2   |        | acc_f_57       | fadd      | fulldsp                | 4       |
|     fmul_32ns_32ns_32_4_max_dsp_1_U59                        | 3   |        | mul21_24       | fmul      | maxdsp                 | 3       |
|     fadd_32ns_32ns_32_5_full_dsp_1_U51                       | 2   |        | acc_f_58       | fadd      | fulldsp                | 4       |
|     fadd_32ns_32ns_32_5_full_dsp_1_U51                       | 2   |        | acc_f_59       | fadd      | fulldsp                | 4       |
|     fmul_32ns_32ns_32_4_max_dsp_1_U59                        | 3   |        | mul21_26       | fmul      | maxdsp                 | 3       |
|     fadd_32ns_32ns_32_5_full_dsp_1_U51                       | 2   |        | acc_f_60       | fadd      | fulldsp                | 4       |
|     fadd_32ns_32ns_32_5_full_dsp_1_U51                       | 2   |        | acc_f_61       | fadd      | fulldsp                | 4       |
|     fmul_32ns_32ns_32_4_max_dsp_1_U59                        | 3   |        | mul21_28       | fmul      | maxdsp                 | 3       |
|     fadd_32ns_32ns_32_5_full_dsp_1_U51                       | 2   |        | acc_f_62       | fadd      | fulldsp                | 4       |
|     fadd_32ns_32ns_32_5_full_dsp_1_U51                       | 2   |        | acc_f_63       | fadd      | fulldsp                | 4       |
|     fmul_32ns_32ns_32_4_max_dsp_1_U59                        | 3   |        | mul21_30       | fmul      | maxdsp                 | 3       |
|     fadd_32ns_32ns_32_5_full_dsp_1_U51                       | 2   |        | acc_f_64       | fadd      | fulldsp                | 4       |
|     xor_ln5_3_fu_5471_p2                                     |     |        | xor_ln5_3      | xor       | auto                   | 0       |
|     fexp_32ns_32ns_32_9_full_dsp_1_U73                       | 7   |        | tmp            | fexp      | fulldsp                | 8       |
|     fadd_32ns_32ns_32_5_full_dsp_1_U55                       | 2   |        | add_i          | fadd      | fulldsp                | 4       |
|     fdiv_32ns_32ns_32_12_no_dsp_1_U72                        |     |        | div_i          | fdiv      | fabric                 | 11      |
|     fmul_32ns_32ns_32_4_max_dsp_1_U60                        | 3   |        | mul2           | fmul      | maxdsp                 | 3       |
|     fadd_32ns_32ns_32_5_full_dsp_1_U40                       | 2   |        | acc_i_1        | fadd      | fulldsp                | 4       |
|     fmul_32ns_32ns_32_4_max_dsp_1_U61                        | 3   |        | mul41_1        | fmul      | maxdsp                 | 3       |
|     fadd_32ns_32ns_32_5_full_dsp_1_U40                       | 2   |        | acc_i_2        | fadd      | fulldsp                | 4       |
|     fmul_32ns_32ns_32_4_max_dsp_1_U60                        | 3   |        | mul41_2        | fmul      | maxdsp                 | 3       |
|     fadd_32ns_32ns_32_5_full_dsp_1_U40                       | 2   |        | acc_i_3        | fadd      | fulldsp                | 4       |
|     fmul_32ns_32ns_32_4_max_dsp_1_U61                        | 3   |        | mul41_3        | fmul      | maxdsp                 | 3       |
|     fadd_32ns_32ns_32_5_full_dsp_1_U40                       | 2   |        | acc_i_4        | fadd      | fulldsp                | 4       |
|     fmul_32ns_32ns_32_4_max_dsp_1_U60                        | 3   |        | mul41_4        | fmul      | maxdsp                 | 3       |
|     fadd_32ns_32ns_32_5_full_dsp_1_U40                       | 2   |        | acc_i_5        | fadd      | fulldsp                | 4       |
|     fmul_32ns_32ns_32_4_max_dsp_1_U61                        | 3   |        | mul41_5        | fmul      | maxdsp                 | 3       |
|     fadd_32ns_32ns_32_5_full_dsp_1_U40                       | 2   |        | acc_i_6        | fadd      | fulldsp                | 4       |
|     fmul_32ns_32ns_32_4_max_dsp_1_U60                        | 3   |        | mul41_6        | fmul      | maxdsp                 | 3       |
|     fadd_32ns_32ns_32_5_full_dsp_1_U40                       | 2   |        | acc_i_7        | fadd      | fulldsp                | 4       |
|     fmul_32ns_32ns_32_4_max_dsp_1_U61                        | 3   |        | mul41_7        | fmul      | maxdsp                 | 3       |
|     fadd_32ns_32ns_32_5_full_dsp_1_U40                       | 2   |        | acc_i_8        | fadd      | fulldsp                | 4       |
|     fmul_32ns_32ns_32_4_max_dsp_1_U60                        | 3   |        | mul41_8        | fmul      | maxdsp                 | 3       |
|     fadd_32ns_32ns_32_5_full_dsp_1_U40                       | 2   |        | acc_i_9        | fadd      | fulldsp                | 4       |
|     fmul_32ns_32ns_32_4_max_dsp_1_U61                        | 3   |        | mul41_9        | fmul      | maxdsp                 | 3       |
|     fadd_32ns_32ns_32_5_full_dsp_1_U40                       | 2   |        | acc_i_10       | fadd      | fulldsp                | 4       |
|     fmul_32ns_32ns_32_4_max_dsp_1_U60                        | 3   |        | mul41_s        | fmul      | maxdsp                 | 3       |
|     fadd_32ns_32ns_32_5_full_dsp_1_U40                       | 2   |        | acc_i_11       | fadd      | fulldsp                | 4       |
|     fmul_32ns_32ns_32_4_max_dsp_1_U61                        | 3   |        | mul41_10       | fmul      | maxdsp                 | 3       |
|     fadd_32ns_32ns_32_5_full_dsp_1_U40                       | 2   |        | acc_i_12       | fadd      | fulldsp                | 4       |
|     fmul_32ns_32ns_32_4_max_dsp_1_U60                        | 3   |        | mul41_11       | fmul      | maxdsp                 | 3       |
|     fadd_32ns_32ns_32_5_full_dsp_1_U40                       | 2   |        | acc_i_13       | fadd      | fulldsp                | 4       |
|     fmul_32ns_32ns_32_4_max_dsp_1_U61                        | 3   |        | mul41_12       | fmul      | maxdsp                 | 3       |
|     fadd_32ns_32ns_32_5_full_dsp_1_U40                       | 2   |        | acc_i_14       | fadd      | fulldsp                | 4       |
|     fmul_32ns_32ns_32_4_max_dsp_1_U60                        | 3   |        | mul41_13       | fmul      | maxdsp                 | 3       |
|     fadd_32ns_32ns_32_5_full_dsp_1_U40                       | 2   |        | acc_i_15       | fadd      | fulldsp                | 4       |
|     fmul_32ns_32ns_32_4_max_dsp_1_U61                        | 3   |        | mul41_14       | fmul      | maxdsp                 | 3       |
|     fadd_32ns_32ns_32_5_full_dsp_1_U40                       | 2   |        | acc_i_16       | fadd      | fulldsp                | 4       |
|     fmul_32ns_32ns_32_4_max_dsp_1_U60                        | 3   |        | mul41_15       | fmul      | maxdsp                 | 3       |
|     fadd_32ns_32ns_32_5_full_dsp_1_U44                       | 2   |        | acc_i_17       | fadd      | fulldsp                | 4       |
|     fmul_32ns_32ns_32_4_max_dsp_1_U61                        | 3   |        | mul41_16       | fmul      | maxdsp                 | 3       |
|     fadd_32ns_32ns_32_5_full_dsp_1_U44                       | 2   |        | acc_i_18       | fadd      | fulldsp                | 4       |
|     fmul_32ns_32ns_32_4_max_dsp_1_U60                        | 3   |        | mul41_17       | fmul      | maxdsp                 | 3       |
|     fadd_32ns_32ns_32_5_full_dsp_1_U44                       | 2   |        | acc_i_19       | fadd      | fulldsp                | 4       |
|     fmul_32ns_32ns_32_4_max_dsp_1_U61                        | 3   |        | mul41_18       | fmul      | maxdsp                 | 3       |
|     fadd_32ns_32ns_32_5_full_dsp_1_U44                       | 2   |        | acc_i_20       | fadd      | fulldsp                | 4       |
|     fmul_32ns_32ns_32_4_max_dsp_1_U60                        | 3   |        | mul41_19       | fmul      | maxdsp                 | 3       |
|     fadd_32ns_32ns_32_5_full_dsp_1_U44                       | 2   |        | acc_i_21       | fadd      | fulldsp                | 4       |
|     fmul_32ns_32ns_32_4_max_dsp_1_U61                        | 3   |        | mul41_20       | fmul      | maxdsp                 | 3       |
|     fadd_32ns_32ns_32_5_full_dsp_1_U44                       | 2   |        | acc_i_22       | fadd      | fulldsp                | 4       |
|     fmul_32ns_32ns_32_4_max_dsp_1_U60                        | 3   |        | mul41_21       | fmul      | maxdsp                 | 3       |
|     fadd_32ns_32ns_32_5_full_dsp_1_U44                       | 2   |        | acc_i_23       | fadd      | fulldsp                | 4       |
|     fmul_32ns_32ns_32_4_max_dsp_1_U61                        | 3   |        | mul41_22       | fmul      | maxdsp                 | 3       |
|     fadd_32ns_32ns_32_5_full_dsp_1_U44                       | 2   |        | acc_i_24       | fadd      | fulldsp                | 4       |
|     fmul_32ns_32ns_32_4_max_dsp_1_U60                        | 3   |        | mul41_23       | fmul      | maxdsp                 | 3       |
|     fadd_32ns_32ns_32_5_full_dsp_1_U44                       | 2   |        | acc_i_25       | fadd      | fulldsp                | 4       |
|     fmul_32ns_32ns_32_4_max_dsp_1_U61                        | 3   |        | mul41_24       | fmul      | maxdsp                 | 3       |
|     fadd_32ns_32ns_32_5_full_dsp_1_U44                       | 2   |        | acc_i_26       | fadd      | fulldsp                | 4       |
|     fmul_32ns_32ns_32_4_max_dsp_1_U60                        | 3   |        | mul41_25       | fmul      | maxdsp                 | 3       |
|     fadd_32ns_32ns_32_5_full_dsp_1_U44                       | 2   |        | acc_i_27       | fadd      | fulldsp                | 4       |
|     fmul_32ns_32ns_32_4_max_dsp_1_U61                        | 3   |        | mul41_26       | fmul      | maxdsp                 | 3       |
|     fadd_32ns_32ns_32_5_full_dsp_1_U44                       | 2   |        | acc_i_28       | fadd      | fulldsp                | 4       |
|     fmul_32ns_32ns_32_4_max_dsp_1_U60                        | 3   |        | mul41_27       | fmul      | maxdsp                 | 3       |
|     fadd_32ns_32ns_32_5_full_dsp_1_U44                       | 2   |        | acc_i_29       | fadd      | fulldsp                | 4       |
|     fmul_32ns_32ns_32_4_max_dsp_1_U61                        | 3   |        | mul41_28       | fmul      | maxdsp                 | 3       |
|     fadd_32ns_32ns_32_5_full_dsp_1_U44                       | 2   |        | acc_i_30       | fadd      | fulldsp                | 4       |
|     fmul_32ns_32ns_32_4_max_dsp_1_U60                        | 3   |        | mul41_29       | fmul      | maxdsp                 | 3       |
|     fadd_32ns_32ns_32_5_full_dsp_1_U44                       | 2   |        | acc_i_31       | fadd      | fulldsp                | 4       |
|     fmul_32ns_32ns_32_4_max_dsp_1_U61                        | 3   |        | mul41_30       | fmul      | maxdsp                 | 3       |
|     fadd_32ns_32ns_32_5_full_dsp_1_U44                       | 2   |        | acc_i_32       | fadd      | fulldsp                | 4       |
|     fmul_32ns_32ns_32_4_max_dsp_1_U62                        | 3   |        | mul3           | fmul      | maxdsp                 | 3       |
|     fadd_32ns_32ns_32_5_full_dsp_1_U48                       | 2   |        | acc_i_33       | fadd      | fulldsp                | 4       |
|     fmul_32ns_32ns_32_4_max_dsp_1_U63                        | 3   |        | mul57_1        | fmul      | maxdsp                 | 3       |
|     fadd_32ns_32ns_32_5_full_dsp_1_U48                       | 2   |        | acc_i_34       | fadd      | fulldsp                | 4       |
|     fmul_32ns_32ns_32_4_max_dsp_1_U62                        | 3   |        | mul57_2        | fmul      | maxdsp                 | 3       |
|     fadd_32ns_32ns_32_5_full_dsp_1_U48                       | 2   |        | acc_i_35       | fadd      | fulldsp                | 4       |
|     fmul_32ns_32ns_32_4_max_dsp_1_U63                        | 3   |        | mul57_3        | fmul      | maxdsp                 | 3       |
|     fadd_32ns_32ns_32_5_full_dsp_1_U48                       | 2   |        | acc_i_36       | fadd      | fulldsp                | 4       |
|     fmul_32ns_32ns_32_4_max_dsp_1_U62                        | 3   |        | mul57_4        | fmul      | maxdsp                 | 3       |
|     fadd_32ns_32ns_32_5_full_dsp_1_U48                       | 2   |        | acc_i_37       | fadd      | fulldsp                | 4       |
|     fmul_32ns_32ns_32_4_max_dsp_1_U63                        | 3   |        | mul57_5        | fmul      | maxdsp                 | 3       |
|     fadd_32ns_32ns_32_5_full_dsp_1_U48                       | 2   |        | acc_i_38       | fadd      | fulldsp                | 4       |
|     fmul_32ns_32ns_32_4_max_dsp_1_U62                        | 3   |        | mul57_6        | fmul      | maxdsp                 | 3       |
|     fadd_32ns_32ns_32_5_full_dsp_1_U48                       | 2   |        | acc_i_39       | fadd      | fulldsp                | 4       |
|     fmul_32ns_32ns_32_4_max_dsp_1_U63                        | 3   |        | mul57_7        | fmul      | maxdsp                 | 3       |
|     fadd_32ns_32ns_32_5_full_dsp_1_U48                       | 2   |        | acc_i_40       | fadd      | fulldsp                | 4       |
|     fmul_32ns_32ns_32_4_max_dsp_1_U62                        | 3   |        | mul57_8        | fmul      | maxdsp                 | 3       |
|     fadd_32ns_32ns_32_5_full_dsp_1_U48                       | 2   |        | acc_i_41       | fadd      | fulldsp                | 4       |
|     fmul_32ns_32ns_32_4_max_dsp_1_U63                        | 3   |        | mul57_9        | fmul      | maxdsp                 | 3       |
|     fadd_32ns_32ns_32_5_full_dsp_1_U48                       | 2   |        | acc_i_42       | fadd      | fulldsp                | 4       |
|     fmul_32ns_32ns_32_4_max_dsp_1_U62                        | 3   |        | mul57_s        | fmul      | maxdsp                 | 3       |
|     fadd_32ns_32ns_32_5_full_dsp_1_U48                       | 2   |        | acc_i_43       | fadd      | fulldsp                | 4       |
|     fmul_32ns_32ns_32_4_max_dsp_1_U63                        | 3   |        | mul57_10       | fmul      | maxdsp                 | 3       |
|     fadd_32ns_32ns_32_5_full_dsp_1_U48                       | 2   |        | acc_i_44       | fadd      | fulldsp                | 4       |
|     fmul_32ns_32ns_32_4_max_dsp_1_U62                        | 3   |        | mul57_11       | fmul      | maxdsp                 | 3       |
|     fadd_32ns_32ns_32_5_full_dsp_1_U48                       | 2   |        | acc_i_45       | fadd      | fulldsp                | 4       |
|     fmul_32ns_32ns_32_4_max_dsp_1_U63                        | 3   |        | mul57_12       | fmul      | maxdsp                 | 3       |
|     fadd_32ns_32ns_32_5_full_dsp_1_U48                       | 2   |        | acc_i_46       | fadd      | fulldsp                | 4       |
|     fmul_32ns_32ns_32_4_max_dsp_1_U62                        | 3   |        | mul57_13       | fmul      | maxdsp                 | 3       |
|     fadd_32ns_32ns_32_5_full_dsp_1_U48                       | 2   |        | acc_i_47       | fadd      | fulldsp                | 4       |
|     fmul_32ns_32ns_32_4_max_dsp_1_U63                        | 3   |        | mul57_14       | fmul      | maxdsp                 | 3       |
|     fadd_32ns_32ns_32_5_full_dsp_1_U48                       | 2   |        | acc_i_48       | fadd      | fulldsp                | 4       |
|     fmul_32ns_32ns_32_4_max_dsp_1_U62                        | 3   |        | mul57_15       | fmul      | maxdsp                 | 3       |
|     fadd_32ns_32ns_32_5_full_dsp_1_U52                       | 2   |        | acc_i_49       | fadd      | fulldsp                | 4       |
|     fmul_32ns_32ns_32_4_max_dsp_1_U63                        | 3   |        | mul57_16       | fmul      | maxdsp                 | 3       |
|     fadd_32ns_32ns_32_5_full_dsp_1_U52                       | 2   |        | acc_i_50       | fadd      | fulldsp                | 4       |
|     fmul_32ns_32ns_32_4_max_dsp_1_U62                        | 3   |        | mul57_17       | fmul      | maxdsp                 | 3       |
|     fadd_32ns_32ns_32_5_full_dsp_1_U52                       | 2   |        | acc_i_51       | fadd      | fulldsp                | 4       |
|     fmul_32ns_32ns_32_4_max_dsp_1_U63                        | 3   |        | mul57_18       | fmul      | maxdsp                 | 3       |
|     fadd_32ns_32ns_32_5_full_dsp_1_U52                       | 2   |        | acc_i_52       | fadd      | fulldsp                | 4       |
|     fmul_32ns_32ns_32_4_max_dsp_1_U62                        | 3   |        | mul57_19       | fmul      | maxdsp                 | 3       |
|     fadd_32ns_32ns_32_5_full_dsp_1_U52                       | 2   |        | acc_i_53       | fadd      | fulldsp                | 4       |
|     fmul_32ns_32ns_32_4_max_dsp_1_U63                        | 3   |        | mul57_20       | fmul      | maxdsp                 | 3       |
|     fadd_32ns_32ns_32_5_full_dsp_1_U52                       | 2   |        | acc_i_54       | fadd      | fulldsp                | 4       |
|     fmul_32ns_32ns_32_4_max_dsp_1_U62                        | 3   |        | mul57_21       | fmul      | maxdsp                 | 3       |
|     fadd_32ns_32ns_32_5_full_dsp_1_U52                       | 2   |        | acc_i_55       | fadd      | fulldsp                | 4       |
|     fmul_32ns_32ns_32_4_max_dsp_1_U63                        | 3   |        | mul57_22       | fmul      | maxdsp                 | 3       |
|     fadd_32ns_32ns_32_5_full_dsp_1_U52                       | 2   |        | acc_i_56       | fadd      | fulldsp                | 4       |
|     fmul_32ns_32ns_32_4_max_dsp_1_U62                        | 3   |        | mul57_23       | fmul      | maxdsp                 | 3       |
|     fadd_32ns_32ns_32_5_full_dsp_1_U52                       | 2   |        | acc_i_57       | fadd      | fulldsp                | 4       |
|     fmul_32ns_32ns_32_4_max_dsp_1_U63                        | 3   |        | mul57_24       | fmul      | maxdsp                 | 3       |
|     fadd_32ns_32ns_32_5_full_dsp_1_U52                       | 2   |        | acc_i_58       | fadd      | fulldsp                | 4       |
|     fmul_32ns_32ns_32_4_max_dsp_1_U62                        | 3   |        | mul57_25       | fmul      | maxdsp                 | 3       |
|     fadd_32ns_32ns_32_5_full_dsp_1_U52                       | 2   |        | acc_i_59       | fadd      | fulldsp                | 4       |
|     fmul_32ns_32ns_32_4_max_dsp_1_U63                        | 3   |        | mul57_26       | fmul      | maxdsp                 | 3       |
|     fadd_32ns_32ns_32_5_full_dsp_1_U52                       | 2   |        | acc_i_60       | fadd      | fulldsp                | 4       |
|     fmul_32ns_32ns_32_4_max_dsp_1_U62                        | 3   |        | mul57_27       | fmul      | maxdsp                 | 3       |
|     fadd_32ns_32ns_32_5_full_dsp_1_U52                       | 2   |        | acc_i_61       | fadd      | fulldsp                | 4       |
|     fmul_32ns_32ns_32_4_max_dsp_1_U63                        | 3   |        | mul57_28       | fmul      | maxdsp                 | 3       |
|     fadd_32ns_32ns_32_5_full_dsp_1_U52                       | 2   |        | acc_i_62       | fadd      | fulldsp                | 4       |
|     fmul_32ns_32ns_32_4_max_dsp_1_U62                        | 3   |        | mul57_29       | fmul      | maxdsp                 | 3       |
|     fadd_32ns_32ns_32_5_full_dsp_1_U52                       | 2   |        | acc_i_63       | fadd      | fulldsp                | 4       |
|     fmul_32ns_32ns_32_4_max_dsp_1_U63                        | 3   |        | mul57_30       | fmul      | maxdsp                 | 3       |
|     fadd_32ns_32ns_32_5_full_dsp_1_U52                       | 2   |        | acc_i_64       | fadd      | fulldsp                | 4       |
|     xor_ln5_4_fu_5505_p2                                     |     |        | xor_ln5_4      | xor       | auto                   | 0       |
|     fexp_32ns_32ns_32_9_full_dsp_1_U73                       | 7   |        | tmp_s          | fexp      | fulldsp                | 8       |
|     fadd_32ns_32ns_32_5_full_dsp_1_U55                       | 2   |        | add_i1         | fadd      | fulldsp                | 4       |
|     fdiv_32ns_32ns_32_12_no_dsp_1_U72                        |     |        | div_i1         | fdiv      | fabric                 | 11      |
|     fmul_32ns_32ns_32_4_max_dsp_1_U64                        | 3   |        | mul4           | fmul      | maxdsp                 | 3       |
|     fadd_32ns_32ns_32_5_full_dsp_1_U41                       | 2   |        | acc_g_1        | fadd      | fulldsp                | 4       |
|     fmul_32ns_32ns_32_4_max_dsp_1_U65                        | 3   |        | mul78_1        | fmul      | maxdsp                 | 3       |
|     fadd_32ns_32ns_32_5_full_dsp_1_U41                       | 2   |        | acc_g_2        | fadd      | fulldsp                | 4       |
|     fmul_32ns_32ns_32_4_max_dsp_1_U64                        | 3   |        | mul78_2        | fmul      | maxdsp                 | 3       |
|     fadd_32ns_32ns_32_5_full_dsp_1_U41                       | 2   |        | acc_g_3        | fadd      | fulldsp                | 4       |
|     fmul_32ns_32ns_32_4_max_dsp_1_U65                        | 3   |        | mul78_3        | fmul      | maxdsp                 | 3       |
|     fadd_32ns_32ns_32_5_full_dsp_1_U41                       | 2   |        | acc_g_4        | fadd      | fulldsp                | 4       |
|     fmul_32ns_32ns_32_4_max_dsp_1_U64                        | 3   |        | mul78_4        | fmul      | maxdsp                 | 3       |
|     fadd_32ns_32ns_32_5_full_dsp_1_U41                       | 2   |        | acc_g_5        | fadd      | fulldsp                | 4       |
|     fmul_32ns_32ns_32_4_max_dsp_1_U65                        | 3   |        | mul78_5        | fmul      | maxdsp                 | 3       |
|     fadd_32ns_32ns_32_5_full_dsp_1_U41                       | 2   |        | acc_g_6        | fadd      | fulldsp                | 4       |
|     fmul_32ns_32ns_32_4_max_dsp_1_U64                        | 3   |        | mul78_6        | fmul      | maxdsp                 | 3       |
|     fadd_32ns_32ns_32_5_full_dsp_1_U41                       | 2   |        | acc_g_7        | fadd      | fulldsp                | 4       |
|     fmul_32ns_32ns_32_4_max_dsp_1_U65                        | 3   |        | mul78_7        | fmul      | maxdsp                 | 3       |
|     fadd_32ns_32ns_32_5_full_dsp_1_U41                       | 2   |        | acc_g_8        | fadd      | fulldsp                | 4       |
|     fmul_32ns_32ns_32_4_max_dsp_1_U64                        | 3   |        | mul78_8        | fmul      | maxdsp                 | 3       |
|     fadd_32ns_32ns_32_5_full_dsp_1_U41                       | 2   |        | acc_g_9        | fadd      | fulldsp                | 4       |
|     fmul_32ns_32ns_32_4_max_dsp_1_U65                        | 3   |        | mul78_9        | fmul      | maxdsp                 | 3       |
|     fadd_32ns_32ns_32_5_full_dsp_1_U41                       | 2   |        | acc_g_10       | fadd      | fulldsp                | 4       |
|     fmul_32ns_32ns_32_4_max_dsp_1_U64                        | 3   |        | mul78_s        | fmul      | maxdsp                 | 3       |
|     fadd_32ns_32ns_32_5_full_dsp_1_U41                       | 2   |        | acc_g_11       | fadd      | fulldsp                | 4       |
|     fmul_32ns_32ns_32_4_max_dsp_1_U65                        | 3   |        | mul78_10       | fmul      | maxdsp                 | 3       |
|     fadd_32ns_32ns_32_5_full_dsp_1_U41                       | 2   |        | acc_g_12       | fadd      | fulldsp                | 4       |
|     fmul_32ns_32ns_32_4_max_dsp_1_U64                        | 3   |        | mul78_11       | fmul      | maxdsp                 | 3       |
|     fadd_32ns_32ns_32_5_full_dsp_1_U41                       | 2   |        | acc_g_13       | fadd      | fulldsp                | 4       |
|     fmul_32ns_32ns_32_4_max_dsp_1_U65                        | 3   |        | mul78_12       | fmul      | maxdsp                 | 3       |
|     fadd_32ns_32ns_32_5_full_dsp_1_U41                       | 2   |        | acc_g_14       | fadd      | fulldsp                | 4       |
|     fmul_32ns_32ns_32_4_max_dsp_1_U64                        | 3   |        | mul78_13       | fmul      | maxdsp                 | 3       |
|     fadd_32ns_32ns_32_5_full_dsp_1_U41                       | 2   |        | acc_g_15       | fadd      | fulldsp                | 4       |
|     fmul_32ns_32ns_32_4_max_dsp_1_U65                        | 3   |        | mul78_14       | fmul      | maxdsp                 | 3       |
|     fadd_32ns_32ns_32_5_full_dsp_1_U41                       | 2   |        | acc_g_16       | fadd      | fulldsp                | 4       |
|     fmul_32ns_32ns_32_4_max_dsp_1_U64                        | 3   |        | mul78_15       | fmul      | maxdsp                 | 3       |
|     fadd_32ns_32ns_32_5_full_dsp_1_U45                       | 2   |        | acc_g_17       | fadd      | fulldsp                | 4       |
|     fmul_32ns_32ns_32_4_max_dsp_1_U65                        | 3   |        | mul78_16       | fmul      | maxdsp                 | 3       |
|     fadd_32ns_32ns_32_5_full_dsp_1_U45                       | 2   |        | acc_g_18       | fadd      | fulldsp                | 4       |
|     fmul_32ns_32ns_32_4_max_dsp_1_U64                        | 3   |        | mul78_17       | fmul      | maxdsp                 | 3       |
|     fadd_32ns_32ns_32_5_full_dsp_1_U45                       | 2   |        | acc_g_19       | fadd      | fulldsp                | 4       |
|     fmul_32ns_32ns_32_4_max_dsp_1_U65                        | 3   |        | mul78_18       | fmul      | maxdsp                 | 3       |
|     fadd_32ns_32ns_32_5_full_dsp_1_U45                       | 2   |        | acc_g_20       | fadd      | fulldsp                | 4       |
|     fmul_32ns_32ns_32_4_max_dsp_1_U64                        | 3   |        | mul78_19       | fmul      | maxdsp                 | 3       |
|     fadd_32ns_32ns_32_5_full_dsp_1_U45                       | 2   |        | acc_g_21       | fadd      | fulldsp                | 4       |
|     fmul_32ns_32ns_32_4_max_dsp_1_U65                        | 3   |        | mul78_20       | fmul      | maxdsp                 | 3       |
|     fadd_32ns_32ns_32_5_full_dsp_1_U45                       | 2   |        | acc_g_22       | fadd      | fulldsp                | 4       |
|     fmul_32ns_32ns_32_4_max_dsp_1_U64                        | 3   |        | mul78_21       | fmul      | maxdsp                 | 3       |
|     fadd_32ns_32ns_32_5_full_dsp_1_U45                       | 2   |        | acc_g_23       | fadd      | fulldsp                | 4       |
|     fmul_32ns_32ns_32_4_max_dsp_1_U65                        | 3   |        | mul78_22       | fmul      | maxdsp                 | 3       |
|     fadd_32ns_32ns_32_5_full_dsp_1_U45                       | 2   |        | acc_g_24       | fadd      | fulldsp                | 4       |
|     fmul_32ns_32ns_32_4_max_dsp_1_U64                        | 3   |        | mul78_23       | fmul      | maxdsp                 | 3       |
|     fadd_32ns_32ns_32_5_full_dsp_1_U45                       | 2   |        | acc_g_25       | fadd      | fulldsp                | 4       |
|     fmul_32ns_32ns_32_4_max_dsp_1_U65                        | 3   |        | mul78_24       | fmul      | maxdsp                 | 3       |
|     fadd_32ns_32ns_32_5_full_dsp_1_U45                       | 2   |        | acc_g_26       | fadd      | fulldsp                | 4       |
|     fmul_32ns_32ns_32_4_max_dsp_1_U64                        | 3   |        | mul78_25       | fmul      | maxdsp                 | 3       |
|     fadd_32ns_32ns_32_5_full_dsp_1_U45                       | 2   |        | acc_g_27       | fadd      | fulldsp                | 4       |
|     fmul_32ns_32ns_32_4_max_dsp_1_U65                        | 3   |        | mul78_26       | fmul      | maxdsp                 | 3       |
|     fadd_32ns_32ns_32_5_full_dsp_1_U45                       | 2   |        | acc_g_28       | fadd      | fulldsp                | 4       |
|     fmul_32ns_32ns_32_4_max_dsp_1_U64                        | 3   |        | mul78_27       | fmul      | maxdsp                 | 3       |
|     fadd_32ns_32ns_32_5_full_dsp_1_U45                       | 2   |        | acc_g_29       | fadd      | fulldsp                | 4       |
|     fmul_32ns_32ns_32_4_max_dsp_1_U65                        | 3   |        | mul78_28       | fmul      | maxdsp                 | 3       |
|     fadd_32ns_32ns_32_5_full_dsp_1_U45                       | 2   |        | acc_g_30       | fadd      | fulldsp                | 4       |
|     fmul_32ns_32ns_32_4_max_dsp_1_U64                        | 3   |        | mul78_29       | fmul      | maxdsp                 | 3       |
|     fadd_32ns_32ns_32_5_full_dsp_1_U45                       | 2   |        | acc_g_31       | fadd      | fulldsp                | 4       |
|     fmul_32ns_32ns_32_4_max_dsp_1_U65                        | 3   |        | mul78_30       | fmul      | maxdsp                 | 3       |
|     fadd_32ns_32ns_32_5_full_dsp_1_U45                       | 2   |        | acc_g_32       | fadd      | fulldsp                | 4       |
|     fmul_32ns_32ns_32_4_max_dsp_1_U66                        | 3   |        | mul5           | fmul      | maxdsp                 | 3       |
|     fadd_32ns_32ns_32_5_full_dsp_1_U49                       | 2   |        | acc_g_33       | fadd      | fulldsp                | 4       |
|     fmul_32ns_32ns_32_4_max_dsp_1_U67                        | 3   |        | mul94_1        | fmul      | maxdsp                 | 3       |
|     fadd_32ns_32ns_32_5_full_dsp_1_U49                       | 2   |        | acc_g_34       | fadd      | fulldsp                | 4       |
|     fmul_32ns_32ns_32_4_max_dsp_1_U66                        | 3   |        | mul94_2        | fmul      | maxdsp                 | 3       |
|     fadd_32ns_32ns_32_5_full_dsp_1_U49                       | 2   |        | acc_g_35       | fadd      | fulldsp                | 4       |
|     fmul_32ns_32ns_32_4_max_dsp_1_U67                        | 3   |        | mul94_3        | fmul      | maxdsp                 | 3       |
|     fadd_32ns_32ns_32_5_full_dsp_1_U49                       | 2   |        | acc_g_36       | fadd      | fulldsp                | 4       |
|     fmul_32ns_32ns_32_4_max_dsp_1_U66                        | 3   |        | mul94_4        | fmul      | maxdsp                 | 3       |
|     fadd_32ns_32ns_32_5_full_dsp_1_U49                       | 2   |        | acc_g_37       | fadd      | fulldsp                | 4       |
|     fmul_32ns_32ns_32_4_max_dsp_1_U67                        | 3   |        | mul94_5        | fmul      | maxdsp                 | 3       |
|     fadd_32ns_32ns_32_5_full_dsp_1_U49                       | 2   |        | acc_g_38       | fadd      | fulldsp                | 4       |
|     fmul_32ns_32ns_32_4_max_dsp_1_U66                        | 3   |        | mul94_6        | fmul      | maxdsp                 | 3       |
|     fadd_32ns_32ns_32_5_full_dsp_1_U49                       | 2   |        | acc_g_39       | fadd      | fulldsp                | 4       |
|     fmul_32ns_32ns_32_4_max_dsp_1_U67                        | 3   |        | mul94_7        | fmul      | maxdsp                 | 3       |
|     fadd_32ns_32ns_32_5_full_dsp_1_U49                       | 2   |        | acc_g_40       | fadd      | fulldsp                | 4       |
|     fmul_32ns_32ns_32_4_max_dsp_1_U66                        | 3   |        | mul94_8        | fmul      | maxdsp                 | 3       |
|     fadd_32ns_32ns_32_5_full_dsp_1_U49                       | 2   |        | acc_g_41       | fadd      | fulldsp                | 4       |
|     fmul_32ns_32ns_32_4_max_dsp_1_U67                        | 3   |        | mul94_9        | fmul      | maxdsp                 | 3       |
|     fadd_32ns_32ns_32_5_full_dsp_1_U49                       | 2   |        | acc_g_42       | fadd      | fulldsp                | 4       |
|     fmul_32ns_32ns_32_4_max_dsp_1_U66                        | 3   |        | mul94_s        | fmul      | maxdsp                 | 3       |
|     fadd_32ns_32ns_32_5_full_dsp_1_U49                       | 2   |        | acc_g_43       | fadd      | fulldsp                | 4       |
|     fmul_32ns_32ns_32_4_max_dsp_1_U67                        | 3   |        | mul94_10       | fmul      | maxdsp                 | 3       |
|     fadd_32ns_32ns_32_5_full_dsp_1_U49                       | 2   |        | acc_g_44       | fadd      | fulldsp                | 4       |
|     fmul_32ns_32ns_32_4_max_dsp_1_U66                        | 3   |        | mul94_11       | fmul      | maxdsp                 | 3       |
|     fadd_32ns_32ns_32_5_full_dsp_1_U49                       | 2   |        | acc_g_45       | fadd      | fulldsp                | 4       |
|     fmul_32ns_32ns_32_4_max_dsp_1_U67                        | 3   |        | mul94_12       | fmul      | maxdsp                 | 3       |
|     fadd_32ns_32ns_32_5_full_dsp_1_U49                       | 2   |        | acc_g_46       | fadd      | fulldsp                | 4       |
|     fmul_32ns_32ns_32_4_max_dsp_1_U66                        | 3   |        | mul94_13       | fmul      | maxdsp                 | 3       |
|     fadd_32ns_32ns_32_5_full_dsp_1_U49                       | 2   |        | acc_g_47       | fadd      | fulldsp                | 4       |
|     fmul_32ns_32ns_32_4_max_dsp_1_U67                        | 3   |        | mul94_14       | fmul      | maxdsp                 | 3       |
|     fadd_32ns_32ns_32_5_full_dsp_1_U49                       | 2   |        | acc_g_48       | fadd      | fulldsp                | 4       |
|     fmul_32ns_32ns_32_4_max_dsp_1_U66                        | 3   |        | mul94_15       | fmul      | maxdsp                 | 3       |
|     fadd_32ns_32ns_32_5_full_dsp_1_U53                       | 2   |        | acc_g_49       | fadd      | fulldsp                | 4       |
|     fmul_32ns_32ns_32_4_max_dsp_1_U67                        | 3   |        | mul94_16       | fmul      | maxdsp                 | 3       |
|     fadd_32ns_32ns_32_5_full_dsp_1_U53                       | 2   |        | acc_g_50       | fadd      | fulldsp                | 4       |
|     fmul_32ns_32ns_32_4_max_dsp_1_U66                        | 3   |        | mul94_17       | fmul      | maxdsp                 | 3       |
|     fadd_32ns_32ns_32_5_full_dsp_1_U53                       | 2   |        | acc_g_51       | fadd      | fulldsp                | 4       |
|     fmul_32ns_32ns_32_4_max_dsp_1_U67                        | 3   |        | mul94_18       | fmul      | maxdsp                 | 3       |
|     fadd_32ns_32ns_32_5_full_dsp_1_U53                       | 2   |        | acc_g_52       | fadd      | fulldsp                | 4       |
|     fmul_32ns_32ns_32_4_max_dsp_1_U66                        | 3   |        | mul94_19       | fmul      | maxdsp                 | 3       |
|     fadd_32ns_32ns_32_5_full_dsp_1_U53                       | 2   |        | acc_g_53       | fadd      | fulldsp                | 4       |
|     fmul_32ns_32ns_32_4_max_dsp_1_U67                        | 3   |        | mul94_20       | fmul      | maxdsp                 | 3       |
|     fadd_32ns_32ns_32_5_full_dsp_1_U53                       | 2   |        | acc_g_54       | fadd      | fulldsp                | 4       |
|     fmul_32ns_32ns_32_4_max_dsp_1_U66                        | 3   |        | mul94_21       | fmul      | maxdsp                 | 3       |
|     fadd_32ns_32ns_32_5_full_dsp_1_U53                       | 2   |        | acc_g_55       | fadd      | fulldsp                | 4       |
|     fmul_32ns_32ns_32_4_max_dsp_1_U67                        | 3   |        | mul94_22       | fmul      | maxdsp                 | 3       |
|     fadd_32ns_32ns_32_5_full_dsp_1_U53                       | 2   |        | acc_g_56       | fadd      | fulldsp                | 4       |
|     fmul_32ns_32ns_32_4_max_dsp_1_U66                        | 3   |        | mul94_23       | fmul      | maxdsp                 | 3       |
|     fadd_32ns_32ns_32_5_full_dsp_1_U53                       | 2   |        | acc_g_57       | fadd      | fulldsp                | 4       |
|     fmul_32ns_32ns_32_4_max_dsp_1_U67                        | 3   |        | mul94_24       | fmul      | maxdsp                 | 3       |
|     fadd_32ns_32ns_32_5_full_dsp_1_U53                       | 2   |        | acc_g_58       | fadd      | fulldsp                | 4       |
|     fmul_32ns_32ns_32_4_max_dsp_1_U66                        | 3   |        | mul94_25       | fmul      | maxdsp                 | 3       |
|     fadd_32ns_32ns_32_5_full_dsp_1_U53                       | 2   |        | acc_g_59       | fadd      | fulldsp                | 4       |
|     fmul_32ns_32ns_32_4_max_dsp_1_U67                        | 3   |        | mul94_26       | fmul      | maxdsp                 | 3       |
|     fadd_32ns_32ns_32_5_full_dsp_1_U53                       | 2   |        | acc_g_60       | fadd      | fulldsp                | 4       |
|     fmul_32ns_32ns_32_4_max_dsp_1_U66                        | 3   |        | mul94_27       | fmul      | maxdsp                 | 3       |
|     fadd_32ns_32ns_32_5_full_dsp_1_U53                       | 2   |        | acc_g_61       | fadd      | fulldsp                | 4       |
|     fmul_32ns_32ns_32_4_max_dsp_1_U67                        | 3   |        | mul94_28       | fmul      | maxdsp                 | 3       |
|     fadd_32ns_32ns_32_5_full_dsp_1_U53                       | 2   |        | acc_g_62       | fadd      | fulldsp                | 4       |
|     fmul_32ns_32ns_32_4_max_dsp_1_U66                        | 3   |        | mul94_29       | fmul      | maxdsp                 | 3       |
|     fadd_32ns_32ns_32_5_full_dsp_1_U53                       | 2   |        | acc_g_63       | fadd      | fulldsp                | 4       |
|     fmul_32ns_32ns_32_4_max_dsp_1_U67                        | 3   |        | mul94_30       | fmul      | maxdsp                 | 3       |
|     fadd_32ns_32ns_32_5_full_dsp_1_U53                       | 2   |        | acc_g_64       | fadd      | fulldsp                | 4       |
|     fmul_32ns_32ns_32_4_max_dsp_1_U68                        | 3   |        | mul6           | fmul      | maxdsp                 | 3       |
|     fadd_32ns_32ns_32_5_full_dsp_1_U42                       | 2   |        | acc_o_1        | fadd      | fulldsp                | 4       |
|     fmul_32ns_32ns_32_4_max_dsp_1_U69                        | 3   |        | mul115_1       | fmul      | maxdsp                 | 3       |
|     fadd_32ns_32ns_32_5_full_dsp_1_U42                       | 2   |        | acc_o_2        | fadd      | fulldsp                | 4       |
|     fmul_32ns_32ns_32_4_max_dsp_1_U68                        | 3   |        | mul115_2       | fmul      | maxdsp                 | 3       |
|     fadd_32ns_32ns_32_5_full_dsp_1_U42                       | 2   |        | acc_o_3        | fadd      | fulldsp                | 4       |
|     fmul_32ns_32ns_32_4_max_dsp_1_U69                        | 3   |        | mul115_3       | fmul      | maxdsp                 | 3       |
|     fadd_32ns_32ns_32_5_full_dsp_1_U42                       | 2   |        | acc_o_4        | fadd      | fulldsp                | 4       |
|     fmul_32ns_32ns_32_4_max_dsp_1_U68                        | 3   |        | mul115_4       | fmul      | maxdsp                 | 3       |
|     fadd_32ns_32ns_32_5_full_dsp_1_U42                       | 2   |        | acc_o_5        | fadd      | fulldsp                | 4       |
|     fmul_32ns_32ns_32_4_max_dsp_1_U69                        | 3   |        | mul115_5       | fmul      | maxdsp                 | 3       |
|     fadd_32ns_32ns_32_5_full_dsp_1_U42                       | 2   |        | acc_o_6        | fadd      | fulldsp                | 4       |
|     fmul_32ns_32ns_32_4_max_dsp_1_U68                        | 3   |        | mul115_6       | fmul      | maxdsp                 | 3       |
|     fadd_32ns_32ns_32_5_full_dsp_1_U42                       | 2   |        | acc_o_7        | fadd      | fulldsp                | 4       |
|     fmul_32ns_32ns_32_4_max_dsp_1_U69                        | 3   |        | mul115_7       | fmul      | maxdsp                 | 3       |
|     fadd_32ns_32ns_32_5_full_dsp_1_U42                       | 2   |        | acc_o_8        | fadd      | fulldsp                | 4       |
|     fmul_32ns_32ns_32_4_max_dsp_1_U68                        | 3   |        | mul115_8       | fmul      | maxdsp                 | 3       |
|     fadd_32ns_32ns_32_5_full_dsp_1_U42                       | 2   |        | acc_o_9        | fadd      | fulldsp                | 4       |
|     fmul_32ns_32ns_32_4_max_dsp_1_U69                        | 3   |        | mul115_9       | fmul      | maxdsp                 | 3       |
|     fadd_32ns_32ns_32_5_full_dsp_1_U42                       | 2   |        | acc_o_10       | fadd      | fulldsp                | 4       |
|     fmul_32ns_32ns_32_4_max_dsp_1_U68                        | 3   |        | mul115_s       | fmul      | maxdsp                 | 3       |
|     fadd_32ns_32ns_32_5_full_dsp_1_U42                       | 2   |        | acc_o_11       | fadd      | fulldsp                | 4       |
|     fmul_32ns_32ns_32_4_max_dsp_1_U69                        | 3   |        | mul115_10      | fmul      | maxdsp                 | 3       |
|     fadd_32ns_32ns_32_5_full_dsp_1_U42                       | 2   |        | acc_o_12       | fadd      | fulldsp                | 4       |
|     fmul_32ns_32ns_32_4_max_dsp_1_U68                        | 3   |        | mul115_11      | fmul      | maxdsp                 | 3       |
|     fadd_32ns_32ns_32_5_full_dsp_1_U42                       | 2   |        | acc_o_13       | fadd      | fulldsp                | 4       |
|     fmul_32ns_32ns_32_4_max_dsp_1_U69                        | 3   |        | mul115_12      | fmul      | maxdsp                 | 3       |
|     fadd_32ns_32ns_32_5_full_dsp_1_U42                       | 2   |        | acc_o_14       | fadd      | fulldsp                | 4       |
|     fmul_32ns_32ns_32_4_max_dsp_1_U68                        | 3   |        | mul115_13      | fmul      | maxdsp                 | 3       |
|     fadd_32ns_32ns_32_5_full_dsp_1_U42                       | 2   |        | acc_o_15       | fadd      | fulldsp                | 4       |
|     fmul_32ns_32ns_32_4_max_dsp_1_U69                        | 3   |        | mul115_14      | fmul      | maxdsp                 | 3       |
|     fadd_32ns_32ns_32_5_full_dsp_1_U42                       | 2   |        | acc_o_16       | fadd      | fulldsp                | 4       |
|     fmul_32ns_32ns_32_4_max_dsp_1_U68                        | 3   |        | mul115_15      | fmul      | maxdsp                 | 3       |
|     fadd_32ns_32ns_32_5_full_dsp_1_U46                       | 2   |        | acc_o_17       | fadd      | fulldsp                | 4       |
|     fmul_32ns_32ns_32_4_max_dsp_1_U69                        | 3   |        | mul115_16      | fmul      | maxdsp                 | 3       |
|     fadd_32ns_32ns_32_5_full_dsp_1_U46                       | 2   |        | acc_o_18       | fadd      | fulldsp                | 4       |
|     fmul_32ns_32ns_32_4_max_dsp_1_U68                        | 3   |        | mul115_17      | fmul      | maxdsp                 | 3       |
|     fadd_32ns_32ns_32_5_full_dsp_1_U46                       | 2   |        | acc_o_19       | fadd      | fulldsp                | 4       |
|     fmul_32ns_32ns_32_4_max_dsp_1_U69                        | 3   |        | mul115_18      | fmul      | maxdsp                 | 3       |
|     fadd_32ns_32ns_32_5_full_dsp_1_U46                       | 2   |        | acc_o_20       | fadd      | fulldsp                | 4       |
|     fmul_32ns_32ns_32_4_max_dsp_1_U68                        | 3   |        | mul115_19      | fmul      | maxdsp                 | 3       |
|     fadd_32ns_32ns_32_5_full_dsp_1_U46                       | 2   |        | acc_o_21       | fadd      | fulldsp                | 4       |
|     fmul_32ns_32ns_32_4_max_dsp_1_U69                        | 3   |        | mul115_20      | fmul      | maxdsp                 | 3       |
|     fadd_32ns_32ns_32_5_full_dsp_1_U46                       | 2   |        | acc_o_22       | fadd      | fulldsp                | 4       |
|     fmul_32ns_32ns_32_4_max_dsp_1_U68                        | 3   |        | mul115_21      | fmul      | maxdsp                 | 3       |
|     fadd_32ns_32ns_32_5_full_dsp_1_U46                       | 2   |        | acc_o_23       | fadd      | fulldsp                | 4       |
|     fmul_32ns_32ns_32_4_max_dsp_1_U69                        | 3   |        | mul115_22      | fmul      | maxdsp                 | 3       |
|     fadd_32ns_32ns_32_5_full_dsp_1_U46                       | 2   |        | acc_o_24       | fadd      | fulldsp                | 4       |
|     fmul_32ns_32ns_32_4_max_dsp_1_U68                        | 3   |        | mul115_23      | fmul      | maxdsp                 | 3       |
|     fadd_32ns_32ns_32_5_full_dsp_1_U46                       | 2   |        | acc_o_25       | fadd      | fulldsp                | 4       |
|     fmul_32ns_32ns_32_4_max_dsp_1_U69                        | 3   |        | mul115_24      | fmul      | maxdsp                 | 3       |
|     fadd_32ns_32ns_32_5_full_dsp_1_U46                       | 2   |        | acc_o_26       | fadd      | fulldsp                | 4       |
|     fmul_32ns_32ns_32_4_max_dsp_1_U68                        | 3   |        | mul115_25      | fmul      | maxdsp                 | 3       |
|     fadd_32ns_32ns_32_5_full_dsp_1_U46                       | 2   |        | acc_o_27       | fadd      | fulldsp                | 4       |
|     fmul_32ns_32ns_32_4_max_dsp_1_U69                        | 3   |        | mul115_26      | fmul      | maxdsp                 | 3       |
|     fadd_32ns_32ns_32_5_full_dsp_1_U46                       | 2   |        | acc_o_28       | fadd      | fulldsp                | 4       |
|     fmul_32ns_32ns_32_4_max_dsp_1_U68                        | 3   |        | mul115_27      | fmul      | maxdsp                 | 3       |
|     fadd_32ns_32ns_32_5_full_dsp_1_U46                       | 2   |        | acc_o_29       | fadd      | fulldsp                | 4       |
|     fmul_32ns_32ns_32_4_max_dsp_1_U69                        | 3   |        | mul115_28      | fmul      | maxdsp                 | 3       |
|     fadd_32ns_32ns_32_5_full_dsp_1_U46                       | 2   |        | acc_o_30       | fadd      | fulldsp                | 4       |
|     fmul_32ns_32ns_32_4_max_dsp_1_U68                        | 3   |        | mul115_29      | fmul      | maxdsp                 | 3       |
|     fadd_32ns_32ns_32_5_full_dsp_1_U46                       | 2   |        | acc_o_31       | fadd      | fulldsp                | 4       |
|     fmul_32ns_32ns_32_4_max_dsp_1_U69                        | 3   |        | mul115_30      | fmul      | maxdsp                 | 3       |
|     fadd_32ns_32ns_32_5_full_dsp_1_U46                       | 2   |        | acc_o_32       | fadd      | fulldsp                | 4       |
|     fmul_32ns_32ns_32_4_max_dsp_1_U70                        | 3   |        | mul7           | fmul      | maxdsp                 | 3       |
|     fadd_32ns_32ns_32_5_full_dsp_1_U50                       | 2   |        | acc_o_33       | fadd      | fulldsp                | 4       |
|     fmul_32ns_32ns_32_4_max_dsp_1_U71                        | 3   |        | mul131_1       | fmul      | maxdsp                 | 3       |
|     fadd_32ns_32ns_32_5_full_dsp_1_U50                       | 2   |        | acc_o_34       | fadd      | fulldsp                | 4       |
|     fmul_32ns_32ns_32_4_max_dsp_1_U70                        | 3   |        | mul131_2       | fmul      | maxdsp                 | 3       |
|     fadd_32ns_32ns_32_5_full_dsp_1_U50                       | 2   |        | acc_o_35       | fadd      | fulldsp                | 4       |
|     fmul_32ns_32ns_32_4_max_dsp_1_U71                        | 3   |        | mul131_3       | fmul      | maxdsp                 | 3       |
|     fadd_32ns_32ns_32_5_full_dsp_1_U50                       | 2   |        | acc_o_36       | fadd      | fulldsp                | 4       |
|     fmul_32ns_32ns_32_4_max_dsp_1_U70                        | 3   |        | mul131_4       | fmul      | maxdsp                 | 3       |
|     fadd_32ns_32ns_32_5_full_dsp_1_U50                       | 2   |        | acc_o_37       | fadd      | fulldsp                | 4       |
|     fmul_32ns_32ns_32_4_max_dsp_1_U71                        | 3   |        | mul131_5       | fmul      | maxdsp                 | 3       |
|     fadd_32ns_32ns_32_5_full_dsp_1_U50                       | 2   |        | acc_o_38       | fadd      | fulldsp                | 4       |
|     fmul_32ns_32ns_32_4_max_dsp_1_U70                        | 3   |        | mul131_6       | fmul      | maxdsp                 | 3       |
|     fadd_32ns_32ns_32_5_full_dsp_1_U50                       | 2   |        | acc_o_39       | fadd      | fulldsp                | 4       |
|     fmul_32ns_32ns_32_4_max_dsp_1_U71                        | 3   |        | mul131_7       | fmul      | maxdsp                 | 3       |
|     fadd_32ns_32ns_32_5_full_dsp_1_U50                       | 2   |        | acc_o_40       | fadd      | fulldsp                | 4       |
|     fmul_32ns_32ns_32_4_max_dsp_1_U70                        | 3   |        | mul131_8       | fmul      | maxdsp                 | 3       |
|     fadd_32ns_32ns_32_5_full_dsp_1_U50                       | 2   |        | acc_o_41       | fadd      | fulldsp                | 4       |
|     fmul_32ns_32ns_32_4_max_dsp_1_U71                        | 3   |        | mul131_9       | fmul      | maxdsp                 | 3       |
|     fadd_32ns_32ns_32_5_full_dsp_1_U50                       | 2   |        | acc_o_42       | fadd      | fulldsp                | 4       |
|     fmul_32ns_32ns_32_4_max_dsp_1_U70                        | 3   |        | mul131_s       | fmul      | maxdsp                 | 3       |
|     fadd_32ns_32ns_32_5_full_dsp_1_U50                       | 2   |        | acc_o_43       | fadd      | fulldsp                | 4       |
|     fmul_32ns_32ns_32_4_max_dsp_1_U71                        | 3   |        | mul131_10      | fmul      | maxdsp                 | 3       |
|     fadd_32ns_32ns_32_5_full_dsp_1_U50                       | 2   |        | acc_o_44       | fadd      | fulldsp                | 4       |
|     fmul_32ns_32ns_32_4_max_dsp_1_U70                        | 3   |        | mul131_11      | fmul      | maxdsp                 | 3       |
|     fadd_32ns_32ns_32_5_full_dsp_1_U50                       | 2   |        | acc_o_45       | fadd      | fulldsp                | 4       |
|     fmul_32ns_32ns_32_4_max_dsp_1_U71                        | 3   |        | mul131_12      | fmul      | maxdsp                 | 3       |
|     fadd_32ns_32ns_32_5_full_dsp_1_U50                       | 2   |        | acc_o_46       | fadd      | fulldsp                | 4       |
|     fmul_32ns_32ns_32_4_max_dsp_1_U70                        | 3   |        | mul131_13      | fmul      | maxdsp                 | 3       |
|     fadd_32ns_32ns_32_5_full_dsp_1_U50                       | 2   |        | acc_o_47       | fadd      | fulldsp                | 4       |
|     fmul_32ns_32ns_32_4_max_dsp_1_U71                        | 3   |        | mul131_14      | fmul      | maxdsp                 | 3       |
|     fadd_32ns_32ns_32_5_full_dsp_1_U50                       | 2   |        | acc_o_48       | fadd      | fulldsp                | 4       |
|     fmul_32ns_32ns_32_4_max_dsp_1_U70                        | 3   |        | mul131_15      | fmul      | maxdsp                 | 3       |
|     fadd_32ns_32ns_32_5_full_dsp_1_U54                       | 2   |        | acc_o_49       | fadd      | fulldsp                | 4       |
|     fmul_32ns_32ns_32_4_max_dsp_1_U71                        | 3   |        | mul131_16      | fmul      | maxdsp                 | 3       |
|     fadd_32ns_32ns_32_5_full_dsp_1_U54                       | 2   |        | acc_o_50       | fadd      | fulldsp                | 4       |
|     fmul_32ns_32ns_32_4_max_dsp_1_U70                        | 3   |        | mul131_17      | fmul      | maxdsp                 | 3       |
|     fadd_32ns_32ns_32_5_full_dsp_1_U54                       | 2   |        | acc_o_51       | fadd      | fulldsp                | 4       |
|     fmul_32ns_32ns_32_4_max_dsp_1_U71                        | 3   |        | mul131_18      | fmul      | maxdsp                 | 3       |
|     fadd_32ns_32ns_32_5_full_dsp_1_U54                       | 2   |        | acc_o_52       | fadd      | fulldsp                | 4       |
|     fmul_32ns_32ns_32_4_max_dsp_1_U70                        | 3   |        | mul131_19      | fmul      | maxdsp                 | 3       |
|     fadd_32ns_32ns_32_5_full_dsp_1_U54                       | 2   |        | acc_o_53       | fadd      | fulldsp                | 4       |
|     fmul_32ns_32ns_32_4_max_dsp_1_U71                        | 3   |        | mul131_20      | fmul      | maxdsp                 | 3       |
|     fadd_32ns_32ns_32_5_full_dsp_1_U54                       | 2   |        | acc_o_54       | fadd      | fulldsp                | 4       |
|     fmul_32ns_32ns_32_4_max_dsp_1_U70                        | 3   |        | mul131_21      | fmul      | maxdsp                 | 3       |
|     fadd_32ns_32ns_32_5_full_dsp_1_U54                       | 2   |        | acc_o_55       | fadd      | fulldsp                | 4       |
|     fmul_32ns_32ns_32_4_max_dsp_1_U71                        | 3   |        | mul131_22      | fmul      | maxdsp                 | 3       |
|     fadd_32ns_32ns_32_5_full_dsp_1_U54                       | 2   |        | acc_o_56       | fadd      | fulldsp                | 4       |
|     fmul_32ns_32ns_32_4_max_dsp_1_U70                        | 3   |        | mul131_23      | fmul      | maxdsp                 | 3       |
|     fadd_32ns_32ns_32_5_full_dsp_1_U54                       | 2   |        | acc_o_57       | fadd      | fulldsp                | 4       |
|     fmul_32ns_32ns_32_4_max_dsp_1_U71                        | 3   |        | mul131_24      | fmul      | maxdsp                 | 3       |
|     fadd_32ns_32ns_32_5_full_dsp_1_U54                       | 2   |        | acc_o_58       | fadd      | fulldsp                | 4       |
|     fmul_32ns_32ns_32_4_max_dsp_1_U70                        | 3   |        | mul131_25      | fmul      | maxdsp                 | 3       |
|     fadd_32ns_32ns_32_5_full_dsp_1_U54                       | 2   |        | acc_o_59       | fadd      | fulldsp                | 4       |
|     fmul_32ns_32ns_32_4_max_dsp_1_U71                        | 3   |        | mul131_26      | fmul      | maxdsp                 | 3       |
|     fadd_32ns_32ns_32_5_full_dsp_1_U54                       | 2   |        | acc_o_60       | fadd      | fulldsp                | 4       |
|     fmul_32ns_32ns_32_4_max_dsp_1_U70                        | 3   |        | mul131_27      | fmul      | maxdsp                 | 3       |
|     fadd_32ns_32ns_32_5_full_dsp_1_U54                       | 2   |        | acc_o_61       | fadd      | fulldsp                | 4       |
|     fmul_32ns_32ns_32_4_max_dsp_1_U71                        | 3   |        | mul131_28      | fmul      | maxdsp                 | 3       |
|     fadd_32ns_32ns_32_5_full_dsp_1_U54                       | 2   |        | acc_o_62       | fadd      | fulldsp                | 4       |
|     fmul_32ns_32ns_32_4_max_dsp_1_U70                        | 3   |        | mul131_29      | fmul      | maxdsp                 | 3       |
|     fadd_32ns_32ns_32_5_full_dsp_1_U54                       | 2   |        | acc_o_63       | fadd      | fulldsp                | 4       |
|     fmul_32ns_32ns_32_4_max_dsp_1_U71                        | 3   |        | mul131_30      | fmul      | maxdsp                 | 3       |
|     fadd_32ns_32ns_32_5_full_dsp_1_U54                       | 2   |        | acc_o_64       | fadd      | fulldsp                | 4       |
|     xor_ln5_5_fu_5539_p2                                     |     |        | xor_ln5_5      | xor       | auto                   | 0       |
|     fexp_32ns_32ns_32_9_full_dsp_1_U73                       | 7   |        | tmp_8          | fexp      | fulldsp                | 8       |
|     fadd_32ns_32ns_32_5_full_dsp_1_U55                       | 2   |        | add_i2         | fadd      | fulldsp                | 4       |
|     fdiv_32ns_32ns_32_12_no_dsp_1_U72                        |     |        | div_i2         | fdiv      | fabric                 | 11      |
|    + generic_tanh_float_s (grp_generic_tanh_float_s_fu_2890) | 45  |        |                |           |                        |         |
|      icmp_ln36_fu_195_p2                                     |     |        | icmp_ln36      | seteq     | auto                   | 0       |
|      icmp_ln45_fu_201_p2                                     |     |        | icmp_ln45      | setlt     | auto                   | 0       |
|      icmp_ln46_fu_207_p2                                     |     |        | icmp_ln46      | seteq     | auto                   | 0       |
|      icmp_ln46_1_fu_213_p2                                   |     |        | icmp_ln46_1    | seteq     | auto                   | 0       |
|      and_ln46_fu_219_p2                                      |     |        | and_ln46       | and       | auto                   | 0       |
|      icmp_ln51_fu_235_p2                                     |     |        | icmp_ln51      | setne     | auto                   | 0       |
|      or_ln51_fu_247_p2                                       |     |        | or_ln51        | or        | auto                   | 0       |
|      fcmp_32ns_32ns_1_2_no_dsp_1_U28                         |     |        | tmp_2          | fcmp      | auto                   | 1       |
|      and_ln51_fu_251_p2                                      |     |        | and_ln51       | and       | auto                   | 0       |
|      icmp_ln54_fu_257_p2                                     |     |        | icmp_ln54      | setlt     | auto                   | 0       |
|      fsub_32ns_32ns_32_5_full_dsp_1_U20                      | 2   |        | x              | fsub      | fulldsp                | 4       |
|      fadd_32ns_32ns_32_5_full_dsp_1_U21                      | 2   |        | x_1            | fadd      | fulldsp                | 4       |
|      x_3_fu_274_p3                                           |     |        | x_3            | select    | auto_sel               | 0       |
|      icmp_ln9_fu_292_p2                                      |     |        | icmp_ln9       | seteq     | auto                   | 0       |
|      icmp_ln10_fu_298_p2                                     |     |        | icmp_ln10      | setlt     | auto                   | 0       |
|      fpext_32ns_64_2_no_dsp_1_U27                            |     |        | xd             | fpext     | auto                   | 1       |
|      dadd_64ns_64ns_64_5_full_dsp_1_U29                      | 3   |        | sub_i          | dadd      | fulldsp                | 4       |
|      fptrunc_64ns_32_2_no_dsp_1_U26                          |     |        | conv6_i        | fptrunc   | auto                   | 1       |
|      fadd_32ns_32ns_32_5_full_dsp_1_U22                      | 2   |        | add2           | fadd      | fulldsp                | 4       |
|      fdiv_32ns_32ns_32_12_no_dsp_1_U25                       |     |        | div            | fdiv      | fabric                 | 11      |
|      fsub_32ns_32ns_32_5_full_dsp_1_U23                      | 2   |        | resultf_2      | fsub      | fulldsp                | 4       |
|      xor_ln66_fu_316_p2                                      |     |        | xor_ln66       | xor       | auto                   | 0       |
|      fdiv_32ns_32ns_32_12_no_dsp_1_U25                       |     |        | resultf_1      | fdiv      | fabric                 | 11      |
|      fadd_32ns_32ns_32_5_full_dsp_1_U19                      | 2   |        | add            | fadd      | fulldsp                | 4       |
|      fmul_32ns_32ns_32_4_max_dsp_1_U24                       | 3   |        | resultf        | fmul      | maxdsp                 | 3       |
|      icmp_ln38_fu_241_p2                                     |     |        | icmp_ln38      | setne     | auto                   | 0       |
|      select_ln38_fu_337_p3                                   |     |        | select_ln38    | select    | auto_sel               | 0       |
|      xor_ln83_fu_357_p2                                      |     |        | xor_ln83       | xor       | auto                   | 0       |
|      ap_return                                               |     |        | select_ln79    | select    | auto_sel               | 0       |
|     + exp_generic_double_s (grp_exp_generic_double_s_fu_89)  | 29  |        |                |           |                        |         |
|       icmp_ln18_fu_304_p2                                    |     |        | icmp_ln18      | seteq     | auto                   | 0       |
|       icmp_ln18_1_fu_310_p2                                  |     |        | icmp_ln18_1    | setne     | auto                   | 0       |
|       x_is_NaN_fu_316_p2                                     |     |        | x_is_NaN       | and       | auto                   | 0       |
|       icmp_ln18_2_fu_322_p2                                  |     |        | icmp_ln18_2    | seteq     | auto                   | 0       |
|       x_is_inf_fu_328_p2                                     |     |        | x_is_inf       | and       | auto                   | 0       |
|       xor_ln182_fu_925_p2                                    |     |        | xor_ln182      | xor       | auto                   | 0       |
|       x_is_pinf_fu_930_p2                                    |     |        | x_is_pinf      | and       | auto                   | 0       |
|       or_ln185_fu_935_p2                                     |     |        | or_ln185       | or        | auto                   | 0       |
|       select_ln185_fu_940_p3                                 |     |        | select_ln185   | select    | auto_sel               | 0       |
|       or_ln185_1_fu_947_p2                                   |     |        | or_ln185_1     | or        | auto                   | 0       |
|       retval_1_fu_1071_p2                                    |     |        | select_ln185_1 | select    | auto_sel               | 0       |
|       m_exp_fu_338_p2                                        |     |        | m_exp          | add       | fabric                 | 0       |
|       e_frac_1_fu_356_p2                                     |     |        | e_frac_1       | sub       | fabric                 | 0       |
|       e_frac_2_fu_362_p3                                     |     |        | e_frac_2       | select    | auto_sel               | 0       |
|       sub_ln229_fu_378_p2                                    |     |        | sub_ln229      | sub       | fabric                 | 0       |
|       select_ln229_fu_388_p3                                 |     |        | select_ln229   | select    | auto_sel               | 0       |
|       ashr_ln229_fu_428_p2                                   |     |        | ashr_ln229     | ashr      | auto_pipe              | 0       |
|       shl_ln229_fu_434_p2                                    |     |        | shl_ln229      | shl       | auto_pipe              | 0       |
|       m_fix_fu_440_p3                                        |     |        | m_fix          | select    | auto_sel               | 0       |
|       shl_ln230_fu_486_p2                                    |     |        | shl_ln230      | shl       | auto_pipe              | 0       |
|       ashr_ln230_fu_491_p2                                   |     |        | ashr_ln230     | ashr      | auto_pipe              | 0       |
|       mac_muladd_16s_15ns_19s_31_4_0_U8                      | 1   |        | mul_ln243      | mul       | dsp_slice              | 3       |
|       mac_muladd_16s_15ns_19s_31_4_0_U8                      | 1   |        | add_ln243      | add       | dsp_slice              | 3       |
|       icmp_ln243_fu_546_p2                                   |     |        | icmp_ln243     | setne     | auto                   | 0       |
|       add_ln243_1_fu_552_p2                                  |     |        | add_ln243_1    | add       | fabric                 | 0       |
|       select_ln243_fu_558_p3                                 |     |        | select_ln243   | select    | auto_sel               | 0       |
|       r_exp_fu_566_p3                                        |     |        | r_exp          | select    | auto_sel               | 0       |
|       mul_13s_71s_71_5_0_U3                                  | 4   |        | mul_ln249      | mul       | auto                   | 4       |
|       sub_ln255_fu_595_p2                                    |     |        | sub_ln255      | sub       | fabric                 | 0       |
|       exp_Z4_m_1_fu_671_p2                                   |     |        | exp_Z4_m_1     | add       | fabric                 | 0       |
|       mul_43ns_36ns_79_2_0_U4                                | 6   |        | mul_ln123      | mul       | auto                   | 1       |
|       add_ln126_fu_714_p2                                    |     |        | add_ln126      | add       | fabric                 | 0       |
|       exp_Z2P_m_1_fu_723_p2                                  |     |        | exp_Z2P_m_1    | add       | fabric                 | 0       |
|       mul_49ns_44ns_93_2_0_U5                                | 9   |        | mul_ln142      | mul       | auto                   | 1       |
|       add_ln145_fu_787_p2                                    |     |        | add_ln145      | add       | fabric                 | 0       |
|       exp_Z1P_m_1_l_fu_796_p2                                |     |        | exp_Z1P_m_1_l  | add       | fabric                 | 0       |
|       add_ln297_fu_830_p2                                    |     |        | add_ln297      | add       | fabric                 | 0       |
|       mul_50ns_50ns_99_2_0_U6                                | 9   |        | mul_ln297      | mul       | auto                   | 1       |
|       add_ln297_1_fu_845_p2                                  |     |        | add_ln297_1    | add       | fabric                 | 0       |
|       r_exp_1_fu_859_p2                                      |     |        | r_exp_1        | add       | fabric                 | 0       |
|       r_exp_2_fu_864_p3                                      |     |        | r_exp_2        | select    | auto_sel               | 0       |
|       icmp_ln309_fu_396_p2                                   |     |        | icmp_ln309     | setgt     | auto                   | 0       |
|       icmp_ln309_1_fu_881_p2                                 |     |        | icmp_ln309_1   | setgt     | auto                   | 0       |
|       select_ln230_fu_496_p3                                 |     |        | select_ln230   | select    | auto_sel               | 0       |
|       icmp_ln309_2_fu_511_p2                                 |     |        | icmp_ln309_2   | setne     | auto                   | 0       |
|       or_ln309_fu_959_p2                                     |     |        | or_ln309       | or        | auto                   | 0       |
|       retval_1_fu_1071_p4                                    |     |        | select_ln310   | select    | auto_sel               | 0       |
|       icmp_ln326_fu_887_p2                                   |     |        | icmp_ln326     | setlt     | auto                   | 0       |
|       out_exp_fu_970_p2                                      |     |        | out_exp        | add       | fabric                 | 0       |
|       select_ln303_fu_917_p3                                 |     |        | select_ln303   | select    | auto_sel               | 0       |
|       and_ln309_fu_990_p2                                    |     |        | and_ln309      | and       | auto                   | 0       |
|       xor_ln309_fu_995_p2                                    |     |        | xor_ln309      | xor       | auto                   | 0       |
|       and_ln309_1_fu_1000_p2                                 |     |        | and_ln309_1    | and       | auto                   | 0       |
|       or_ln309_1_fu_1005_p2                                  |     |        | or_ln309_1     | or        | auto                   | 0       |
|       xor_ln185_fu_1011_p2                                   |     |        | xor_ln185      | xor       | auto                   | 0       |
|       and_ln309_2_fu_1017_p2                                 |     |        | and_ln309_2    | and       | auto                   | 0       |
|       xor_ln309_1_fu_1023_p2                                 |     |        | xor_ln309_1    | xor       | auto                   | 0       |
|       and_ln309_3_fu_1029_p2                                 |     |        | and_ln309_3    | and       | auto                   | 0       |
|       or_ln309_2_fu_1034_p2                                  |     |        | or_ln309_2     | or        | auto                   | 0       |
|       xor_ln309_2_fu_1038_p2                                 |     |        | xor_ln309_2    | xor       | auto                   | 0       |
|       or_ln309_3_fu_1044_p2                                  |     |        | or_ln309_3     | or        | auto                   | 0       |
|       and_ln309_4_fu_1050_p2                                 |     |        | and_ln309_4    | and       | auto                   | 0       |
|       and_ln309_5_fu_1056_p2                                 |     |        | and_ln309_5    | and       | auto                   | 0       |
|       sparsemux_9_3_64_1_0_U7                                |     |        | retval_1       | sparsemux | onehotencoding_realdef | 0       |
|   + LSTM_step_Pipeline_UPDATE                                | 0   |        |                |           |                        |         |
|     icmp_ln48_fu_171_p2                                      |     |        | icmp_ln48      | seteq     | auto                   | 0       |
|     add_ln48_fu_177_p2                                       |     |        | add_ln48       | add       | fabric                 | 0       |
|    + generic_tanh_float_s (grp_generic_tanh_float_s_fu_136)  | 45  |        |                |           |                        |         |
|      icmp_ln36_fu_195_p2                                     |     |        | icmp_ln36      | seteq     | auto                   | 0       |
|      icmp_ln45_fu_201_p2                                     |     |        | icmp_ln45      | setlt     | auto                   | 0       |
|      icmp_ln46_fu_207_p2                                     |     |        | icmp_ln46      | seteq     | auto                   | 0       |
|      icmp_ln46_1_fu_213_p2                                   |     |        | icmp_ln46_1    | seteq     | auto                   | 0       |
|      and_ln46_fu_219_p2                                      |     |        | and_ln46       | and       | auto                   | 0       |
|      icmp_ln51_fu_235_p2                                     |     |        | icmp_ln51      | setne     | auto                   | 0       |
|      or_ln51_fu_247_p2                                       |     |        | or_ln51        | or        | auto                   | 0       |
|      fcmp_32ns_32ns_1_2_no_dsp_1_U28                         |     |        | tmp_2          | fcmp      | auto                   | 1       |
|      and_ln51_fu_251_p2                                      |     |        | and_ln51       | and       | auto                   | 0       |
|      icmp_ln54_fu_257_p2                                     |     |        | icmp_ln54      | setlt     | auto                   | 0       |
|      fsub_32ns_32ns_32_5_full_dsp_1_U20                      | 2   |        | x              | fsub      | fulldsp                | 4       |
|      fadd_32ns_32ns_32_5_full_dsp_1_U21                      | 2   |        | x_1            | fadd      | fulldsp                | 4       |
|      x_3_fu_274_p3                                           |     |        | x_3            | select    | auto_sel               | 0       |
|      icmp_ln9_fu_292_p2                                      |     |        | icmp_ln9       | seteq     | auto                   | 0       |
|      icmp_ln10_fu_298_p2                                     |     |        | icmp_ln10      | setlt     | auto                   | 0       |
|      fpext_32ns_64_2_no_dsp_1_U27                            |     |        | xd             | fpext     | auto                   | 1       |
|      dadd_64ns_64ns_64_5_full_dsp_1_U29                      | 3   |        | sub_i          | dadd      | fulldsp                | 4       |
|      fptrunc_64ns_32_2_no_dsp_1_U26                          |     |        | conv6_i        | fptrunc   | auto                   | 1       |
|      fadd_32ns_32ns_32_5_full_dsp_1_U22                      | 2   |        | add2           | fadd      | fulldsp                | 4       |
|      fdiv_32ns_32ns_32_12_no_dsp_1_U25                       |     |        | div            | fdiv      | fabric                 | 11      |
|      fsub_32ns_32ns_32_5_full_dsp_1_U23                      | 2   |        | resultf_2      | fsub      | fulldsp                | 4       |
|      xor_ln66_fu_316_p2                                      |     |        | xor_ln66       | xor       | auto                   | 0       |
|      fdiv_32ns_32ns_32_12_no_dsp_1_U25                       |     |        | resultf_1      | fdiv      | fabric                 | 11      |
|      fadd_32ns_32ns_32_5_full_dsp_1_U19                      | 2   |        | add            | fadd      | fulldsp                | 4       |
|      fmul_32ns_32ns_32_4_max_dsp_1_U24                       | 3   |        | resultf        | fmul      | maxdsp                 | 3       |
|      icmp_ln38_fu_241_p2                                     |     |        | icmp_ln38      | setne     | auto                   | 0       |
|      select_ln38_fu_337_p3                                   |     |        | select_ln38    | select    | auto_sel               | 0       |
|      xor_ln83_fu_357_p2                                      |     |        | xor_ln83       | xor       | auto                   | 0       |
|      ap_return                                               |     |        | select_ln79    | select    | auto_sel               | 0       |
|     + exp_generic_double_s (grp_exp_generic_double_s_fu_89)  | 29  |        |                |           |                        |         |
|       icmp_ln18_fu_304_p2                                    |     |        | icmp_ln18      | seteq     | auto                   | 0       |
|       icmp_ln18_1_fu_310_p2                                  |     |        | icmp_ln18_1    | setne     | auto                   | 0       |
|       x_is_NaN_fu_316_p2                                     |     |        | x_is_NaN       | and       | auto                   | 0       |
|       icmp_ln18_2_fu_322_p2                                  |     |        | icmp_ln18_2    | seteq     | auto                   | 0       |
|       x_is_inf_fu_328_p2                                     |     |        | x_is_inf       | and       | auto                   | 0       |
|       xor_ln182_fu_925_p2                                    |     |        | xor_ln182      | xor       | auto                   | 0       |
|       x_is_pinf_fu_930_p2                                    |     |        | x_is_pinf      | and       | auto                   | 0       |
|       or_ln185_fu_935_p2                                     |     |        | or_ln185       | or        | auto                   | 0       |
|       select_ln185_fu_940_p3                                 |     |        | select_ln185   | select    | auto_sel               | 0       |
|       or_ln185_1_fu_947_p2                                   |     |        | or_ln185_1     | or        | auto                   | 0       |
|       retval_1_fu_1071_p2                                    |     |        | select_ln185_1 | select    | auto_sel               | 0       |
|       m_exp_fu_338_p2                                        |     |        | m_exp          | add       | fabric                 | 0       |
|       e_frac_1_fu_356_p2                                     |     |        | e_frac_1       | sub       | fabric                 | 0       |
|       e_frac_2_fu_362_p3                                     |     |        | e_frac_2       | select    | auto_sel               | 0       |
|       sub_ln229_fu_378_p2                                    |     |        | sub_ln229      | sub       | fabric                 | 0       |
|       select_ln229_fu_388_p3                                 |     |        | select_ln229   | select    | auto_sel               | 0       |
|       ashr_ln229_fu_428_p2                                   |     |        | ashr_ln229     | ashr      | auto_pipe              | 0       |
|       shl_ln229_fu_434_p2                                    |     |        | shl_ln229      | shl       | auto_pipe              | 0       |
|       m_fix_fu_440_p3                                        |     |        | m_fix          | select    | auto_sel               | 0       |
|       shl_ln230_fu_486_p2                                    |     |        | shl_ln230      | shl       | auto_pipe              | 0       |
|       ashr_ln230_fu_491_p2                                   |     |        | ashr_ln230     | ashr      | auto_pipe              | 0       |
|       mac_muladd_16s_15ns_19s_31_4_0_U8                      | 1   |        | mul_ln243      | mul       | dsp_slice              | 3       |
|       mac_muladd_16s_15ns_19s_31_4_0_U8                      | 1   |        | add_ln243      | add       | dsp_slice              | 3       |
|       icmp_ln243_fu_546_p2                                   |     |        | icmp_ln243     | setne     | auto                   | 0       |
|       add_ln243_1_fu_552_p2                                  |     |        | add_ln243_1    | add       | fabric                 | 0       |
|       select_ln243_fu_558_p3                                 |     |        | select_ln243   | select    | auto_sel               | 0       |
|       r_exp_fu_566_p3                                        |     |        | r_exp          | select    | auto_sel               | 0       |
|       mul_13s_71s_71_5_0_U3                                  | 4   |        | mul_ln249      | mul       | auto                   | 4       |
|       sub_ln255_fu_595_p2                                    |     |        | sub_ln255      | sub       | fabric                 | 0       |
|       exp_Z4_m_1_fu_671_p2                                   |     |        | exp_Z4_m_1     | add       | fabric                 | 0       |
|       mul_43ns_36ns_79_2_0_U4                                | 6   |        | mul_ln123      | mul       | auto                   | 1       |
|       add_ln126_fu_714_p2                                    |     |        | add_ln126      | add       | fabric                 | 0       |
|       exp_Z2P_m_1_fu_723_p2                                  |     |        | exp_Z2P_m_1    | add       | fabric                 | 0       |
|       mul_49ns_44ns_93_2_0_U5                                | 9   |        | mul_ln142      | mul       | auto                   | 1       |
|       add_ln145_fu_787_p2                                    |     |        | add_ln145      | add       | fabric                 | 0       |
|       exp_Z1P_m_1_l_fu_796_p2                                |     |        | exp_Z1P_m_1_l  | add       | fabric                 | 0       |
|       add_ln297_fu_830_p2                                    |     |        | add_ln297      | add       | fabric                 | 0       |
|       mul_50ns_50ns_99_2_0_U6                                | 9   |        | mul_ln297      | mul       | auto                   | 1       |
|       add_ln297_1_fu_845_p2                                  |     |        | add_ln297_1    | add       | fabric                 | 0       |
|       r_exp_1_fu_859_p2                                      |     |        | r_exp_1        | add       | fabric                 | 0       |
|       r_exp_2_fu_864_p3                                      |     |        | r_exp_2        | select    | auto_sel               | 0       |
|       icmp_ln309_fu_396_p2                                   |     |        | icmp_ln309     | setgt     | auto                   | 0       |
|       icmp_ln309_1_fu_881_p2                                 |     |        | icmp_ln309_1   | setgt     | auto                   | 0       |
|       select_ln230_fu_496_p3                                 |     |        | select_ln230   | select    | auto_sel               | 0       |
|       icmp_ln309_2_fu_511_p2                                 |     |        | icmp_ln309_2   | setne     | auto                   | 0       |
|       or_ln309_fu_959_p2                                     |     |        | or_ln309       | or        | auto                   | 0       |
|       retval_1_fu_1071_p4                                    |     |        | select_ln310   | select    | auto_sel               | 0       |
|       icmp_ln326_fu_887_p2                                   |     |        | icmp_ln326     | setlt     | auto                   | 0       |
|       out_exp_fu_970_p2                                      |     |        | out_exp        | add       | fabric                 | 0       |
|       select_ln303_fu_917_p3                                 |     |        | select_ln303   | select    | auto_sel               | 0       |
|       and_ln309_fu_990_p2                                    |     |        | and_ln309      | and       | auto                   | 0       |
|       xor_ln309_fu_995_p2                                    |     |        | xor_ln309      | xor       | auto                   | 0       |
|       and_ln309_1_fu_1000_p2                                 |     |        | and_ln309_1    | and       | auto                   | 0       |
|       or_ln309_1_fu_1005_p2                                  |     |        | or_ln309_1     | or        | auto                   | 0       |
|       xor_ln185_fu_1011_p2                                   |     |        | xor_ln185      | xor       | auto                   | 0       |
|       and_ln309_2_fu_1017_p2                                 |     |        | and_ln309_2    | and       | auto                   | 0       |
|       xor_ln309_1_fu_1023_p2                                 |     |        | xor_ln309_1    | xor       | auto                   | 0       |
|       and_ln309_3_fu_1029_p2                                 |     |        | and_ln309_3    | and       | auto                   | 0       |
|       or_ln309_2_fu_1034_p2                                  |     |        | or_ln309_2     | or        | auto                   | 0       |
|       xor_ln309_2_fu_1038_p2                                 |     |        | xor_ln309_2    | xor       | auto                   | 0       |
|       or_ln309_3_fu_1044_p2                                  |     |        | or_ln309_3     | or        | auto                   | 0       |
|       and_ln309_4_fu_1050_p2                                 |     |        | and_ln309_4    | and       | auto                   | 0       |
|       and_ln309_5_fu_1056_p2                                 |     |        | and_ln309_5    | and       | auto                   | 0       |
|       sparsemux_9_3_64_1_0_U7                                |     |        | retval_1       | sparsemux | onehotencoding_realdef | 0       |
+--------------------------------------------------------------+-----+--------+----------------+-----------+------------------------+---------+


================================================================
== Storage Report
================================================================
+---------------------------------------------------------------------+--------------+------+------+------+--------+-------------------------------------------------------------+------+---------+------------------+
| Name                                                                | Usage        | Type | BRAM | URAM | Pragma | Variable                                                    | Impl | Latency | Bitwidth, Depth, |
|                                                                     |              |      |      |      |        |                                                             |      |         | Banks            |
+---------------------------------------------------------------------+--------------+------+------+------+--------+-------------------------------------------------------------+------+---------+------------------+
| + LSTM                                                              |              |      | 9    | 0    |        |                                                             |      |         |                  |
|  + LSTM_step                                                        |              |      | 9    | 0    |        |                                                             |      |         |                  |
|    f_U                                                              | ram_1p array |      | 2    |      |        | f                                                           | auto | 1       | 32, 32, 1        |
|    i_U                                                              | ram_1p array |      | 2    |      |        | i                                                           | auto | 1       | 32, 32, 1        |
|    g_U                                                              | ram_1p array |      | 2    |      |        | g                                                           | auto | 1       | 32, 32, 1        |
|    o_U                                                              | ram_1p array |      | 2    |      |        | o                                                           | auto | 1       | 32, 32, 1        |
|   + LSTM_step_Pipeline_GATES                                        |              |      | 0    | 0    |        |                                                             |      |         |                  |
|    + generic_tanh_float_s (grp_generic_tanh_float_s_fu_2890)        |              |      | 5    | 0    |        |                                                             |      |         |                  |
|     + exp_generic_double_s (grp_exp_generic_double_s_fu_89)         |              |      | 5    | 0    |        |                                                             |      |         |                  |
|       table_exp_Z1_ap_ufixed_58_1_ap_q_mode_5_ap_o_mode_3_0_array_U | rom_1p       |      | 2    |      |        | table_exp_Z1_ap_ufixed_58_1_ap_q_mode_5_ap_o_mode_3_0_array | auto | 1       | 58, 256, 1       |
|       table_f_Z3_ap_ufixed_59_0_ap_q_mode_5_ap_o_mode_3_0_array_U   | rom_2p       |      | 1    |      |        | table_f_Z3_ap_ufixed_59_0_ap_q_mode_5_ap_o_mode_3_0_array   | auto | 1       | 26, 256, 1       |
|       table_f_Z2_ap_ufixed_59_0_ap_q_mode_5_ap_o_mode_3_0_array_U   | rom_1p       |      | 2    |      |        | table_f_Z2_ap_ufixed_59_0_ap_q_mode_5_ap_o_mode_3_0_array   | auto | 1       | 42, 256, 1       |
|   + LSTM_step_Pipeline_UPDATE                                       |              |      | 0    | 0    |        |                                                             |      |         |                  |
|    + generic_tanh_float_s (grp_generic_tanh_float_s_fu_136)         |              |      | 5    | 0    |        |                                                             |      |         |                  |
|     + exp_generic_double_s (grp_exp_generic_double_s_fu_89)         |              |      | 5    | 0    |        |                                                             |      |         |                  |
|       table_exp_Z1_ap_ufixed_58_1_ap_q_mode_5_ap_o_mode_3_0_array_U | rom_1p       |      | 2    |      |        | table_exp_Z1_ap_ufixed_58_1_ap_q_mode_5_ap_o_mode_3_0_array | auto | 1       | 58, 256, 1       |
|       table_f_Z3_ap_ufixed_59_0_ap_q_mode_5_ap_o_mode_3_0_array_U   | rom_2p       |      | 1    |      |        | table_f_Z3_ap_ufixed_59_0_ap_q_mode_5_ap_o_mode_3_0_array   | auto | 1       | 26, 256, 1       |
|       table_f_Z2_ap_ufixed_59_0_ap_q_mode_5_ap_o_mode_3_0_array_U   | rom_1p       |      | 2    |      |        | table_f_Z2_ap_ufixed_59_0_ap_q_mode_5_ap_o_mode_3_0_array   | auto | 1       | 42, 256, 1       |
+---------------------------------------------------------------------+--------------+------+------+------+--------+-------------------------------------------------------------+------+---------+------------------+


================================================================
== Pragma Report
================================================================
  No pragmas found

